date,day_number,day_of_week,week,pillar,project,project_key,project_url,project_state,platform,post_text,characters,image_hook,image_kicker,accent
2026-09-01,1,Tuesday,1,SPOTLIGHT,MuleSoo Digital Services,mulesoo,https://mulesoo.com,live,LinkedIn,"We built MuleSoo Digital Services.

In one line: the platform you are reading this from — it books its own clients, sells its own products and runs its own admin.

The part that matters — an AI assistant that walks a client end-to-end and hands them a branded PDF agreement with a QR code on it.

What the owner ends up with: lead capture with instant email + WhatsApp alerts on every enquiry.

See it: https://mulesoo.com

#MuleSoo #WebDesignPretoria #AIforBusiness",466,We built MuleSoo Digital Services.,MULESOO PLATFORM,#00C8FF
2026-09-01,1,Tuesday,1,SPOTLIGHT,MuleSoo Digital Services,mulesoo,https://mulesoo.com,live,Instagram,"🛠️ We built MuleSoo Digital Services.

The platform you are reading this from — it books its own clients, sells its own products and runs its own admin.

✨ an AI assistant that walks a client end-to-end and hands them a branded PDF agreement with a QR code on it
✅ lead capture with instant email + WhatsApp alerts on every enquiry

See it: https://mulesoo.com

#MuleSoo #WebDesignPretoria #AIforBusiness #SouthAfricaTech #NextJS",430,We built MuleSoo Digital Services.,MULESOO PLATFORM,#00C8FF
2026-09-01,1,Tuesday,1,SPOTLIGHT,MuleSoo Digital Services,mulesoo,https://mulesoo.com,live,Facebook,"We built MuleSoo Digital Services.

It is the platform you are reading this from — it books its own clients, sells its own products and runs its own admin.

The thing people notice first: an AI assistant that walks a client end-to-end and hands them a branded PDF agreement with a QR code on it.

If you run a service business and this sounds like your week — we should talk. mulesoo.com",387,We built MuleSoo Digital Services.,MULESOO PLATFORM,#00C8FF
2026-09-01,1,Tuesday,1,SPOTLIGHT,MuleSoo Digital Services,mulesoo,https://mulesoo.com,live,TikTok,"POV: you run a service business. 🛠️

We built MuleSoo Digital Services.

It does one thing brilliantly: an AI assistant that walks a client end-to-end and hands them a branded PDF agreement with a QR code on it.

Full build on mulesoo.com

#MuleSoo #WebDesignPretoria #AIforBusiness #SouthAfricaTech #NextJS",308,We built MuleSoo Digital Services.,MULESOO PLATFORM,#00C8FF
2026-09-01,1,Tuesday,1,SPOTLIGHT,MuleSoo Digital Services,mulesoo,https://mulesoo.com,live,X,"We built MuleSoo Digital Services. The platform you are reading this from — it books its own clients, sells its own products and runs its own admin.

https://mulesoo.com",169,We built MuleSoo Digital Services.,MULESOO PLATFORM,#00C8FF
2026-09-02,2,Wednesday,1,PROBLEM,Habesha Celebration Events,habesha,https://habeshaeventsplanner.netlify.app,live,LinkedIn,"Wedding planners lose bookings at 11pm, when the couple is excited and nobody is awake to reply.

That was the brief behind Habesha Celebration Events.

We built it around one idea: a design couples actually screenshot and send to their mothers.

An elegant events platform that turns wedding dreams into confirmed bookings, 24/7.

See it: https://habeshaeventsplanner.netlify.app

#HabeshaEvents #EthiopianWedding #EventPlanner",428,"Wedding planners lose bookings at 11pm, when the couple is excited and nobody is awake to reply.",HABESHA EVENTS,#7B2FFF
2026-09-02,2,Wednesday,1,PROBLEM,Habesha Celebration Events,habesha,https://habeshaeventsplanner.netlify.app,live,Instagram,"Wedding planners lose bookings at 11pm, when the couple is excited and nobody is awake to reply. 😮‍💨

So we built Habesha Celebration Events.

A design couples actually screenshot and send to their mothers.

See it: https://habeshaeventsplanner.netlify.app

#HabeshaEvents #EthiopianWedding #EventPlanner #WeddingSA #MuleSoo",326,"Wedding planners lose bookings at 11pm, when the couple is excited and nobody is awake to reply.",HABESHA EVENTS,#7B2FFF
2026-09-02,2,Wednesday,1,PROBLEM,Habesha Celebration Events,habesha,https://habeshaeventsplanner.netlify.app,live,Facebook,"Wedding planners lose bookings at 11pm, when the couple is excited and nobody is awake to reply.

Every wedding & events business we have spoken to says a version of that sentence.

Habesha Celebration Events exists to end it — a design couples actually screenshot and send to their mothers.

See it: https://habeshaeventsplanner.netlify.app",341,"Wedding planners lose bookings at 11pm, when the couple is excited and nobody is awake to reply.",HABESHA EVENTS,#7B2FFF
2026-09-02,2,Wednesday,1,PROBLEM,Habesha Celebration Events,habesha,https://habeshaeventsplanner.netlify.app,live,TikTok,"Tell me you run a wedding & events business without telling me. 👇

""Wedding planners lose bookings at 11pm, when the couple is excited and nobody is awake to reply.""

That is why we built Habesha Celebration Events — a design couples actually screenshot and send to their mothers.

mulesoo.com

#HabeshaEvents #EthiopianWedding #EventPlanner #WeddingSA #MuleSoo",362,"Wedding planners lose bookings at 11pm, when the couple is excited and nobody is awake to reply.",HABESHA EVENTS,#7B2FFF
2026-09-02,2,Wednesday,1,PROBLEM,Habesha Celebration Events,habesha,https://habeshaeventsplanner.netlify.app,live,X,"Wedding planners lose bookings at 11pm, when the couple is excited and nobody is awake to reply.

So we built Habesha Celebration Events.

https://habeshaeventsplanner.netlify.app",179,"Wedding planners lose bookings at 11pm, when the couple is excited and nobody is awake to reply.",HABESHA EVENTS,#7B2FFF
2026-09-03,3,Thursday,1,FUNNY,YoYo Gym — AI Membership Platform,yoyogym,https://yoyogym.vercel.app,live,LinkedIn,"The gym owner asked for a system stronger than his members. We delivered.

Behind the joke there is a real system: YoYo Gym — AI Membership Platform — a full gym membership, booking and check-in system that runs the floor on autopilot.

Humour is just the shortest way to describe a problem everyone running a gym already has.

See it: https://yoyogym.vercel.app

#GymSoftware #FitnessBusiness #YoYoGym",402,The gym owner asked for a system stronger than his members. We delivered.,YOYO GYM,#00FF88
2026-09-03,3,Thursday,1,FUNNY,YoYo Gym — AI Membership Platform,yoyogym,https://yoyogym.vercel.app,live,Instagram,"The gym owner asked for a system stronger than his members. We delivered. 😂

(YoYo Gym — AI Membership Platform. Yes, it is real.)

See it: https://yoyogym.vercel.app

#GymSoftware #FitnessBusiness #YoYoGym #MembershipSystem #MuleSoo",234,The gym owner asked for a system stronger than his members. We delivered.,YOYO GYM,#00FF88
2026-09-03,3,Thursday,1,FUNNY,YoYo Gym — AI Membership Platform,yoyogym,https://yoyogym.vercel.app,live,Facebook,"The gym owner asked for a system stronger than his members. We delivered.

True story from building YoYo Gym — AI Membership Platform — a full gym membership, booking and check-in system that runs the floor on autopilot.

Expired memberships used to be discovered emotionally. Now they are discovered automatically.

See it: https://yoyogym.vercel.app",351,The gym owner asked for a system stronger than his members. We delivered.,YOYO GYM,#00FF88
2026-09-03,3,Thursday,1,FUNNY,YoYo Gym — AI Membership Platform,yoyogym,https://yoyogym.vercel.app,live,TikTok,"The gym owner asked for a system stronger than his members. We delivered. 💀

Not a joke though — YoYo Gym — AI Membership Platform actually does this.

Expired memberships used to be discovered emotionally. Now they are discovered automatically.

mulesoo.com

#GymSoftware #FitnessBusiness #YoYoGym #MembershipSystem #MuleSoo",326,The gym owner asked for a system stronger than his members. We delivered.,YOYO GYM,#00FF88
2026-09-03,3,Thursday,1,FUNNY,YoYo Gym — AI Membership Platform,yoyogym,https://yoyogym.vercel.app,live,X,"The gym owner asked for a system stronger than his members. We delivered.

— from building YoYo Gym",99,The gym owner asked for a system stronger than his members. We delivered.,YOYO GYM,#00FF88
2026-09-04,4,Friday,1,HOWTO,X-Boss Photography Studio,xboss,https://xbossphotography.vercel.app,live,LinkedIn,"Something X-Boss Photography Studio taught us:

Booking flows should let people edit before confirming. Every un-editable form is an abandoned form.

Two more from the same build:

• Send the confirmation as a document, not a message. Documents get saved; messages get scrolled past.
• A printed QR code beside the till still outperforms most paid ads for a local business.

All three are in the live product, not in a slide deck. See it: https://xbossphotography.vercel.app

#PhotographyBusiness #StudioBooking #XBoss",518,Booking flows should let people edit before confirming. Every un-editable form is an abandoned form.,X-BOSS PHOTOGRAPHY,#E8B84B
2026-09-04,4,Friday,1,HOWTO,X-Boss Photography Studio,xboss,https://xbossphotography.vercel.app,live,Instagram,"Lesson from building X-Boss Photography Studio 📸

📌 Booking flows should let people edit before confirming. Every un-editable form is an abandoned form.

Save this one — it applies far beyond this one project.

#PhotographyBusiness #StudioBooking #XBoss #BookingSystem #MuleSoo",279,Booking flows should let people edit before confirming. Every un-editable form is an abandoned form.,X-BOSS PHOTOGRAPHY,#E8B84B
2026-09-04,4,Friday,1,HOWTO,X-Boss Photography Studio,xboss,https://xbossphotography.vercel.app,live,Facebook,"A free lesson from building X-Boss Photography Studio:

Booking flows should let people edit before confirming. Every un-editable form is an abandoned form.

It sounds small. It is the difference between a system that works and one that quietly loses you money.

More of how we build: mulesoo.com",296,Booking flows should let people edit before confirming. Every un-editable form is an abandoned form.,X-BOSS PHOTOGRAPHY,#E8B84B
2026-09-04,4,Friday,1,HOWTO,X-Boss Photography Studio,xboss,https://xbossphotography.vercel.app,live,TikTok,"Free game from a real build 🧠

Booking flows should let people edit before confirming. Every un-editable form is an abandoned form.

Learned it building X-Boss Photography Studio.

mulesoo.com

#PhotographyBusiness #StudioBooking #XBoss #BookingSystem #MuleSoo",261,Booking flows should let people edit before confirming. Every un-editable form is an abandoned form.,X-BOSS PHOTOGRAPHY,#E8B84B
2026-09-04,4,Friday,1,HOWTO,X-Boss Photography Studio,xboss,https://xbossphotography.vercel.app,live,X,"Booking flows should let people edit before confirming. Every un-editable form is an abandoned form.

— learned building X-Boss Photography Studio",146,Booking flows should let people edit before confirming. Every un-editable form is an abandoned form.,X-BOSS PHOTOGRAPHY,#E8B84B
2026-09-05,5,Saturday,1,PROOF,Shime Events & Planning,shime,https://shimeeventplaning.vercel.app,live,LinkedIn,"What Shime Events & Planning actually does — not adjectives, features:

• clients booking in the language they actually think in
• deposits collected without a single awkward phone call
• a signed contract in the client's inbox before they close the tab

Live now. See it: https://shimeeventplaning.vercel.app

No invented statistics on this page. Open it and check for yourself.

#EventPlanning #ShimeEvents #BilingualWeb",422,Clients booking in the language they actually think in.,SHIME EVENTS,#E8B84B
2026-09-05,5,Saturday,1,PROOF,Shime Events & Planning,shime,https://shimeeventplaning.vercel.app,live,Instagram,"🎊 Shime Events & Planning — what you actually get:

✅ clients booking in the language they actually think in
✅ deposits collected without a single awkward phone call
✅ a signed contract in the client's inbox before they close the tab

Live now.

See it: https://shimeeventplaning.vercel.app

#EventPlanning #ShimeEvents #BilingualWeb #Amharic #MuleSoo",352,Clients booking in the language they actually think in.,SHIME EVENTS,#E8B84B
2026-09-05,5,Saturday,1,PROOF,Shime Events & Planning,shime,https://shimeeventplaning.vercel.app,live,Facebook,"People ask what ""Shime Events & Planning"" really means. Plainly:

✅ clients booking in the language they actually think in
✅ deposits collected without a single awkward phone call
✅ a signed contract in the client's inbox before they close the tab

Live now. See it: https://shimeeventplaning.vercel.app",303,Clients booking in the language they actually think in.,SHIME EVENTS,#E8B84B
2026-09-05,5,Saturday,1,PROOF,Shime Events & Planning,shime,https://shimeeventplaning.vercel.app,live,TikTok,"Three things Shime Events & Planning does that a normal event planning business setup cannot 👇

1. clients booking in the language they actually think in
2. deposits collected without a single awkward phone call
3. a signed contract in the client's inbox before they close the tab

Live now.

mulesoo.com

#EventPlanning #ShimeEvents #BilingualWeb #Amharic #MuleSoo",366,Clients booking in the language they actually think in.,SHIME EVENTS,#E8B84B
2026-09-05,5,Saturday,1,PROOF,Shime Events & Planning,shime,https://shimeeventplaning.vercel.app,live,X,"Shime Events & Planning:
• clients booking in the language they actually think in
• deposits collected without a single awkward phone call

https://shimeeventplaning.vercel.app",176,Clients booking in the language they actually think in.,SHIME EVENTS,#E8B84B
2026-09-06,6,Sunday,1,BEHIND,Tsedi Catering & Events,tsedi,https://tsedicatering.vercel.app,live,LinkedIn,"Under the bonnet of Tsedi Catering & Events:

No website at all — the QR opens the assistant straight in the phone's browser.

Google Calendar for availability, Stripe for the deposit, all inside one conversation.

None of this is visible to the client, and all of it is why the thing keeps working in month nine.

See it: https://tsedicatering.vercel.app

#CateringBusiness #QRBooking #TsediCatering",400,No website at all — the QR opens the assistant straight in the phone's browser.,TSEDI CATERING,#E8B84B
2026-09-06,6,Sunday,1,BEHIND,Tsedi Catering & Events,tsedi,https://tsedicatering.vercel.app,live,Instagram,"Behind the build 🔧 Tsedi Catering & Events

No website at all — the QR opens the assistant straight in the phone's browser.

The boring decisions are the ones that hold.

#CateringBusiness #QRBooking #TsediCatering #AIAssistant #MuleSoo",237,No website at all — the QR opens the assistant straight in the phone's browser.,TSEDI CATERING,#E8B84B
2026-09-06,6,Sunday,1,BEHIND,Tsedi Catering & Events,tsedi,https://tsedicatering.vercel.app,live,Facebook,"A look behind Tsedi Catering & Events:

No website at all — the QR opens the assistant straight in the phone's browser.

Google Calendar for availability, Stripe for the deposit, all inside one conversation.

We build the invisible parts properly. That is the whole difference between a demo and a system you can run a business on.",331,No website at all — the QR opens the assistant straight in the phone's browser.,TSEDI CATERING,#E8B84B
2026-09-06,6,Sunday,1,BEHIND,Tsedi Catering & Events,tsedi,https://tsedicatering.vercel.app,live,TikTok,"Behind the build 🔧

Tsedi Catering & Events: No website at all — the QR opens the assistant straight in the phone's browser.

The unglamorous decisions are the ones that save you in month nine.

mulesoo.com

#CateringBusiness #QRBooking #TsediCatering #AIAssistant #MuleSoo",274,No website at all — the QR opens the assistant straight in the phone's browser.,TSEDI CATERING,#E8B84B
2026-09-06,6,Sunday,1,BEHIND,Tsedi Catering & Events,tsedi,https://tsedicatering.vercel.app,live,X,"Tsedi Catering & Events — under the bonnet:

No website at all — the QR opens the assistant straight in the phone's browser.",124,No website at all — the QR opens the assistant straight in the phone's browser.,TSEDI CATERING,#E8B84B
2026-09-07,7,Monday,1,OFFER,TSI AI Booking Assistant,tsi,https://mulesoo.com/services/chatbot,live,LinkedIn,"How many enquiries went unanswered last night?

We built TSI AI Booking Assistant for exactly that — it captures name, contact and intent before it hands anything to a human.

Same system, your brand, your sector.

Tell us what your week looks like and we will tell you honestly whether software fixes it: mulesoo.com/contact

#AIChatbot #Hospitality #Reservations",364,How many enquiries went unanswered last night?,TSI ASSISTANT,#00C8FF
2026-09-07,7,Monday,1,OFFER,TSI AI Booking Assistant,tsi,https://mulesoo.com/services/chatbot,live,Instagram,"How many enquiries went unanswered last night? 🤖

We built TSI AI Booking Assistant to solve it — you get every after-hours enquiry answered instead of lost.

Same system, your brand, your sector.

📩 mulesoo.com/contact
💬 wa.me/27688529333

#AIChatbot #Hospitality #Reservations #CustomerService #MuleSoo",307,How many enquiries went unanswered last night?,TSI ASSISTANT,#00C8FF
2026-09-07,7,Monday,1,OFFER,TSI AI Booking Assistant,tsi,https://mulesoo.com/services/chatbot,live,Facebook,"How many enquiries went unanswered last night?

That is precisely why TSI AI Booking Assistant exists — it captures name, contact and intent before it hands anything to a human.

Same system, your brand, your sector. Message us and we will tell you straight whether this is worth it for your business.

📩 mulesoo.com/contact  ·  💬 wa.me/27688529333",350,How many enquiries went unanswered last night?,TSI ASSISTANT,#00C8FF
2026-09-07,7,Monday,1,OFFER,TSI AI Booking Assistant,tsi,https://mulesoo.com/services/chatbot,live,TikTok,"How many enquiries went unanswered last night? 🤖

We already built it once — TSI AI Booking Assistant.

Same system, your brand, your sector.

mulesoo.com

#AIChatbot #Hospitality #Reservations #CustomerService #MuleSoo",220,How many enquiries went unanswered last night?,TSI ASSISTANT,#00C8FF
2026-09-07,7,Monday,1,OFFER,TSI AI Booking Assistant,tsi,https://mulesoo.com/services/chatbot,live,X,"How many enquiries went unanswered last night?

We built TSI AI Booking Assistant for exactly this.

mulesoo.com/contact",120,How many enquiries went unanswered last night?,TSI ASSISTANT,#00C8FF
2026-09-08,8,Tuesday,2,SPOTLIGHT,Sena — AI Front Desk Receptionist,sena,https://mulesoo.com/ai-automation,building,LinkedIn,"We building Sena — AI Front Desk Receptionist.

In one line: a voice receptionist for hotels: the guest clicks Call Reception and Sena actually answers.

The part that matters — she says plainly that she is an AI, before anything else.

What the owner ends up with: reception answered at 3am without a night shift.

Still in build — follow along: mulesoo.com

#VoiceAI #HotelTech #Sena",385,We building Sena — AI Front Desk Receptionist.,SENA · IN BUILD,#7B2FFF
2026-09-08,8,Tuesday,2,SPOTLIGHT,Sena — AI Front Desk Receptionist,sena,https://mulesoo.com/ai-automation,building,Instagram,"🏨 We building Sena — AI Front Desk Receptionist.

A voice receptionist for hotels: the guest clicks Call Reception and Sena actually answers.

✨ she says plainly that she is an AI, before anything else
✅ reception answered at 3am without a night shift

Still in build — follow along: mulesoo.com

#VoiceAI #HotelTech #Sena #Hospitality #MuleSoo",345,We building Sena — AI Front Desk Receptionist.,SENA · IN BUILD,#7B2FFF
2026-09-08,8,Tuesday,2,SPOTLIGHT,Sena — AI Front Desk Receptionist,sena,https://mulesoo.com/ai-automation,building,Facebook,"We building Sena — AI Front Desk Receptionist.

It is a voice receptionist for hotels: the guest clicks Call Reception and Sena actually answers.

The thing people notice first: she says plainly that she is an AI, before anything else.

If you run a hotel and this sounds like your week — we should talk. mulesoo.com",316,We building Sena — AI Front Desk Receptionist.,SENA · IN BUILD,#7B2FFF
2026-09-08,8,Tuesday,2,SPOTLIGHT,Sena — AI Front Desk Receptionist,sena,https://mulesoo.com/ai-automation,building,TikTok,"POV: you run a hotel. 🏨

We building Sena — AI Front Desk Receptionist.

It does one thing brilliantly: she says plainly that she is an AI, before anything else.

Full build on mulesoo.com

#VoiceAI #HotelTech #Sena #Hospitality #MuleSoo",238,We building Sena — AI Front Desk Receptionist.,SENA · IN BUILD,#7B2FFF
2026-09-08,8,Tuesday,2,SPOTLIGHT,Sena — AI Front Desk Receptionist,sena,https://mulesoo.com/ai-automation,building,X,"We building Sena — AI Front Desk Receptionist. A voice receptionist for hotels: the guest clicks Call Reception and Sena actually answers.

https://mulesoo.com/ai-automation",173,We building Sena — AI Front Desk Receptionist.,SENA · IN BUILD,#7B2FFF
2026-09-09,9,Wednesday,2,PROBLEM,Yewogen Derash (ወገን ደራሽ),yewogen,https://mulesoo.com/case-studies,building,LinkedIn,"People stop giving online the first time a fundraiser turns out to be nobody.

That was the brief behind Yewogen Derash (ወገን ደራሽ).

We building it around one idea: ID documents plus a live face capture plus a human admin review, before a campaign goes live.

A crowdfunding platform where every campaign owner is identity-verified and no two campaigns share a wallet.

Still in build — follow along: mulesoo.com

#Crowdfunding #Ethiopia #YewogenDerash",451,People stop giving online the first time a fundraiser turns out to be nobody.,YEWOGEN DERASH · IN BUILD,#00C8FF
2026-09-09,9,Wednesday,2,PROBLEM,Yewogen Derash (ወገን ደራሽ),yewogen,https://mulesoo.com/case-studies,building,Instagram,"People stop giving online the first time a fundraiser turns out to be nobody. 😮‍💨

So we building Yewogen Derash (ወገን ደራሽ).

ID documents plus a live face capture plus a human admin review, before a campaign goes live.

Still in build — follow along: mulesoo.com

#Crowdfunding #Ethiopia #YewogenDerash #FinTech #MuleSoo",322,People stop giving online the first time a fundraiser turns out to be nobody.,YEWOGEN DERASH · IN BUILD,#00C8FF
2026-09-09,9,Wednesday,2,PROBLEM,Yewogen Derash (ወገን ደራሽ),yewogen,https://mulesoo.com/case-studies,building,Facebook,"People stop giving online the first time a fundraiser turns out to be nobody.

Every fundraising campaign we have spoken to says a version of that sentence.

Yewogen Derash (ወገን ደራሽ) exists to end it — ID documents plus a live face capture plus a human admin review, before a campaign goes live.

Still in build — follow along: mulesoo.com",339,People stop giving online the first time a fundraiser turns out to be nobody.,YEWOGEN DERASH · IN BUILD,#00C8FF
2026-09-09,9,Wednesday,2,PROBLEM,Yewogen Derash (ወገን ደራሽ),yewogen,https://mulesoo.com/case-studies,building,TikTok,"Tell me you run a fundraising campaign without telling me. 👇

""People stop giving online the first time a fundraiser turns out to be nobody.""

That is why we building Yewogen Derash (ወገን ደራሽ) — ID documents plus a live face capture plus a human admin review, before a campaign goes live.

mulesoo.com

#Crowdfunding #Ethiopia #YewogenDerash #FinTech #MuleSoo",359,People stop giving online the first time a fundraiser turns out to be nobody.,YEWOGEN DERASH · IN BUILD,#00C8FF
2026-09-09,9,Wednesday,2,PROBLEM,Yewogen Derash (ወገን ደራሽ),yewogen,https://mulesoo.com/case-studies,building,X,"People stop giving online the first time a fundraiser turns out to be nobody.

So we building Yewogen Derash.

https://mulesoo.com/case-studies",143,People stop giving online the first time a fundraiser turns out to be nobody.,YEWOGEN DERASH · IN BUILD,#00C8FF
2026-09-10,10,Thursday,2,FUNNY,Pretoria Kidane Mihret Church Platform,church,https://mulesoo.com/portfolio,live,LinkedIn,"The service times are now editable by the church. The 2019 WhatsApp forward has been retired with honours.

Behind the joke there is a real system: Pretoria Kidane Mihret Church Platform — a bilingual Amharic and English home for a parish, with the whole site editable by the church itself.

Humour is just the shortest way to describe a problem everyone running a church or community organisation already has.

See it: https://mulesoo.com/portfolio

#ChurchWebsite #Amharic #Bilingual",485,The service times are now editable by the church. The 2019 WhatsApp forward has been retired with honours.,KIDANE MIHRET,#E8B84B
2026-09-10,10,Thursday,2,FUNNY,Pretoria Kidane Mihret Church Platform,church,https://mulesoo.com/portfolio,live,Instagram,"The service times are now editable by the church. The 2019 WhatsApp forward has been retired with honours. 😂

(Pretoria Kidane Mihret Church Platform. Yes, it is real.)

See it: https://mulesoo.com/portfolio

#ChurchWebsite #Amharic #Bilingual #Pretoria #MuleSoo",263,The service times are now editable by the church. The 2019 WhatsApp forward has been retired with honours.,KIDANE MIHRET,#E8B84B
2026-09-10,10,Thursday,2,FUNNY,Pretoria Kidane Mihret Church Platform,church,https://mulesoo.com/portfolio,live,Facebook,"The service times are now editable by the church. The 2019 WhatsApp forward has been retired with honours.

True story from building Pretoria Kidane Mihret Church Platform — a bilingual Amharic and English home for a parish, with the whole site editable by the church itself.

A church website that loads in under two seconds. Some would call that a small miracle.

See it: https://mulesoo.com/portfolio",403,The service times are now editable by the church. The 2019 WhatsApp forward has been retired with honours.,KIDANE MIHRET,#E8B84B
2026-09-10,10,Thursday,2,FUNNY,Pretoria Kidane Mihret Church Platform,church,https://mulesoo.com/portfolio,live,TikTok,"The service times are now editable by the church. The 2019 WhatsApp forward has been retired with honours. 💀

Not a joke though — Pretoria Kidane Mihret Church Platform actually does this.

A church website that loads in under two seconds. Some would call that a small miracle.

mulesoo.com

#ChurchWebsite #Amharic #Bilingual #Pretoria #MuleSoo",346,The service times are now editable by the church. The 2019 WhatsApp forward has been retired with honours.,KIDANE MIHRET,#E8B84B
2026-09-10,10,Thursday,2,FUNNY,Pretoria Kidane Mihret Church Platform,church,https://mulesoo.com/portfolio,live,X,"The service times are now editable by the church. The 2019 WhatsApp forward has been retired with honours.

— from building Pretoria Kidane Mihret Church Platform",162,The service times are now editable by the church. The 2019 WhatsApp forward has been retired with honours.,KIDANE MIHRET,#E8B84B
2026-09-11,11,Friday,2,HOWTO,DR. Hospital — AI Clinic System,drhospital,https://mulesoo.com/case-studies,building,LinkedIn,"Something DR. Hospital — AI Clinic System taught us:

In healthcare, design the data model and the access rules before the first screen.

Two more from the same build:

• Automate intake, never diagnosis. Know exactly where the software stops.
• Audit trails on patient records are not optional, and they are hard to add later.

All three are in the live product, not in a slide deck. Still in build — follow along: mulesoo.com

#HealthTech #ClinicSoftware #AIIntake",466,"In healthcare, design the data model and the access rules before the first screen.",DR. HOSPITAL · IN BUILD,#00FF88
2026-09-11,11,Friday,2,HOWTO,DR. Hospital — AI Clinic System,drhospital,https://mulesoo.com/case-studies,building,Instagram,"Lesson from building DR. Hospital — AI Clinic System 🩺

📌 In healthcare, design the data model and the access rules before the first screen.

Save this one — it applies far beyond this one project.

#HealthTech #ClinicSoftware #AIIntake #POPIA #MuleSoo",254,"In healthcare, design the data model and the access rules before the first screen.",DR. HOSPITAL · IN BUILD,#00FF88
2026-09-11,11,Friday,2,HOWTO,DR. Hospital — AI Clinic System,drhospital,https://mulesoo.com/case-studies,building,Facebook,"A free lesson from building DR. Hospital — AI Clinic System:

In healthcare, design the data model and the access rules before the first screen.

It sounds small. It is the difference between a system that works and one that quietly loses you money.

More of how we build: mulesoo.com",284,"In healthcare, design the data model and the access rules before the first screen.",DR. HOSPITAL · IN BUILD,#00FF88
2026-09-11,11,Friday,2,HOWTO,DR. Hospital — AI Clinic System,drhospital,https://mulesoo.com/case-studies,building,TikTok,"Free game from a real build 🧠

In healthcare, design the data model and the access rules before the first screen.

Learned it building DR. Hospital — AI Clinic System.

mulesoo.com

#HealthTech #ClinicSoftware #AIIntake #POPIA #MuleSoo",236,"In healthcare, design the data model and the access rules before the first screen.",DR. HOSPITAL · IN BUILD,#00FF88
2026-09-11,11,Friday,2,HOWTO,DR. Hospital — AI Clinic System,drhospital,https://mulesoo.com/case-studies,building,X,"In healthcare, design the data model and the access rules before the first screen.

— learned building DR. Hospital",115,"In healthcare, design the data model and the access rules before the first screen.",DR. HOSPITAL · IN BUILD,#00FF88
2026-09-12,12,Saturday,2,PROOF,MuleSoo Guides & Digital Store,guides,https://mulesoo.com/store,live,LinkedIn,"What MuleSoo Guides & Digital Store actually does — not adjectives, features:

• the exact process behind live client builds
• instant download, no subscription
• a shelf that keeps selling after it is written

Live now. See it: https://mulesoo.com/store

No invented statistics on this page. Open it and check for yourself.

#DigitalProducts #ClaudeCode #LearnToBuild",368,The exact process behind live client builds.,MULESOO STORE,#E8B84B
2026-09-12,12,Saturday,2,PROOF,MuleSoo Guides & Digital Store,guides,https://mulesoo.com/store,live,Instagram,"📘 MuleSoo Guides & Digital Store — what you actually get:

✅ the exact process behind live client builds
✅ instant download, no subscription
✅ a shelf that keeps selling after it is written

Live now.

See it: https://mulesoo.com/store

#DigitalProducts #ClaudeCode #LearnToBuild #PassiveIncome #MuleSoo",304,The exact process behind live client builds.,MULESOO STORE,#E8B84B
2026-09-12,12,Saturday,2,PROOF,MuleSoo Guides & Digital Store,guides,https://mulesoo.com/store,live,Facebook,"People ask what ""MuleSoo Guides & Digital Store"" really means. Plainly:

✅ the exact process behind live client builds
✅ instant download, no subscription
✅ a shelf that keeps selling after it is written

Live now. See it: https://mulesoo.com/store",248,The exact process behind live client builds.,MULESOO STORE,#E8B84B
2026-09-12,12,Saturday,2,PROOF,MuleSoo Guides & Digital Store,guides,https://mulesoo.com/store,live,TikTok,"Three things MuleSoo Guides & Digital Store does that a normal knowledge business setup cannot 👇

1. the exact process behind live client builds
2. instant download, no subscription
3. a shelf that keeps selling after it is written

Live now.

mulesoo.com

#DigitalProducts #ClaudeCode #LearnToBuild #PassiveIncome #MuleSoo",324,The exact process behind live client builds.,MULESOO STORE,#E8B84B
2026-09-12,12,Saturday,2,PROOF,MuleSoo Guides & Digital Store,guides,https://mulesoo.com/store,live,X,"MuleSoo Guides & Digital Store:
• the exact process behind live client builds
• instant download, no subscription

https://mulesoo.com/store",140,The exact process behind live client builds.,MULESOO STORE,#E8B84B
2026-09-13,13,Sunday,2,BEHIND,MuleSoo Digital Services,mulesoo,https://mulesoo.com,live,LinkedIn,"Under the bonnet of MuleSoo Digital Services:

Next.js App Router, Supabase and Stripe, deployed on Vercel with a CI that refuses broken builds.

The whole admin is installable as a private PWA, so the business runs from a phone on the way to a meeting.

None of this is visible to the client, and all of it is why the thing keeps working in month nine.

See it: https://mulesoo.com

#MuleSoo #WebDesignPretoria #AIforBusiness",426,"Next.js App Router, Supabase and Stripe, deployed on Vercel with a CI that refuses broken builds.",MULESOO PLATFORM,#00C8FF
2026-09-13,13,Sunday,2,BEHIND,MuleSoo Digital Services,mulesoo,https://mulesoo.com,live,Instagram,"Behind the build 🔧 MuleSoo Digital Services

Next.js App Router, Supabase and Stripe, deployed on Vercel with a CI that refuses broken builds.

The boring decisions are the ones that hold.

#MuleSoo #WebDesignPretoria #AIforBusiness #SouthAfricaTech #NextJS",258,"Next.js App Router, Supabase and Stripe, deployed on Vercel with a CI that refuses broken builds.",MULESOO PLATFORM,#00C8FF
2026-09-13,13,Sunday,2,BEHIND,MuleSoo Digital Services,mulesoo,https://mulesoo.com,live,Facebook,"A look behind MuleSoo Digital Services:

Next.js App Router, Supabase and Stripe, deployed on Vercel with a CI that refuses broken builds.

The whole admin is installable as a private PWA, so the business runs from a phone on the way to a meeting.

We build the invisible parts properly. That is the whole difference between a demo and a system you can run a business on.",371,"Next.js App Router, Supabase and Stripe, deployed on Vercel with a CI that refuses broken builds.",MULESOO PLATFORM,#00C8FF
2026-09-13,13,Sunday,2,BEHIND,MuleSoo Digital Services,mulesoo,https://mulesoo.com,live,TikTok,"Behind the build 🔧

MuleSoo Digital Services: Next.js App Router, Supabase and Stripe, deployed on Vercel with a CI that refuses broken builds.

The unglamorous decisions are the ones that save you in month nine.

mulesoo.com

#MuleSoo #WebDesignPretoria #AIforBusiness #SouthAfricaTech #NextJS",295,"Next.js App Router, Supabase and Stripe, deployed on Vercel with a CI that refuses broken builds.",MULESOO PLATFORM,#00C8FF
2026-09-13,13,Sunday,2,BEHIND,MuleSoo Digital Services,mulesoo,https://mulesoo.com,live,X,"MuleSoo Digital Services — under the bonnet:

Next.js App Router, Supabase and Stripe, deployed on Vercel with a CI that refuses broken builds.",143,"Next.js App Router, Supabase and Stripe, deployed on Vercel with a CI that refuses broken builds.",MULESOO PLATFORM,#00C8FF
2026-09-14,14,Monday,2,OFFER,Habesha Celebration Events,habesha,https://habeshaeventsplanner.netlify.app,live,LinkedIn,"Planning weddings and still answering every enquiry by hand?

We built Habesha Celebration Events for exactly that — enquiry capture that works while the planner is mid-ceremony with no phone in hand.

Same system, your brand, your sector.

Tell us what your week looks like and we will tell you honestly whether software fixes it: mulesoo.com/contact

#HabeshaEvents #EthiopianWedding #EventPlanner",399,Planning weddings and still answering every enquiry by hand?,HABESHA EVENTS,#7B2FFF
2026-09-14,14,Monday,2,OFFER,Habesha Celebration Events,habesha,https://habeshaeventsplanner.netlify.app,live,Instagram,"Planning weddings and still answering every enquiry by hand? 💍

We built Habesha Celebration Events to solve it — you get a site that looks like the events it sells.

Same system, your brand, your sector.

📩 mulesoo.com/contact
💬 wa.me/27688529333

#HabeshaEvents #EthiopianWedding #EventPlanner #WeddingSA #MuleSoo",318,Planning weddings and still answering every enquiry by hand?,HABESHA EVENTS,#7B2FFF
2026-09-14,14,Monday,2,OFFER,Habesha Celebration Events,habesha,https://habeshaeventsplanner.netlify.app,live,Facebook,"Planning weddings and still answering every enquiry by hand?

That is precisely why Habesha Celebration Events exists — enquiry capture that works while the planner is mid-ceremony with no phone in hand.

Same system, your brand, your sector. Message us and we will tell you straight whether this is worth it for your business.

📩 mulesoo.com/contact  ·  💬 wa.me/27688529333",376,Planning weddings and still answering every enquiry by hand?,HABESHA EVENTS,#7B2FFF
2026-09-14,14,Monday,2,OFFER,Habesha Celebration Events,habesha,https://habeshaeventsplanner.netlify.app,live,TikTok,"Planning weddings and still answering every enquiry by hand? 💍

We already built it once — Habesha Celebration Events.

Same system, your brand, your sector.

mulesoo.com

#HabeshaEvents #EthiopianWedding #EventPlanner #WeddingSA #MuleSoo",239,Planning weddings and still answering every enquiry by hand?,HABESHA EVENTS,#7B2FFF
2026-09-14,14,Monday,2,OFFER,Habesha Celebration Events,habesha,https://habeshaeventsplanner.netlify.app,live,X,"Planning weddings and still answering every enquiry by hand?

We built Habesha Celebration Events for exactly this.

mulesoo.com/contact",136,Planning weddings and still answering every enquiry by hand?,HABESHA EVENTS,#7B2FFF
2026-09-15,15,Tuesday,3,SPOTLIGHT,YoYo Gym — AI Membership Platform,yoyogym,https://yoyogym.vercel.app,live,LinkedIn,"We built YoYo Gym — AI Membership Platform.

In one line: a full gym membership, booking and check-in system that runs the floor on autopilot.

The part that matters — sixteen tables of real membership logic — plans, payments, bookings, attendance.

What the owner ends up with: members, plans and payments in one place instead of three books.

See it: https://yoyogym.vercel.app

#GymSoftware #FitnessBusiness #YoYoGym",419,We built YoYo Gym — AI Membership Platform.,YOYO GYM,#00FF88
2026-09-15,15,Tuesday,3,SPOTLIGHT,YoYo Gym — AI Membership Platform,yoyogym,https://yoyogym.vercel.app,live,Instagram,"🏋️ We built YoYo Gym — AI Membership Platform.

A full gym membership, booking and check-in system that runs the floor on autopilot.

✨ sixteen tables of real membership logic — plans, payments, bookings, attendance
✅ members, plans and payments in one place instead of three books

See it: https://yoyogym.vercel.app

#GymSoftware #FitnessBusiness #YoYoGym #MembershipSystem #MuleSoo",385,We built YoYo Gym — AI Membership Platform.,YOYO GYM,#00FF88
2026-09-15,15,Tuesday,3,SPOTLIGHT,YoYo Gym — AI Membership Platform,yoyogym,https://yoyogym.vercel.app,live,Facebook,"We built YoYo Gym — AI Membership Platform.

It is a full gym membership, booking and check-in system that runs the floor on autopilot.

The thing people notice first: sixteen tables of real membership logic — plans, payments, bookings, attendance.

If you run a gym and this sounds like your week — we should talk. mulesoo.com",327,We built YoYo Gym — AI Membership Platform.,YOYO GYM,#00FF88
2026-09-15,15,Tuesday,3,SPOTLIGHT,YoYo Gym — AI Membership Platform,yoyogym,https://yoyogym.vercel.app,live,TikTok,"POV: you run a gym. 🏋️

We built YoYo Gym — AI Membership Platform.

It does one thing brilliantly: sixteen tables of real membership logic — plans, payments, bookings, attendance.

Full build on mulesoo.com

#GymSoftware #FitnessBusiness #YoYoGym #MembershipSystem #MuleSoo",275,We built YoYo Gym — AI Membership Platform.,YOYO GYM,#00FF88
2026-09-15,15,Tuesday,3,SPOTLIGHT,YoYo Gym — AI Membership Platform,yoyogym,https://yoyogym.vercel.app,live,X,"We built YoYo Gym — AI Membership Platform. A full gym membership, booking and check-in system that runs the floor on autopilot.

https://yoyogym.vercel.app",156,We built YoYo Gym — AI Membership Platform.,YOYO GYM,#00FF88
2026-09-16,16,Wednesday,3,PROBLEM,X-Boss Photography Studio,xboss,https://xbossphotography.vercel.app,live,LinkedIn,"A photographer answering DMs between shoots is a photographer not shooting.

That was the brief behind X-Boss Photography Studio.

We built it around one idea: a guided booking assistant with live date and time pickers, review and edit before confirming.

A dark-luxury booking system with an AI assistant, an admin dashboard and signable PDF confirmations.

See it: https://xbossphotography.vercel.app

#PhotographyBusiness #StudioBooking #XBoss",446,A photographer answering DMs between shoots is a photographer not shooting.,X-BOSS PHOTOGRAPHY,#E8B84B
2026-09-16,16,Wednesday,3,PROBLEM,X-Boss Photography Studio,xboss,https://xbossphotography.vercel.app,live,Instagram,"A photographer answering DMs between shoots is a photographer not shooting. 😮‍💨

So we built X-Boss Photography Studio.

A guided booking assistant with live date and time pickers, review and edit before confirming.

See it: https://xbossphotography.vercel.app

#PhotographyBusiness #StudioBooking #XBoss #BookingSystem #MuleSoo",330,A photographer answering DMs between shoots is a photographer not shooting.,X-BOSS PHOTOGRAPHY,#E8B84B
2026-09-16,16,Wednesday,3,PROBLEM,X-Boss Photography Studio,xboss,https://xbossphotography.vercel.app,live,Facebook,"A photographer answering DMs between shoots is a photographer not shooting.

Every photography studio we have spoken to says a version of that sentence.

X-Boss Photography Studio exists to end it — a guided booking assistant with live date and time pickers, review and edit before confirming.

See it: https://xbossphotography.vercel.app",338,A photographer answering DMs between shoots is a photographer not shooting.,X-BOSS PHOTOGRAPHY,#E8B84B
2026-09-16,16,Wednesday,3,PROBLEM,X-Boss Photography Studio,xboss,https://xbossphotography.vercel.app,live,TikTok,"Tell me you run a photography studio without telling me. 👇

""A photographer answering DMs between shoots is a photographer not shooting.""

That is why we built X-Boss Photography Studio — a guided booking assistant with live date and time pickers, review and edit before confirming.

mulesoo.com

#PhotographyBusiness #StudioBooking #XBoss #BookingSystem #MuleSoo",364,A photographer answering DMs between shoots is a photographer not shooting.,X-BOSS PHOTOGRAPHY,#E8B84B
2026-09-16,16,Wednesday,3,PROBLEM,X-Boss Photography Studio,xboss,https://xbossphotography.vercel.app,live,X,"A photographer answering DMs between shoots is a photographer not shooting.

So we built X-Boss Photography Studio.

https://xbossphotography.vercel.app",152,A photographer answering DMs between shoots is a photographer not shooting.,X-BOSS PHOTOGRAPHY,#E8B84B
2026-09-17,17,Thursday,3,FUNNY,Shime Events & Planning,shime,https://shimeeventplaning.vercel.app,live,LinkedIn,"Seventeen steps sounds like a lot until you meet an event client with a spreadsheet.

Behind the joke there is a real system: Shime Events & Planning — a bilingual booking assistant that walks a client through seventeen steps and ends with a signed PDF contract.

Humour is just the shortest way to describe a problem everyone running an event planning business already has.

See it: https://shimeeventplaning.vercel.app

#EventPlanning #ShimeEvents #BilingualWeb",463,Seventeen steps sounds like a lot until you meet an event client with a spreadsheet.,SHIME EVENTS,#E8B84B
2026-09-17,17,Thursday,3,FUNNY,Shime Events & Planning,shime,https://shimeeventplaning.vercel.app,live,Instagram,"Seventeen steps sounds like a lot until you meet an event client with a spreadsheet. 😂

(Shime Events & Planning. Yes, it is real.)

See it: https://shimeeventplaning.vercel.app

#EventPlanning #ShimeEvents #BilingualWeb #Amharic #MuleSoo",239,Seventeen steps sounds like a lot until you meet an event client with a spreadsheet.,SHIME EVENTS,#E8B84B
2026-09-17,17,Thursday,3,FUNNY,Shime Events & Planning,shime,https://shimeeventplaning.vercel.app,live,Facebook,"Seventeen steps sounds like a lot until you meet an event client with a spreadsheet.

True story from building Shime Events & Planning — a bilingual booking assistant that walks a client through seventeen steps and ends with a signed PDF contract.

The contract generates itself. The only thing left to argue about is the guest list.

See it: https://shimeeventplaning.vercel.app",379,Seventeen steps sounds like a lot until you meet an event client with a spreadsheet.,SHIME EVENTS,#E8B84B
2026-09-17,17,Thursday,3,FUNNY,Shime Events & Planning,shime,https://shimeeventplaning.vercel.app,live,TikTok,"Seventeen steps sounds like a lot until you meet an event client with a spreadsheet. 💀

Not a joke though — Shime Events & Planning actually does this.

The contract generates itself. The only thing left to argue about is the guest list.

mulesoo.com

#EventPlanning #ShimeEvents #BilingualWeb #Amharic #MuleSoo",312,Seventeen steps sounds like a lot until you meet an event client with a spreadsheet.,SHIME EVENTS,#E8B84B
2026-09-17,17,Thursday,3,FUNNY,Shime Events & Planning,shime,https://shimeeventplaning.vercel.app,live,X,"Seventeen steps sounds like a lot until you meet an event client with a spreadsheet.

— from building Shime Events & Planning",125,Seventeen steps sounds like a lot until you meet an event client with a spreadsheet.,SHIME EVENTS,#E8B84B
2026-09-18,18,Friday,3,HOWTO,Tsedi Catering & Events,tsedi,https://tsedicatering.vercel.app,live,LinkedIn,"Something Tsedi Catering & Events taught us:

You do not always need a website. Sometimes you need one QR code that finishes the job.

Two more from the same build:

• Take a deposit inside the conversation. A booking without money attached is a rehearsal.
• Issue a verification code at booking, then scan it on the day. Cheap, offline-proof, unforgeable.

All three are in the live product, not in a slide deck. See it: https://tsedicatering.vercel.app

#CateringBusiness #QRBooking #TsediCatering",499,You do not always need a website. Sometimes you need one QR code that finishes the job.,TSEDI CATERING,#E8B84B
2026-09-18,18,Friday,3,HOWTO,Tsedi Catering & Events,tsedi,https://tsedicatering.vercel.app,live,Instagram,"Lesson from building Tsedi Catering & Events 🍽️

📌 You do not always need a website. Sometimes you need one QR code that finishes the job.

Save this one — it applies far beyond this one project.

#CateringBusiness #QRBooking #TsediCatering #AIAssistant #MuleSoo",264,You do not always need a website. Sometimes you need one QR code that finishes the job.,TSEDI CATERING,#E8B84B
2026-09-18,18,Friday,3,HOWTO,Tsedi Catering & Events,tsedi,https://tsedicatering.vercel.app,live,Facebook,"A free lesson from building Tsedi Catering & Events:

You do not always need a website. Sometimes you need one QR code that finishes the job.

It sounds small. It is the difference between a system that works and one that quietly loses you money.

More of how we build: mulesoo.com",281,You do not always need a website. Sometimes you need one QR code that finishes the job.,TSEDI CATERING,#E8B84B
2026-09-18,18,Friday,3,HOWTO,Tsedi Catering & Events,tsedi,https://tsedicatering.vercel.app,live,TikTok,"Free game from a real build 🧠

You do not always need a website. Sometimes you need one QR code that finishes the job.

Learned it building Tsedi Catering & Events.

mulesoo.com

#CateringBusiness #QRBooking #TsediCatering #AIAssistant #MuleSoo",245,You do not always need a website. Sometimes you need one QR code that finishes the job.,TSEDI CATERING,#E8B84B
2026-09-18,18,Friday,3,HOWTO,Tsedi Catering & Events,tsedi,https://tsedicatering.vercel.app,live,X,"You do not always need a website. Sometimes you need one QR code that finishes the job.

— learned building Tsedi Catering & Events",131,You do not always need a website. Sometimes you need one QR code that finishes the job.,TSEDI CATERING,#E8B84B
2026-09-19,19,Saturday,3,PROOF,TSI AI Booking Assistant,tsi,https://mulesoo.com/services/chatbot,live,LinkedIn,"What TSI AI Booking Assistant actually does — not adjectives, features:

• every after-hours enquiry answered instead of lost
• leads arriving with name, contact and intent already captured
• your team freed from repeating the same six answers

Live now. See it: https://mulesoo.com/services/chatbot

No invented statistics on this page. Open it and check for yourself.

#AIChatbot #Hospitality #Reservations",408,Every after-hours enquiry answered instead of lost.,TSI ASSISTANT,#00C8FF
2026-09-19,19,Saturday,3,PROOF,TSI AI Booking Assistant,tsi,https://mulesoo.com/services/chatbot,live,Instagram,"🤖 TSI AI Booking Assistant — what you actually get:

✅ every after-hours enquiry answered instead of lost
✅ leads arriving with name, contact and intent already captured
✅ your team freed from repeating the same six answers

Live now.

See it: https://mulesoo.com/services/chatbot

#AIChatbot #Hospitality #Reservations #CustomerService #MuleSoo",346,Every after-hours enquiry answered instead of lost.,TSI ASSISTANT,#00C8FF
2026-09-19,19,Saturday,3,PROOF,TSI AI Booking Assistant,tsi,https://mulesoo.com/services/chatbot,live,Facebook,"People ask what ""TSI AI Booking Assistant"" really means. Plainly:

✅ every after-hours enquiry answered instead of lost
✅ leads arriving with name, contact and intent already captured
✅ your team freed from repeating the same six answers

Live now. See it: https://mulesoo.com/services/chatbot",293,Every after-hours enquiry answered instead of lost.,TSI ASSISTANT,#00C8FF
2026-09-19,19,Saturday,3,PROOF,TSI AI Booking Assistant,tsi,https://mulesoo.com/services/chatbot,live,TikTok,"Three things TSI AI Booking Assistant does that a normal hotel or restaurant setup cannot 👇

1. every after-hours enquiry answered instead of lost
2. leads arriving with name, contact and intent already captured
3. your team freed from repeating the same six answers

Live now.

mulesoo.com

#AIChatbot #Hospitality #Reservations #CustomerService #MuleSoo",356,Every after-hours enquiry answered instead of lost.,TSI ASSISTANT,#00C8FF
2026-09-19,19,Saturday,3,PROOF,TSI AI Booking Assistant,tsi,https://mulesoo.com/services/chatbot,live,X,"TSI AI Booking Assistant:
• every after-hours enquiry answered instead of lost
• leads arriving with name, contact and intent already captured

https://mulesoo.com/services/chatbot",180,Every after-hours enquiry answered instead of lost.,TSI ASSISTANT,#00C8FF
2026-09-20,20,Sunday,3,BEHIND,Sena — AI Front Desk Receptionist,sena,https://mulesoo.com/ai-automation,building,LinkedIn,"Under the bonnet of Sena — AI Front Desk Receptionist:

LiveKit carries the audio, faster-whisper listens, Piper speaks and Claude thinks — all self-hosted.

The Paystack webhook is hardened for signature, underpayment and idempotency before anything is confirmed.

None of this is visible to the client, and all of it is why the thing keeps working in month nine.

Still in build — follow along: mulesoo.com

#VoiceAI #HotelTech #Sena",435,"LiveKit carries the audio, faster-whisper listens, Piper speaks and Claude thinks — all self-hosted.",SENA · IN BUILD,#7B2FFF
2026-09-20,20,Sunday,3,BEHIND,Sena — AI Front Desk Receptionist,sena,https://mulesoo.com/ai-automation,building,Instagram,"Behind the build 🔧 Sena — AI Front Desk Receptionist

LiveKit carries the audio, faster-whisper listens, Piper speaks and Claude thinks — all self-hosted.

The boring decisions are the ones that hold.

#VoiceAI #HotelTech #Sena #Hospitality #MuleSoo",250,"LiveKit carries the audio, faster-whisper listens, Piper speaks and Claude thinks — all self-hosted.",SENA · IN BUILD,#7B2FFF
2026-09-20,20,Sunday,3,BEHIND,Sena — AI Front Desk Receptionist,sena,https://mulesoo.com/ai-automation,building,Facebook,"A look behind Sena — AI Front Desk Receptionist:

LiveKit carries the audio, faster-whisper listens, Piper speaks and Claude thinks — all self-hosted.

The Paystack webhook is hardened for signature, underpayment and idempotency before anything is confirmed.

We build the invisible parts properly. That is the whole difference between a demo and a system you can run a business on.",382,"LiveKit carries the audio, faster-whisper listens, Piper speaks and Claude thinks — all self-hosted.",SENA · IN BUILD,#7B2FFF
2026-09-20,20,Sunday,3,BEHIND,Sena — AI Front Desk Receptionist,sena,https://mulesoo.com/ai-automation,building,TikTok,"Behind the build 🔧

Sena — AI Front Desk Receptionist: LiveKit carries the audio, faster-whisper listens, Piper speaks and Claude thinks — all self-hosted.

The unglamorous decisions are the ones that save you in month nine.

mulesoo.com

#VoiceAI #HotelTech #Sena #Hospitality #MuleSoo",287,"LiveKit carries the audio, faster-whisper listens, Piper speaks and Claude thinks — all self-hosted.",SENA · IN BUILD,#7B2FFF
2026-09-20,20,Sunday,3,BEHIND,Sena — AI Front Desk Receptionist,sena,https://mulesoo.com/ai-automation,building,X,"Sena — under the bonnet:

LiveKit carries the audio, faster-whisper listens, Piper speaks and Claude thinks — all self-hosted.",126,"LiveKit carries the audio, faster-whisper listens, Piper speaks and Claude thinks — all self-hosted.",SENA · IN BUILD,#7B2FFF
2026-09-21,21,Monday,3,OFFER,Yewogen Derash (ወገን ደራሽ),yewogen,https://mulesoo.com/case-studies,building,LinkedIn,"Raising funds and need donors to trust the platform first?

We building Yewogen Derash (ወገን ደራሽ) for exactly that — one campaign, one ledger, one payout summary — funds never mix.

Early partners get it first, at build pricing.

Tell us what your week looks like and we will tell you honestly whether software fixes it: mulesoo.com/contact

#Crowdfunding #Ethiopia #YewogenDerash",379,Raising funds and need donors to trust the platform first?,YEWOGEN DERASH · IN BUILD,#00C8FF
2026-09-21,21,Monday,3,OFFER,Yewogen Derash (ወገን ደራሽ),yewogen,https://mulesoo.com/case-studies,building,Instagram,"Raising funds and need donors to trust the platform first? 🤝

We building Yewogen Derash (ወገን ደራሽ) to solve it — you get donors who can see who they are giving to.

Early partners get it first, at build pricing.

📩 mulesoo.com/contact
💬 wa.me/27688529333

#Crowdfunding #Ethiopia #YewogenDerash #FinTech #MuleSoo",315,Raising funds and need donors to trust the platform first?,YEWOGEN DERASH · IN BUILD,#00C8FF
2026-09-21,21,Monday,3,OFFER,Yewogen Derash (ወገን ደራሽ),yewogen,https://mulesoo.com/case-studies,building,Facebook,"Raising funds and need donors to trust the platform first?

That is precisely why Yewogen Derash (ወገን ደራሽ) exists — one campaign, one ledger, one payout summary — funds never mix.

Early partners get it first, at build pricing. Message us and we will tell you straight whether this is worth it for your business.

📩 mulesoo.com/contact  ·  💬 wa.me/27688529333",361,Raising funds and need donors to trust the platform first?,YEWOGEN DERASH · IN BUILD,#00C8FF
2026-09-21,21,Monday,3,OFFER,Yewogen Derash (ወገን ደራሽ),yewogen,https://mulesoo.com/case-studies,building,TikTok,"Raising funds and need donors to trust the platform first? 🤝

We already building it once — Yewogen Derash (ወገን ደራሽ).

Early partners get it first, at build pricing.

mulesoo.com

#Crowdfunding #Ethiopia #YewogenDerash #FinTech #MuleSoo",237,Raising funds and need donors to trust the platform first?,YEWOGEN DERASH · IN BUILD,#00C8FF
2026-09-21,21,Monday,3,OFFER,Yewogen Derash (ወገን ደራሽ),yewogen,https://mulesoo.com/case-studies,building,X,"Raising funds and need donors to trust the platform first?

We building Yewogen Derash (ወገን ደራሽ) for exactly this.

mulesoo.com/contact",135,Raising funds and need donors to trust the platform first?,YEWOGEN DERASH · IN BUILD,#00C8FF
2026-09-22,22,Tuesday,4,SPOTLIGHT,Pretoria Kidane Mihret Church Platform,church,https://mulesoo.com/portfolio,live,LinkedIn,"We built Pretoria Kidane Mihret Church Platform.

In one line: a bilingual Amharic and English home for a parish, with the whole site editable by the church itself.

The part that matters — Amharic treated as a first-class language, not a translation afterthought.

What the owner ends up with: one accurate place for service times, in both languages.

See it: https://mulesoo.com/portfolio

#ChurchWebsite #Amharic #Bilingual",426,We built Pretoria Kidane Mihret Church Platform.,KIDANE MIHRET,#E8B84B
2026-09-22,22,Tuesday,4,SPOTLIGHT,Pretoria Kidane Mihret Church Platform,church,https://mulesoo.com/portfolio,live,Instagram,"⛪ We built Pretoria Kidane Mihret Church Platform.

A bilingual Amharic and English home for a parish, with the whole site editable by the church itself.

✨ Amharic treated as a first-class language, not a translation afterthought
✅ one accurate place for service times, in both languages

See it: https://mulesoo.com/portfolio

#ChurchWebsite #Amharic #Bilingual #Pretoria #MuleSoo",382,We built Pretoria Kidane Mihret Church Platform.,KIDANE MIHRET,#E8B84B
2026-09-22,22,Tuesday,4,SPOTLIGHT,Pretoria Kidane Mihret Church Platform,church,https://mulesoo.com/portfolio,live,Facebook,"We built Pretoria Kidane Mihret Church Platform.

It is a bilingual Amharic and English home for a parish, with the whole site editable by the church itself.

The thing people notice first: Amharic treated as a first-class language, not a translation afterthought.

If you run a church or community organisation and this sounds like your week — we should talk. mulesoo.com",372,We built Pretoria Kidane Mihret Church Platform.,KIDANE MIHRET,#E8B84B
2026-09-22,22,Tuesday,4,SPOTLIGHT,Pretoria Kidane Mihret Church Platform,church,https://mulesoo.com/portfolio,live,TikTok,"POV: you run a church or community organisation. ⛪

We built Pretoria Kidane Mihret Church Platform.

It does one thing brilliantly: Amharic treated as a first-class language, not a translation afterthought.

Full build on mulesoo.com

#ChurchWebsite #Amharic #Bilingual #Pretoria #MuleSoo",289,We built Pretoria Kidane Mihret Church Platform.,KIDANE MIHRET,#E8B84B
2026-09-22,22,Tuesday,4,SPOTLIGHT,Pretoria Kidane Mihret Church Platform,church,https://mulesoo.com/portfolio,live,X,"We built Pretoria Kidane Mihret Church Platform. A bilingual Amharic and English home for a parish, with the whole site editable by the church itself.

https://mulesoo.com/portfolio",181,We built Pretoria Kidane Mihret Church Platform.,KIDANE MIHRET,#E8B84B
2026-09-23,23,Wednesday,4,PROBLEM,DR. Hospital — AI Clinic System,drhospital,https://mulesoo.com/case-studies,building,LinkedIn,"Clinic reception is a queue, a phone and a paper diary, all competing for one person.

That was the brief behind DR. Hospital — AI Clinic System.

We building it around one idea: AI intake that collects the routine details before the patient reaches the desk.

A clinic and hospital management system with AI intake — currently in active development.

Still in build — follow along: mulesoo.com

#HealthTech #ClinicSoftware #AIIntake",433,"Clinic reception is a queue, a phone and a paper diary, all competing for one person.",DR. HOSPITAL · IN BUILD,#00FF88
2026-09-23,23,Wednesday,4,PROBLEM,DR. Hospital — AI Clinic System,drhospital,https://mulesoo.com/case-studies,building,Instagram,"Clinic reception is a queue, a phone and a paper diary, all competing for one person. 😮‍💨

So we building DR. Hospital — AI Clinic System.

AI intake that collects the routine details before the patient reaches the desk.

Still in build — follow along: mulesoo.com

#HealthTech #ClinicSoftware #AIIntake #POPIA #MuleSoo",321,"Clinic reception is a queue, a phone and a paper diary, all competing for one person.",DR. HOSPITAL · IN BUILD,#00FF88
2026-09-23,23,Wednesday,4,PROBLEM,DR. Hospital — AI Clinic System,drhospital,https://mulesoo.com/case-studies,building,Facebook,"Clinic reception is a queue, a phone and a paper diary, all competing for one person.

Every clinic we have spoken to says a version of that sentence.

DR. Hospital — AI Clinic System exists to end it — AI intake that collects the routine details before the patient reaches the desk.

Still in build — follow along: mulesoo.com",327,"Clinic reception is a queue, a phone and a paper diary, all competing for one person.",DR. HOSPITAL · IN BUILD,#00FF88
2026-09-23,23,Wednesday,4,PROBLEM,DR. Hospital — AI Clinic System,drhospital,https://mulesoo.com/case-studies,building,TikTok,"Tell me you run a clinic without telling me. 👇

""Clinic reception is a queue, a phone and a paper diary, all competing for one person.""

That is why we building DR. Hospital — AI Clinic System — AI intake that collects the routine details before the patient reaches the desk.

mulesoo.com

#HealthTech #ClinicSoftware #AIIntake #POPIA #MuleSoo",344,"Clinic reception is a queue, a phone and a paper diary, all competing for one person.",DR. HOSPITAL · IN BUILD,#00FF88
2026-09-23,23,Wednesday,4,PROBLEM,DR. Hospital — AI Clinic System,drhospital,https://mulesoo.com/case-studies,building,X,"Clinic reception is a queue, a phone and a paper diary, all competing for one person.

So we building DR. Hospital.

https://mulesoo.com/case-studies",149,"Clinic reception is a queue, a phone and a paper diary, all competing for one person.",DR. HOSPITAL · IN BUILD,#00FF88
2026-09-24,24,Thursday,4,FUNNY,MuleSoo Guides & Digital Store,guides,https://mulesoo.com/store,live,LinkedIn,"We wrote the guide we needed three years ago, which is the only honest reason to write one.

Behind the joke there is a real system: MuleSoo Guides & Digital Store — the guides we wrote from real builds — bought once, downloaded instantly, used forever.

Humour is just the shortest way to describe a problem everyone running a knowledge business already has.

See it: https://mulesoo.com/store

#DigitalProducts #ClaudeCode #LearnToBuild",438,"We wrote the guide we needed three years ago, which is the only honest reason to write one.",MULESOO STORE,#E8B84B
2026-09-24,24,Thursday,4,FUNNY,MuleSoo Guides & Digital Store,guides,https://mulesoo.com/store,live,Instagram,"We wrote the guide we needed three years ago, which is the only honest reason to write one. 😂

(MuleSoo Guides & Digital Store. Yes, it is real.)

See it: https://mulesoo.com/store

#DigitalProducts #ClaudeCode #LearnToBuild #PassiveIncome #MuleSoo",249,"We wrote the guide we needed three years ago, which is the only honest reason to write one.",MULESOO STORE,#E8B84B
2026-09-24,24,Thursday,4,FUNNY,MuleSoo Guides & Digital Store,guides,https://mulesoo.com/store,live,Facebook,"We wrote the guide we needed three years ago, which is the only honest reason to write one.

True story from building MuleSoo Guides & Digital Store — the guides we wrote from real builds — bought once, downloaded instantly, used forever.

Every technique in it shipped for a real client first. Nothing in there is theoretical.

See it: https://mulesoo.com/store",362,"We wrote the guide we needed three years ago, which is the only honest reason to write one.",MULESOO STORE,#E8B84B
2026-09-24,24,Thursday,4,FUNNY,MuleSoo Guides & Digital Store,guides,https://mulesoo.com/store,live,TikTok,"We wrote the guide we needed three years ago, which is the only honest reason to write one. 💀

Not a joke though — MuleSoo Guides & Digital Store actually does this.

Every technique in it shipped for a real client first. Nothing in there is theoretical.

mulesoo.com

#DigitalProducts #ClaudeCode #LearnToBuild #PassiveIncome #MuleSoo",336,"We wrote the guide we needed three years ago, which is the only honest reason to write one.",MULESOO STORE,#E8B84B
2026-09-24,24,Thursday,4,FUNNY,MuleSoo Guides & Digital Store,guides,https://mulesoo.com/store,live,X,"We wrote the guide we needed three years ago, which is the only honest reason to write one.

— from building MuleSoo Guides & Digital Store",139,"We wrote the guide we needed three years ago, which is the only honest reason to write one.",MULESOO STORE,#E8B84B
2026-09-25,25,Friday,4,HOWTO,MuleSoo Digital Services,mulesoo,https://mulesoo.com,live,LinkedIn,"Something MuleSoo Digital Services taught us:

If your site cannot tell you where last month's enquiries came from, it is decoration, not infrastructure.

Two more from the same build:

• Every enquiry should fire two notifications: email and WhatsApp. The one you check is the one that closes.
• Put your prices in an editable table, not in the code. You will change them more often than you think.

All three are in the live product, not in a slide deck. See it: https://mulesoo.com

#MuleSoo #WebDesignPretoria #AIforBusiness",528,"If your site cannot tell you where last month's enquiries came from, it is decoration, not infrastructure.",MULESOO PLATFORM,#00C8FF
2026-09-25,25,Friday,4,HOWTO,MuleSoo Digital Services,mulesoo,https://mulesoo.com,live,Instagram,"Lesson from building MuleSoo Digital Services 🛠️

📌 If your site cannot tell you where last month's enquiries came from, it is decoration, not infrastructure.

Save this one — it applies far beyond this one project.

#MuleSoo #WebDesignPretoria #AIforBusiness #SouthAfricaTech #NextJS",286,"If your site cannot tell you where last month's enquiries came from, it is decoration, not infrastructure.",MULESOO PLATFORM,#00C8FF
2026-09-25,25,Friday,4,HOWTO,MuleSoo Digital Services,mulesoo,https://mulesoo.com,live,Facebook,"A free lesson from building MuleSoo Digital Services:

If your site cannot tell you where last month's enquiries came from, it is decoration, not infrastructure.

It sounds small. It is the difference between a system that works and one that quietly loses you money.

More of how we build: mulesoo.com",301,"If your site cannot tell you where last month's enquiries came from, it is decoration, not infrastructure.",MULESOO PLATFORM,#00C8FF
2026-09-25,25,Friday,4,HOWTO,MuleSoo Digital Services,mulesoo,https://mulesoo.com,live,TikTok,"Free game from a real build 🧠

If your site cannot tell you where last month's enquiries came from, it is decoration, not infrastructure.

Learned it building MuleSoo Digital Services.

mulesoo.com

#MuleSoo #WebDesignPretoria #AIforBusiness #SouthAfricaTech #NextJS",267,"If your site cannot tell you where last month's enquiries came from, it is decoration, not infrastructure.",MULESOO PLATFORM,#00C8FF
2026-09-25,25,Friday,4,HOWTO,MuleSoo Digital Services,mulesoo,https://mulesoo.com,live,X,"If your site cannot tell you where last month's enquiries came from, it is decoration, not infrastructure.

— learned building MuleSoo Digital Services",151,"If your site cannot tell you where last month's enquiries came from, it is decoration, not infrastructure.",MULESOO PLATFORM,#00C8FF
2026-09-26,26,Saturday,4,PROOF,Habesha Celebration Events,habesha,https://habeshaeventsplanner.netlify.app,live,LinkedIn,"What Habesha Celebration Events actually does — not adjectives, features:

• a site that looks like the events it sells
• enquiries captured around the clock, not just office hours
• one link that does the work of a hundred WhatsApp explanations

Live now. See it: https://habeshaeventsplanner.netlify.app

No invented statistics on this page. Open it and check for yourself.

#HabeshaEvents #EthiopianWedding #EventPlanner",423,A site that looks like the events it sells.,HABESHA EVENTS,#7B2FFF
2026-09-26,26,Saturday,4,PROOF,Habesha Celebration Events,habesha,https://habeshaeventsplanner.netlify.app,live,Instagram,"💍 Habesha Celebration Events — what you actually get:

✅ a site that looks like the events it sells
✅ enquiries captured around the clock, not just office hours
✅ one link that does the work of a hundred WhatsApp explanations

Live now.

See it: https://habeshaeventsplanner.netlify.app

#HabeshaEvents #EthiopianWedding #EventPlanner #WeddingSA #MuleSoo",355,A site that looks like the events it sells.,HABESHA EVENTS,#7B2FFF
2026-09-26,26,Saturday,4,PROOF,Habesha Celebration Events,habesha,https://habeshaeventsplanner.netlify.app,live,Facebook,"People ask what ""Habesha Celebration Events"" really means. Plainly:

✅ a site that looks like the events it sells
✅ enquiries captured around the clock, not just office hours
✅ one link that does the work of a hundred WhatsApp explanations

Live now. See it: https://habeshaeventsplanner.netlify.app",299,A site that looks like the events it sells.,HABESHA EVENTS,#7B2FFF
2026-09-26,26,Saturday,4,PROOF,Habesha Celebration Events,habesha,https://habeshaeventsplanner.netlify.app,live,TikTok,"Three things Habesha Celebration Events does that a normal wedding & events business setup cannot 👇

1. a site that looks like the events it sells
2. enquiries captured around the clock, not just office hours
3. one link that does the work of a hundred WhatsApp explanations

Live now.

mulesoo.com

#HabeshaEvents #EthiopianWedding #EventPlanner #WeddingSA #MuleSoo",367,A site that looks like the events it sells.,HABESHA EVENTS,#7B2FFF
2026-09-26,26,Saturday,4,PROOF,Habesha Celebration Events,habesha,https://habeshaeventsplanner.netlify.app,live,X,"Habesha Celebration Events:
• a site that looks like the events it sells
• enquiries captured around the clock, not just office hours

https://habeshaeventsplanner.netlify.app",175,A site that looks like the events it sells.,HABESHA EVENTS,#7B2FFF
2026-09-27,27,Sunday,4,BEHIND,YoYo Gym — AI Membership Platform,yoyogym,https://yoyogym.vercel.app,live,LinkedIn,"Under the bonnet of YoYo Gym — AI Membership Platform:

React + Vite on Vercel, with serverless functions in front of a Supabase Postgres schema.

Sixteen tables, seeded and live — the schema was designed before a single screen was drawn.

None of this is visible to the client, and all of it is why the thing keeps working in month nine.

See it: https://yoyogym.vercel.app

#GymSoftware #FitnessBusiness #YoYoGym",414,"React + Vite on Vercel, with serverless functions in front of a Supabase Postgres schema.",YOYO GYM,#00FF88
2026-09-27,27,Sunday,4,BEHIND,YoYo Gym — AI Membership Platform,yoyogym,https://yoyogym.vercel.app,live,Instagram,"Behind the build 🔧 YoYo Gym — AI Membership Platform

React + Vite on Vercel, with serverless functions in front of a Supabase Postgres schema.

The boring decisions are the ones that hold.

#GymSoftware #FitnessBusiness #YoYoGym #MembershipSystem #MuleSoo",257,"React + Vite on Vercel, with serverless functions in front of a Supabase Postgres schema.",YOYO GYM,#00FF88
2026-09-27,27,Sunday,4,BEHIND,YoYo Gym — AI Membership Platform,yoyogym,https://yoyogym.vercel.app,live,Facebook,"A look behind YoYo Gym — AI Membership Platform:

React + Vite on Vercel, with serverless functions in front of a Supabase Postgres schema.

Sixteen tables, seeded and live — the schema was designed before a single screen was drawn.

We build the invisible parts properly. That is the whole difference between a demo and a system you can run a business on.",356,"React + Vite on Vercel, with serverless functions in front of a Supabase Postgres schema.",YOYO GYM,#00FF88
2026-09-27,27,Sunday,4,BEHIND,YoYo Gym — AI Membership Platform,yoyogym,https://yoyogym.vercel.app,live,TikTok,"Behind the build 🔧

YoYo Gym — AI Membership Platform: React + Vite on Vercel, with serverless functions in front of a Supabase Postgres schema.

The unglamorous decisions are the ones that save you in month nine.

mulesoo.com

#GymSoftware #FitnessBusiness #YoYoGym #MembershipSystem #MuleSoo",294,"React + Vite on Vercel, with serverless functions in front of a Supabase Postgres schema.",YOYO GYM,#00FF88
2026-09-27,27,Sunday,4,BEHIND,YoYo Gym — AI Membership Platform,yoyogym,https://yoyogym.vercel.app,live,X,"YoYo Gym — under the bonnet:

React + Vite on Vercel, with serverless functions in front of a Supabase Postgres schema.",119,"React + Vite on Vercel, with serverless functions in front of a Supabase Postgres schema.",YOYO GYM,#00FF88
2026-09-28,28,Monday,4,OFFER,X-Boss Photography Studio,xboss,https://xbossphotography.vercel.app,live,LinkedIn,"Shooting all week and still booking clients by hand?

We built X-Boss Photography Studio for exactly that — a two-page signable PDF confirmation with the studio QR code, generated on demand.

Same system, your brand, your sector.

Tell us what your week looks like and we will tell you honestly whether software fixes it: mulesoo.com/contact

#PhotographyBusiness #StudioBooking #XBoss",385,Shooting all week and still booking clients by hand?,X-BOSS PHOTOGRAPHY,#E8B84B
2026-09-28,28,Monday,4,OFFER,X-Boss Photography Studio,xboss,https://xbossphotography.vercel.app,live,Instagram,"Shooting all week and still booking clients by hand? 📸

We built X-Boss Photography Studio to solve it — you get bookings taken while you are behind the camera.

Same system, your brand, your sector.

📩 mulesoo.com/contact
💬 wa.me/27688529333

#PhotographyBusiness #StudioBooking #XBoss #BookingSystem #MuleSoo",313,Shooting all week and still booking clients by hand?,X-BOSS PHOTOGRAPHY,#E8B84B
2026-09-28,28,Monday,4,OFFER,X-Boss Photography Studio,xboss,https://xbossphotography.vercel.app,live,Facebook,"Shooting all week and still booking clients by hand?

That is precisely why X-Boss Photography Studio exists — a two-page signable PDF confirmation with the studio QR code, generated on demand.

Same system, your brand, your sector. Message us and we will tell you straight whether this is worth it for your business.

📩 mulesoo.com/contact  ·  💬 wa.me/27688529333",366,Shooting all week and still booking clients by hand?,X-BOSS PHOTOGRAPHY,#E8B84B
2026-09-28,28,Monday,4,OFFER,X-Boss Photography Studio,xboss,https://xbossphotography.vercel.app,live,TikTok,"Shooting all week and still booking clients by hand? 📸

We already built it once — X-Boss Photography Studio.

Same system, your brand, your sector.

mulesoo.com

#PhotographyBusiness #StudioBooking #XBoss #BookingSystem #MuleSoo",230,Shooting all week and still booking clients by hand?,X-BOSS PHOTOGRAPHY,#E8B84B
2026-09-28,28,Monday,4,OFFER,X-Boss Photography Studio,xboss,https://xbossphotography.vercel.app,live,X,"Shooting all week and still booking clients by hand?

We built X-Boss Photography Studio for exactly this.

mulesoo.com/contact",127,Shooting all week and still booking clients by hand?,X-BOSS PHOTOGRAPHY,#E8B84B
2026-09-29,29,Tuesday,5,SPOTLIGHT,Shime Events & Planning,shime,https://shimeeventplaning.vercel.app,live,LinkedIn,"We built Shime Events & Planning.

In one line: a bilingual booking assistant that walks a client through seventeen steps and ends with a signed PDF contract.

The part that matters — a full booking flow in English and Amharic, neither one an afterthought.

What the owner ends up with: clients booking in the language they actually think in.

See it: https://shimeeventplaning.vercel.app

#EventPlanning #ShimeEvents #BilingualWeb",431,We built Shime Events & Planning.,SHIME EVENTS,#E8B84B
2026-09-29,29,Tuesday,5,SPOTLIGHT,Shime Events & Planning,shime,https://shimeeventplaning.vercel.app,live,Instagram,"🎊 We built Shime Events & Planning.

A bilingual booking assistant that walks a client through seventeen steps and ends with a signed PDF contract.

✨ a full booking flow in English and Amharic, neither one an afterthought
✅ clients booking in the language they actually think in

See it: https://shimeeventplaning.vercel.app

#EventPlanning #ShimeEvents #BilingualWeb #Amharic #MuleSoo",387,We built Shime Events & Planning.,SHIME EVENTS,#E8B84B
2026-09-29,29,Tuesday,5,SPOTLIGHT,Shime Events & Planning,shime,https://shimeeventplaning.vercel.app,live,Facebook,"We built Shime Events & Planning.

It is a bilingual booking assistant that walks a client through seventeen steps and ends with a signed PDF contract.

The thing people notice first: a full booking flow in English and Amharic, neither one an afterthought.

If you run an event planning business and this sounds like your week — we should talk. mulesoo.com",356,We built Shime Events & Planning.,SHIME EVENTS,#E8B84B
2026-09-29,29,Tuesday,5,SPOTLIGHT,Shime Events & Planning,shime,https://shimeeventplaning.vercel.app,live,TikTok,"POV: you run an event planning business. 🎊

We built Shime Events & Planning.

It does one thing brilliantly: a full booking flow in English and Amharic, neither one an afterthought.

Full build on mulesoo.com

#EventPlanning #ShimeEvents #BilingualWeb #Amharic #MuleSoo",271,We built Shime Events & Planning.,SHIME EVENTS,#E8B84B
2026-09-29,29,Tuesday,5,SPOTLIGHT,Shime Events & Planning,shime,https://shimeeventplaning.vercel.app,live,X,"We built Shime Events & Planning. A bilingual booking assistant that walks a client through seventeen steps and ends with a signed PDF contract.

https://shimeeventplaning.vercel.app",182,We built Shime Events & Planning.,SHIME EVENTS,#E8B84B
2026-09-30,30,Wednesday,5,PROBLEM,Tsedi Catering & Events,tsedi,https://tsedicatering.vercel.app,live,LinkedIn,"A caterer cannot answer the phone with both hands in a pot.

That was the brief behind Tsedi Catering & Events.

We built it around one idea: scan the code, chat, book — the client never downloads anything.

A QR code that opens a personal booking assistant — no website, no app, no forms to chase.

See it: https://tsedicatering.vercel.app

#CateringBusiness #QRBooking #TsediCatering",385,A caterer cannot answer the phone with both hands in a pot.,TSEDI CATERING,#E8B84B
2026-09-30,30,Wednesday,5,PROBLEM,Tsedi Catering & Events,tsedi,https://tsedicatering.vercel.app,live,Instagram,"A caterer cannot answer the phone with both hands in a pot. 😮‍💨

So we built Tsedi Catering & Events.

Scan the code, chat, book — the client never downloads anything.

See it: https://tsedicatering.vercel.app

#CateringBusiness #QRBooking #TsediCatering #AIAssistant #MuleSoo",278,A caterer cannot answer the phone with both hands in a pot.,TSEDI CATERING,#E8B84B
2026-09-30,30,Wednesday,5,PROBLEM,Tsedi Catering & Events,tsedi,https://tsedicatering.vercel.app,live,Facebook,"A caterer cannot answer the phone with both hands in a pot.

Every catering business we have spoken to says a version of that sentence.

Tsedi Catering & Events exists to end it — scan the code, chat, book — the client never downloads anything.

See it: https://tsedicatering.vercel.app",286,A caterer cannot answer the phone with both hands in a pot.,TSEDI CATERING,#E8B84B
2026-09-30,30,Wednesday,5,PROBLEM,Tsedi Catering & Events,tsedi,https://tsedicatering.vercel.app,live,TikTok,"Tell me you run a catering business without telling me. 👇

""A caterer cannot answer the phone with both hands in a pot.""

That is why we built Tsedi Catering & Events — scan the code, chat, book — the client never downloads anything.

mulesoo.com

#CateringBusiness #QRBooking #TsediCatering #AIAssistant #MuleSoo",314,A caterer cannot answer the phone with both hands in a pot.,TSEDI CATERING,#E8B84B
2026-09-30,30,Wednesday,5,PROBLEM,Tsedi Catering & Events,tsedi,https://tsedicatering.vercel.app,live,X,"A caterer cannot answer the phone with both hands in a pot.

So we built Tsedi Catering & Events.

https://tsedicatering.vercel.app",131,A caterer cannot answer the phone with both hands in a pot.,TSEDI CATERING,#E8B84B
2026-10-01,31,Thursday,5,FUNNY,TSI AI Booking Assistant,tsi,https://mulesoo.com/services/chatbot,live,LinkedIn,"It works 24/7 and has never once asked for a Saturday off.

Behind the joke there is a real system: TSI AI Booking Assistant — a reservations assistant that answers, qualifies and books, around the clock.

Humour is just the shortest way to describe a problem everyone running a hotel or restaurant already has.

See it: https://mulesoo.com/services/chatbot

#AIChatbot #Hospitality #Reservations",396,It works 24/7 and has never once asked for a Saturday off.,TSI ASSISTANT,#00C8FF
2026-10-01,31,Thursday,5,FUNNY,TSI AI Booking Assistant,tsi,https://mulesoo.com/services/chatbot,live,Instagram,"It works 24/7 and has never once asked for a Saturday off. 😂

(TSI AI Booking Assistant. Yes, it is real.)

See it: https://mulesoo.com/services/chatbot

#AIChatbot #Hospitality #Reservations #CustomerService #MuleSoo",218,It works 24/7 and has never once asked for a Saturday off.,TSI ASSISTANT,#00C8FF
2026-10-01,31,Thursday,5,FUNNY,TSI AI Booking Assistant,tsi,https://mulesoo.com/services/chatbot,live,Facebook,"It works 24/7 and has never once asked for a Saturday off.

True story from building TSI AI Booking Assistant — a reservations assistant that answers, qualifies and books, around the clock.

It is polite at 3am, which is more than can be said for any of us.

See it: https://mulesoo.com/services/chatbot",303,It works 24/7 and has never once asked for a Saturday off.,TSI ASSISTANT,#00C8FF
2026-10-01,31,Thursday,5,FUNNY,TSI AI Booking Assistant,tsi,https://mulesoo.com/services/chatbot,live,TikTok,"It works 24/7 and has never once asked for a Saturday off. 💀

Not a joke though — TSI AI Booking Assistant actually does this.

It is polite at 3am, which is more than can be said for any of us.

mulesoo.com

#AIChatbot #Hospitality #Reservations #CustomerService #MuleSoo",273,It works 24/7 and has never once asked for a Saturday off.,TSI ASSISTANT,#00C8FF
2026-10-01,31,Thursday,5,FUNNY,TSI AI Booking Assistant,tsi,https://mulesoo.com/services/chatbot,live,X,"It works 24/7 and has never once asked for a Saturday off.

— from building TSI AI Booking Assistant",100,It works 24/7 and has never once asked for a Saturday off.,TSI ASSISTANT,#00C8FF
2026-10-02,32,Friday,5,HOWTO,Sena — AI Front Desk Receptionist,sena,https://mulesoo.com/ai-automation,building,LinkedIn,"Something Sena — AI Front Desk Receptionist taught us:

Voice AI must declare itself. It is the difference between an assistant and a deception.

Two more from the same build:

• Self-hosting the voice stack removes three per-minute vendors from your unit economics.
• Handle underpayment and duplicate webhooks explicitly — both will happen in week one.

All three are in the live product, not in a slide deck. Still in build — follow along: mulesoo.com

#VoiceAI #HotelTech #Sena",481,Voice AI must declare itself. It is the difference between an assistant and a deception.,SENA · IN BUILD,#7B2FFF
2026-10-02,32,Friday,5,HOWTO,Sena — AI Front Desk Receptionist,sena,https://mulesoo.com/ai-automation,building,Instagram,"Lesson from building Sena — AI Front Desk Receptionist 🏨

📌 Voice AI must declare itself. It is the difference between an assistant and a deception.

Save this one — it applies far beyond this one project.

#VoiceAI #HotelTech #Sena #Hospitality #MuleSoo",256,Voice AI must declare itself. It is the difference between an assistant and a deception.,SENA · IN BUILD,#7B2FFF
2026-10-02,32,Friday,5,HOWTO,Sena — AI Front Desk Receptionist,sena,https://mulesoo.com/ai-automation,building,Facebook,"A free lesson from building Sena — AI Front Desk Receptionist:

Voice AI must declare itself. It is the difference between an assistant and a deception.

It sounds small. It is the difference between a system that works and one that quietly loses you money.

More of how we build: mulesoo.com",292,Voice AI must declare itself. It is the difference between an assistant and a deception.,SENA · IN BUILD,#7B2FFF
2026-10-02,32,Friday,5,HOWTO,Sena — AI Front Desk Receptionist,sena,https://mulesoo.com/ai-automation,building,TikTok,"Free game from a real build 🧠

Voice AI must declare itself. It is the difference between an assistant and a deception.

Learned it building Sena — AI Front Desk Receptionist.

mulesoo.com

#VoiceAI #HotelTech #Sena #Hospitality #MuleSoo",238,Voice AI must declare itself. It is the difference between an assistant and a deception.,SENA · IN BUILD,#7B2FFF
2026-10-02,32,Friday,5,HOWTO,Sena — AI Front Desk Receptionist,sena,https://mulesoo.com/ai-automation,building,X,"Voice AI must declare itself. It is the difference between an assistant and a deception.

— learned building Sena",113,Voice AI must declare itself. It is the difference between an assistant and a deception.,SENA · IN BUILD,#7B2FFF
2026-10-03,33,Saturday,5,PROOF,Yewogen Derash (ወገን ደራሽ),yewogen,https://mulesoo.com/case-studies,building,LinkedIn,"What Yewogen Derash (ወገን ደራሽ) actually does — not adjectives, features:

• donors who can see who they are giving to
• per-campaign ledgers that survive an audit
• payments only confirmed by verified webhooks

In active build — nothing here is launched yet. Still in build — follow along: mulesoo.com

No invented statistics on this page. Open it and check for yourself.

#Crowdfunding #Ethiopia #YewogenDerash",410,Donors who can see who they are giving to.,YEWOGEN DERASH · IN BUILD,#00C8FF
2026-10-03,33,Saturday,5,PROOF,Yewogen Derash (ወገን ደራሽ),yewogen,https://mulesoo.com/case-studies,building,Instagram,"🤝 Yewogen Derash (ወገን ደራሽ) — what you actually get:

✅ donors who can see who they are giving to
✅ per-campaign ledgers that survive an audit
✅ payments only confirmed by verified webhooks

In active build — nothing here is launched yet.

Still in build — follow along: mulesoo.com

#Crowdfunding #Ethiopia #YewogenDerash #FinTech #MuleSoo",340,Donors who can see who they are giving to.,YEWOGEN DERASH · IN BUILD,#00C8FF
2026-10-03,33,Saturday,5,PROOF,Yewogen Derash (ወገን ደራሽ),yewogen,https://mulesoo.com/case-studies,building,Facebook,"People ask what ""Yewogen Derash (ወገን ደራሽ)"" really means. Plainly:

✅ donors who can see who they are giving to
✅ per-campaign ledgers that survive an audit
✅ payments only confirmed by verified webhooks

In active build — nothing here is launched yet. Still in build — follow along: mulesoo.com",294,Donors who can see who they are giving to.,YEWOGEN DERASH · IN BUILD,#00C8FF
2026-10-03,33,Saturday,5,PROOF,Yewogen Derash (ወገን ደራሽ),yewogen,https://mulesoo.com/case-studies,building,TikTok,"Three things Yewogen Derash (ወገን ደራሽ) does that a normal fundraising campaign setup cannot 👇

1. donors who can see who they are giving to
2. per-campaign ledgers that survive an audit
3. payments only confirmed by verified webhooks

In active build — nothing here is launched yet.

mulesoo.com

#Crowdfunding #Ethiopia #YewogenDerash #FinTech #MuleSoo",353,Donors who can see who they are giving to.,YEWOGEN DERASH · IN BUILD,#00C8FF
2026-10-03,33,Saturday,5,PROOF,Yewogen Derash (ወገን ደራሽ),yewogen,https://mulesoo.com/case-studies,building,X,"Yewogen Derash (ወገን ደራሽ):
• donors who can see who they are giving to
• per-campaign ledgers that survive an audit

https://mulesoo.com/case-studies",148,Donors who can see who they are giving to.,YEWOGEN DERASH · IN BUILD,#00C8FF
2026-10-04,34,Sunday,5,BEHIND,Pretoria Kidane Mihret Church Platform,church,https://mulesoo.com/portfolio,live,LinkedIn,"Under the bonnet of Pretoria Kidane Mihret Church Platform:

Next.js and Supabase, with a bilingual content model rather than duplicated pages.

Every piece of contact and schedule information is a database row, editable from Admin → Site Content.

None of this is visible to the client, and all of it is why the thing keeps working in month nine.

See it: https://mulesoo.com/portfolio

#ChurchWebsite #Amharic #Bilingual",422,"Next.js and Supabase, with a bilingual content model rather than duplicated pages.",KIDANE MIHRET,#E8B84B
2026-10-04,34,Sunday,5,BEHIND,Pretoria Kidane Mihret Church Platform,church,https://mulesoo.com/portfolio,live,Instagram,"Behind the build 🔧 Pretoria Kidane Mihret Church Platform

Next.js and Supabase, with a bilingual content model rather than duplicated pages.

The boring decisions are the ones that hold.

#ChurchWebsite #Amharic #Bilingual #Pretoria #MuleSoo",243,"Next.js and Supabase, with a bilingual content model rather than duplicated pages.",KIDANE MIHRET,#E8B84B
2026-10-04,34,Sunday,5,BEHIND,Pretoria Kidane Mihret Church Platform,church,https://mulesoo.com/portfolio,live,Facebook,"A look behind Pretoria Kidane Mihret Church Platform:

Next.js and Supabase, with a bilingual content model rather than duplicated pages.

Every piece of contact and schedule information is a database row, editable from Admin → Site Content.

We build the invisible parts properly. That is the whole difference between a demo and a system you can run a business on.",365,"Next.js and Supabase, with a bilingual content model rather than duplicated pages.",KIDANE MIHRET,#E8B84B
2026-10-04,34,Sunday,5,BEHIND,Pretoria Kidane Mihret Church Platform,church,https://mulesoo.com/portfolio,live,TikTok,"Behind the build 🔧

Pretoria Kidane Mihret Church Platform: Next.js and Supabase, with a bilingual content model rather than duplicated pages.

The unglamorous decisions are the ones that save you in month nine.

mulesoo.com

#ChurchWebsite #Amharic #Bilingual #Pretoria #MuleSoo",280,"Next.js and Supabase, with a bilingual content model rather than duplicated pages.",KIDANE MIHRET,#E8B84B
2026-10-04,34,Sunday,5,BEHIND,Pretoria Kidane Mihret Church Platform,church,https://mulesoo.com/portfolio,live,X,"Pretoria Kidane Mihret Church Platform — under the bonnet:

Next.js and Supabase, with a bilingual content model rather than duplicated pages.",142,"Next.js and Supabase, with a bilingual content model rather than duplicated pages.",KIDANE MIHRET,#E8B84B
2026-10-05,35,Monday,5,OFFER,DR. Hospital — AI Clinic System,drhospital,https://mulesoo.com/case-studies,building,LinkedIn,"Run a clinic? We are taking early build partners now.

We building DR. Hospital — AI Clinic System for exactly that — appointments, records and follow-ups in one system instead of three.

Early partners get it first, at build pricing.

Tell us what your week looks like and we will tell you honestly whether software fixes it: mulesoo.com/contact

#HealthTech #ClinicSoftware #AIIntake",385,Run a clinic? We are taking early build partners now.,DR. HOSPITAL · IN BUILD,#00FF88
2026-10-05,35,Monday,5,OFFER,DR. Hospital — AI Clinic System,drhospital,https://mulesoo.com/case-studies,building,Instagram,"Run a clinic? We are taking early build partners now. 🩺

We building DR. Hospital — AI Clinic System to solve it — you get reception freed from the phone during consulting hours.

Early partners get it first, at build pricing.

📩 mulesoo.com/contact
💬 wa.me/27688529333

#HealthTech #ClinicSoftware #AIIntake #POPIA #MuleSoo",327,Run a clinic? We are taking early build partners now.,DR. HOSPITAL · IN BUILD,#00FF88
2026-10-05,35,Monday,5,OFFER,DR. Hospital — AI Clinic System,drhospital,https://mulesoo.com/case-studies,building,Facebook,"Run a clinic? We are taking early build partners now.

That is precisely why DR. Hospital — AI Clinic System exists — appointments, records and follow-ups in one system instead of three.

Early partners get it first, at build pricing. Message us and we will tell you straight whether this is worth it for your business.

📩 mulesoo.com/contact  ·  💬 wa.me/27688529333",368,Run a clinic? We are taking early build partners now.,DR. HOSPITAL · IN BUILD,#00FF88
2026-10-05,35,Monday,5,OFFER,DR. Hospital — AI Clinic System,drhospital,https://mulesoo.com/case-studies,building,TikTok,"Run a clinic? We are taking early build partners now. 🩺

We already building it once — DR. Hospital — AI Clinic System.

Early partners get it first, at build pricing.

mulesoo.com

#HealthTech #ClinicSoftware #AIIntake #POPIA #MuleSoo",236,Run a clinic? We are taking early build partners now.,DR. HOSPITAL · IN BUILD,#00FF88
2026-10-05,35,Monday,5,OFFER,DR. Hospital — AI Clinic System,drhospital,https://mulesoo.com/case-studies,building,X,"Run a clinic? We are taking early build partners now.

We building DR. Hospital — AI Clinic System for exactly this.

mulesoo.com/contact",137,Run a clinic? We are taking early build partners now.,DR. HOSPITAL · IN BUILD,#00FF88
2026-10-06,36,Tuesday,6,SPOTLIGHT,MuleSoo Guides & Digital Store,guides,https://mulesoo.com/store,live,LinkedIn,"We built MuleSoo Guides & Digital Store.

In one line: the guides we wrote from real builds — bought once, downloaded instantly, used forever.

The part that matters — written from projects that are live right now, not from theory.

What the owner ends up with: the exact process behind live client builds.

See it: https://mulesoo.com/store

#DigitalProducts #ClaudeCode #LearnToBuild",385,We built MuleSoo Guides & Digital Store.,MULESOO STORE,#E8B84B
2026-10-06,36,Tuesday,6,SPOTLIGHT,MuleSoo Guides & Digital Store,guides,https://mulesoo.com/store,live,Instagram,"📘 We built MuleSoo Guides & Digital Store.

The guides we wrote from real builds — bought once, downloaded instantly, used forever.

✨ written from projects that are live right now, not from theory
✅ the exact process behind live client builds

See it: https://mulesoo.com/store

#DigitalProducts #ClaudeCode #LearnToBuild #PassiveIncome #MuleSoo",347,We built MuleSoo Guides & Digital Store.,MULESOO STORE,#E8B84B
2026-10-06,36,Tuesday,6,SPOTLIGHT,MuleSoo Guides & Digital Store,guides,https://mulesoo.com/store,live,Facebook,"We built MuleSoo Guides & Digital Store.

It is the guides we wrote from real builds — bought once, downloaded instantly, used forever.

The thing people notice first: written from projects that are live right now, not from theory.

If you run a knowledge business and this sounds like your week — we should talk. mulesoo.com",325,We built MuleSoo Guides & Digital Store.,MULESOO STORE,#E8B84B
2026-10-06,36,Tuesday,6,SPOTLIGHT,MuleSoo Guides & Digital Store,guides,https://mulesoo.com/store,live,TikTok,"POV: you run a knowledge business. 📘

We built MuleSoo Guides & Digital Store.

It does one thing brilliantly: written from projects that are live right now, not from theory.

Full build on mulesoo.com

#DigitalProducts #ClaudeCode #LearnToBuild #PassiveIncome #MuleSoo",270,We built MuleSoo Guides & Digital Store.,MULESOO STORE,#E8B84B
2026-10-06,36,Tuesday,6,SPOTLIGHT,MuleSoo Guides & Digital Store,guides,https://mulesoo.com/store,live,X,"We built MuleSoo Guides & Digital Store. The guides we wrote from real builds — bought once, downloaded instantly, used forever.

https://mulesoo.com/store",155,We built MuleSoo Guides & Digital Store.,MULESOO STORE,#E8B84B
2026-10-07,37,Wednesday,6,PROBLEM,MuleSoo Digital Services,mulesoo,https://mulesoo.com,live,LinkedIn,"An agency with a pretty website and no engine behind it is a business card that loads slowly.

That was the brief behind MuleSoo Digital Services.

We built it around one idea: an AI assistant that walks a client end-to-end and hands them a branded PDF agreement with a QR code on it.

The platform you are reading this from — it books its own clients, sells its own products and runs its own admin.

See it: https://mulesoo.com

#MuleSoo #WebDesignPretoria #AIforBusiness",472,An agency with a pretty website and no engine behind it is a business card that loads slowly.,MULESOO PLATFORM,#00C8FF
2026-10-07,37,Wednesday,6,PROBLEM,MuleSoo Digital Services,mulesoo,https://mulesoo.com,live,Instagram,"An agency with a pretty website and no engine behind it is a business card that loads slowly. 😮‍💨

So we built MuleSoo Digital Services.

An AI assistant that walks a client end-to-end and hands them a branded PDF agreement with a QR code on it.

See it: https://mulesoo.com

#MuleSoo #WebDesignPretoria #AIforBusiness #SouthAfricaTech #NextJS",345,An agency with a pretty website and no engine behind it is a business card that loads slowly.,MULESOO PLATFORM,#00C8FF
2026-10-07,37,Wednesday,6,PROBLEM,MuleSoo Digital Services,mulesoo,https://mulesoo.com,live,Facebook,"An agency with a pretty website and no engine behind it is a business card that loads slowly.

Every service business we have spoken to says a version of that sentence.

MuleSoo Digital Services exists to end it — an AI assistant that walks a client end-to-end and hands them a branded PDF agreement with a QR code on it.

See it: https://mulesoo.com",350,An agency with a pretty website and no engine behind it is a business card that loads slowly.,MULESOO PLATFORM,#00C8FF
2026-10-07,37,Wednesday,6,PROBLEM,MuleSoo Digital Services,mulesoo,https://mulesoo.com,live,TikTok,"Tell me you run a service business without telling me. 👇

""An agency with a pretty website and no engine behind it is a business card that loads slowly.""

That is why we built MuleSoo Digital Services — an AI assistant that walks a client end-to-end and hands them a branded PDF agreement with a QR code on it.

mulesoo.com

#MuleSoo #WebDesignPretoria #AIforBusiness #SouthAfricaTech #NextJS",393,An agency with a pretty website and no engine behind it is a business card that loads slowly.,MULESOO PLATFORM,#00C8FF
2026-10-07,37,Wednesday,6,PROBLEM,MuleSoo Digital Services,mulesoo,https://mulesoo.com,live,X,"An agency with a pretty website and no engine behind it is a business card that loads slowly.

So we built MuleSoo Digital Services.

https://mulesoo.com",153,An agency with a pretty website and no engine behind it is a business card that loads slowly.,MULESOO PLATFORM,#00C8FF
2026-10-08,38,Thursday,6,FUNNY,Habesha Celebration Events,habesha,https://habeshaeventsplanner.netlify.app,live,LinkedIn,"Ethiopian weddings run for days. The website had to load faster than the coffee ceremony.

Behind the joke there is a real system: Habesha Celebration Events — an elegant events platform that turns wedding dreams into confirmed bookings, 24/7.

Humour is just the shortest way to describe a problem everyone running a wedding & events business already has.

See it: https://habeshaeventsplanner.netlify.app

#HabeshaEvents #EthiopianWedding #EventPlanner",454,Ethiopian weddings run for days. The website had to load faster than the coffee ceremony.,HABESHA EVENTS,#7B2FFF
2026-10-08,38,Thursday,6,FUNNY,Habesha Celebration Events,habesha,https://habeshaeventsplanner.netlify.app,live,Instagram,"Ethiopian weddings run for days. The website had to load faster than the coffee ceremony. 😂

(Habesha Celebration Events. Yes, it is real.)

See it: https://habeshaeventsplanner.netlify.app

#HabeshaEvents #EthiopianWedding #EventPlanner #WeddingSA #MuleSoo",258,Ethiopian weddings run for days. The website had to load faster than the coffee ceremony.,HABESHA EVENTS,#7B2FFF
2026-10-08,38,Thursday,6,FUNNY,Habesha Celebration Events,habesha,https://habeshaeventsplanner.netlify.app,live,Facebook,"Ethiopian weddings run for days. The website had to load faster than the coffee ceremony.

True story from building Habesha Celebration Events — an elegant events platform that turns wedding dreams into confirmed bookings, 24/7.

The brief was ""make it look expensive but warm"". Reader, we made it look expensive but warm.

See it: https://habeshaeventsplanner.netlify.app",372,Ethiopian weddings run for days. The website had to load faster than the coffee ceremony.,HABESHA EVENTS,#7B2FFF
2026-10-08,38,Thursday,6,FUNNY,Habesha Celebration Events,habesha,https://habeshaeventsplanner.netlify.app,live,TikTok,"Ethiopian weddings run for days. The website had to load faster than the coffee ceremony. 💀

Not a joke though — Habesha Celebration Events actually does this.

The brief was ""make it look expensive but warm"". Reader, we made it look expensive but warm.

mulesoo.com

#HabeshaEvents #EthiopianWedding #EventPlanner #WeddingSA #MuleSoo",335,Ethiopian weddings run for days. The website had to load faster than the coffee ceremony.,HABESHA EVENTS,#7B2FFF
2026-10-08,38,Thursday,6,FUNNY,Habesha Celebration Events,habesha,https://habeshaeventsplanner.netlify.app,live,X,"Ethiopian weddings run for days. The website had to load faster than the coffee ceremony.

— from building Habesha Celebration Events",133,Ethiopian weddings run for days. The website had to load faster than the coffee ceremony.,HABESHA EVENTS,#7B2FFF
2026-10-09,39,Friday,6,HOWTO,YoYo Gym — AI Membership Platform,yoyogym,https://yoyogym.vercel.app,live,LinkedIn,"Something YoYo Gym — AI Membership Platform taught us:

Never let a browser talk to your database directly. Route it through your server with a service key.

Two more from the same build:

• POPIA is not paperwork — member data in a public client is a real, reportable exposure.
• Model memberships as a ledger, not a status field. You will need the history the first time someone disputes.

All three are in the live product, not in a slide deck. See it: https://yoyogym.vercel.app

#GymSoftware #FitnessBusiness #YoYoGym",522,Never let a browser talk to your database directly. Route it through your server with a service key.,YOYO GYM,#00FF88
2026-10-09,39,Friday,6,HOWTO,YoYo Gym — AI Membership Platform,yoyogym,https://yoyogym.vercel.app,live,Instagram,"Lesson from building YoYo Gym — AI Membership Platform 🏋️

📌 Never let a browser talk to your database directly. Route it through your server with a service key.

Save this one — it applies far beyond this one project.

#GymSoftware #FitnessBusiness #YoYoGym #MembershipSystem #MuleSoo",287,Never let a browser talk to your database directly. Route it through your server with a service key.,YOYO GYM,#00FF88
2026-10-09,39,Friday,6,HOWTO,YoYo Gym — AI Membership Platform,yoyogym,https://yoyogym.vercel.app,live,Facebook,"A free lesson from building YoYo Gym — AI Membership Platform:

Never let a browser talk to your database directly. Route it through your server with a service key.

It sounds small. It is the difference between a system that works and one that quietly loses you money.

More of how we build: mulesoo.com",304,Never let a browser talk to your database directly. Route it through your server with a service key.,YOYO GYM,#00FF88
2026-10-09,39,Friday,6,HOWTO,YoYo Gym — AI Membership Platform,yoyogym,https://yoyogym.vercel.app,live,TikTok,"Free game from a real build 🧠

Never let a browser talk to your database directly. Route it through your server with a service key.

Learned it building YoYo Gym — AI Membership Platform.

mulesoo.com

#GymSoftware #FitnessBusiness #YoYoGym #MembershipSystem #MuleSoo",268,Never let a browser talk to your database directly. Route it through your server with a service key.,YOYO GYM,#00FF88
2026-10-09,39,Friday,6,HOWTO,YoYo Gym — AI Membership Platform,yoyogym,https://yoyogym.vercel.app,live,X,"Never let a browser talk to your database directly. Route it through your server with a service key.

— learned building YoYo Gym",129,Never let a browser talk to your database directly. Route it through your server with a service key.,YOYO GYM,#00FF88
2026-10-10,40,Saturday,6,PROOF,X-Boss Photography Studio,xboss,https://xbossphotography.vercel.app,live,LinkedIn,"What X-Boss Photography Studio actually does — not adjectives, features:

• bookings taken while you are behind the camera
• a branded PDF confirmation the client actually keeps
• an admin view of today, upcoming and history in one screen

Live now. See it: https://xbossphotography.vercel.app

No invented statistics on this page. Open it and check for yourself.

#PhotographyBusiness #StudioBooking #XBoss",407,Bookings taken while you are behind the camera.,X-BOSS PHOTOGRAPHY,#E8B84B
2026-10-10,40,Saturday,6,PROOF,X-Boss Photography Studio,xboss,https://xbossphotography.vercel.app,live,Instagram,"📸 X-Boss Photography Studio — what you actually get:

✅ bookings taken while you are behind the camera
✅ a branded PDF confirmation the client actually keeps
✅ an admin view of today, upcoming and history in one screen

Live now.

See it: https://xbossphotography.vercel.app

#PhotographyBusiness #StudioBooking #XBoss #BookingSystem #MuleSoo",343,Bookings taken while you are behind the camera.,X-BOSS PHOTOGRAPHY,#E8B84B
2026-10-10,40,Saturday,6,PROOF,X-Boss Photography Studio,xboss,https://xbossphotography.vercel.app,live,Facebook,"People ask what ""X-Boss Photography Studio"" really means. Plainly:

✅ bookings taken while you are behind the camera
✅ a branded PDF confirmation the client actually keeps
✅ an admin view of today, upcoming and history in one screen

Live now. See it: https://xbossphotography.vercel.app",287,Bookings taken while you are behind the camera.,X-BOSS PHOTOGRAPHY,#E8B84B
2026-10-10,40,Saturday,6,PROOF,X-Boss Photography Studio,xboss,https://xbossphotography.vercel.app,live,TikTok,"Three things X-Boss Photography Studio does that a normal photography studio setup cannot 👇

1. bookings taken while you are behind the camera
2. a branded PDF confirmation the client actually keeps
3. an admin view of today, upcoming and history in one screen

Live now.

mulesoo.com

#PhotographyBusiness #StudioBooking #XBoss #BookingSystem #MuleSoo",353,Bookings taken while you are behind the camera.,X-BOSS PHOTOGRAPHY,#E8B84B
2026-10-10,40,Saturday,6,PROOF,X-Boss Photography Studio,xboss,https://xbossphotography.vercel.app,live,X,"X-Boss Photography Studio:
• bookings taken while you are behind the camera
• a branded PDF confirmation the client actually keeps

https://xbossphotography.vercel.app",167,Bookings taken while you are behind the camera.,X-BOSS PHOTOGRAPHY,#E8B84B
2026-10-11,41,Sunday,6,BEHIND,Shime Events & Planning,shime,https://shimeeventplaning.vercel.app,live,LinkedIn,"Under the bonnet of Shime Events & Planning:

A seventeen-step conversational flow with full state, so a refresh never costs the client their answers.

Chapa hosted checkout for payment, with deposit amounts driven by the chosen package tier.

None of this is visible to the client, and all of it is why the thing keeps working in month nine.

See it: https://shimeeventplaning.vercel.app

#EventPlanning #ShimeEvents #BilingualWeb",431,"A seventeen-step conversational flow with full state, so a refresh never costs the client their answers.",SHIME EVENTS,#E8B84B
2026-10-11,41,Sunday,6,BEHIND,Shime Events & Planning,shime,https://shimeeventplaning.vercel.app,live,Instagram,"Behind the build 🔧 Shime Events & Planning

A seventeen-step conversational flow with full state, so a refresh never costs the client their answers.

The boring decisions are the ones that hold.

#EventPlanning #ShimeEvents #BilingualWeb #Amharic #MuleSoo",256,"A seventeen-step conversational flow with full state, so a refresh never costs the client their answers.",SHIME EVENTS,#E8B84B
2026-10-11,41,Sunday,6,BEHIND,Shime Events & Planning,shime,https://shimeeventplaning.vercel.app,live,Facebook,"A look behind Shime Events & Planning:

A seventeen-step conversational flow with full state, so a refresh never costs the client their answers.

Chapa hosted checkout for payment, with deposit amounts driven by the chosen package tier.

We build the invisible parts properly. That is the whole difference between a demo and a system you can run a business on.",360,"A seventeen-step conversational flow with full state, so a refresh never costs the client their answers.",SHIME EVENTS,#E8B84B
2026-10-11,41,Sunday,6,BEHIND,Shime Events & Planning,shime,https://shimeeventplaning.vercel.app,live,TikTok,"Behind the build 🔧

Shime Events & Planning: A seventeen-step conversational flow with full state, so a refresh never costs the client their answers.

The unglamorous decisions are the ones that save you in month nine.

mulesoo.com

#EventPlanning #ShimeEvents #BilingualWeb #Amharic #MuleSoo",293,"A seventeen-step conversational flow with full state, so a refresh never costs the client their answers.",SHIME EVENTS,#E8B84B
2026-10-11,41,Sunday,6,BEHIND,Shime Events & Planning,shime,https://shimeeventplaning.vercel.app,live,X,"Shime Events & Planning — under the bonnet:

A seventeen-step conversational flow with full state, so a refresh never costs the client their answers.",149,"A seventeen-step conversational flow with full state, so a refresh never costs the client their answers.",SHIME EVENTS,#E8B84B
2026-10-12,42,Monday,6,OFFER,Tsedi Catering & Events,tsedi,https://tsedicatering.vercel.app,live,LinkedIn,"Cooking for ninety and answering enquiries at the same time?

We built Tsedi Catering & Events for exactly that — it checks the calendar for availability before it agrees to a date.

Same system, your brand, your sector.

Tell us what your week looks like and we will tell you honestly whether software fixes it: mulesoo.com/contact

#CateringBusiness #QRBooking #TsediCatering",377,Cooking for ninety and answering enquiries at the same time?,TSEDI CATERING,#E8B84B
2026-10-12,42,Monday,6,OFFER,Tsedi Catering & Events,tsedi,https://tsedicatering.vercel.app,live,Instagram,"Cooking for ninety and answering enquiries at the same time? 🍽️

We built Tsedi Catering & Events to solve it — you get bookings taken with both hands still in the kitchen.

Same system, your brand, your sector.

📩 mulesoo.com/contact
💬 wa.me/27688529333

#CateringBusiness #QRBooking #TsediCatering #AIAssistant #MuleSoo",324,Cooking for ninety and answering enquiries at the same time?,TSEDI CATERING,#E8B84B
2026-10-12,42,Monday,6,OFFER,Tsedi Catering & Events,tsedi,https://tsedicatering.vercel.app,live,Facebook,"Cooking for ninety and answering enquiries at the same time?

That is precisely why Tsedi Catering & Events exists — it checks the calendar for availability before it agrees to a date.

Same system, your brand, your sector. Message us and we will tell you straight whether this is worth it for your business.

📩 mulesoo.com/contact  ·  💬 wa.me/27688529333",357,Cooking for ninety and answering enquiries at the same time?,TSEDI CATERING,#E8B84B
2026-10-12,42,Monday,6,OFFER,Tsedi Catering & Events,tsedi,https://tsedicatering.vercel.app,live,TikTok,"Cooking for ninety and answering enquiries at the same time? 🍽️

We already built it once — Tsedi Catering & Events.

Same system, your brand, your sector.

mulesoo.com

#CateringBusiness #QRBooking #TsediCatering #AIAssistant #MuleSoo",236,Cooking for ninety and answering enquiries at the same time?,TSEDI CATERING,#E8B84B
2026-10-12,42,Monday,6,OFFER,Tsedi Catering & Events,tsedi,https://tsedicatering.vercel.app,live,X,"Cooking for ninety and answering enquiries at the same time?

We built Tsedi Catering & Events for exactly this.

mulesoo.com/contact",133,Cooking for ninety and answering enquiries at the same time?,TSEDI CATERING,#E8B84B
2026-10-13,43,Tuesday,7,SPOTLIGHT,TSI AI Booking Assistant,tsi,https://mulesoo.com/services/chatbot,live,LinkedIn,"We built TSI AI Booking Assistant.

In one line: a reservations assistant that answers, qualifies and books, around the clock.

The part that matters — it answers instantly, at 2am, in full sentences.

What the owner ends up with: every after-hours enquiry answered instead of lost.

See it: https://mulesoo.com/services/chatbot

#AIChatbot #Hospitality #Reservations",367,We built TSI AI Booking Assistant.,TSI ASSISTANT,#00C8FF
2026-10-13,43,Tuesday,7,SPOTLIGHT,TSI AI Booking Assistant,tsi,https://mulesoo.com/services/chatbot,live,Instagram,"🤖 We built TSI AI Booking Assistant.

A reservations assistant that answers, qualifies and books, around the clock.

✨ it answers instantly, at 2am, in full sentences
✅ every after-hours enquiry answered instead of lost

See it: https://mulesoo.com/services/chatbot

#AIChatbot #Hospitality #Reservations #CustomerService #MuleSoo",331,We built TSI AI Booking Assistant.,TSI ASSISTANT,#00C8FF
2026-10-13,43,Tuesday,7,SPOTLIGHT,TSI AI Booking Assistant,tsi,https://mulesoo.com/services/chatbot,live,Facebook,"We built TSI AI Booking Assistant.

It is a reservations assistant that answers, qualifies and books, around the clock.

The thing people notice first: it answers instantly, at 2am, in full sentences.

If you run a hotel or restaurant and this sounds like your week — we should talk. mulesoo.com",295,We built TSI AI Booking Assistant.,TSI ASSISTANT,#00C8FF
2026-10-13,43,Tuesday,7,SPOTLIGHT,TSI AI Booking Assistant,tsi,https://mulesoo.com/services/chatbot,live,TikTok,"POV: you run a hotel or restaurant. 🤖

We built TSI AI Booking Assistant.

It does one thing brilliantly: it answers instantly, at 2am, in full sentences.

Full build on mulesoo.com

#AIChatbot #Hospitality #Reservations #CustomerService #MuleSoo",247,We built TSI AI Booking Assistant.,TSI ASSISTANT,#00C8FF
2026-10-13,43,Tuesday,7,SPOTLIGHT,TSI AI Booking Assistant,tsi,https://mulesoo.com/services/chatbot,live,X,"We built TSI AI Booking Assistant. A reservations assistant that answers, qualifies and books, around the clock.

https://mulesoo.com/services/chatbot",150,We built TSI AI Booking Assistant.,TSI ASSISTANT,#00C8FF
2026-10-14,44,Wednesday,7,PROBLEM,Sena — AI Front Desk Receptionist,sena,https://mulesoo.com/ai-automation,building,LinkedIn,"A hotel front desk is unstaffed at exactly the hour a traveller needs it most.

That was the brief behind Sena — AI Front Desk Receptionist.

We building it around one idea: she says plainly that she is an AI, before anything else.

A voice receptionist for hotels: the guest clicks Call Reception and Sena actually answers.

Still in build — follow along: mulesoo.com

#VoiceAI #HotelTech #Sena",395,A hotel front desk is unstaffed at exactly the hour a traveller needs it most.,SENA · IN BUILD,#7B2FFF
2026-10-14,44,Wednesday,7,PROBLEM,Sena — AI Front Desk Receptionist,sena,https://mulesoo.com/ai-automation,building,Instagram,"A hotel front desk is unstaffed at exactly the hour a traveller needs it most. 😮‍💨

So we building Sena — AI Front Desk Receptionist.

She says plainly that she is an AI, before anything else.

Still in build — follow along: mulesoo.com

#VoiceAI #HotelTech #Sena #Hospitality #MuleSoo",287,A hotel front desk is unstaffed at exactly the hour a traveller needs it most.,SENA · IN BUILD,#7B2FFF
2026-10-14,44,Wednesday,7,PROBLEM,Sena — AI Front Desk Receptionist,sena,https://mulesoo.com/ai-automation,building,Facebook,"A hotel front desk is unstaffed at exactly the hour a traveller needs it most.

Every hotel we have spoken to says a version of that sentence.

Sena — AI Front Desk Receptionist exists to end it — she says plainly that she is an AI, before anything else.

Still in build — follow along: mulesoo.com",298,A hotel front desk is unstaffed at exactly the hour a traveller needs it most.,SENA · IN BUILD,#7B2FFF
2026-10-14,44,Wednesday,7,PROBLEM,Sena — AI Front Desk Receptionist,sena,https://mulesoo.com/ai-automation,building,TikTok,"Tell me you run a hotel without telling me. 👇

""A hotel front desk is unstaffed at exactly the hour a traveller needs it most.""

That is why we building Sena — AI Front Desk Receptionist — she says plainly that she is an AI, before anything else.

mulesoo.com

#VoiceAI #HotelTech #Sena #Hospitality #MuleSoo",309,A hotel front desk is unstaffed at exactly the hour a traveller needs it most.,SENA · IN BUILD,#7B2FFF
2026-10-14,44,Wednesday,7,PROBLEM,Sena — AI Front Desk Receptionist,sena,https://mulesoo.com/ai-automation,building,X,"A hotel front desk is unstaffed at exactly the hour a traveller needs it most.

So we building Sena.

https://mulesoo.com/ai-automation",135,A hotel front desk is unstaffed at exactly the hour a traveller needs it most.,SENA · IN BUILD,#7B2FFF
2026-10-15,45,Thursday,7,FUNNY,Yewogen Derash (ወገን ደራሽ),yewogen,https://mulesoo.com/case-studies,building,LinkedIn,"Every campaign owner is identity-verified. Yes, that is slower. That is the feature.

Behind the joke there is a real system: Yewogen Derash (ወገን ደራሽ) — a crowdfunding platform where every campaign owner is identity-verified and no two campaigns share a wallet.

Humour is just the shortest way to describe a problem everyone running a fundraising campaign already has.

Still in build — follow along: mulesoo.com

#Crowdfunding #Ethiopia #YewogenDerash",453,"Every campaign owner is identity-verified. Yes, that is slower. That is the feature.",YEWOGEN DERASH · IN BUILD,#00C8FF
2026-10-15,45,Thursday,7,FUNNY,Yewogen Derash (ወገን ደራሽ),yewogen,https://mulesoo.com/case-studies,building,Instagram,"Every campaign owner is identity-verified. Yes, that is slower. That is the feature. 😂

(Yewogen Derash (ወገን ደራሽ). Yes, it is real.)

Still in build — follow along: mulesoo.com

#Crowdfunding #Ethiopia #YewogenDerash #FinTech #MuleSoo",235,"Every campaign owner is identity-verified. Yes, that is slower. That is the feature.",YEWOGEN DERASH · IN BUILD,#00C8FF
2026-10-15,45,Thursday,7,FUNNY,Yewogen Derash (ወገን ደራሽ),yewogen,https://mulesoo.com/case-studies,building,Facebook,"Every campaign owner is identity-verified. Yes, that is slower. That is the feature.

True story from building Yewogen Derash (ወገን ደራሽ) — a crowdfunding platform where every campaign owner is identity-verified and no two campaigns share a wallet.

Each campaign gets its own QR. Scan it and you land on exactly one cause, not a homepage.

Still in build — follow along: mulesoo.com",381,"Every campaign owner is identity-verified. Yes, that is slower. That is the feature.",YEWOGEN DERASH · IN BUILD,#00C8FF
2026-10-15,45,Thursday,7,FUNNY,Yewogen Derash (ወገን ደራሽ),yewogen,https://mulesoo.com/case-studies,building,TikTok,"Every campaign owner is identity-verified. Yes, that is slower. That is the feature. 💀

Not a joke though — Yewogen Derash (ወገን ደራሽ) actually does this.

Each campaign gets its own QR. Scan it and you land on exactly one cause, not a homepage.

mulesoo.com

#Crowdfunding #Ethiopia #YewogenDerash #FinTech #MuleSoo",315,"Every campaign owner is identity-verified. Yes, that is slower. That is the feature.",YEWOGEN DERASH · IN BUILD,#00C8FF
2026-10-15,45,Thursday,7,FUNNY,Yewogen Derash (ወገን ደራሽ),yewogen,https://mulesoo.com/case-studies,building,X,"Every campaign owner is identity-verified. Yes, that is slower. That is the feature.

— from building Yewogen Derash",116,"Every campaign owner is identity-verified. Yes, that is slower. That is the feature.",YEWOGEN DERASH · IN BUILD,#00C8FF
2026-10-16,46,Friday,7,HOWTO,Pretoria Kidane Mihret Church Platform,church,https://mulesoo.com/portfolio,live,LinkedIn,"Something Pretoria Kidane Mihret Church Platform taught us:

Amharic is not a translation layer. Design the type, the line height and the spacing for it from the start.

Two more from the same build:

• Give institutions an admin panel. Any content that needs a developer will be wrong within a month.
• Dignity in design is mostly subtraction. Remove the animation that is drawing attention to itself.

All three are in the live product, not in a slide deck. See it: https://mulesoo.com/portfolio

#ChurchWebsite #Amharic #Bilingual",533,"Amharic is not a translation layer. Design the type, the line height and the spacing for it from the start.",KIDANE MIHRET,#E8B84B
2026-10-16,46,Friday,7,HOWTO,Pretoria Kidane Mihret Church Platform,church,https://mulesoo.com/portfolio,live,Instagram,"Lesson from building Pretoria Kidane Mihret Church Platform ⛪

📌 Amharic is not a translation layer. Design the type, the line height and the spacing for it from the start.

Save this one — it applies far beyond this one project.

#ChurchWebsite #Amharic #Bilingual #Pretoria #MuleSoo",285,"Amharic is not a translation layer. Design the type, the line height and the spacing for it from the start.",KIDANE MIHRET,#E8B84B
2026-10-16,46,Friday,7,HOWTO,Pretoria Kidane Mihret Church Platform,church,https://mulesoo.com/portfolio,live,Facebook,"A free lesson from building Pretoria Kidane Mihret Church Platform:

Amharic is not a translation layer. Design the type, the line height and the spacing for it from the start.

It sounds small. It is the difference between a system that works and one that quietly loses you money.

More of how we build: mulesoo.com",316,"Amharic is not a translation layer. Design the type, the line height and the spacing for it from the start.",KIDANE MIHRET,#E8B84B
2026-10-16,46,Friday,7,HOWTO,Pretoria Kidane Mihret Church Platform,church,https://mulesoo.com/portfolio,live,TikTok,"Free game from a real build 🧠

Amharic is not a translation layer. Design the type, the line height and the spacing for it from the start.

Learned it building Pretoria Kidane Mihret Church Platform.

mulesoo.com

#ChurchWebsite #Amharic #Bilingual #Pretoria #MuleSoo",268,"Amharic is not a translation layer. Design the type, the line height and the spacing for it from the start.",KIDANE MIHRET,#E8B84B
2026-10-16,46,Friday,7,HOWTO,Pretoria Kidane Mihret Church Platform,church,https://mulesoo.com/portfolio,live,X,"Amharic is not a translation layer. Design the type, the line height and the spacing for it from the start.

— learned building Pretoria Kidane Mihret Church Platform",166,"Amharic is not a translation layer. Design the type, the line height and the spacing for it from the start.",KIDANE MIHRET,#E8B84B
2026-10-17,47,Saturday,7,PROOF,DR. Hospital — AI Clinic System,drhospital,https://mulesoo.com/case-studies,building,LinkedIn,"What DR. Hospital — AI Clinic System actually does — not adjectives, features:

• reception freed from the phone during consulting hours
• intake completed before the patient arrives
• one system for appointments, records and follow-up

In active build — nothing here is launched yet. Still in build — follow along: mulesoo.com

No invented statistics on this page. Open it and check for yourself.

#HealthTech #ClinicSoftware #AIIntake",436,Reception freed from the phone during consulting hours.,DR. HOSPITAL · IN BUILD,#00FF88
2026-10-17,47,Saturday,7,PROOF,DR. Hospital — AI Clinic System,drhospital,https://mulesoo.com/case-studies,building,Instagram,"🩺 DR. Hospital — AI Clinic System — what you actually get:

✅ reception freed from the phone during consulting hours
✅ intake completed before the patient arrives
✅ one system for appointments, records and follow-up

In active build — nothing here is launched yet.

Still in build — follow along: mulesoo.com

#HealthTech #ClinicSoftware #AIIntake #POPIA #MuleSoo",364,Reception freed from the phone during consulting hours.,DR. HOSPITAL · IN BUILD,#00FF88
2026-10-17,47,Saturday,7,PROOF,DR. Hospital — AI Clinic System,drhospital,https://mulesoo.com/case-studies,building,Facebook,"People ask what ""DR. Hospital — AI Clinic System"" really means. Plainly:

✅ reception freed from the phone during consulting hours
✅ intake completed before the patient arrives
✅ one system for appointments, records and follow-up

In active build — nothing here is launched yet. Still in build — follow along: mulesoo.com",321,Reception freed from the phone during consulting hours.,DR. HOSPITAL · IN BUILD,#00FF88
2026-10-17,47,Saturday,7,PROOF,DR. Hospital — AI Clinic System,drhospital,https://mulesoo.com/case-studies,building,TikTok,"Three things DR. Hospital — AI Clinic System does that a normal clinic setup cannot 👇

1. reception freed from the phone during consulting hours
2. intake completed before the patient arrives
3. one system for appointments, records and follow-up

In active build — nothing here is launched yet.

mulesoo.com

#HealthTech #ClinicSoftware #AIIntake #POPIA #MuleSoo",363,Reception freed from the phone during consulting hours.,DR. HOSPITAL · IN BUILD,#00FF88
2026-10-17,47,Saturday,7,PROOF,DR. Hospital — AI Clinic System,drhospital,https://mulesoo.com/case-studies,building,X,"DR. Hospital — AI Clinic System:
• reception freed from the phone during consulting hours
• intake completed before the patient arrives

https://mulesoo.com/case-studies",169,Reception freed from the phone during consulting hours.,DR. HOSPITAL · IN BUILD,#00FF88
2026-10-18,48,Sunday,7,BEHIND,MuleSoo Guides & Digital Store,guides,https://mulesoo.com/store,live,LinkedIn,"Under the bonnet of MuleSoo Guides & Digital Store:

Every guide is generated from the same toolchain we use for client documents.

Stripe handles checkout in Rand; delivery is instant and the receipt is automatic.

None of this is visible to the client, and all of it is why the thing keeps working in month nine.

See it: https://mulesoo.com/store

#DigitalProducts #ClaudeCode #LearnToBuild",393,Every guide is generated from the same toolchain we use for client documents.,MULESOO STORE,#E8B84B
2026-10-18,48,Sunday,7,BEHIND,MuleSoo Guides & Digital Store,guides,https://mulesoo.com/store,live,Instagram,"Behind the build 🔧 MuleSoo Guides & Digital Store

Every guide is generated from the same toolchain we use for client documents.

The boring decisions are the ones that hold.

#DigitalProducts #ClaudeCode #LearnToBuild #PassiveIncome #MuleSoo",243,Every guide is generated from the same toolchain we use for client documents.,MULESOO STORE,#E8B84B
2026-10-18,48,Sunday,7,BEHIND,MuleSoo Guides & Digital Store,guides,https://mulesoo.com/store,live,Facebook,"A look behind MuleSoo Guides & Digital Store:

Every guide is generated from the same toolchain we use for client documents.

Stripe handles checkout in Rand; delivery is instant and the receipt is automatic.

We build the invisible parts properly. That is the whole difference between a demo and a system you can run a business on.",332,Every guide is generated from the same toolchain we use for client documents.,MULESOO STORE,#E8B84B
2026-10-18,48,Sunday,7,BEHIND,MuleSoo Guides & Digital Store,guides,https://mulesoo.com/store,live,TikTok,"Behind the build 🔧

MuleSoo Guides & Digital Store: Every guide is generated from the same toolchain we use for client documents.

The unglamorous decisions are the ones that save you in month nine.

mulesoo.com

#DigitalProducts #ClaudeCode #LearnToBuild #PassiveIncome #MuleSoo",280,Every guide is generated from the same toolchain we use for client documents.,MULESOO STORE,#E8B84B
2026-10-18,48,Sunday,7,BEHIND,MuleSoo Guides & Digital Store,guides,https://mulesoo.com/store,live,X,"MuleSoo Guides & Digital Store — under the bonnet:

Every guide is generated from the same toolchain we use for client documents.",129,Every guide is generated from the same toolchain we use for client documents.,MULESOO STORE,#E8B84B
2026-10-19,49,Monday,7,OFFER,MuleSoo Digital Services,mulesoo,https://mulesoo.com,live,LinkedIn,"Want the same engine under your own brand?

We built MuleSoo Digital Services for exactly that — a full admin panel — leads pipeline, bookings, analytics, portfolio, pricing, testimonials — all editable without a developer.

Same system, your brand, your sector.

Tell us what your week looks like and we will tell you honestly whether software fixes it: mulesoo.com/contact

#MuleSoo #WebDesignPretoria #AIforBusiness",418,Want the same engine under your own brand?,MULESOO PLATFORM,#00C8FF
2026-10-19,49,Monday,7,OFFER,MuleSoo Digital Services,mulesoo,https://mulesoo.com,live,Instagram,"Want the same engine under your own brand? 🛠️

We built MuleSoo Digital Services to solve it — you get lead capture with instant email + WhatsApp alerts on every enquiry.

Same system, your brand, your sector.

📩 mulesoo.com/contact
💬 wa.me/27688529333

#MuleSoo #WebDesignPretoria #AIforBusiness #SouthAfricaTech #NextJS",324,Want the same engine under your own brand?,MULESOO PLATFORM,#00C8FF
2026-10-19,49,Monday,7,OFFER,MuleSoo Digital Services,mulesoo,https://mulesoo.com,live,Facebook,"Want the same engine under your own brand?

That is precisely why MuleSoo Digital Services exists — a full admin panel — leads pipeline, bookings, analytics, portfolio, pricing, testimonials — all editable without a developer.

Same system, your brand, your sector. Message us and we will tell you straight whether this is worth it for your business.

📩 mulesoo.com/contact  ·  💬 wa.me/27688529333",399,Want the same engine under your own brand?,MULESOO PLATFORM,#00C8FF
2026-10-19,49,Monday,7,OFFER,MuleSoo Digital Services,mulesoo,https://mulesoo.com,live,TikTok,"Want the same engine under your own brand? 🛠️

We already built it once — MuleSoo Digital Services.

Same system, your brand, your sector.

mulesoo.com

#MuleSoo #WebDesignPretoria #AIforBusiness #SouthAfricaTech #NextJS",221,Want the same engine under your own brand?,MULESOO PLATFORM,#00C8FF
2026-10-19,49,Monday,7,OFFER,MuleSoo Digital Services,mulesoo,https://mulesoo.com,live,X,"Want the same engine under your own brand?

We built MuleSoo Digital Services for exactly this.

mulesoo.com/contact",116,Want the same engine under your own brand?,MULESOO PLATFORM,#00C8FF
2026-10-20,50,Tuesday,8,SPOTLIGHT,Habesha Celebration Events,habesha,https://habeshaeventsplanner.netlify.app,live,LinkedIn,"We built Habesha Celebration Events.

In one line: an elegant events platform that turns wedding dreams into confirmed bookings, 24/7.

The part that matters — a design couples actually screenshot and send to their mothers.

What the owner ends up with: a site that looks like the events it sells.

See it: https://habeshaeventsplanner.netlify.app

#HabeshaEvents #EthiopianWedding #EventPlanner",395,We built Habesha Celebration Events.,HABESHA EVENTS,#7B2FFF
2026-10-20,50,Tuesday,8,SPOTLIGHT,Habesha Celebration Events,habesha,https://habeshaeventsplanner.netlify.app,live,Instagram,"💍 We built Habesha Celebration Events.

An elegant events platform that turns wedding dreams into confirmed bookings, 24/7.

✨ a design couples actually screenshot and send to their mothers
✅ a site that looks like the events it sells

See it: https://habeshaeventsplanner.netlify.app

#HabeshaEvents #EthiopianWedding #EventPlanner #WeddingSA #MuleSoo",353,We built Habesha Celebration Events.,HABESHA EVENTS,#7B2FFF
2026-10-20,50,Tuesday,8,SPOTLIGHT,Habesha Celebration Events,habesha,https://habeshaeventsplanner.netlify.app,live,Facebook,"We built Habesha Celebration Events.

It is an elegant events platform that turns wedding dreams into confirmed bookings, 24/7.

The thing people notice first: a design couples actually screenshot and send to their mothers.

If you run a wedding & events business and this sounds like your week — we should talk. mulesoo.com",324,We built Habesha Celebration Events.,HABESHA EVENTS,#7B2FFF
2026-10-20,50,Tuesday,8,SPOTLIGHT,Habesha Celebration Events,habesha,https://habeshaeventsplanner.netlify.app,live,TikTok,"POV: you run a wedding & events business. 💍

We built Habesha Celebration Events.

It does one thing brilliantly: a design couples actually screenshot and send to their mothers.

Full build on mulesoo.com

#HabeshaEvents #EthiopianWedding #EventPlanner #WeddingSA #MuleSoo",273,We built Habesha Celebration Events.,HABESHA EVENTS,#7B2FFF
2026-10-20,50,Tuesday,8,SPOTLIGHT,Habesha Celebration Events,habesha,https://habeshaeventsplanner.netlify.app,live,X,"We built Habesha Celebration Events. An elegant events platform that turns wedding dreams into confirmed bookings, 24/7.

https://habeshaeventsplanner.netlify.app",162,We built Habesha Celebration Events.,HABESHA EVENTS,#7B2FFF
2026-10-21,51,Wednesday,8,PROBLEM,YoYo Gym — AI Membership Platform,yoyogym,https://yoyogym.vercel.app,live,LinkedIn,"A gym run on a paper register loses money to expired memberships nobody noticed.

That was the brief behind YoYo Gym — AI Membership Platform.

We built it around one idea: sixteen tables of real membership logic — plans, payments, bookings, attendance.

A full gym membership, booking and check-in system that runs the floor on autopilot.

See it: https://yoyogym.vercel.app

#GymSoftware #FitnessBusiness #YoYoGym",415,A gym run on a paper register loses money to expired memberships nobody noticed.,YOYO GYM,#00FF88
2026-10-21,51,Wednesday,8,PROBLEM,YoYo Gym — AI Membership Platform,yoyogym,https://yoyogym.vercel.app,live,Instagram,"A gym run on a paper register loses money to expired memberships nobody noticed. 😮‍💨

So we built YoYo Gym — AI Membership Platform.

Sixteen tables of real membership logic — plans, payments, bookings, attendance.

See it: https://yoyogym.vercel.app

#GymSoftware #FitnessBusiness #YoYoGym #MembershipSystem #MuleSoo",319,A gym run on a paper register loses money to expired memberships nobody noticed.,YOYO GYM,#00FF88
2026-10-21,51,Wednesday,8,PROBLEM,YoYo Gym — AI Membership Platform,yoyogym,https://yoyogym.vercel.app,live,Facebook,"A gym run on a paper register loses money to expired memberships nobody noticed.

Every gym we have spoken to says a version of that sentence.

YoYo Gym — AI Membership Platform exists to end it — sixteen tables of real membership logic — plans, payments, bookings, attendance.

See it: https://yoyogym.vercel.app",313,A gym run on a paper register loses money to expired memberships nobody noticed.,YOYO GYM,#00FF88
2026-10-21,51,Wednesday,8,PROBLEM,YoYo Gym — AI Membership Platform,yoyogym,https://yoyogym.vercel.app,live,TikTok,"Tell me you run a gym without telling me. 👇

""A gym run on a paper register loses money to expired memberships nobody noticed.""

That is why we built YoYo Gym — AI Membership Platform — sixteen tables of real membership logic — plans, payments, bookings, attendance.

mulesoo.com

#GymSoftware #FitnessBusiness #YoYoGym #MembershipSystem #MuleSoo",347,A gym run on a paper register loses money to expired memberships nobody noticed.,YOYO GYM,#00FF88
2026-10-21,51,Wednesday,8,PROBLEM,YoYo Gym — AI Membership Platform,yoyogym,https://yoyogym.vercel.app,live,X,"A gym run on a paper register loses money to expired memberships nobody noticed.

So we built YoYo Gym.

https://yoyogym.vercel.app",131,A gym run on a paper register loses money to expired memberships nobody noticed.,YOYO GYM,#00FF88
2026-10-22,52,Thursday,8,FUNNY,X-Boss Photography Studio,xboss,https://xbossphotography.vercel.app,live,LinkedIn,"The studio now gets bookings while the photographer is lying on the floor for a better angle.

Behind the joke there is a real system: X-Boss Photography Studio — a dark-luxury booking system with an AI assistant, an admin dashboard and signable PDF confirmations.

Humour is just the shortest way to describe a problem everyone running a photography studio already has.

See it: https://xbossphotography.vercel.app

#PhotographyBusiness #StudioBooking #XBoss",459,The studio now gets bookings while the photographer is lying on the floor for a better angle.,X-BOSS PHOTOGRAPHY,#E8B84B
2026-10-22,52,Thursday,8,FUNNY,X-Boss Photography Studio,xboss,https://xbossphotography.vercel.app,live,Instagram,"The studio now gets bookings while the photographer is lying on the floor for a better angle. 😂

(X-Boss Photography Studio. Yes, it is real.)

See it: https://xbossphotography.vercel.app

#PhotographyBusiness #StudioBooking #XBoss #BookingSystem #MuleSoo",256,The studio now gets bookings while the photographer is lying on the floor for a better angle.,X-BOSS PHOTOGRAPHY,#E8B84B
2026-10-22,52,Thursday,8,FUNNY,X-Boss Photography Studio,xboss,https://xbossphotography.vercel.app,live,Facebook,"The studio now gets bookings while the photographer is lying on the floor for a better angle.

True story from building X-Boss Photography Studio — a dark-luxury booking system with an AI assistant, an admin dashboard and signable PDF confirmations.

The PDF is signable. The client cannot say ""I thought it was Tuesday"" any more.

See it: https://xbossphotography.vercel.app",375,The studio now gets bookings while the photographer is lying on the floor for a better angle.,X-BOSS PHOTOGRAPHY,#E8B84B
2026-10-22,52,Thursday,8,FUNNY,X-Boss Photography Studio,xboss,https://xbossphotography.vercel.app,live,TikTok,"The studio now gets bookings while the photographer is lying on the floor for a better angle. 💀

Not a joke though — X-Boss Photography Studio actually does this.

The PDF is signable. The client cannot say ""I thought it was Tuesday"" any more.

mulesoo.com

#PhotographyBusiness #StudioBooking #XBoss #BookingSystem #MuleSoo",325,The studio now gets bookings while the photographer is lying on the floor for a better angle.,X-BOSS PHOTOGRAPHY,#E8B84B
2026-10-22,52,Thursday,8,FUNNY,X-Boss Photography Studio,xboss,https://xbossphotography.vercel.app,live,X,"The studio now gets bookings while the photographer is lying on the floor for a better angle.

— from building X-Boss Photography Studio",136,The studio now gets bookings while the photographer is lying on the floor for a better angle.,X-BOSS PHOTOGRAPHY,#E8B84B
2026-10-23,53,Friday,8,HOWTO,Shime Events & Planning,shime,https://shimeeventplaning.vercel.app,live,LinkedIn,"Something Shime Events & Planning taught us:

Translate the buttons and the errors, not just the headings. Half-translated feels worse than untranslated.

Two more from the same build:

• Check availability live, inside the flow. Confirming a date you cannot honour is the costliest bug you can ship.
• Terms acceptance must be a recorded event with a timestamp, not a checkbox that vanishes.

All three are in the live product, not in a slide deck. See it: https://shimeeventplaning.vercel.app

#EventPlanning #ShimeEvents #BilingualWeb",537,"Translate the buttons and the errors, not just the headings. Half-translated feels worse than untranslated.",SHIME EVENTS,#E8B84B
2026-10-23,53,Friday,8,HOWTO,Shime Events & Planning,shime,https://shimeeventplaning.vercel.app,live,Instagram,"Lesson from building Shime Events & Planning 🎊

📌 Translate the buttons and the errors, not just the headings. Half-translated feels worse than untranslated.

Save this one — it applies far beyond this one project.

#EventPlanning #ShimeEvents #BilingualWeb #Amharic #MuleSoo",277,"Translate the buttons and the errors, not just the headings. Half-translated feels worse than untranslated.",SHIME EVENTS,#E8B84B
2026-10-23,53,Friday,8,HOWTO,Shime Events & Planning,shime,https://shimeeventplaning.vercel.app,live,Facebook,"A free lesson from building Shime Events & Planning:

Translate the buttons and the errors, not just the headings. Half-translated feels worse than untranslated.

It sounds small. It is the difference between a system that works and one that quietly loses you money.

More of how we build: mulesoo.com",301,"Translate the buttons and the errors, not just the headings. Half-translated feels worse than untranslated.",SHIME EVENTS,#E8B84B
2026-10-23,53,Friday,8,HOWTO,Shime Events & Planning,shime,https://shimeeventplaning.vercel.app,live,TikTok,"Free game from a real build 🧠

Translate the buttons and the errors, not just the headings. Half-translated feels worse than untranslated.

Learned it building Shime Events & Planning.

mulesoo.com

#EventPlanning #ShimeEvents #BilingualWeb #Amharic #MuleSoo",259,"Translate the buttons and the errors, not just the headings. Half-translated feels worse than untranslated.",SHIME EVENTS,#E8B84B
2026-10-23,53,Friday,8,HOWTO,Shime Events & Planning,shime,https://shimeeventplaning.vercel.app,live,X,"Translate the buttons and the errors, not just the headings. Half-translated feels worse than untranslated.

— learned building Shime Events & Planning",151,"Translate the buttons and the errors, not just the headings. Half-translated feels worse than untranslated.",SHIME EVENTS,#E8B84B
2026-10-24,54,Saturday,8,PROOF,Tsedi Catering & Events,tsedi,https://tsedicatering.vercel.app,live,LinkedIn,"What Tsedi Catering & Events actually does — not adjectives, features:

• bookings taken with both hands still in the kitchen
• deposits paid before you buy a single ingredient
• a check-in code you scan on the day

Live now. See it: https://tsedicatering.vercel.app

No invented statistics on this page. Open it and check for yourself.

#CateringBusiness #QRBooking #TsediCatering",381,Bookings taken with both hands still in the kitchen.,TSEDI CATERING,#E8B84B
2026-10-24,54,Saturday,8,PROOF,Tsedi Catering & Events,tsedi,https://tsedicatering.vercel.app,live,Instagram,"🍽️ Tsedi Catering & Events — what you actually get:

✅ bookings taken with both hands still in the kitchen
✅ deposits paid before you buy a single ingredient
✅ a check-in code you scan on the day

Live now.

See it: https://tsedicatering.vercel.app

#CateringBusiness #QRBooking #TsediCatering #AIAssistant #MuleSoo",316,Bookings taken with both hands still in the kitchen.,TSEDI CATERING,#E8B84B
2026-10-24,54,Saturday,8,PROOF,Tsedi Catering & Events,tsedi,https://tsedicatering.vercel.app,live,Facebook,"People ask what ""Tsedi Catering & Events"" really means. Plainly:

✅ bookings taken with both hands still in the kitchen
✅ deposits paid before you buy a single ingredient
✅ a check-in code you scan on the day

Live now. See it: https://tsedicatering.vercel.app",260,Bookings taken with both hands still in the kitchen.,TSEDI CATERING,#E8B84B
2026-10-24,54,Saturday,8,PROOF,Tsedi Catering & Events,tsedi,https://tsedicatering.vercel.app,live,TikTok,"Three things Tsedi Catering & Events does that a normal catering business setup cannot 👇

1. bookings taken with both hands still in the kitchen
2. deposits paid before you buy a single ingredient
3. a check-in code you scan on the day

Live now.

mulesoo.com

#CateringBusiness #QRBooking #TsediCatering #AIAssistant #MuleSoo",327,Bookings taken with both hands still in the kitchen.,TSEDI CATERING,#E8B84B
2026-10-24,54,Saturday,8,PROOF,Tsedi Catering & Events,tsedi,https://tsedicatering.vercel.app,live,X,"Tsedi Catering & Events:
• bookings taken with both hands still in the kitchen
• deposits paid before you buy a single ingredient

https://tsedicatering.vercel.app",163,Bookings taken with both hands still in the kitchen.,TSEDI CATERING,#E8B84B
2026-10-25,55,Sunday,8,BEHIND,TSI AI Booking Assistant,tsi,https://mulesoo.com/services/chatbot,live,LinkedIn,"Under the bonnet of TSI AI Booking Assistant:

Grounded strictly in the client's real services and prices — it is forbidden from inventing anything.

Escalates to a human the moment it is unsure, rather than guessing confidently.

None of this is visible to the client, and all of it is why the thing keeps working in month nine.

See it: https://mulesoo.com/services/chatbot

#AIChatbot #Hospitality #Reservations",414,Grounded strictly in the client's real services and prices — it is forbidden from inventing anything.,TSI ASSISTANT,#00C8FF
2026-10-25,55,Sunday,8,BEHIND,TSI AI Booking Assistant,tsi,https://mulesoo.com/services/chatbot,live,Instagram,"Behind the build 🔧 TSI AI Booking Assistant

Grounded strictly in the client's real services and prices — it is forbidden from inventing anything.

The boring decisions are the ones that hold.

#AIChatbot #Hospitality #Reservations #CustomerService #MuleSoo",258,Grounded strictly in the client's real services and prices — it is forbidden from inventing anything.,TSI ASSISTANT,#00C8FF
2026-10-25,55,Sunday,8,BEHIND,TSI AI Booking Assistant,tsi,https://mulesoo.com/services/chatbot,live,Facebook,"A look behind TSI AI Booking Assistant:

Grounded strictly in the client's real services and prices — it is forbidden from inventing anything.

Escalates to a human the moment it is unsure, rather than guessing confidently.

We build the invisible parts properly. That is the whole difference between a demo and a system you can run a business on.",347,Grounded strictly in the client's real services and prices — it is forbidden from inventing anything.,TSI ASSISTANT,#00C8FF
2026-10-25,55,Sunday,8,BEHIND,TSI AI Booking Assistant,tsi,https://mulesoo.com/services/chatbot,live,TikTok,"Behind the build 🔧

TSI AI Booking Assistant: Grounded strictly in the client's real services and prices — it is forbidden from inventing anything.

The unglamorous decisions are the ones that save you in month nine.

mulesoo.com

#AIChatbot #Hospitality #Reservations #CustomerService #MuleSoo",295,Grounded strictly in the client's real services and prices — it is forbidden from inventing anything.,TSI ASSISTANT,#00C8FF
2026-10-25,55,Sunday,8,BEHIND,TSI AI Booking Assistant,tsi,https://mulesoo.com/services/chatbot,live,X,"TSI AI Booking Assistant — under the bonnet:

Grounded strictly in the client's real services and prices — it is forbidden from inventing anything.",147,Grounded strictly in the client's real services and prices — it is forbidden from inventing anything.,TSI ASSISTANT,#00C8FF
2026-10-26,56,Monday,8,OFFER,Sena — AI Front Desk Receptionist,sena,https://mulesoo.com/ai-automation,building,LinkedIn,"Run a hotel? This one is nearly ready — early partners welcome.

We building Sena — AI Front Desk Receptionist for exactly that — she checks live availability, quotes real rates and sends the payment link during the call.

Early partners get it first, at build pricing.

Tell us what your week looks like and we will tell you honestly whether software fixes it: mulesoo.com/contact

#VoiceAI #HotelTech #Sena",408,Run a hotel? This one is nearly ready — early partners welcome.,SENA · IN BUILD,#7B2FFF
2026-10-26,56,Monday,8,OFFER,Sena — AI Front Desk Receptionist,sena,https://mulesoo.com/ai-automation,building,Instagram,"Run a hotel? This one is nearly ready — early partners welcome. 🏨

We building Sena — AI Front Desk Receptionist to solve it — you get reception answered at 3am without a night shift.

Early partners get it first, at build pricing.

📩 mulesoo.com/contact
💬 wa.me/27688529333

#VoiceAI #HotelTech #Sena #Hospitality #MuleSoo",326,Run a hotel? This one is nearly ready — early partners welcome.,SENA · IN BUILD,#7B2FFF
2026-10-26,56,Monday,8,OFFER,Sena — AI Front Desk Receptionist,sena,https://mulesoo.com/ai-automation,building,Facebook,"Run a hotel? This one is nearly ready — early partners welcome.

That is precisely why Sena — AI Front Desk Receptionist exists — she checks live availability, quotes real rates and sends the payment link during the call.

Early partners get it first, at build pricing. Message us and we will tell you straight whether this is worth it for your business.

📩 mulesoo.com/contact  ·  💬 wa.me/27688529333",403,Run a hotel? This one is nearly ready — early partners welcome.,SENA · IN BUILD,#7B2FFF
2026-10-26,56,Monday,8,OFFER,Sena — AI Front Desk Receptionist,sena,https://mulesoo.com/ai-automation,building,TikTok,"Run a hotel? This one is nearly ready — early partners welcome. 🏨

We already building it once — Sena — AI Front Desk Receptionist.

Early partners get it first, at build pricing.

mulesoo.com

#VoiceAI #HotelTech #Sena #Hospitality #MuleSoo",242,Run a hotel? This one is nearly ready — early partners welcome.,SENA · IN BUILD,#7B2FFF
2026-10-26,56,Monday,8,OFFER,Sena — AI Front Desk Receptionist,sena,https://mulesoo.com/ai-automation,building,X,"Run a hotel? This one is nearly ready — early partners welcome.

We building Sena — AI Front Desk Receptionist for exactly this.

mulesoo.com/contact",149,Run a hotel? This one is nearly ready — early partners welcome.,SENA · IN BUILD,#7B2FFF
2026-10-27,57,Tuesday,9,SPOTLIGHT,Yewogen Derash (ወገን ደራሽ),yewogen,https://mulesoo.com/case-studies,building,LinkedIn,"We building Yewogen Derash (ወገን ደራሽ).

In one line: a crowdfunding platform where every campaign owner is identity-verified and no two campaigns share a wallet.

The part that matters — ID documents plus a live face capture plus a human admin review, before a campaign goes live.

What the owner ends up with: donors who can see who they are giving to.

Still in build — follow along: mulesoo.com

#Crowdfunding #Ethiopia #YewogenDerash",436,We building Yewogen Derash (ወገን ደራሽ).,YEWOGEN DERASH · IN BUILD,#00C8FF
2026-10-27,57,Tuesday,9,SPOTLIGHT,Yewogen Derash (ወገን ደራሽ),yewogen,https://mulesoo.com/case-studies,building,Instagram,"🤝 We building Yewogen Derash (ወገን ደራሽ).

A crowdfunding platform where every campaign owner is identity-verified and no two campaigns share a wallet.

✨ ID documents plus a live face capture plus a human admin review, before a campaign goes live
✅ donors who can see who they are giving to

Still in build — follow along: mulesoo.com

#Crowdfunding #Ethiopia #YewogenDerash #FinTech #MuleSoo",392,We building Yewogen Derash (ወገን ደራሽ).,YEWOGEN DERASH · IN BUILD,#00C8FF
2026-10-27,57,Tuesday,9,SPOTLIGHT,Yewogen Derash (ወገን ደራሽ),yewogen,https://mulesoo.com/case-studies,building,Facebook,"We building Yewogen Derash (ወገን ደራሽ).

It is a crowdfunding platform where every campaign owner is identity-verified and no two campaigns share a wallet.

The thing people notice first: ID documents plus a live face capture plus a human admin review, before a campaign goes live.

If you run a fundraising campaign and this sounds like your week — we should talk. mulesoo.com",375,We building Yewogen Derash (ወገን ደራሽ).,YEWOGEN DERASH · IN BUILD,#00C8FF
2026-10-27,57,Tuesday,9,SPOTLIGHT,Yewogen Derash (ወገን ደራሽ),yewogen,https://mulesoo.com/case-studies,building,TikTok,"POV: you run a fundraising campaign. 🤝

We building Yewogen Derash (ወገን ደራሽ).

It does one thing brilliantly: ID documents plus a live face capture plus a human admin review, before a campaign goes live.

Full build on mulesoo.com

#Crowdfunding #Ethiopia #YewogenDerash #FinTech #MuleSoo",289,We building Yewogen Derash (ወገን ደራሽ).,YEWOGEN DERASH · IN BUILD,#00C8FF
2026-10-27,57,Tuesday,9,SPOTLIGHT,Yewogen Derash (ወገን ደራሽ),yewogen,https://mulesoo.com/case-studies,building,X,"We building Yewogen Derash (ወገን ደራሽ). A crowdfunding platform where every campaign owner is identity-verified and no two campaigns share a wallet.

https://mulesoo.com/case-studies",180,We building Yewogen Derash (ወገን ደራሽ).,YEWOGEN DERASH · IN BUILD,#00C8FF
2026-10-28,58,Wednesday,9,PROBLEM,Pretoria Kidane Mihret Church Platform,church,https://mulesoo.com/portfolio,live,LinkedIn,"Congregations get their service times from a WhatsApp forward from 2019.

That was the brief behind Pretoria Kidane Mihret Church Platform.

We built it around one idea: Amharic treated as a first-class language, not a translation afterthought.

A bilingual Amharic and English home for a parish, with the whole site editable by the church itself.

See it: https://mulesoo.com/portfolio

#ChurchWebsite #Amharic #Bilingual",422,Congregations get their service times from a WhatsApp forward from 2019.,KIDANE MIHRET,#E8B84B
2026-10-28,58,Wednesday,9,PROBLEM,Pretoria Kidane Mihret Church Platform,church,https://mulesoo.com/portfolio,live,Instagram,"Congregations get their service times from a WhatsApp forward from 2019. 😮‍💨

So we built Pretoria Kidane Mihret Church Platform.

Amharic treated as a first-class language, not a translation afterthought.

See it: https://mulesoo.com/portfolio

#ChurchWebsite #Amharic #Bilingual #Pretoria #MuleSoo",301,Congregations get their service times from a WhatsApp forward from 2019.,KIDANE MIHRET,#E8B84B
2026-10-28,58,Wednesday,9,PROBLEM,Pretoria Kidane Mihret Church Platform,church,https://mulesoo.com/portfolio,live,Facebook,"Congregations get their service times from a WhatsApp forward from 2019.

Every church or community organisation we have spoken to says a version of that sentence.

Pretoria Kidane Mihret Church Platform exists to end it — Amharic treated as a first-class language, not a translation afterthought.

See it: https://mulesoo.com/portfolio",336,Congregations get their service times from a WhatsApp forward from 2019.,KIDANE MIHRET,#E8B84B
2026-10-28,58,Wednesday,9,PROBLEM,Pretoria Kidane Mihret Church Platform,church,https://mulesoo.com/portfolio,live,TikTok,"Tell me you run a church or community organisation without telling me. 👇

""Congregations get their service times from a WhatsApp forward from 2019.""

That is why we built Pretoria Kidane Mihret Church Platform — Amharic treated as a first-class language, not a translation afterthought.

mulesoo.com

#ChurchWebsite #Amharic #Bilingual #Pretoria #MuleSoo",355,Congregations get their service times from a WhatsApp forward from 2019.,KIDANE MIHRET,#E8B84B
2026-10-28,58,Wednesday,9,PROBLEM,Pretoria Kidane Mihret Church Platform,church,https://mulesoo.com/portfolio,live,X,"Congregations get their service times from a WhatsApp forward from 2019.

So we built Pretoria Kidane Mihret Church Platform.

https://mulesoo.com/portfolio",156,Congregations get their service times from a WhatsApp forward from 2019.,KIDANE MIHRET,#E8B84B
2026-10-29,59,Thursday,9,FUNNY,DR. Hospital — AI Clinic System,drhospital,https://mulesoo.com/case-studies,building,LinkedIn,"We are building it properly rather than quickly, which in healthcare is the only acceptable order.

Behind the joke there is a real system: DR. Hospital — AI Clinic System — a clinic and hospital management system with AI intake — currently in active development.

Humour is just the shortest way to describe a problem everyone running a clinic already has.

Still in build — follow along: mulesoo.com

#HealthTech #ClinicSoftware #AIIntake",440,"We are building it properly rather than quickly, which in healthcare is the only acceptable order.",DR. HOSPITAL · IN BUILD,#00FF88
2026-10-29,59,Thursday,9,FUNNY,DR. Hospital — AI Clinic System,drhospital,https://mulesoo.com/case-studies,building,Instagram,"We are building it properly rather than quickly, which in healthcare is the only acceptable order. 😂

(DR. Hospital — AI Clinic System. Yes, it is real.)

Still in build — follow along: mulesoo.com

#HealthTech #ClinicSoftware #AIIntake #POPIA #MuleSoo",253,"We are building it properly rather than quickly, which in healthcare is the only acceptable order.",DR. HOSPITAL · IN BUILD,#00FF88
2026-10-29,59,Thursday,9,FUNNY,DR. Hospital — AI Clinic System,drhospital,https://mulesoo.com/case-studies,building,Facebook,"We are building it properly rather than quickly, which in healthcare is the only acceptable order.

True story from building DR. Hospital — AI Clinic System — a clinic and hospital management system with AI intake — currently in active development.

Yes, this one is still in build. We would rather say that than fake a launch.

Still in build — follow along: mulesoo.com",371,"We are building it properly rather than quickly, which in healthcare is the only acceptable order.",DR. HOSPITAL · IN BUILD,#00FF88
2026-10-29,59,Thursday,9,FUNNY,DR. Hospital — AI Clinic System,drhospital,https://mulesoo.com/case-studies,building,TikTok,"We are building it properly rather than quickly, which in healthcare is the only acceptable order. 💀

Not a joke though — DR. Hospital — AI Clinic System actually does this.

Yes, this one is still in build. We would rather say that than fake a launch.

mulesoo.com

#HealthTech #ClinicSoftware #AIIntake #POPIA #MuleSoo",321,"We are building it properly rather than quickly, which in healthcare is the only acceptable order.",DR. HOSPITAL · IN BUILD,#00FF88
2026-10-29,59,Thursday,9,FUNNY,DR. Hospital — AI Clinic System,drhospital,https://mulesoo.com/case-studies,building,X,"We are building it properly rather than quickly, which in healthcare is the only acceptable order.

— from building DR. Hospital",128,"We are building it properly rather than quickly, which in healthcare is the only acceptable order.",DR. HOSPITAL · IN BUILD,#00FF88
2026-10-30,60,Friday,9,HOWTO,MuleSoo Guides & Digital Store,guides,https://mulesoo.com/store,live,LinkedIn,"Something MuleSoo Guides & Digital Store taught us:

Package what you already know. The guide you could write today is a product by Friday.

Two more from the same build:

• Digital products are the only part of an agency that earns while you sleep.
• Price for volume in your own market, not for a currency your buyers do not earn in.

All three are in the live product, not in a slide deck. See it: https://mulesoo.com/store

#DigitalProducts #ClaudeCode #LearnToBuild",470,Package what you already know. The guide you could write today is a product by Friday.,MULESOO STORE,#E8B84B
2026-10-30,60,Friday,9,HOWTO,MuleSoo Guides & Digital Store,guides,https://mulesoo.com/store,live,Instagram,"Lesson from building MuleSoo Guides & Digital Store 📘

📌 Package what you already know. The guide you could write today is a product by Friday.

Save this one — it applies far beyond this one project.

#DigitalProducts #ClaudeCode #LearnToBuild #PassiveIncome #MuleSoo",270,Package what you already know. The guide you could write today is a product by Friday.,MULESOO STORE,#E8B84B
2026-10-30,60,Friday,9,HOWTO,MuleSoo Guides & Digital Store,guides,https://mulesoo.com/store,live,Facebook,"A free lesson from building MuleSoo Guides & Digital Store:

Package what you already know. The guide you could write today is a product by Friday.

It sounds small. It is the difference between a system that works and one that quietly loses you money.

More of how we build: mulesoo.com",287,Package what you already know. The guide you could write today is a product by Friday.,MULESOO STORE,#E8B84B
2026-10-30,60,Friday,9,HOWTO,MuleSoo Guides & Digital Store,guides,https://mulesoo.com/store,live,TikTok,"Free game from a real build 🧠

Package what you already know. The guide you could write today is a product by Friday.

Learned it building MuleSoo Guides & Digital Store.

mulesoo.com

#DigitalProducts #ClaudeCode #LearnToBuild #PassiveIncome #MuleSoo",252,Package what you already know. The guide you could write today is a product by Friday.,MULESOO STORE,#E8B84B
2026-10-30,60,Friday,9,HOWTO,MuleSoo Guides & Digital Store,guides,https://mulesoo.com/store,live,X,"Package what you already know. The guide you could write today is a product by Friday.

— learned building MuleSoo Guides & Digital Store",137,Package what you already know. The guide you could write today is a product by Friday.,MULESOO STORE,#E8B84B
2026-10-31,61,Saturday,9,PROOF,MuleSoo Digital Services,mulesoo,https://mulesoo.com,live,LinkedIn,"What MuleSoo Digital Services actually does — not adjectives, features:

• lead capture with instant email + WhatsApp alerts on every enquiry
• a Stripe store that takes card payments for digital products
• one secure command centre: leads, bookings, content, pricing, payments

Live now. See it: https://mulesoo.com

No invented statistics on this page. Open it and check for yourself.

#MuleSoo #WebDesignPretoria #AIforBusiness",430,Lead capture with instant email + WhatsApp alerts on every enquiry.,MULESOO PLATFORM,#00C8FF
2026-10-31,61,Saturday,9,PROOF,MuleSoo Digital Services,mulesoo,https://mulesoo.com,live,Instagram,"🛠️ MuleSoo Digital Services — what you actually get:

✅ lead capture with instant email + WhatsApp alerts on every enquiry
✅ a Stripe store that takes card payments for digital products
✅ one secure command centre: leads, bookings, content, pricing, payments

Live now.

See it: https://mulesoo.com

#MuleSoo #WebDesignPretoria #AIforBusiness #SouthAfricaTech #NextJS",368,Lead capture with instant email + WhatsApp alerts on every enquiry.,MULESOO PLATFORM,#00C8FF
2026-10-31,61,Saturday,9,PROOF,MuleSoo Digital Services,mulesoo,https://mulesoo.com,live,Facebook,"People ask what ""MuleSoo Digital Services"" really means. Plainly:

✅ lead capture with instant email + WhatsApp alerts on every enquiry
✅ a Stripe store that takes card payments for digital products
✅ one secure command centre: leads, bookings, content, pricing, payments

Live now. See it: https://mulesoo.com",310,Lead capture with instant email + WhatsApp alerts on every enquiry.,MULESOO PLATFORM,#00C8FF
2026-10-31,61,Saturday,9,PROOF,MuleSoo Digital Services,mulesoo,https://mulesoo.com,live,TikTok,"Three things MuleSoo Digital Services does that a normal service business setup cannot 👇

1. lead capture with instant email + WhatsApp alerts on every enquiry
2. a Stripe store that takes card payments for digital products
3. one secure command centre: leads, bookings, content, pricing, payments

Live now.

mulesoo.com

#MuleSoo #WebDesignPretoria #AIforBusiness #SouthAfricaTech #NextJS",391,Lead capture with instant email + WhatsApp alerts on every enquiry.,MULESOO PLATFORM,#00C8FF
2026-10-31,61,Saturday,9,PROOF,MuleSoo Digital Services,mulesoo,https://mulesoo.com,live,X,"MuleSoo Digital Services:
• lead capture with instant email + WhatsApp alerts on every enquiry
• a Stripe store that takes card payments for digital products

https://mulesoo.com",178,Lead capture with instant email + WhatsApp alerts on every enquiry.,MULESOO PLATFORM,#00C8FF
2026-11-01,62,Sunday,9,BEHIND,Habesha Celebration Events,habesha,https://habeshaeventsplanner.netlify.app,live,LinkedIn,"Under the bonnet of Habesha Celebration Events:

React and Framer Motion on Netlify — the animation budget went entirely into the gallery.

Every image is sized for a phone first; the desktop version is the afterthought, deliberately.

None of this is visible to the client, and all of it is why the thing keeps working in month nine.

See it: https://habeshaeventsplanner.netlify.app

#HabeshaEvents #EthiopianWedding #EventPlanner",432,React and Framer Motion on Netlify — the animation budget went entirely into the gallery.,HABESHA EVENTS,#7B2FFF
2026-11-01,62,Sunday,9,BEHIND,Habesha Celebration Events,habesha,https://habeshaeventsplanner.netlify.app,live,Instagram,"Behind the build 🔧 Habesha Celebration Events

React and Framer Motion on Netlify — the animation budget went entirely into the gallery.

The boring decisions are the ones that hold.

#HabeshaEvents #EthiopianWedding #EventPlanner #WeddingSA #MuleSoo",251,React and Framer Motion on Netlify — the animation budget went entirely into the gallery.,HABESHA EVENTS,#7B2FFF
2026-11-01,62,Sunday,9,BEHIND,Habesha Celebration Events,habesha,https://habeshaeventsplanner.netlify.app,live,Facebook,"A look behind Habesha Celebration Events:

React and Framer Motion on Netlify — the animation budget went entirely into the gallery.

Every image is sized for a phone first; the desktop version is the afterthought, deliberately.

We build the invisible parts properly. That is the whole difference between a demo and a system you can run a business on.",352,React and Framer Motion on Netlify — the animation budget went entirely into the gallery.,HABESHA EVENTS,#7B2FFF
2026-11-01,62,Sunday,9,BEHIND,Habesha Celebration Events,habesha,https://habeshaeventsplanner.netlify.app,live,TikTok,"Behind the build 🔧

Habesha Celebration Events: React and Framer Motion on Netlify — the animation budget went entirely into the gallery.

The unglamorous decisions are the ones that save you in month nine.

mulesoo.com

#HabeshaEvents #EthiopianWedding #EventPlanner #WeddingSA #MuleSoo",288,React and Framer Motion on Netlify — the animation budget went entirely into the gallery.,HABESHA EVENTS,#7B2FFF
2026-11-01,62,Sunday,9,BEHIND,Habesha Celebration Events,habesha,https://habeshaeventsplanner.netlify.app,live,X,"Habesha Celebration Events — under the bonnet:

React and Framer Motion on Netlify — the animation budget went entirely into the gallery.",137,React and Framer Motion on Netlify — the animation budget went entirely into the gallery.,HABESHA EVENTS,#7B2FFF
2026-11-02,63,Monday,9,OFFER,YoYo Gym — AI Membership Platform,yoyogym,https://yoyogym.vercel.app,live,LinkedIn,"Running a gym off a register book and a good memory?

We built YoYo Gym — AI Membership Platform for exactly that — QR check-in, so the front desk becomes a scanner instead of a bottleneck.

Same system, your brand, your sector.

Tell us what your week looks like and we will tell you honestly whether software fixes it: mulesoo.com/contact

#GymSoftware #FitnessBusiness #YoYoGym",380,Running a gym off a register book and a good memory?,YOYO GYM,#00FF88
2026-11-02,63,Monday,9,OFFER,YoYo Gym — AI Membership Platform,yoyogym,https://yoyogym.vercel.app,live,Instagram,"Running a gym off a register book and a good memory? 🏋️

We built YoYo Gym — AI Membership Platform to solve it — you get members, plans and payments in one place instead of three books.

Same system, your brand, your sector.

📩 mulesoo.com/contact
💬 wa.me/27688529333

#GymSoftware #FitnessBusiness #YoYoGym #MembershipSystem #MuleSoo",338,Running a gym off a register book and a good memory?,YOYO GYM,#00FF88
2026-11-02,63,Monday,9,OFFER,YoYo Gym — AI Membership Platform,yoyogym,https://yoyogym.vercel.app,live,Facebook,"Running a gym off a register book and a good memory?

That is precisely why YoYo Gym — AI Membership Platform exists — QR check-in, so the front desk becomes a scanner instead of a bottleneck.

Same system, your brand, your sector. Message us and we will tell you straight whether this is worth it for your business.

📩 mulesoo.com/contact  ·  💬 wa.me/27688529333",365,Running a gym off a register book and a good memory?,YOYO GYM,#00FF88
2026-11-02,63,Monday,9,OFFER,YoYo Gym — AI Membership Platform,yoyogym,https://yoyogym.vercel.app,live,TikTok,"Running a gym off a register book and a good memory? 🏋️

We already built it once — YoYo Gym — AI Membership Platform.

Same system, your brand, your sector.

mulesoo.com

#GymSoftware #FitnessBusiness #YoYoGym #MembershipSystem #MuleSoo",238,Running a gym off a register book and a good memory?,YOYO GYM,#00FF88
2026-11-02,63,Monday,9,OFFER,YoYo Gym — AI Membership Platform,yoyogym,https://yoyogym.vercel.app,live,X,"Running a gym off a register book and a good memory?

We built YoYo Gym — AI Membership Platform for exactly this.

mulesoo.com/contact",135,Running a gym off a register book and a good memory?,YOYO GYM,#00FF88
2026-11-03,64,Tuesday,10,SPOTLIGHT,X-Boss Photography Studio,xboss,https://xbossphotography.vercel.app,live,LinkedIn,"We built X-Boss Photography Studio.

In one line: a dark-luxury booking system with an AI assistant, an admin dashboard and signable PDF confirmations.

The part that matters — a guided booking assistant with live date and time pickers, review and edit before confirming.

What the owner ends up with: bookings taken while you are behind the camera.

See it: https://xbossphotography.vercel.app

#PhotographyBusiness #StudioBooking #XBoss",438,We built X-Boss Photography Studio.,X-BOSS PHOTOGRAPHY,#E8B84B
2026-11-03,64,Tuesday,10,SPOTLIGHT,X-Boss Photography Studio,xboss,https://xbossphotography.vercel.app,live,Instagram,"📸 We built X-Boss Photography Studio.

A dark-luxury booking system with an AI assistant, an admin dashboard and signable PDF confirmations.

✨ a guided booking assistant with live date and time pickers, review and edit before confirming
✅ bookings taken while you are behind the camera

See it: https://xbossphotography.vercel.app

#PhotographyBusiness #StudioBooking #XBoss #BookingSystem #MuleSoo",400,We built X-Boss Photography Studio.,X-BOSS PHOTOGRAPHY,#E8B84B
2026-11-03,64,Tuesday,10,SPOTLIGHT,X-Boss Photography Studio,xboss,https://xbossphotography.vercel.app,live,Facebook,"We built X-Boss Photography Studio.

It is a dark-luxury booking system with an AI assistant, an admin dashboard and signable PDF confirmations.

The thing people notice first: a guided booking assistant with live date and time pickers, review and edit before confirming.

If you run a photography studio and this sounds like your week — we should talk. mulesoo.com",365,We built X-Boss Photography Studio.,X-BOSS PHOTOGRAPHY,#E8B84B
2026-11-03,64,Tuesday,10,SPOTLIGHT,X-Boss Photography Studio,xboss,https://xbossphotography.vercel.app,live,TikTok,"POV: you run a photography studio. 📸

We built X-Boss Photography Studio.

It does one thing brilliantly: a guided booking assistant with live date and time pickers, review and edit before confirming.

Full build on mulesoo.com

#PhotographyBusiness #StudioBooking #XBoss #BookingSystem #MuleSoo",296,We built X-Boss Photography Studio.,X-BOSS PHOTOGRAPHY,#E8B84B
2026-11-03,64,Tuesday,10,SPOTLIGHT,X-Boss Photography Studio,xboss,https://xbossphotography.vercel.app,live,X,"We built X-Boss Photography Studio. A dark-luxury booking system with an AI assistant, an admin dashboard and signable PDF confirmations.

https://xbossphotography.vercel.app",174,We built X-Boss Photography Studio.,X-BOSS PHOTOGRAPHY,#E8B84B
2026-11-04,65,Wednesday,10,PROBLEM,Shime Events & Planning,shime,https://shimeeventplaning.vercel.app,live,LinkedIn,"Half your clients think in Amharic and your booking form only speaks English. That is half your market.

That was the brief behind Shime Events & Planning.

We built it around one idea: a full booking flow in English and Amharic, neither one an afterthought.

A bilingual booking assistant that walks a client through seventeen steps and ends with a signed PDF contract.

See it: https://shimeeventplaning.vercel.app

#EventPlanning #ShimeEvents #BilingualWeb",459,Half your clients think in Amharic and your booking form only speaks English. That is half your market.,SHIME EVENTS,#E8B84B
2026-11-04,65,Wednesday,10,PROBLEM,Shime Events & Planning,shime,https://shimeeventplaning.vercel.app,live,Instagram,"Half your clients think in Amharic and your booking form only speaks English. That is half your market. 😮‍💨

So we built Shime Events & Planning.

A full booking flow in English and Amharic, neither one an afterthought.

See it: https://shimeeventplaning.vercel.app

#EventPlanning #ShimeEvents #BilingualWeb #Amharic #MuleSoo",328,Half your clients think in Amharic and your booking form only speaks English. That is half your market.,SHIME EVENTS,#E8B84B
2026-11-04,65,Wednesday,10,PROBLEM,Shime Events & Planning,shime,https://shimeeventplaning.vercel.app,live,Facebook,"Half your clients think in Amharic and your booking form only speaks English. That is half your market.

Every event planning business we have spoken to says a version of that sentence.

Shime Events & Planning exists to end it — a full booking flow in English and Amharic, neither one an afterthought.

See it: https://shimeeventplaning.vercel.app",348,Half your clients think in Amharic and your booking form only speaks English. That is half your market.,SHIME EVENTS,#E8B84B
2026-11-04,65,Wednesday,10,PROBLEM,Shime Events & Planning,shime,https://shimeeventplaning.vercel.app,live,TikTok,"Tell me you run an event planning business without telling me. 👇

""Half your clients think in Amharic and your booking form only speaks English. That is half your market.""

That is why we built Shime Events & Planning — a full booking flow in English and Amharic, neither one an afterthought.

mulesoo.com

#EventPlanning #ShimeEvents #BilingualWeb #Amharic #MuleSoo",367,Half your clients think in Amharic and your booking form only speaks English. That is half your market.,SHIME EVENTS,#E8B84B
2026-11-04,65,Wednesday,10,PROBLEM,Shime Events & Planning,shime,https://shimeeventplaning.vercel.app,live,X,"Half your clients think in Amharic and your booking form only speaks English. That is half your market.

So we built Shime Events & Planning.

https://shimeeventplaning.vercel.app",179,Half your clients think in Amharic and your booking form only speaks English. That is half your market.,SHIME EVENTS,#E8B84B
2026-11-05,66,Thursday,10,FUNNY,Tsedi Catering & Events,tsedi,https://tsedicatering.vercel.app,live,LinkedIn,"Tsedi has no website. It has a QR code with a better work ethic than most websites.

Behind the joke there is a real system: Tsedi Catering & Events — a QR code that opens a personal booking assistant — no website, no app, no forms to chase.

Humour is just the shortest way to describe a problem everyone running a catering business already has.

See it: https://tsedicatering.vercel.app

#CateringBusiness #QRBooking #TsediCatering",433,Tsedi has no website. It has a QR code with a better work ethic than most websites.,TSEDI CATERING,#E8B84B
2026-11-05,66,Thursday,10,FUNNY,Tsedi Catering & Events,tsedi,https://tsedicatering.vercel.app,live,Instagram,"Tsedi has no website. It has a QR code with a better work ethic than most websites. 😂

(Tsedi Catering & Events. Yes, it is real.)

See it: https://tsedicatering.vercel.app

#CateringBusiness #QRBooking #TsediCatering #AIAssistant #MuleSoo",240,Tsedi has no website. It has a QR code with a better work ethic than most websites.,TSEDI CATERING,#E8B84B
2026-11-05,66,Thursday,10,FUNNY,Tsedi Catering & Events,tsedi,https://tsedicatering.vercel.app,live,Facebook,"Tsedi has no website. It has a QR code with a better work ethic than most websites.

True story from building Tsedi Catering & Events — a QR code that opens a personal booking assistant — no website, no app, no forms to chase.

On event day you scan the client's code. It is a nightclub door policy, for samosas.

See it: https://tsedicatering.vercel.app",354,Tsedi has no website. It has a QR code with a better work ethic than most websites.,TSEDI CATERING,#E8B84B
2026-11-05,66,Thursday,10,FUNNY,Tsedi Catering & Events,tsedi,https://tsedicatering.vercel.app,live,TikTok,"Tsedi has no website. It has a QR code with a better work ethic than most websites. 💀

Not a joke though — Tsedi Catering & Events actually does this.

On event day you scan the client's code. It is a nightclub door policy, for samosas.

mulesoo.com

#CateringBusiness #QRBooking #TsediCatering #AIAssistant #MuleSoo",317,Tsedi has no website. It has a QR code with a better work ethic than most websites.,TSEDI CATERING,#E8B84B
2026-11-05,66,Thursday,10,FUNNY,Tsedi Catering & Events,tsedi,https://tsedicatering.vercel.app,live,X,"Tsedi has no website. It has a QR code with a better work ethic than most websites.

— from building Tsedi Catering & Events",124,Tsedi has no website. It has a QR code with a better work ethic than most websites.,TSEDI CATERING,#E8B84B
2026-11-06,67,Friday,10,HOWTO,TSI AI Booking Assistant,tsi,https://mulesoo.com/services/chatbot,live,LinkedIn,"Something TSI AI Booking Assistant taught us:

Give the assistant your real prices. A bot that invents a number has just made a contract for you.

Two more from the same build:

• Always capture contact details before answering the deep question — that is the whole lead.
• Give it a clear escalation rule. ""I do not know, here is a human"" is a feature, not a failure.

All three are in the live product, not in a slide deck. See it: https://mulesoo.com/services/chatbot

#AIChatbot #Hospitality #Reservations",509,Give the assistant your real prices. A bot that invents a number has just made a contract for you.,TSI ASSISTANT,#00C8FF
2026-11-06,67,Friday,10,HOWTO,TSI AI Booking Assistant,tsi,https://mulesoo.com/services/chatbot,live,Instagram,"Lesson from building TSI AI Booking Assistant 🤖

📌 Give the assistant your real prices. A bot that invents a number has just made a contract for you.

Save this one — it applies far beyond this one project.

#AIChatbot #Hospitality #Reservations #CustomerService #MuleSoo",273,Give the assistant your real prices. A bot that invents a number has just made a contract for you.,TSI ASSISTANT,#00C8FF
2026-11-06,67,Friday,10,HOWTO,TSI AI Booking Assistant,tsi,https://mulesoo.com/services/chatbot,live,Facebook,"A free lesson from building TSI AI Booking Assistant:

Give the assistant your real prices. A bot that invents a number has just made a contract for you.

It sounds small. It is the difference between a system that works and one that quietly loses you money.

More of how we build: mulesoo.com",293,Give the assistant your real prices. A bot that invents a number has just made a contract for you.,TSI ASSISTANT,#00C8FF
2026-11-06,67,Friday,10,HOWTO,TSI AI Booking Assistant,tsi,https://mulesoo.com/services/chatbot,live,TikTok,"Free game from a real build 🧠

Give the assistant your real prices. A bot that invents a number has just made a contract for you.

Learned it building TSI AI Booking Assistant.

mulesoo.com

#AIChatbot #Hospitality #Reservations #CustomerService #MuleSoo",255,Give the assistant your real prices. A bot that invents a number has just made a contract for you.,TSI ASSISTANT,#00C8FF
2026-11-06,67,Friday,10,HOWTO,TSI AI Booking Assistant,tsi,https://mulesoo.com/services/chatbot,live,X,"Give the assistant your real prices. A bot that invents a number has just made a contract for you.

— learned building TSI AI Booking Assistant",143,Give the assistant your real prices. A bot that invents a number has just made a contract for you.,TSI ASSISTANT,#00C8FF
2026-11-07,68,Saturday,10,PROOF,Sena — AI Front Desk Receptionist,sena,https://mulesoo.com/ai-automation,building,LinkedIn,"What Sena — AI Front Desk Receptionist actually does — not adjectives, features:

• reception answered at 3am without a night shift
• payment collected during the call, not chased afterwards
• a single-use QR guest ID scanned at the door

In active build — nothing here is launched yet. Still in build — follow along: mulesoo.com

No invented statistics on this page. Open it and check for yourself.

#VoiceAI #HotelTech #Sena",426,Reception answered at 3am without a night shift.,SENA · IN BUILD,#7B2FFF
2026-11-07,68,Saturday,10,PROOF,Sena — AI Front Desk Receptionist,sena,https://mulesoo.com/ai-automation,building,Instagram,"🏨 Sena — AI Front Desk Receptionist — what you actually get:

✅ reception answered at 3am without a night shift
✅ payment collected during the call, not chased afterwards
✅ a single-use QR guest ID scanned at the door

In active build — nothing here is launched yet.

Still in build — follow along: mulesoo.com

#VoiceAI #HotelTech #Sena #Hospitality #MuleSoo",360,Reception answered at 3am without a night shift.,SENA · IN BUILD,#7B2FFF
2026-11-07,68,Saturday,10,PROOF,Sena — AI Front Desk Receptionist,sena,https://mulesoo.com/ai-automation,building,Facebook,"People ask what ""Sena — AI Front Desk Receptionist"" really means. Plainly:

✅ reception answered at 3am without a night shift
✅ payment collected during the call, not chased afterwards
✅ a single-use QR guest ID scanned at the door

In active build — nothing here is launched yet. Still in build — follow along: mulesoo.com",323,Reception answered at 3am without a night shift.,SENA · IN BUILD,#7B2FFF
2026-11-07,68,Saturday,10,PROOF,Sena — AI Front Desk Receptionist,sena,https://mulesoo.com/ai-automation,building,TikTok,"Three things Sena — AI Front Desk Receptionist does that a normal hotel setup cannot 👇

1. reception answered at 3am without a night shift
2. payment collected during the call, not chased afterwards
3. a single-use QR guest ID scanned at the door

In active build — nothing here is launched yet.

mulesoo.com

#VoiceAI #HotelTech #Sena #Hospitality #MuleSoo",358,Reception answered at 3am without a night shift.,SENA · IN BUILD,#7B2FFF
2026-11-07,68,Saturday,10,PROOF,Sena — AI Front Desk Receptionist,sena,https://mulesoo.com/ai-automation,building,X,"Sena — AI Front Desk Receptionist:
• reception answered at 3am without a night shift
• payment collected during the call, not chased afterwards

https://mulesoo.com/ai-automation",178,Reception answered at 3am without a night shift.,SENA · IN BUILD,#7B2FFF
2026-11-08,69,Sunday,10,BEHIND,Yewogen Derash (ወገን ደራሽ),yewogen,https://mulesoo.com/case-studies,building,LinkedIn,"Under the bonnet of Yewogen Derash (ወገን ደራሽ):

Next.js and Prisma over Supabase Postgres, with Auth.js RBAC for donor, owner and admin.

Chapa handles payment and nothing is trusted until its webhook is verified server-side.

None of this is visible to the client, and all of it is why the thing keeps working in month nine.

Still in build — follow along: mulesoo.com

#Crowdfunding #Ethiopia #YewogenDerash",408,"Next.js and Prisma over Supabase Postgres, with Auth.js RBAC for donor, owner and admin.",YEWOGEN DERASH · IN BUILD,#00C8FF
2026-11-08,69,Sunday,10,BEHIND,Yewogen Derash (ወገን ደራሽ),yewogen,https://mulesoo.com/case-studies,building,Instagram,"Behind the build 🔧 Yewogen Derash (ወገን ደራሽ)

Next.js and Prisma over Supabase Postgres, with Auth.js RBAC for donor, owner and admin.

The boring decisions are the ones that hold.

#Crowdfunding #Ethiopia #YewogenDerash #FinTech #MuleSoo",238,"Next.js and Prisma over Supabase Postgres, with Auth.js RBAC for donor, owner and admin.",YEWOGEN DERASH · IN BUILD,#00C8FF
2026-11-08,69,Sunday,10,BEHIND,Yewogen Derash (ወገን ደራሽ),yewogen,https://mulesoo.com/case-studies,building,Facebook,"A look behind Yewogen Derash (ወገን ደራሽ):

Next.js and Prisma over Supabase Postgres, with Auth.js RBAC for donor, owner and admin.

Chapa handles payment and nothing is trusted until its webhook is verified server-side.

We build the invisible parts properly. That is the whole difference between a demo and a system you can run a business on.",342,"Next.js and Prisma over Supabase Postgres, with Auth.js RBAC for donor, owner and admin.",YEWOGEN DERASH · IN BUILD,#00C8FF
2026-11-08,69,Sunday,10,BEHIND,Yewogen Derash (ወገን ደራሽ),yewogen,https://mulesoo.com/case-studies,building,TikTok,"Behind the build 🔧

Yewogen Derash (ወገን ደራሽ): Next.js and Prisma over Supabase Postgres, with Auth.js RBAC for donor, owner and admin.

The unglamorous decisions are the ones that save you in month nine.

mulesoo.com

#Crowdfunding #Ethiopia #YewogenDerash #FinTech #MuleSoo",275,"Next.js and Prisma over Supabase Postgres, with Auth.js RBAC for donor, owner and admin.",YEWOGEN DERASH · IN BUILD,#00C8FF
2026-11-08,69,Sunday,10,BEHIND,Yewogen Derash (ወገን ደራሽ),yewogen,https://mulesoo.com/case-studies,building,X,"Yewogen Derash — under the bonnet:

Next.js and Prisma over Supabase Postgres, with Auth.js RBAC for donor, owner and admin.",124,"Next.js and Prisma over Supabase Postgres, with Auth.js RBAC for donor, owner and admin.",YEWOGEN DERASH · IN BUILD,#00C8FF
2026-11-09,70,Monday,10,OFFER,Pretoria Kidane Mihret Church Platform,church,https://mulesoo.com/portfolio,live,LinkedIn,"Does your organisation need to speak two languages properly?

We built Pretoria Kidane Mihret Church Platform for exactly that — service times, priest, address and contact all editable from an admin panel, no code touched.

Same system, your brand, your sector.

Tell us what your week looks like and we will tell you honestly whether software fixes it: mulesoo.com/contact

#ChurchWebsite #Amharic #Bilingual",409,Does your organisation need to speak two languages properly?,KIDANE MIHRET,#E8B84B
2026-11-09,70,Monday,10,OFFER,Pretoria Kidane Mihret Church Platform,church,https://mulesoo.com/portfolio,live,Instagram,"Does your organisation need to speak two languages properly? ⛪

We built Pretoria Kidane Mihret Church Platform to solve it — you get one accurate place for service times, in both languages.

Same system, your brand, your sector.

📩 mulesoo.com/contact
💬 wa.me/27688529333

#ChurchWebsite #Amharic #Bilingual #Pretoria #MuleSoo",329,Does your organisation need to speak two languages properly?,KIDANE MIHRET,#E8B84B
2026-11-09,70,Monday,10,OFFER,Pretoria Kidane Mihret Church Platform,church,https://mulesoo.com/portfolio,live,Facebook,"Does your organisation need to speak two languages properly?

That is precisely why Pretoria Kidane Mihret Church Platform exists — service times, priest, address and contact all editable from an admin panel, no code touched.

Same system, your brand, your sector. Message us and we will tell you straight whether this is worth it for your business.

📩 mulesoo.com/contact  ·  💬 wa.me/27688529333",398,Does your organisation need to speak two languages properly?,KIDANE MIHRET,#E8B84B
2026-11-09,70,Monday,10,OFFER,Pretoria Kidane Mihret Church Platform,church,https://mulesoo.com/portfolio,live,TikTok,"Does your organisation need to speak two languages properly? ⛪

We already built it once — Pretoria Kidane Mihret Church Platform.

Same system, your brand, your sector.

mulesoo.com

#ChurchWebsite #Amharic #Bilingual #Pretoria #MuleSoo",237,Does your organisation need to speak two languages properly?,KIDANE MIHRET,#E8B84B
2026-11-09,70,Monday,10,OFFER,Pretoria Kidane Mihret Church Platform,church,https://mulesoo.com/portfolio,live,X,"Does your organisation need to speak two languages properly?

We built Pretoria Kidane Mihret Church Platform for exactly this.

mulesoo.com/contact",148,Does your organisation need to speak two languages properly?,KIDANE MIHRET,#E8B84B
2026-11-10,71,Tuesday,11,SPOTLIGHT,DR. Hospital — AI Clinic System,drhospital,https://mulesoo.com/case-studies,building,LinkedIn,"We building DR. Hospital — AI Clinic System.

In one line: a clinic and hospital management system with AI intake — currently in active development.

The part that matters — AI intake that collects the routine details before the patient reaches the desk.

What the owner ends up with: reception freed from the phone during consulting hours.

Still in build — follow along: mulesoo.com

#HealthTech #ClinicSoftware #AIIntake",423,We building DR. Hospital — AI Clinic System.,DR. HOSPITAL · IN BUILD,#00FF88
2026-11-10,71,Tuesday,11,SPOTLIGHT,DR. Hospital — AI Clinic System,drhospital,https://mulesoo.com/case-studies,building,Instagram,"🩺 We building DR. Hospital — AI Clinic System.

A clinic and hospital management system with AI intake — currently in active development.

✨ AI intake that collects the routine details before the patient reaches the desk
✅ reception freed from the phone during consulting hours

Still in build — follow along: mulesoo.com

#HealthTech #ClinicSoftware #AIIntake #POPIA #MuleSoo",377,We building DR. Hospital — AI Clinic System.,DR. HOSPITAL · IN BUILD,#00FF88
2026-11-10,71,Tuesday,11,SPOTLIGHT,DR. Hospital — AI Clinic System,drhospital,https://mulesoo.com/case-studies,building,Facebook,"We building DR. Hospital — AI Clinic System.

It is a clinic and hospital management system with AI intake — currently in active development.

The thing people notice first: AI intake that collects the routine details before the patient reaches the desk.

If you run a clinic and this sounds like your week — we should talk. mulesoo.com",336,We building DR. Hospital — AI Clinic System.,DR. HOSPITAL · IN BUILD,#00FF88
2026-11-10,71,Tuesday,11,SPOTLIGHT,DR. Hospital — AI Clinic System,drhospital,https://mulesoo.com/case-studies,building,TikTok,"POV: you run a clinic. 🩺

We building DR. Hospital — AI Clinic System.

It does one thing brilliantly: AI intake that collects the routine details before the patient reaches the desk.

Full build on mulesoo.com

#HealthTech #ClinicSoftware #AIIntake #POPIA #MuleSoo",266,We building DR. Hospital — AI Clinic System.,DR. HOSPITAL · IN BUILD,#00FF88
2026-11-10,71,Tuesday,11,SPOTLIGHT,DR. Hospital — AI Clinic System,drhospital,https://mulesoo.com/case-studies,building,X,"We building DR. Hospital — AI Clinic System. A clinic and hospital management system with AI intake — currently in active development.

https://mulesoo.com/case-studies",168,We building DR. Hospital — AI Clinic System.,DR. HOSPITAL · IN BUILD,#00FF88
2026-11-11,72,Wednesday,11,PROBLEM,MuleSoo Guides & Digital Store,guides,https://mulesoo.com/store,live,LinkedIn,"Most ""learn to build"" content is written by people who have never shipped for a paying client.

That was the brief behind MuleSoo Guides & Digital Store.

We built it around one idea: written from projects that are live right now, not from theory.

The guides we wrote from real builds — bought once, downloaded instantly, used forever.

See it: https://mulesoo.com/store

#DigitalProducts #ClaudeCode #LearnToBuild",415,"Most ""learn to build"" content is written by people who have never shipped for a paying client.",MULESOO STORE,#E8B84B
2026-11-11,72,Wednesday,11,PROBLEM,MuleSoo Guides & Digital Store,guides,https://mulesoo.com/store,live,Instagram,"Most ""learn to build"" content is written by people who have never shipped for a paying client. 😮‍💨

So we built MuleSoo Guides & Digital Store.

Written from projects that are live right now, not from theory.

See it: https://mulesoo.com/store

#DigitalProducts #ClaudeCode #LearnToBuild #PassiveIncome #MuleSoo",313,"Most ""learn to build"" content is written by people who have never shipped for a paying client.",MULESOO STORE,#E8B84B
2026-11-11,72,Wednesday,11,PROBLEM,MuleSoo Guides & Digital Store,guides,https://mulesoo.com/store,live,Facebook,"Most ""learn to build"" content is written by people who have never shipped for a paying client.

Every knowledge business we have spoken to says a version of that sentence.

MuleSoo Guides & Digital Store exists to end it — written from projects that are live right now, not from theory.

See it: https://mulesoo.com/store",321,"Most ""learn to build"" content is written by people who have never shipped for a paying client.",MULESOO STORE,#E8B84B
2026-11-11,72,Wednesday,11,PROBLEM,MuleSoo Guides & Digital Store,guides,https://mulesoo.com/store,live,TikTok,"Tell me you run a knowledge business without telling me. 👇

""Most ""learn to build"" content is written by people who have never shipped for a paying client.""

That is why we built MuleSoo Guides & Digital Store — written from projects that are live right now, not from theory.

mulesoo.com

#DigitalProducts #ClaudeCode #LearnToBuild #PassiveIncome #MuleSoo",357,"Most ""learn to build"" content is written by people who have never shipped for a paying client.",MULESOO STORE,#E8B84B
2026-11-11,72,Wednesday,11,PROBLEM,MuleSoo Guides & Digital Store,guides,https://mulesoo.com/store,live,X,"Most ""learn to build"" content is written by people who have never shipped for a paying client.

So we built MuleSoo Guides & Digital Store.

https://mulesoo.com/store",166,"Most ""learn to build"" content is written by people who have never shipped for a paying client.",MULESOO STORE,#E8B84B
2026-11-12,73,Thursday,11,FUNNY,MuleSoo Digital Services,mulesoo,https://mulesoo.com,live,LinkedIn,"Our website books clients while we sleep. We have started sleeping competitively.

Behind the joke there is a real system: MuleSoo Digital Services — the platform you are reading this from — it books its own clients, sells its own products and runs its own admin.

Humour is just the shortest way to describe a problem everyone running a service business already has.

See it: https://mulesoo.com

#MuleSoo #WebDesignPretoria #AIforBusiness",440,Our website books clients while we sleep. We have started sleeping competitively.,MULESOO PLATFORM,#00C8FF
2026-11-12,73,Thursday,11,FUNNY,MuleSoo Digital Services,mulesoo,https://mulesoo.com,live,Instagram,"Our website books clients while we sleep. We have started sleeping competitively. 😂

(MuleSoo Digital Services. Yes, it is real.)

See it: https://mulesoo.com

#MuleSoo #WebDesignPretoria #AIforBusiness #SouthAfricaTech #NextJS",228,Our website books clients while we sleep. We have started sleeping competitively.,MULESOO PLATFORM,#00C8FF
2026-11-12,73,Thursday,11,FUNNY,MuleSoo Digital Services,mulesoo,https://mulesoo.com,live,Facebook,"Our website books clients while we sleep. We have started sleeping competitively.

True story from building MuleSoo Digital Services — the platform you are reading this from — it books its own clients, sells its own products and runs its own admin.

The admin panel has face-recognition login. Ethan has been locked out by his own beard exactly once.

See it: https://mulesoo.com",379,Our website books clients while we sleep. We have started sleeping competitively.,MULESOO PLATFORM,#00C8FF
2026-11-12,73,Thursday,11,FUNNY,MuleSoo Digital Services,mulesoo,https://mulesoo.com,live,TikTok,"Our website books clients while we sleep. We have started sleeping competitively. 💀

Not a joke though — MuleSoo Digital Services actually does this.

The admin panel has face-recognition login. Ethan has been locked out by his own beard exactly once.

mulesoo.com

#MuleSoo #WebDesignPretoria #AIforBusiness #SouthAfricaTech #NextJS",334,Our website books clients while we sleep. We have started sleeping competitively.,MULESOO PLATFORM,#00C8FF
2026-11-12,73,Thursday,11,FUNNY,MuleSoo Digital Services,mulesoo,https://mulesoo.com,live,X,"Our website books clients while we sleep. We have started sleeping competitively.

— from building MuleSoo Digital Services",123,Our website books clients while we sleep. We have started sleeping competitively.,MULESOO PLATFORM,#00C8FF
2026-11-13,74,Friday,11,HOWTO,Habesha Celebration Events,habesha,https://habeshaeventsplanner.netlify.app,live,LinkedIn,"Something Habesha Celebration Events taught us:

For events, the hero image is the pitch. Compress it properly or it will cost you the booking.

Two more from the same build:

• Couples browse on phones at night. Design for a dark room and a thumb, not a desktop at noon.
• Cultural detail is a conversion feature. A site that understands the ceremony wins the family.

All three are in the live product, not in a slide deck. See it: https://habeshaeventsplanner.netlify.app

#HabeshaEvents #EthiopianWedding #EventPlanner",522,"For events, the hero image is the pitch. Compress it properly or it will cost you the booking.",HABESHA EVENTS,#7B2FFF
2026-11-13,74,Friday,11,HOWTO,Habesha Celebration Events,habesha,https://habeshaeventsplanner.netlify.app,live,Instagram,"Lesson from building Habesha Celebration Events 💍

📌 For events, the hero image is the pitch. Compress it properly or it will cost you the booking.

Save this one — it applies far beyond this one project.

#HabeshaEvents #EthiopianWedding #EventPlanner #WeddingSA #MuleSoo",274,"For events, the hero image is the pitch. Compress it properly or it will cost you the booking.",HABESHA EVENTS,#7B2FFF
2026-11-13,74,Friday,11,HOWTO,Habesha Celebration Events,habesha,https://habeshaeventsplanner.netlify.app,live,Facebook,"A free lesson from building Habesha Celebration Events:

For events, the hero image is the pitch. Compress it properly or it will cost you the booking.

It sounds small. It is the difference between a system that works and one that quietly loses you money.

More of how we build: mulesoo.com",291,"For events, the hero image is the pitch. Compress it properly or it will cost you the booking.",HABESHA EVENTS,#7B2FFF
2026-11-13,74,Friday,11,HOWTO,Habesha Celebration Events,habesha,https://habeshaeventsplanner.netlify.app,live,TikTok,"Free game from a real build 🧠

For events, the hero image is the pitch. Compress it properly or it will cost you the booking.

Learned it building Habesha Celebration Events.

mulesoo.com

#HabeshaEvents #EthiopianWedding #EventPlanner #WeddingSA #MuleSoo",256,"For events, the hero image is the pitch. Compress it properly or it will cost you the booking.",HABESHA EVENTS,#7B2FFF
2026-11-13,74,Friday,11,HOWTO,Habesha Celebration Events,habesha,https://habeshaeventsplanner.netlify.app,live,X,"For events, the hero image is the pitch. Compress it properly or it will cost you the booking.

— learned building Habesha Celebration Events",141,"For events, the hero image is the pitch. Compress it properly or it will cost you the booking.",HABESHA EVENTS,#7B2FFF
2026-11-14,75,Saturday,11,PROOF,YoYo Gym — AI Membership Platform,yoyogym,https://yoyogym.vercel.app,live,LinkedIn,"What YoYo Gym — AI Membership Platform actually does — not adjectives, features:

• members, plans and payments in one place instead of three books
• QR check-in that clears the morning queue
• an owner dashboard that answers ""who is behind on payment"" in one look

Live now. See it: https://yoyogym.vercel.app

No invented statistics on this page. Open it and check for yourself.

#GymSoftware #FitnessBusiness #YoYoGym",420,"Members, plans and payments in one place instead of three books.",YOYO GYM,#00FF88
2026-11-14,75,Saturday,11,PROOF,YoYo Gym — AI Membership Platform,yoyogym,https://yoyogym.vercel.app,live,Instagram,"🏋️ YoYo Gym — AI Membership Platform — what you actually get:

✅ members, plans and payments in one place instead of three books
✅ QR check-in that clears the morning queue
✅ an owner dashboard that answers ""who is behind on payment"" in one look

Live now.

See it: https://yoyogym.vercel.app

#GymSoftware #FitnessBusiness #YoYoGym #MembershipSystem #MuleSoo",360,"Members, plans and payments in one place instead of three books.",YOYO GYM,#00FF88
2026-11-14,75,Saturday,11,PROOF,YoYo Gym — AI Membership Platform,yoyogym,https://yoyogym.vercel.app,live,Facebook,"People ask what ""YoYo Gym — AI Membership Platform"" really means. Plainly:

✅ members, plans and payments in one place instead of three books
✅ QR check-in that clears the morning queue
✅ an owner dashboard that answers ""who is behind on payment"" in one look

Live now. See it: https://yoyogym.vercel.app",304,"Members, plans and payments in one place instead of three books.",YOYO GYM,#00FF88
2026-11-14,75,Saturday,11,PROOF,YoYo Gym — AI Membership Platform,yoyogym,https://yoyogym.vercel.app,live,TikTok,"Three things YoYo Gym — AI Membership Platform does that a normal gym setup cannot 👇

1. members, plans and payments in one place instead of three books
2. QR check-in that clears the morning queue
3. an owner dashboard that answers ""who is behind on payment"" in one look

Live now.

mulesoo.com

#GymSoftware #FitnessBusiness #YoYoGym #MembershipSystem #MuleSoo",363,"Members, plans and payments in one place instead of three books.",YOYO GYM,#00FF88
2026-11-14,75,Saturday,11,PROOF,YoYo Gym — AI Membership Platform,yoyogym,https://yoyogym.vercel.app,live,X,"YoYo Gym — AI Membership Platform:
• members, plans and payments in one place instead of three books
• QR check-in that clears the morning queue

https://yoyogym.vercel.app",172,"Members, plans and payments in one place instead of three books.",YOYO GYM,#00FF88
2026-11-15,76,Sunday,11,BEHIND,X-Boss Photography Studio,xboss,https://xbossphotography.vercel.app,live,LinkedIn,"Under the bonnet of X-Boss Photography Studio:

Next.js 16 with React 19, Supabase behind it, and @react-pdf/renderer producing the confirmation.

Session is a jose-signed JWT cookie — no token sitting in localStorage waiting to be stolen.

None of this is visible to the client, and all of it is why the thing keeps working in month nine.

See it: https://xbossphotography.vercel.app

#PhotographyBusiness #StudioBooking #XBoss",428,"Next.js 16 with React 19, Supabase behind it, and @react-pdf/renderer producing the confirmation.",X-BOSS PHOTOGRAPHY,#E8B84B
2026-11-15,76,Sunday,11,BEHIND,X-Boss Photography Studio,xboss,https://xbossphotography.vercel.app,live,Instagram,"Behind the build 🔧 X-Boss Photography Studio

Next.js 16 with React 19, Supabase behind it, and @react-pdf/renderer producing the confirmation.

The boring decisions are the ones that hold.

#PhotographyBusiness #StudioBooking #XBoss #BookingSystem #MuleSoo",258,"Next.js 16 with React 19, Supabase behind it, and @react-pdf/renderer producing the confirmation.",X-BOSS PHOTOGRAPHY,#E8B84B
2026-11-15,76,Sunday,11,BEHIND,X-Boss Photography Studio,xboss,https://xbossphotography.vercel.app,live,Facebook,"A look behind X-Boss Photography Studio:

Next.js 16 with React 19, Supabase behind it, and @react-pdf/renderer producing the confirmation.

Session is a jose-signed JWT cookie — no token sitting in localStorage waiting to be stolen.

We build the invisible parts properly. That is the whole difference between a demo and a system you can run a business on.",357,"Next.js 16 with React 19, Supabase behind it, and @react-pdf/renderer producing the confirmation.",X-BOSS PHOTOGRAPHY,#E8B84B
2026-11-15,76,Sunday,11,BEHIND,X-Boss Photography Studio,xboss,https://xbossphotography.vercel.app,live,TikTok,"Behind the build 🔧

X-Boss Photography Studio: Next.js 16 with React 19, Supabase behind it, and @react-pdf/renderer producing the confirmation.

The unglamorous decisions are the ones that save you in month nine.

mulesoo.com

#PhotographyBusiness #StudioBooking #XBoss #BookingSystem #MuleSoo",295,"Next.js 16 with React 19, Supabase behind it, and @react-pdf/renderer producing the confirmation.",X-BOSS PHOTOGRAPHY,#E8B84B
2026-11-15,76,Sunday,11,BEHIND,X-Boss Photography Studio,xboss,https://xbossphotography.vercel.app,live,X,"X-Boss Photography Studio — under the bonnet:

Next.js 16 with React 19, Supabase behind it, and @react-pdf/renderer producing the confirmation.",144,"Next.js 16 with React 19, Supabase behind it, and @react-pdf/renderer producing the confirmation.",X-BOSS PHOTOGRAPHY,#E8B84B
2026-11-16,77,Monday,11,OFFER,Shime Events & Planning,shime,https://shimeeventplaning.vercel.app,live,LinkedIn,"Losing bookings because your form only speaks one language?

We built Shime Events & Planning for exactly that — real-time date and time availability, so two clients never book the same Saturday.

Same system, your brand, your sector.

Tell us what your week looks like and we will tell you honestly whether software fixes it: mulesoo.com/contact

#EventPlanning #ShimeEvents #BilingualWeb",389,Losing bookings because your form only speaks one language?,SHIME EVENTS,#E8B84B
2026-11-16,77,Monday,11,OFFER,Shime Events & Planning,shime,https://shimeeventplaning.vercel.app,live,Instagram,"Losing bookings because your form only speaks one language? 🎊

We built Shime Events & Planning to solve it — you get clients booking in the language they actually think in.

Same system, your brand, your sector.

📩 mulesoo.com/contact
💬 wa.me/27688529333

#EventPlanning #ShimeEvents #BilingualWeb #Amharic #MuleSoo",319,Losing bookings because your form only speaks one language?,SHIME EVENTS,#E8B84B
2026-11-16,77,Monday,11,OFFER,Shime Events & Planning,shime,https://shimeeventplaning.vercel.app,live,Facebook,"Losing bookings because your form only speaks one language?

That is precisely why Shime Events & Planning exists — real-time date and time availability, so two clients never book the same Saturday.

Same system, your brand, your sector. Message us and we will tell you straight whether this is worth it for your business.

📩 mulesoo.com/contact  ·  💬 wa.me/27688529333",371,Losing bookings because your form only speaks one language?,SHIME EVENTS,#E8B84B
2026-11-16,77,Monday,11,OFFER,Shime Events & Planning,shime,https://shimeeventplaning.vercel.app,live,TikTok,"Losing bookings because your form only speaks one language? 🎊

We already built it once — Shime Events & Planning.

Same system, your brand, your sector.

mulesoo.com

#EventPlanning #ShimeEvents #BilingualWeb #Amharic #MuleSoo",228,Losing bookings because your form only speaks one language?,SHIME EVENTS,#E8B84B
2026-11-16,77,Monday,11,OFFER,Shime Events & Planning,shime,https://shimeeventplaning.vercel.app,live,X,"Losing bookings because your form only speaks one language?

We built Shime Events & Planning for exactly this.

mulesoo.com/contact",132,Losing bookings because your form only speaks one language?,SHIME EVENTS,#E8B84B
2026-11-17,78,Tuesday,12,SPOTLIGHT,Tsedi Catering & Events,tsedi,https://tsedicatering.vercel.app,live,LinkedIn,"We built Tsedi Catering & Events.

In one line: a QR code that opens a personal booking assistant — no website, no app, no forms to chase.

The part that matters — scan the code, chat, book — the client never downloads anything.

What the owner ends up with: bookings taken with both hands still in the kitchen.

See it: https://tsedicatering.vercel.app

#CateringBusiness #QRBooking #TsediCatering",398,We built Tsedi Catering & Events.,TSEDI CATERING,#E8B84B
2026-11-17,78,Tuesday,12,SPOTLIGHT,Tsedi Catering & Events,tsedi,https://tsedicatering.vercel.app,live,Instagram,"🍽️ We built Tsedi Catering & Events.

A QR code that opens a personal booking assistant — no website, no app, no forms to chase.

✨ scan the code, chat, book — the client never downloads anything
✅ bookings taken with both hands still in the kitchen

See it: https://tsedicatering.vercel.app

#CateringBusiness #QRBooking #TsediCatering #AIAssistant #MuleSoo",359,We built Tsedi Catering & Events.,TSEDI CATERING,#E8B84B
2026-11-17,78,Tuesday,12,SPOTLIGHT,Tsedi Catering & Events,tsedi,https://tsedicatering.vercel.app,live,Facebook,"We built Tsedi Catering & Events.

It is a QR code that opens a personal booking assistant — no website, no app, no forms to chase.

The thing people notice first: scan the code, chat, book — the client never downloads anything.

If you run a catering business and this sounds like your week — we should talk. mulesoo.com",321,We built Tsedi Catering & Events.,TSEDI CATERING,#E8B84B
2026-11-17,78,Tuesday,12,SPOTLIGHT,Tsedi Catering & Events,tsedi,https://tsedicatering.vercel.app,live,TikTok,"POV: you run a catering business. 🍽️

We built Tsedi Catering & Events.

It does one thing brilliantly: scan the code, chat, book — the client never downloads anything.

Full build on mulesoo.com

#CateringBusiness #QRBooking #TsediCatering #AIAssistant #MuleSoo",263,We built Tsedi Catering & Events.,TSEDI CATERING,#E8B84B
2026-11-17,78,Tuesday,12,SPOTLIGHT,Tsedi Catering & Events,tsedi,https://tsedicatering.vercel.app,live,X,"We built Tsedi Catering & Events. A QR code that opens a personal booking assistant — no website, no app, no forms to chase.

https://tsedicatering.vercel.app",158,We built Tsedi Catering & Events.,TSEDI CATERING,#E8B84B
2026-11-18,79,Wednesday,12,PROBLEM,TSI AI Booking Assistant,tsi,https://mulesoo.com/services/chatbot,live,LinkedIn,"Most reservation enquiries arrive after closing time and are answered the next morning, to nobody.

That was the brief behind TSI AI Booking Assistant.

We built it around one idea: it answers instantly, at 2am, in full sentences.

A reservations assistant that answers, qualifies and books, around the clock.

See it: https://mulesoo.com/services/chatbot

#AIChatbot #Hospitality #Reservations",394,"Most reservation enquiries arrive after closing time and are answered the next morning, to nobody.",TSI ASSISTANT,#00C8FF
2026-11-18,79,Wednesday,12,PROBLEM,TSI AI Booking Assistant,tsi,https://mulesoo.com/services/chatbot,live,Instagram,"Most reservation enquiries arrive after closing time and are answered the next morning, to nobody. 😮‍💨

So we built TSI AI Booking Assistant.

It answers instantly, at 2am, in full sentences.

See it: https://mulesoo.com/services/chatbot

#AIChatbot #Hospitality #Reservations #CustomerService #MuleSoo",304,"Most reservation enquiries arrive after closing time and are answered the next morning, to nobody.",TSI ASSISTANT,#00C8FF
2026-11-18,79,Wednesday,12,PROBLEM,TSI AI Booking Assistant,tsi,https://mulesoo.com/services/chatbot,live,Facebook,"Most reservation enquiries arrive after closing time and are answered the next morning, to nobody.

Every hotel or restaurant we have spoken to says a version of that sentence.

TSI AI Booking Assistant exists to end it — it answers instantly, at 2am, in full sentences.

See it: https://mulesoo.com/services/chatbot",316,"Most reservation enquiries arrive after closing time and are answered the next morning, to nobody.",TSI ASSISTANT,#00C8FF
2026-11-18,79,Wednesday,12,PROBLEM,TSI AI Booking Assistant,tsi,https://mulesoo.com/services/chatbot,live,TikTok,"Tell me you run a hotel or restaurant without telling me. 👇

""Most reservation enquiries arrive after closing time and are answered the next morning, to nobody.""

That is why we built TSI AI Booking Assistant — it answers instantly, at 2am, in full sentences.

mulesoo.com

#AIChatbot #Hospitality #Reservations #CustomerService #MuleSoo",338,"Most reservation enquiries arrive after closing time and are answered the next morning, to nobody.",TSI ASSISTANT,#00C8FF
2026-11-18,79,Wednesday,12,PROBLEM,TSI AI Booking Assistant,tsi,https://mulesoo.com/services/chatbot,live,X,"Most reservation enquiries arrive after closing time and are answered the next morning, to nobody.

So we built TSI AI Booking Assistant.

https://mulesoo.com/services/chatbot",175,"Most reservation enquiries arrive after closing time and are answered the next morning, to nobody.",TSI ASSISTANT,#00C8FF
2026-11-19,80,Thursday,12,FUNNY,Sena — AI Front Desk Receptionist,sena,https://mulesoo.com/ai-automation,building,LinkedIn,"Sena tells every guest she is an AI in the first ten seconds. Radical honesty, at reception.

Behind the joke there is a real system: Sena — AI Front Desk Receptionist — a voice receptionist for hotels: the guest clicks Call Reception and Sena actually answers.

Humour is just the shortest way to describe a problem everyone running a hotel already has.

Still in build — follow along: mulesoo.com

#VoiceAI #HotelTech #Sena",425,"Sena tells every guest she is an AI in the first ten seconds. Radical honesty, at reception.",SENA · IN BUILD,#7B2FFF
2026-11-19,80,Thursday,12,FUNNY,Sena — AI Front Desk Receptionist,sena,https://mulesoo.com/ai-automation,building,Instagram,"Sena tells every guest she is an AI in the first ten seconds. Radical honesty, at reception. 😂

(Sena — AI Front Desk Receptionist. Yes, it is real.)

Still in build — follow along: mulesoo.com

#VoiceAI #HotelTech #Sena #Hospitality #MuleSoo",243,"Sena tells every guest she is an AI in the first ten seconds. Radical honesty, at reception.",SENA · IN BUILD,#7B2FFF
2026-11-19,80,Thursday,12,FUNNY,Sena — AI Front Desk Receptionist,sena,https://mulesoo.com/ai-automation,building,Facebook,"Sena tells every guest she is an AI in the first ten seconds. Radical honesty, at reception.

True story from building Sena — AI Front Desk Receptionist — a voice receptionist for hotels: the guest clicks Call Reception and Sena actually answers.

She hands the call to a human the moment she is unsure. We should all be so self-aware.

Still in build — follow along: mulesoo.com",379,"Sena tells every guest she is an AI in the first ten seconds. Radical honesty, at reception.",SENA · IN BUILD,#7B2FFF
2026-11-19,80,Thursday,12,FUNNY,Sena — AI Front Desk Receptionist,sena,https://mulesoo.com/ai-automation,building,TikTok,"Sena tells every guest she is an AI in the first ten seconds. Radical honesty, at reception. 💀

Not a joke though — Sena — AI Front Desk Receptionist actually does this.

She hands the call to a human the moment she is unsure. We should all be so self-aware.

mulesoo.com

#VoiceAI #HotelTech #Sena #Hospitality #MuleSoo",321,"Sena tells every guest she is an AI in the first ten seconds. Radical honesty, at reception.",SENA · IN BUILD,#7B2FFF
2026-11-19,80,Thursday,12,FUNNY,Sena — AI Front Desk Receptionist,sena,https://mulesoo.com/ai-automation,building,X,"Sena tells every guest she is an AI in the first ten seconds. Radical honesty, at reception.

— from building Sena",114,"Sena tells every guest she is an AI in the first ten seconds. Radical honesty, at reception.",SENA · IN BUILD,#7B2FFF
2026-11-20,81,Friday,12,HOWTO,Yewogen Derash (ወገን ደራሽ),yewogen,https://mulesoo.com/case-studies,building,LinkedIn,"Something Yewogen Derash (ወገን ደራሽ) taught us:

Verify identity before the first donation, not after the first complaint.

Two more from the same build:

• One campaign, one ledger. Commingled funds cannot be audited, only apologised for.
• Audit-log every admin action. The log exists to protect the honest admin, not to catch them.

All three are in the live product, not in a slide deck. Still in build — follow along: mulesoo.com

#Crowdfunding #Ethiopia #YewogenDerash",472,"Verify identity before the first donation, not after the first complaint.",YEWOGEN DERASH · IN BUILD,#00C8FF
2026-11-20,81,Friday,12,HOWTO,Yewogen Derash (ወገን ደራሽ),yewogen,https://mulesoo.com/case-studies,building,Instagram,"Lesson from building Yewogen Derash (ወገን ደራሽ) 🤝

📌 Verify identity before the first donation, not after the first complaint.

Save this one — it applies far beyond this one project.

#Crowdfunding #Ethiopia #YewogenDerash #FinTech #MuleSoo",241,"Verify identity before the first donation, not after the first complaint.",YEWOGEN DERASH · IN BUILD,#00C8FF
2026-11-20,81,Friday,12,HOWTO,Yewogen Derash (ወገን ደራሽ),yewogen,https://mulesoo.com/case-studies,building,Facebook,"A free lesson from building Yewogen Derash (ወገን ደራሽ):

Verify identity before the first donation, not after the first complaint.

It sounds small. It is the difference between a system that works and one that quietly loses you money.

More of how we build: mulesoo.com",268,"Verify identity before the first donation, not after the first complaint.",YEWOGEN DERASH · IN BUILD,#00C8FF
2026-11-20,81,Friday,12,HOWTO,Yewogen Derash (ወገን ደራሽ),yewogen,https://mulesoo.com/case-studies,building,TikTok,"Free game from a real build 🧠

Verify identity before the first donation, not after the first complaint.

Learned it building Yewogen Derash (ወገን ደራሽ).

mulesoo.com

#Crowdfunding #Ethiopia #YewogenDerash #FinTech #MuleSoo",223,"Verify identity before the first donation, not after the first complaint.",YEWOGEN DERASH · IN BUILD,#00C8FF
2026-11-20,81,Friday,12,HOWTO,Yewogen Derash (ወገን ደራሽ),yewogen,https://mulesoo.com/case-studies,building,X,"Verify identity before the first donation, not after the first complaint.

— learned building Yewogen Derash",108,"Verify identity before the first donation, not after the first complaint.",YEWOGEN DERASH · IN BUILD,#00C8FF
2026-11-21,82,Saturday,12,PROOF,Pretoria Kidane Mihret Church Platform,church,https://mulesoo.com/portfolio,live,LinkedIn,"What Pretoria Kidane Mihret Church Platform actually does — not adjectives, features:

• one accurate place for service times, in both languages
• content the church updates itself, instantly
• a digital home that matches the institution's dignity

Live now. See it: https://mulesoo.com/portfolio

No invented statistics on this page. Open it and check for yourself.

#ChurchWebsite #Amharic #Bilingual",402,"One accurate place for service times, in both languages.",KIDANE MIHRET,#E8B84B
2026-11-21,82,Saturday,12,PROOF,Pretoria Kidane Mihret Church Platform,church,https://mulesoo.com/portfolio,live,Instagram,"⛪ Pretoria Kidane Mihret Church Platform — what you actually get:

✅ one accurate place for service times, in both languages
✅ content the church updates itself, instantly
✅ a digital home that matches the institution's dignity

Live now.

See it: https://mulesoo.com/portfolio

#ChurchWebsite #Amharic #Bilingual #Pretoria #MuleSoo",332,"One accurate place for service times, in both languages.",KIDANE MIHRET,#E8B84B
2026-11-21,82,Saturday,12,PROOF,Pretoria Kidane Mihret Church Platform,church,https://mulesoo.com/portfolio,live,Facebook,"People ask what ""Pretoria Kidane Mihret Church Platform"" really means. Plainly:

✅ one accurate place for service times, in both languages
✅ content the church updates itself, instantly
✅ a digital home that matches the institution's dignity

Live now. See it: https://mulesoo.com/portfolio",290,"One accurate place for service times, in both languages.",KIDANE MIHRET,#E8B84B
2026-11-21,82,Saturday,12,PROOF,Pretoria Kidane Mihret Church Platform,church,https://mulesoo.com/portfolio,live,TikTok,"Three things Pretoria Kidane Mihret Church Platform does that a normal church or community organisation setup cannot 👇

1. one accurate place for service times, in both languages
2. content the church updates itself, instantly
3. a digital home that matches the institution's dignity

Live now.

mulesoo.com

#ChurchWebsite #Amharic #Bilingual #Pretoria #MuleSoo",363,"One accurate place for service times, in both languages.",KIDANE MIHRET,#E8B84B
2026-11-21,82,Saturday,12,PROOF,Pretoria Kidane Mihret Church Platform,church,https://mulesoo.com/portfolio,live,X,"Pretoria Kidane Mihret Church Platform:
• one accurate place for service times, in both languages
• content the church updates itself, instantly

https://mulesoo.com/portfolio",175,"One accurate place for service times, in both languages.",KIDANE MIHRET,#E8B84B
2026-11-22,83,Sunday,12,BEHIND,DR. Hospital — AI Clinic System,drhospital,https://mulesoo.com/case-studies,building,LinkedIn,"Under the bonnet of DR. Hospital — AI Clinic System:

In active development — architecture and access rules first, interface second.

Every patient-facing automation stops well short of clinical advice, by design.

None of this is visible to the client, and all of it is why the thing keeps working in month nine.

Still in build — follow along: mulesoo.com

#HealthTech #ClinicSoftware #AIIntake",396,"In active development — architecture and access rules first, interface second.",DR. HOSPITAL · IN BUILD,#00FF88
2026-11-22,83,Sunday,12,BEHIND,DR. Hospital — AI Clinic System,drhospital,https://mulesoo.com/case-studies,building,Instagram,"Behind the build 🔧 DR. Hospital — AI Clinic System

In active development — architecture and access rules first, interface second.

The boring decisions are the ones that hold.

#HealthTech #ClinicSoftware #AIIntake #POPIA #MuleSoo",232,"In active development — architecture and access rules first, interface second.",DR. HOSPITAL · IN BUILD,#00FF88
2026-11-22,83,Sunday,12,BEHIND,DR. Hospital — AI Clinic System,drhospital,https://mulesoo.com/case-studies,building,Facebook,"A look behind DR. Hospital — AI Clinic System:

In active development — architecture and access rules first, interface second.

Every patient-facing automation stops well short of clinical advice, by design.

We build the invisible parts properly. That is the whole difference between a demo and a system you can run a business on.",331,"In active development — architecture and access rules first, interface second.",DR. HOSPITAL · IN BUILD,#00FF88
2026-11-22,83,Sunday,12,BEHIND,DR. Hospital — AI Clinic System,drhospital,https://mulesoo.com/case-studies,building,TikTok,"Behind the build 🔧

DR. Hospital — AI Clinic System: In active development — architecture and access rules first, interface second.

The unglamorous decisions are the ones that save you in month nine.

mulesoo.com

#HealthTech #ClinicSoftware #AIIntake #POPIA #MuleSoo",269,"In active development — architecture and access rules first, interface second.",DR. HOSPITAL · IN BUILD,#00FF88
2026-11-22,83,Sunday,12,BEHIND,DR. Hospital — AI Clinic System,drhospital,https://mulesoo.com/case-studies,building,X,"DR. Hospital — under the bonnet:

In active development — architecture and access rules first, interface second.",112,"In active development — architecture and access rules first, interface second.",DR. HOSPITAL · IN BUILD,#00FF88
2026-11-23,84,Monday,12,OFFER,MuleSoo Guides & Digital Store,guides,https://mulesoo.com/store,live,LinkedIn,"Want the process behind these builds, in writing?

We built MuleSoo Guides & Digital Store for exactly that — instant download after a secure card payment.

Same system, your brand, your sector.

Tell us what your week looks like and we will tell you honestly whether software fixes it: mulesoo.com/contact

#DigitalProducts #ClaudeCode #LearnToBuild",350,"Want the process behind these builds, in writing?",MULESOO STORE,#E8B84B
2026-11-23,84,Monday,12,OFFER,MuleSoo Guides & Digital Store,guides,https://mulesoo.com/store,live,Instagram,"Want the process behind these builds, in writing? 📘

We built MuleSoo Guides & Digital Store to solve it — you get the exact process behind live client builds.

Same system, your brand, your sector.

📩 mulesoo.com/contact
💬 wa.me/27688529333

#DigitalProducts #ClaudeCode #LearnToBuild #PassiveIncome #MuleSoo",312,"Want the process behind these builds, in writing?",MULESOO STORE,#E8B84B
2026-11-23,84,Monday,12,OFFER,MuleSoo Guides & Digital Store,guides,https://mulesoo.com/store,live,Facebook,"Want the process behind these builds, in writing?

That is precisely why MuleSoo Guides & Digital Store exists — instant download after a secure card payment.

Same system, your brand, your sector. Message us and we will tell you straight whether this is worth it for your business.

📩 mulesoo.com/contact  ·  💬 wa.me/27688529333",331,"Want the process behind these builds, in writing?",MULESOO STORE,#E8B84B
2026-11-23,84,Monday,12,OFFER,MuleSoo Guides & Digital Store,guides,https://mulesoo.com/store,live,TikTok,"Want the process behind these builds, in writing? 📘

We already built it once — MuleSoo Guides & Digital Store.

Same system, your brand, your sector.

mulesoo.com

#DigitalProducts #ClaudeCode #LearnToBuild #PassiveIncome #MuleSoo",232,"Want the process behind these builds, in writing?",MULESOO STORE,#E8B84B
2026-11-23,84,Monday,12,OFFER,MuleSoo Guides & Digital Store,guides,https://mulesoo.com/store,live,X,"Want the process behind these builds, in writing?

We built MuleSoo Guides & Digital Store for exactly this.

mulesoo.com/contact",129,"Want the process behind these builds, in writing?",MULESOO STORE,#E8B84B
2026-11-24,85,Tuesday,13,SPOTLIGHT,MuleSoo Digital Services,mulesoo,https://mulesoo.com,live,LinkedIn,"Project file: MuleSoo Digital Services.

In one line: the platform you are reading this from — it books its own clients, sells its own products and runs its own admin.

The part that matters — a full admin panel — leads pipeline, bookings, analytics, portfolio, pricing, testimonials — all editable without a developer.

What the owner ends up with: a Stripe store that takes card payments for digital products.

See it: https://mulesoo.com

#MuleSoo #WebDesignPretoria #AIforBusiness",484,We built MuleSoo Digital Services.,MULESOO PLATFORM,#00C8FF
2026-11-24,85,Tuesday,13,SPOTLIGHT,MuleSoo Digital Services,mulesoo,https://mulesoo.com,live,Instagram,"🛠️ Project file: MuleSoo Digital Services.

The platform you are reading this from — it books its own clients, sells its own products and runs its own admin.

✨ a full admin panel — leads pipeline, bookings, analytics, portfolio, pricing, testimonials — all editable without a developer
✅ a Stripe store that takes card payments for digital products

See it: https://mulesoo.com

#MuleSoo #WebDesignPretoria #AIforBusiness #SouthAfricaTech #NextJS",448,We built MuleSoo Digital Services.,MULESOO PLATFORM,#00C8FF
2026-11-24,85,Tuesday,13,SPOTLIGHT,MuleSoo Digital Services,mulesoo,https://mulesoo.com,live,Facebook,"Project file: MuleSoo Digital Services.

It is the platform you are reading this from — it books its own clients, sells its own products and runs its own admin.

The thing people notice first: a full admin panel — leads pipeline, bookings, analytics, portfolio, pricing, testimonials — all editable without a developer.

If you run a service business and this sounds like your week — we should talk. mulesoo.com",411,We built MuleSoo Digital Services.,MULESOO PLATFORM,#00C8FF
2026-11-24,85,Tuesday,13,SPOTLIGHT,MuleSoo Digital Services,mulesoo,https://mulesoo.com,live,TikTok,"POV: you run a service business. 🛠️

We built MuleSoo Digital Services.

It does one thing brilliantly: a full admin panel — leads pipeline, bookings, analytics, portfolio, pricing, testimonials — all editable without a developer.

Full build on mulesoo.com

#MuleSoo #WebDesignPretoria #AIforBusiness #SouthAfricaTech #NextJS",327,We built MuleSoo Digital Services.,MULESOO PLATFORM,#00C8FF
2026-11-24,85,Tuesday,13,SPOTLIGHT,MuleSoo Digital Services,mulesoo,https://mulesoo.com,live,X,"Project file: MuleSoo Digital Services. The platform you are reading this from — it books its own clients, sells its own products and runs its own admin.

https://mulesoo.com",174,We built MuleSoo Digital Services.,MULESOO PLATFORM,#00C8FF
2026-11-25,86,Wednesday,13,PROBLEM,Habesha Celebration Events,habesha,https://habeshaeventsplanner.netlify.app,live,LinkedIn,"A wedding business judged on beauty cannot afford a website that looks like a 2011 flyer.

That was the brief behind Habesha Celebration Events.

We built it around one idea: enquiry capture that works while the planner is mid-ceremony with no phone in hand.

An elegant events platform that turns wedding dreams into confirmed bookings, 24/7.

See it: https://habeshaeventsplanner.netlify.app

#HabeshaEvents #EthiopianWedding #EventPlanner",441,A wedding business judged on beauty cannot afford a website that looks like a 2011 flyer.,HABESHA EVENTS,#7B2FFF
2026-11-25,86,Wednesday,13,PROBLEM,Habesha Celebration Events,habesha,https://habeshaeventsplanner.netlify.app,live,Instagram,"A wedding business judged on beauty cannot afford a website that looks like a 2011 flyer. 😮‍💨

So we built Habesha Celebration Events.

Enquiry capture that works while the planner is mid-ceremony with no phone in hand.

See it: https://habeshaeventsplanner.netlify.app

#HabeshaEvents #EthiopianWedding #EventPlanner #WeddingSA #MuleSoo",339,A wedding business judged on beauty cannot afford a website that looks like a 2011 flyer.,HABESHA EVENTS,#7B2FFF
2026-11-25,86,Wednesday,13,PROBLEM,Habesha Celebration Events,habesha,https://habeshaeventsplanner.netlify.app,live,Facebook,"A wedding business judged on beauty cannot afford a website that looks like a 2011 flyer.

Every wedding & events business we have spoken to says a version of that sentence.

Habesha Celebration Events exists to end it — enquiry capture that works while the planner is mid-ceremony with no phone in hand.

See it: https://habeshaeventsplanner.netlify.app",354,A wedding business judged on beauty cannot afford a website that looks like a 2011 flyer.,HABESHA EVENTS,#7B2FFF
2026-11-25,86,Wednesday,13,PROBLEM,Habesha Celebration Events,habesha,https://habeshaeventsplanner.netlify.app,live,TikTok,"Tell me you run a wedding & events business without telling me. 👇

""A wedding business judged on beauty cannot afford a website that looks like a 2011 flyer.""

That is why we built Habesha Celebration Events — enquiry capture that works while the planner is mid-ceremony with no phone in hand.

mulesoo.com

#HabeshaEvents #EthiopianWedding #EventPlanner #WeddingSA #MuleSoo",375,A wedding business judged on beauty cannot afford a website that looks like a 2011 flyer.,HABESHA EVENTS,#7B2FFF
2026-11-25,86,Wednesday,13,PROBLEM,Habesha Celebration Events,habesha,https://habeshaeventsplanner.netlify.app,live,X,"A wedding business judged on beauty cannot afford a website that looks like a 2011 flyer.

So we built Habesha Celebration Events.

https://habeshaeventsplanner.netlify.app",172,A wedding business judged on beauty cannot afford a website that looks like a 2011 flyer.,HABESHA EVENTS,#7B2FFF
2026-11-26,87,Thursday,13,FUNNY,YoYo Gym — AI Membership Platform,yoyogym,https://yoyogym.vercel.app,live,LinkedIn,"Check-in went from a queue to a beep. The receptionist now has time to judge your form.

Behind the joke there is a real system: YoYo Gym — AI Membership Platform — a full gym membership, booking and check-in system that runs the floor on autopilot.

Humour is just the shortest way to describe a problem everyone running a gym already has.

See it: https://yoyogym.vercel.app

#GymSoftware #FitnessBusiness #YoYoGym",416,Check-in went from a queue to a beep. The receptionist now has time to judge your form.,YOYO GYM,#00FF88
2026-11-26,87,Thursday,13,FUNNY,YoYo Gym — AI Membership Platform,yoyogym,https://yoyogym.vercel.app,live,Instagram,"Check-in went from a queue to a beep. The receptionist now has time to judge your form. 😂

(YoYo Gym — AI Membership Platform. Yes, it is real.)

See it: https://yoyogym.vercel.app

#GymSoftware #FitnessBusiness #YoYoGym #MembershipSystem #MuleSoo",248,Check-in went from a queue to a beep. The receptionist now has time to judge your form.,YOYO GYM,#00FF88
2026-11-26,87,Thursday,13,FUNNY,YoYo Gym — AI Membership Platform,yoyogym,https://yoyogym.vercel.app,live,Facebook,"Check-in went from a queue to a beep. The receptionist now has time to judge your form.

True story from building YoYo Gym — AI Membership Platform — a full gym membership, booking and check-in system that runs the floor on autopilot.

We wrote sixteen database tables so nobody has to write in a book with a chewed pen again.

See it: https://yoyogym.vercel.app",362,Check-in went from a queue to a beep. The receptionist now has time to judge your form.,YOYO GYM,#00FF88
2026-11-26,87,Thursday,13,FUNNY,YoYo Gym — AI Membership Platform,yoyogym,https://yoyogym.vercel.app,live,TikTok,"Check-in went from a queue to a beep. The receptionist now has time to judge your form. 💀

Not a joke though — YoYo Gym — AI Membership Platform actually does this.

We wrote sixteen database tables so nobody has to write in a book with a chewed pen again.

mulesoo.com

#GymSoftware #FitnessBusiness #YoYoGym #MembershipSystem #MuleSoo",337,Check-in went from a queue to a beep. The receptionist now has time to judge your form.,YOYO GYM,#00FF88
2026-11-26,87,Thursday,13,FUNNY,YoYo Gym — AI Membership Platform,yoyogym,https://yoyogym.vercel.app,live,X,"Check-in went from a queue to a beep. The receptionist now has time to judge your form.

— from building YoYo Gym",113,Check-in went from a queue to a beep. The receptionist now has time to judge your form.,YOYO GYM,#00FF88
2026-11-27,88,Friday,13,HOWTO,X-Boss Photography Studio,xboss,https://xbossphotography.vercel.app,live,LinkedIn,"Something X-Boss Photography Studio taught us:

Send the confirmation as a document, not a message. Documents get saved; messages get scrolled past.

Two more from the same build:

• Rate-limit your public booking endpoints on day one, not after the first bot finds them.
• JWT in an httpOnly cookie beats a token in localStorage every single time.

All three are in the live product, not in a slide deck. See it: https://xbossphotography.vercel.app

#PhotographyBusiness #StudioBooking #XBoss",493,"Send the confirmation as a document, not a message. Documents get saved; messages get scrolled past.",X-BOSS PHOTOGRAPHY,#E8B84B
2026-11-27,88,Friday,13,HOWTO,X-Boss Photography Studio,xboss,https://xbossphotography.vercel.app,live,Instagram,"Lesson from building X-Boss Photography Studio 📸

📌 Send the confirmation as a document, not a message. Documents get saved; messages get scrolled past.

Save this one — it applies far beyond this one project.

#PhotographyBusiness #StudioBooking #XBoss #BookingSystem #MuleSoo",279,"Send the confirmation as a document, not a message. Documents get saved; messages get scrolled past.",X-BOSS PHOTOGRAPHY,#E8B84B
2026-11-27,88,Friday,13,HOWTO,X-Boss Photography Studio,xboss,https://xbossphotography.vercel.app,live,Facebook,"A free lesson from building X-Boss Photography Studio:

Send the confirmation as a document, not a message. Documents get saved; messages get scrolled past.

It sounds small. It is the difference between a system that works and one that quietly loses you money.

More of how we build: mulesoo.com",296,"Send the confirmation as a document, not a message. Documents get saved; messages get scrolled past.",X-BOSS PHOTOGRAPHY,#E8B84B
2026-11-27,88,Friday,13,HOWTO,X-Boss Photography Studio,xboss,https://xbossphotography.vercel.app,live,TikTok,"Free game from a real build 🧠

Send the confirmation as a document, not a message. Documents get saved; messages get scrolled past.

Learned it building X-Boss Photography Studio.

mulesoo.com

#PhotographyBusiness #StudioBooking #XBoss #BookingSystem #MuleSoo",261,"Send the confirmation as a document, not a message. Documents get saved; messages get scrolled past.",X-BOSS PHOTOGRAPHY,#E8B84B
2026-11-27,88,Friday,13,HOWTO,X-Boss Photography Studio,xboss,https://xbossphotography.vercel.app,live,X,"Send the confirmation as a document, not a message. Documents get saved; messages get scrolled past.

— learned building X-Boss Photography Studio",146,"Send the confirmation as a document, not a message. Documents get saved; messages get scrolled past.",X-BOSS PHOTOGRAPHY,#E8B84B
2026-11-28,89,Saturday,13,PROOF,Shime Events & Planning,shime,https://shimeeventplaning.vercel.app,live,LinkedIn,"What Shime Events & Planning actually does — not adjectives, features:

• clients booking in the language they actually think in
• deposits collected without a single awkward phone call
• a signed contract in the client's inbox before they close the tab

Live now. See it: https://shimeeventplaning.vercel.app

No invented statistics on this page. Open it and check for yourself.

#EventPlanning #ShimeEvents #BilingualWeb",422,Deposits collected without a single awkward phone call.,SHIME EVENTS,#E8B84B
2026-11-28,89,Saturday,13,PROOF,Shime Events & Planning,shime,https://shimeeventplaning.vercel.app,live,Instagram,"🎊 Shime Events & Planning — what you actually get:

✅ clients booking in the language they actually think in
✅ deposits collected without a single awkward phone call
✅ a signed contract in the client's inbox before they close the tab

Live now.

See it: https://shimeeventplaning.vercel.app

#EventPlanning #ShimeEvents #BilingualWeb #Amharic #MuleSoo",352,Deposits collected without a single awkward phone call.,SHIME EVENTS,#E8B84B
2026-11-28,89,Saturday,13,PROOF,Shime Events & Planning,shime,https://shimeeventplaning.vercel.app,live,Facebook,"People ask what ""Shime Events & Planning"" really means. Plainly:

✅ clients booking in the language they actually think in
✅ deposits collected without a single awkward phone call
✅ a signed contract in the client's inbox before they close the tab

Live now. See it: https://shimeeventplaning.vercel.app",303,Deposits collected without a single awkward phone call.,SHIME EVENTS,#E8B84B
2026-11-28,89,Saturday,13,PROOF,Shime Events & Planning,shime,https://shimeeventplaning.vercel.app,live,TikTok,"Three things Shime Events & Planning does that a normal event planning business setup cannot 👇

1. clients booking in the language they actually think in
2. deposits collected without a single awkward phone call
3. a signed contract in the client's inbox before they close the tab

Live now.

mulesoo.com

#EventPlanning #ShimeEvents #BilingualWeb #Amharic #MuleSoo",366,Deposits collected without a single awkward phone call.,SHIME EVENTS,#E8B84B
2026-11-28,89,Saturday,13,PROOF,Shime Events & Planning,shime,https://shimeeventplaning.vercel.app,live,X,"Shime Events & Planning:
• clients booking in the language they actually think in
• deposits collected without a single awkward phone call

https://shimeeventplaning.vercel.app",176,Deposits collected without a single awkward phone call.,SHIME EVENTS,#E8B84B
2026-11-29,90,Sunday,13,BEHIND,Tsedi Catering & Events,tsedi,https://tsedicatering.vercel.app,live,LinkedIn,"Under the bonnet of Tsedi Catering & Events:

Google Calendar for availability, Stripe for the deposit, all inside one conversation.

Warm red, gold and cream. Catering brands should look like food, not like software.

None of this is visible to the client, and all of it is why the thing keeps working in month nine.

See it: https://tsedicatering.vercel.app

#CateringBusiness #QRBooking #TsediCatering",404,"Google Calendar for availability, Stripe for the deposit, all inside one conversation.",TSEDI CATERING,#E8B84B
2026-11-29,90,Sunday,13,BEHIND,Tsedi Catering & Events,tsedi,https://tsedicatering.vercel.app,live,Instagram,"Behind the build 🔧 Tsedi Catering & Events

Google Calendar for availability, Stripe for the deposit, all inside one conversation.

The boring decisions are the ones that hold.

#CateringBusiness #QRBooking #TsediCatering #AIAssistant #MuleSoo",244,"Google Calendar for availability, Stripe for the deposit, all inside one conversation.",TSEDI CATERING,#E8B84B
2026-11-29,90,Sunday,13,BEHIND,Tsedi Catering & Events,tsedi,https://tsedicatering.vercel.app,live,Facebook,"A look behind Tsedi Catering & Events:

Google Calendar for availability, Stripe for the deposit, all inside one conversation.

Warm red, gold and cream. Catering brands should look like food, not like software.

We build the invisible parts properly. That is the whole difference between a demo and a system you can run a business on.",335,"Google Calendar for availability, Stripe for the deposit, all inside one conversation.",TSEDI CATERING,#E8B84B
2026-11-29,90,Sunday,13,BEHIND,Tsedi Catering & Events,tsedi,https://tsedicatering.vercel.app,live,TikTok,"Behind the build 🔧

Tsedi Catering & Events: Google Calendar for availability, Stripe for the deposit, all inside one conversation.

The unglamorous decisions are the ones that save you in month nine.

mulesoo.com

#CateringBusiness #QRBooking #TsediCatering #AIAssistant #MuleSoo",281,"Google Calendar for availability, Stripe for the deposit, all inside one conversation.",TSEDI CATERING,#E8B84B
2026-11-29,90,Sunday,13,BEHIND,Tsedi Catering & Events,tsedi,https://tsedicatering.vercel.app,live,X,"Tsedi Catering & Events — under the bonnet:

Google Calendar for availability, Stripe for the deposit, all inside one conversation.",131,"Google Calendar for availability, Stripe for the deposit, all inside one conversation.",TSEDI CATERING,#E8B84B
2026-11-30,91,Monday,13,OFFER,TSI AI Booking Assistant,tsi,https://mulesoo.com/services/chatbot,live,LinkedIn,"How many enquiries went unanswered last night?

We built TSI AI Booking Assistant for exactly that — it never gets tired, rude, or distracted by the lunch rush.

Same system, your brand, your sector.

Tell us what your week looks like and we will tell you honestly whether software fixes it: mulesoo.com/contact

#AIChatbot #Hospitality #Reservations",350,How many enquiries went unanswered last night?,TSI ASSISTANT,#00C8FF
2026-11-30,91,Monday,13,OFFER,TSI AI Booking Assistant,tsi,https://mulesoo.com/services/chatbot,live,Instagram,"How many enquiries went unanswered last night? 🤖

We built TSI AI Booking Assistant to solve it — you get leads arriving with name, contact and intent already captured.

Same system, your brand, your sector.

📩 mulesoo.com/contact
💬 wa.me/27688529333

#AIChatbot #Hospitality #Reservations #CustomerService #MuleSoo",318,How many enquiries went unanswered last night?,TSI ASSISTANT,#00C8FF
2026-11-30,91,Monday,13,OFFER,TSI AI Booking Assistant,tsi,https://mulesoo.com/services/chatbot,live,Facebook,"How many enquiries went unanswered last night?

That is precisely why TSI AI Booking Assistant exists — it never gets tired, rude, or distracted by the lunch rush.

Same system, your brand, your sector. Message us and we will tell you straight whether this is worth it for your business.

📩 mulesoo.com/contact  ·  💬 wa.me/27688529333",336,How many enquiries went unanswered last night?,TSI ASSISTANT,#00C8FF
2026-11-30,91,Monday,13,OFFER,TSI AI Booking Assistant,tsi,https://mulesoo.com/services/chatbot,live,TikTok,"How many enquiries went unanswered last night? 🤖

We already built it once — TSI AI Booking Assistant.

Same system, your brand, your sector.

mulesoo.com

#AIChatbot #Hospitality #Reservations #CustomerService #MuleSoo",220,How many enquiries went unanswered last night?,TSI ASSISTANT,#00C8FF
2026-11-30,91,Monday,13,OFFER,TSI AI Booking Assistant,tsi,https://mulesoo.com/services/chatbot,live,X,"How many enquiries went unanswered last night?

We built TSI AI Booking Assistant for exactly this.

mulesoo.com/contact",120,How many enquiries went unanswered last night?,TSI ASSISTANT,#00C8FF
2026-12-01,92,Tuesday,14,SPOTLIGHT,Sena — AI Front Desk Receptionist,sena,https://mulesoo.com/ai-automation,building,LinkedIn,"Project file: Sena — AI Front Desk Receptionist.

In one line: a voice receptionist for hotels: the guest clicks Call Reception and Sena actually answers.

The part that matters — she checks live availability, quotes real rates and sends the payment link during the call.

What the owner ends up with: payment collected during the call, not chased afterwards.

Still in build — follow along: mulesoo.com

#VoiceAI #HotelTech #Sena",430,We building Sena — AI Front Desk Receptionist.,SENA · IN BUILD,#7B2FFF
2026-12-01,92,Tuesday,14,SPOTLIGHT,Sena — AI Front Desk Receptionist,sena,https://mulesoo.com/ai-automation,building,Instagram,"🏨 Project file: Sena — AI Front Desk Receptionist.

A voice receptionist for hotels: the guest clicks Call Reception and Sena actually answers.

✨ she checks live availability, quotes real rates and sends the payment link during the call
✅ payment collected during the call, not chased afterwards

Still in build — follow along: mulesoo.com

#VoiceAI #HotelTech #Sena #Hospitality #MuleSoo",390,We building Sena — AI Front Desk Receptionist.,SENA · IN BUILD,#7B2FFF
2026-12-01,92,Tuesday,14,SPOTLIGHT,Sena — AI Front Desk Receptionist,sena,https://mulesoo.com/ai-automation,building,Facebook,"Project file: Sena — AI Front Desk Receptionist.

It is a voice receptionist for hotels: the guest clicks Call Reception and Sena actually answers.

The thing people notice first: she checks live availability, quotes real rates and sends the payment link during the call.

If you run a hotel and this sounds like your week — we should talk. mulesoo.com",352,We building Sena — AI Front Desk Receptionist.,SENA · IN BUILD,#7B2FFF
2026-12-01,92,Tuesday,14,SPOTLIGHT,Sena — AI Front Desk Receptionist,sena,https://mulesoo.com/ai-automation,building,TikTok,"POV: you run a hotel. 🏨

We building Sena — AI Front Desk Receptionist.

It does one thing brilliantly: she checks live availability, quotes real rates and sends the payment link during the call.

Full build on mulesoo.com

#VoiceAI #HotelTech #Sena #Hospitality #MuleSoo",272,We building Sena — AI Front Desk Receptionist.,SENA · IN BUILD,#7B2FFF
2026-12-01,92,Tuesday,14,SPOTLIGHT,Sena — AI Front Desk Receptionist,sena,https://mulesoo.com/ai-automation,building,X,"Project file: Sena — AI Front Desk Receptionist. A voice receptionist for hotels: the guest clicks Call Reception and Sena actually answers.

https://mulesoo.com/ai-automation",175,We building Sena — AI Front Desk Receptionist.,SENA · IN BUILD,#7B2FFF
2026-12-02,93,Wednesday,14,PROBLEM,Yewogen Derash (ወገን ደራሽ),yewogen,https://mulesoo.com/case-studies,building,LinkedIn,"When donations to different causes land in one pot, nobody can prove where the money went.

That was the brief behind Yewogen Derash (ወገን ደራሽ).

We building it around one idea: one campaign, one ledger, one payout summary — funds never mix.

A crowdfunding platform where every campaign owner is identity-verified and no two campaigns share a wallet.

Still in build — follow along: mulesoo.com

#Crowdfunding #Ethiopia #YewogenDerash",434,"When donations to different causes land in one pot, nobody can prove where the money went.",YEWOGEN DERASH · IN BUILD,#00C8FF
2026-12-02,93,Wednesday,14,PROBLEM,Yewogen Derash (ወገን ደራሽ),yewogen,https://mulesoo.com/case-studies,building,Instagram,"When donations to different causes land in one pot, nobody can prove where the money went. 😮‍💨

So we building Yewogen Derash (ወገን ደራሽ).

One campaign, one ledger, one payout summary — funds never mix.

Still in build — follow along: mulesoo.com

#Crowdfunding #Ethiopia #YewogenDerash #FinTech #MuleSoo",305,"When donations to different causes land in one pot, nobody can prove where the money went.",YEWOGEN DERASH · IN BUILD,#00C8FF
2026-12-02,93,Wednesday,14,PROBLEM,Yewogen Derash (ወገን ደራሽ),yewogen,https://mulesoo.com/case-studies,building,Facebook,"When donations to different causes land in one pot, nobody can prove where the money went.

Every fundraising campaign we have spoken to says a version of that sentence.

Yewogen Derash (ወገን ደራሽ) exists to end it — one campaign, one ledger, one payout summary — funds never mix.

Still in build — follow along: mulesoo.com",322,"When donations to different causes land in one pot, nobody can prove where the money went.",YEWOGEN DERASH · IN BUILD,#00C8FF
2026-12-02,93,Wednesday,14,PROBLEM,Yewogen Derash (ወገን ደራሽ),yewogen,https://mulesoo.com/case-studies,building,TikTok,"Tell me you run a fundraising campaign without telling me. 👇

""When donations to different causes land in one pot, nobody can prove where the money went.""

That is why we building Yewogen Derash (ወገን ደራሽ) — one campaign, one ledger, one payout summary — funds never mix.

mulesoo.com

#Crowdfunding #Ethiopia #YewogenDerash #FinTech #MuleSoo",342,"When donations to different causes land in one pot, nobody can prove where the money went.",YEWOGEN DERASH · IN BUILD,#00C8FF
2026-12-02,93,Wednesday,14,PROBLEM,Yewogen Derash (ወገን ደራሽ),yewogen,https://mulesoo.com/case-studies,building,X,"When donations to different causes land in one pot, nobody can prove where the money went.

So we building Yewogen Derash.

https://mulesoo.com/case-studies",156,"When donations to different causes land in one pot, nobody can prove where the money went.",YEWOGEN DERASH · IN BUILD,#00C8FF
2026-12-03,94,Thursday,14,FUNNY,Pretoria Kidane Mihret Church Platform,church,https://mulesoo.com/portfolio,live,LinkedIn,"Amharic first, English second. The font rendering alone was a spiritual exercise.

Behind the joke there is a real system: Pretoria Kidane Mihret Church Platform — a bilingual Amharic and English home for a parish, with the whole site editable by the church itself.

Humour is just the shortest way to describe a problem everyone running a church or community organisation already has.

See it: https://mulesoo.com/portfolio

#ChurchWebsite #Amharic #Bilingual",460,"Amharic first, English second. The font rendering alone was a spiritual exercise.",KIDANE MIHRET,#E8B84B
2026-12-03,94,Thursday,14,FUNNY,Pretoria Kidane Mihret Church Platform,church,https://mulesoo.com/portfolio,live,Instagram,"Amharic first, English second. The font rendering alone was a spiritual exercise. 😂

(Pretoria Kidane Mihret Church Platform. Yes, it is real.)

See it: https://mulesoo.com/portfolio

#ChurchWebsite #Amharic #Bilingual #Pretoria #MuleSoo",238,"Amharic first, English second. The font rendering alone was a spiritual exercise.",KIDANE MIHRET,#E8B84B
2026-12-03,94,Thursday,14,FUNNY,Pretoria Kidane Mihret Church Platform,church,https://mulesoo.com/portfolio,live,Facebook,"Amharic first, English second. The font rendering alone was a spiritual exercise.

True story from building Pretoria Kidane Mihret Church Platform — a bilingual Amharic and English home for a parish, with the whole site editable by the church itself.

The admin panel means nobody has to phone a developer about a feast day at 9pm.

See it: https://mulesoo.com/portfolio",370,"Amharic first, English second. The font rendering alone was a spiritual exercise.",KIDANE MIHRET,#E8B84B
2026-12-03,94,Thursday,14,FUNNY,Pretoria Kidane Mihret Church Platform,church,https://mulesoo.com/portfolio,live,TikTok,"Amharic first, English second. The font rendering alone was a spiritual exercise. 💀

Not a joke though — Pretoria Kidane Mihret Church Platform actually does this.

The admin panel means nobody has to phone a developer about a feast day at 9pm.

mulesoo.com

#ChurchWebsite #Amharic #Bilingual #Pretoria #MuleSoo",313,"Amharic first, English second. The font rendering alone was a spiritual exercise.",KIDANE MIHRET,#E8B84B
2026-12-03,94,Thursday,14,FUNNY,Pretoria Kidane Mihret Church Platform,church,https://mulesoo.com/portfolio,live,X,"Amharic first, English second. The font rendering alone was a spiritual exercise.

— from building Pretoria Kidane Mihret Church Platform",137,"Amharic first, English second. The font rendering alone was a spiritual exercise.",KIDANE MIHRET,#E8B84B
2026-12-04,95,Friday,14,HOWTO,DR. Hospital — AI Clinic System,drhospital,https://mulesoo.com/case-studies,building,LinkedIn,"Something DR. Hospital — AI Clinic System taught us:

Automate intake, never diagnosis. Know exactly where the software stops.

Two more from the same build:

• Reminders reduce no-shows more than any redesign of your booking page will.
• Say ""in development"" when it is in development. Health clients check.

All three are in the live product, not in a slide deck. Still in build — follow along: mulesoo.com

#HealthTech #ClinicSoftware #AIIntake",447,"Automate intake, never diagnosis. Know exactly where the software stops.",DR. HOSPITAL · IN BUILD,#00FF88
2026-12-04,95,Friday,14,HOWTO,DR. Hospital — AI Clinic System,drhospital,https://mulesoo.com/case-studies,building,Instagram,"Lesson from building DR. Hospital — AI Clinic System 🩺

📌 Automate intake, never diagnosis. Know exactly where the software stops.

Save this one — it applies far beyond this one project.

#HealthTech #ClinicSoftware #AIIntake #POPIA #MuleSoo",244,"Automate intake, never diagnosis. Know exactly where the software stops.",DR. HOSPITAL · IN BUILD,#00FF88
2026-12-04,95,Friday,14,HOWTO,DR. Hospital — AI Clinic System,drhospital,https://mulesoo.com/case-studies,building,Facebook,"A free lesson from building DR. Hospital — AI Clinic System:

Automate intake, never diagnosis. Know exactly where the software stops.

It sounds small. It is the difference between a system that works and one that quietly loses you money.

More of how we build: mulesoo.com",274,"Automate intake, never diagnosis. Know exactly where the software stops.",DR. HOSPITAL · IN BUILD,#00FF88
2026-12-04,95,Friday,14,HOWTO,DR. Hospital — AI Clinic System,drhospital,https://mulesoo.com/case-studies,building,TikTok,"Free game from a real build 🧠

Automate intake, never diagnosis. Know exactly where the software stops.

Learned it building DR. Hospital — AI Clinic System.

mulesoo.com

#HealthTech #ClinicSoftware #AIIntake #POPIA #MuleSoo",226,"Automate intake, never diagnosis. Know exactly where the software stops.",DR. HOSPITAL · IN BUILD,#00FF88
2026-12-04,95,Friday,14,HOWTO,DR. Hospital — AI Clinic System,drhospital,https://mulesoo.com/case-studies,building,X,"Automate intake, never diagnosis. Know exactly where the software stops.

— learned building DR. Hospital",105,"Automate intake, never diagnosis. Know exactly where the software stops.",DR. HOSPITAL · IN BUILD,#00FF88
2026-12-05,96,Saturday,14,PROOF,MuleSoo Guides & Digital Store,guides,https://mulesoo.com/store,live,LinkedIn,"What MuleSoo Guides & Digital Store actually does — not adjectives, features:

• the exact process behind live client builds
• instant download, no subscription
• a shelf that keeps selling after it is written

Live now. See it: https://mulesoo.com/store

No invented statistics on this page. Open it and check for yourself.

#DigitalProducts #ClaudeCode #LearnToBuild",368,"Instant download, no subscription.",MULESOO STORE,#E8B84B
2026-12-05,96,Saturday,14,PROOF,MuleSoo Guides & Digital Store,guides,https://mulesoo.com/store,live,Instagram,"📘 MuleSoo Guides & Digital Store — what you actually get:

✅ the exact process behind live client builds
✅ instant download, no subscription
✅ a shelf that keeps selling after it is written

Live now.

See it: https://mulesoo.com/store

#DigitalProducts #ClaudeCode #LearnToBuild #PassiveIncome #MuleSoo",304,"Instant download, no subscription.",MULESOO STORE,#E8B84B
2026-12-05,96,Saturday,14,PROOF,MuleSoo Guides & Digital Store,guides,https://mulesoo.com/store,live,Facebook,"People ask what ""MuleSoo Guides & Digital Store"" really means. Plainly:

✅ the exact process behind live client builds
✅ instant download, no subscription
✅ a shelf that keeps selling after it is written

Live now. See it: https://mulesoo.com/store",248,"Instant download, no subscription.",MULESOO STORE,#E8B84B
2026-12-05,96,Saturday,14,PROOF,MuleSoo Guides & Digital Store,guides,https://mulesoo.com/store,live,TikTok,"Three things MuleSoo Guides & Digital Store does that a normal knowledge business setup cannot 👇

1. the exact process behind live client builds
2. instant download, no subscription
3. a shelf that keeps selling after it is written

Live now.

mulesoo.com

#DigitalProducts #ClaudeCode #LearnToBuild #PassiveIncome #MuleSoo",324,"Instant download, no subscription.",MULESOO STORE,#E8B84B
2026-12-05,96,Saturday,14,PROOF,MuleSoo Guides & Digital Store,guides,https://mulesoo.com/store,live,X,"MuleSoo Guides & Digital Store:
• the exact process behind live client builds
• instant download, no subscription

https://mulesoo.com/store",140,"Instant download, no subscription.",MULESOO STORE,#E8B84B
2026-12-06,97,Sunday,14,BEHIND,MuleSoo Digital Services,mulesoo,https://mulesoo.com,live,LinkedIn,"Under the bonnet of MuleSoo Digital Services:

The whole admin is installable as a private PWA, so the business runs from a phone on the way to a meeting.

Face login runs through a QR handshake to your phone camera — the laptop never handles the biometric.

None of this is visible to the client, and all of it is why the thing keeps working in month nine.

See it: https://mulesoo.com

#MuleSoo #WebDesignPretoria #AIforBusiness",430,"The whole admin is installable as a private PWA, so the business runs from a phone on the way to a meeting.",MULESOO PLATFORM,#00C8FF
2026-12-06,97,Sunday,14,BEHIND,MuleSoo Digital Services,mulesoo,https://mulesoo.com,live,Instagram,"Behind the build 🔧 MuleSoo Digital Services

The whole admin is installable as a private PWA, so the business runs from a phone on the way to a meeting.

The boring decisions are the ones that hold.

#MuleSoo #WebDesignPretoria #AIforBusiness #SouthAfricaTech #NextJS",268,"The whole admin is installable as a private PWA, so the business runs from a phone on the way to a meeting.",MULESOO PLATFORM,#00C8FF
2026-12-06,97,Sunday,14,BEHIND,MuleSoo Digital Services,mulesoo,https://mulesoo.com,live,Facebook,"A look behind MuleSoo Digital Services:

The whole admin is installable as a private PWA, so the business runs from a phone on the way to a meeting.

Face login runs through a QR handshake to your phone camera — the laptop never handles the biometric.

We build the invisible parts properly. That is the whole difference between a demo and a system you can run a business on.",375,"The whole admin is installable as a private PWA, so the business runs from a phone on the way to a meeting.",MULESOO PLATFORM,#00C8FF
2026-12-06,97,Sunday,14,BEHIND,MuleSoo Digital Services,mulesoo,https://mulesoo.com,live,TikTok,"Behind the build 🔧

MuleSoo Digital Services: The whole admin is installable as a private PWA, so the business runs from a phone on the way to a meeting.

The unglamorous decisions are the ones that save you in month nine.

mulesoo.com

#MuleSoo #WebDesignPretoria #AIforBusiness #SouthAfricaTech #NextJS",305,"The whole admin is installable as a private PWA, so the business runs from a phone on the way to a meeting.",MULESOO PLATFORM,#00C8FF
2026-12-06,97,Sunday,14,BEHIND,MuleSoo Digital Services,mulesoo,https://mulesoo.com,live,X,"MuleSoo Digital Services — under the bonnet:

The whole admin is installable as a private PWA, so the business runs from a phone on the way to a meeting.",153,"The whole admin is installable as a private PWA, so the business runs from a phone on the way to a meeting.",MULESOO PLATFORM,#00C8FF
2026-12-07,98,Monday,14,OFFER,Habesha Celebration Events,habesha,https://habeshaeventsplanner.netlify.app,live,LinkedIn,"Planning weddings and still answering every enquiry by hand?

We built Habesha Celebration Events for exactly that — a brand presence that makes a family trust you with the biggest day of their life.

Same system, your brand, your sector.

Tell us what your week looks like and we will tell you honestly whether software fixes it: mulesoo.com/contact

#HabeshaEvents #EthiopianWedding #EventPlanner",398,Planning weddings and still answering every enquiry by hand?,HABESHA EVENTS,#7B2FFF
2026-12-07,98,Monday,14,OFFER,Habesha Celebration Events,habesha,https://habeshaeventsplanner.netlify.app,live,Instagram,"Planning weddings and still answering every enquiry by hand? 💍

We built Habesha Celebration Events to solve it — you get enquiries captured around the clock, not just office hours.

Same system, your brand, your sector.

📩 mulesoo.com/contact
💬 wa.me/27688529333

#HabeshaEvents #EthiopianWedding #EventPlanner #WeddingSA #MuleSoo",334,Planning weddings and still answering every enquiry by hand?,HABESHA EVENTS,#7B2FFF
2026-12-07,98,Monday,14,OFFER,Habesha Celebration Events,habesha,https://habeshaeventsplanner.netlify.app,live,Facebook,"Planning weddings and still answering every enquiry by hand?

That is precisely why Habesha Celebration Events exists — a brand presence that makes a family trust you with the biggest day of their life.

Same system, your brand, your sector. Message us and we will tell you straight whether this is worth it for your business.

📩 mulesoo.com/contact  ·  💬 wa.me/27688529333",375,Planning weddings and still answering every enquiry by hand?,HABESHA EVENTS,#7B2FFF
2026-12-07,98,Monday,14,OFFER,Habesha Celebration Events,habesha,https://habeshaeventsplanner.netlify.app,live,TikTok,"Planning weddings and still answering every enquiry by hand? 💍

We already built it once — Habesha Celebration Events.

Same system, your brand, your sector.

mulesoo.com

#HabeshaEvents #EthiopianWedding #EventPlanner #WeddingSA #MuleSoo",239,Planning weddings and still answering every enquiry by hand?,HABESHA EVENTS,#7B2FFF
2026-12-07,98,Monday,14,OFFER,Habesha Celebration Events,habesha,https://habeshaeventsplanner.netlify.app,live,X,"Planning weddings and still answering every enquiry by hand?

We built Habesha Celebration Events for exactly this.

mulesoo.com/contact",136,Planning weddings and still answering every enquiry by hand?,HABESHA EVENTS,#7B2FFF
2026-12-08,99,Tuesday,15,SPOTLIGHT,YoYo Gym — AI Membership Platform,yoyogym,https://yoyogym.vercel.app,live,LinkedIn,"Project file: YoYo Gym — AI Membership Platform.

In one line: a full gym membership, booking and check-in system that runs the floor on autopilot.

The part that matters — QR check-in, so the front desk becomes a scanner instead of a bottleneck.

What the owner ends up with: QR check-in that clears the morning queue.

See it: https://yoyogym.vercel.app

#GymSoftware #FitnessBusiness #YoYoGym",395,We built YoYo Gym — AI Membership Platform.,YOYO GYM,#00FF88
2026-12-08,99,Tuesday,15,SPOTLIGHT,YoYo Gym — AI Membership Platform,yoyogym,https://yoyogym.vercel.app,live,Instagram,"🏋️ Project file: YoYo Gym — AI Membership Platform.

A full gym membership, booking and check-in system that runs the floor on autopilot.

✨ QR check-in, so the front desk becomes a scanner instead of a bottleneck
✅ QR check-in that clears the morning queue

See it: https://yoyogym.vercel.app

#GymSoftware #FitnessBusiness #YoYoGym #MembershipSystem #MuleSoo",361,We built YoYo Gym — AI Membership Platform.,YOYO GYM,#00FF88
2026-12-08,99,Tuesday,15,SPOTLIGHT,YoYo Gym — AI Membership Platform,yoyogym,https://yoyogym.vercel.app,live,Facebook,"Project file: YoYo Gym — AI Membership Platform.

It is a full gym membership, booking and check-in system that runs the floor on autopilot.

The thing people notice first: QR check-in, so the front desk becomes a scanner instead of a bottleneck.

If you run a gym and this sounds like your week — we should talk. mulesoo.com",325,We built YoYo Gym — AI Membership Platform.,YOYO GYM,#00FF88
2026-12-08,99,Tuesday,15,SPOTLIGHT,YoYo Gym — AI Membership Platform,yoyogym,https://yoyogym.vercel.app,live,TikTok,"POV: you run a gym. 🏋️

We built YoYo Gym — AI Membership Platform.

It does one thing brilliantly: QR check-in, so the front desk becomes a scanner instead of a bottleneck.

Full build on mulesoo.com

#GymSoftware #FitnessBusiness #YoYoGym #MembershipSystem #MuleSoo",268,We built YoYo Gym — AI Membership Platform.,YOYO GYM,#00FF88
2026-12-08,99,Tuesday,15,SPOTLIGHT,YoYo Gym — AI Membership Platform,yoyogym,https://yoyogym.vercel.app,live,X,"Project file: YoYo Gym — AI Membership Platform. A full gym membership, booking and check-in system that runs the floor on autopilot.

https://yoyogym.vercel.app",161,We built YoYo Gym — AI Membership Platform.,YOYO GYM,#00FF88
2026-12-09,100,Wednesday,15,PROBLEM,X-Boss Photography Studio,xboss,https://xbossphotography.vercel.app,live,LinkedIn,"""Are you free on the 14th?"" asked forty times a week is a job, and nobody is paying for it.

That was the brief behind X-Boss Photography Studio.

We built it around one idea: a two-page signable PDF confirmation with the studio QR code, generated on demand.

A dark-luxury booking system with an AI assistant, an admin dashboard and signable PDF confirmations.

See it: https://xbossphotography.vercel.app

#PhotographyBusiness #StudioBooking #XBoss",450,"""Are you free on the 14th?"" asked forty times a week is a job, and nobody is paying for it.",X-BOSS PHOTOGRAPHY,#E8B84B
2026-12-09,100,Wednesday,15,PROBLEM,X-Boss Photography Studio,xboss,https://xbossphotography.vercel.app,live,Instagram,"""Are you free on the 14th?"" asked forty times a week is a job, and nobody is paying for it. 😮‍💨

So we built X-Boss Photography Studio.

A two-page signable PDF confirmation with the studio QR code, generated on demand.

See it: https://xbossphotography.vercel.app

#PhotographyBusiness #StudioBooking #XBoss #BookingSystem #MuleSoo",334,"""Are you free on the 14th?"" asked forty times a week is a job, and nobody is paying for it.",X-BOSS PHOTOGRAPHY,#E8B84B
2026-12-09,100,Wednesday,15,PROBLEM,X-Boss Photography Studio,xboss,https://xbossphotography.vercel.app,live,Facebook,"""Are you free on the 14th?"" asked forty times a week is a job, and nobody is paying for it.

Every photography studio we have spoken to says a version of that sentence.

X-Boss Photography Studio exists to end it — a two-page signable PDF confirmation with the studio QR code, generated on demand.

See it: https://xbossphotography.vercel.app",342,"""Are you free on the 14th?"" asked forty times a week is a job, and nobody is paying for it.",X-BOSS PHOTOGRAPHY,#E8B84B
2026-12-09,100,Wednesday,15,PROBLEM,X-Boss Photography Studio,xboss,https://xbossphotography.vercel.app,live,TikTok,"Tell me you run a photography studio without telling me. 👇

""""Are you free on the 14th?"" asked forty times a week is a job, and nobody is paying for it.""

That is why we built X-Boss Photography Studio — a two-page signable PDF confirmation with the studio QR code, generated on demand.

mulesoo.com

#PhotographyBusiness #StudioBooking #XBoss #BookingSystem #MuleSoo",368,"""Are you free on the 14th?"" asked forty times a week is a job, and nobody is paying for it.",X-BOSS PHOTOGRAPHY,#E8B84B
2026-12-09,100,Wednesday,15,PROBLEM,X-Boss Photography Studio,xboss,https://xbossphotography.vercel.app,live,X,"""Are you free on the 14th?"" asked forty times a week is a job, and nobody is paying for it.

So we built X-Boss Photography Studio.

https://xbossphotography.vercel.app",168,"""Are you free on the 14th?"" asked forty times a week is a job, and nobody is paying for it.",X-BOSS PHOTOGRAPHY,#E8B84B
2026-12-10,101,Thursday,15,FUNNY,Shime Events & Planning,shime,https://shimeeventplaning.vercel.app,live,LinkedIn,"It speaks Amharic and English. It still cannot explain why the cake is late.

Behind the joke there is a real system: Shime Events & Planning — a bilingual booking assistant that walks a client through seventeen steps and ends with a signed PDF contract.

Humour is just the shortest way to describe a problem everyone running an event planning business already has.

See it: https://shimeeventplaning.vercel.app

#EventPlanning #ShimeEvents #BilingualWeb",455,It speaks Amharic and English. It still cannot explain why the cake is late.,SHIME EVENTS,#E8B84B
2026-12-10,101,Thursday,15,FUNNY,Shime Events & Planning,shime,https://shimeeventplaning.vercel.app,live,Instagram,"It speaks Amharic and English. It still cannot explain why the cake is late. 😂

(Shime Events & Planning. Yes, it is real.)

See it: https://shimeeventplaning.vercel.app

#EventPlanning #ShimeEvents #BilingualWeb #Amharic #MuleSoo",231,It speaks Amharic and English. It still cannot explain why the cake is late.,SHIME EVENTS,#E8B84B
2026-12-10,101,Thursday,15,FUNNY,Shime Events & Planning,shime,https://shimeeventplaning.vercel.app,live,Facebook,"It speaks Amharic and English. It still cannot explain why the cake is late.

True story from building Shime Events & Planning — a bilingual booking assistant that walks a client through seventeen steps and ends with a signed PDF contract.

We priced the deposits by package tier so nobody has to have the awkward money conversation twice.

See it: https://shimeeventplaning.vercel.app",385,It speaks Amharic and English. It still cannot explain why the cake is late.,SHIME EVENTS,#E8B84B
2026-12-10,101,Thursday,15,FUNNY,Shime Events & Planning,shime,https://shimeeventplaning.vercel.app,live,TikTok,"It speaks Amharic and English. It still cannot explain why the cake is late. 💀

Not a joke though — Shime Events & Planning actually does this.

We priced the deposits by package tier so nobody has to have the awkward money conversation twice.

mulesoo.com

#EventPlanning #ShimeEvents #BilingualWeb #Amharic #MuleSoo",318,It speaks Amharic and English. It still cannot explain why the cake is late.,SHIME EVENTS,#E8B84B
2026-12-10,101,Thursday,15,FUNNY,Shime Events & Planning,shime,https://shimeeventplaning.vercel.app,live,X,"It speaks Amharic and English. It still cannot explain why the cake is late.

— from building Shime Events & Planning",117,It speaks Amharic and English. It still cannot explain why the cake is late.,SHIME EVENTS,#E8B84B
2026-12-11,102,Friday,15,HOWTO,Tsedi Catering & Events,tsedi,https://tsedicatering.vercel.app,live,LinkedIn,"Something Tsedi Catering & Events taught us:

Take a deposit inside the conversation. A booking without money attached is a rehearsal.

Two more from the same build:

• Check the calendar before you confirm, not after. Double-booking is how caterers lose reputations.
• Ask for dietary needs up front. It is a service detail that quietly closes the sale.

All three are in the live product, not in a slide deck. See it: https://tsedicatering.vercel.app

#CateringBusiness #QRBooking #TsediCatering",497,Take a deposit inside the conversation. A booking without money attached is a rehearsal.,TSEDI CATERING,#E8B84B
2026-12-11,102,Friday,15,HOWTO,Tsedi Catering & Events,tsedi,https://tsedicatering.vercel.app,live,Instagram,"Lesson from building Tsedi Catering & Events 🍽️

📌 Take a deposit inside the conversation. A booking without money attached is a rehearsal.

Save this one — it applies far beyond this one project.

#CateringBusiness #QRBooking #TsediCatering #AIAssistant #MuleSoo",265,Take a deposit inside the conversation. A booking without money attached is a rehearsal.,TSEDI CATERING,#E8B84B
2026-12-11,102,Friday,15,HOWTO,Tsedi Catering & Events,tsedi,https://tsedicatering.vercel.app,live,Facebook,"A free lesson from building Tsedi Catering & Events:

Take a deposit inside the conversation. A booking without money attached is a rehearsal.

It sounds small. It is the difference between a system that works and one that quietly loses you money.

More of how we build: mulesoo.com",282,Take a deposit inside the conversation. A booking without money attached is a rehearsal.,TSEDI CATERING,#E8B84B
2026-12-11,102,Friday,15,HOWTO,Tsedi Catering & Events,tsedi,https://tsedicatering.vercel.app,live,TikTok,"Free game from a real build 🧠

Take a deposit inside the conversation. A booking without money attached is a rehearsal.

Learned it building Tsedi Catering & Events.

mulesoo.com

#CateringBusiness #QRBooking #TsediCatering #AIAssistant #MuleSoo",246,Take a deposit inside the conversation. A booking without money attached is a rehearsal.,TSEDI CATERING,#E8B84B
2026-12-11,102,Friday,15,HOWTO,Tsedi Catering & Events,tsedi,https://tsedicatering.vercel.app,live,X,"Take a deposit inside the conversation. A booking without money attached is a rehearsal.

— learned building Tsedi Catering & Events",132,Take a deposit inside the conversation. A booking without money attached is a rehearsal.,TSEDI CATERING,#E8B84B
2026-12-12,103,Saturday,15,PROOF,TSI AI Booking Assistant,tsi,https://mulesoo.com/services/chatbot,live,LinkedIn,"What TSI AI Booking Assistant actually does — not adjectives, features:

• every after-hours enquiry answered instead of lost
• leads arriving with name, contact and intent already captured
• your team freed from repeating the same six answers

Live now. See it: https://mulesoo.com/services/chatbot

No invented statistics on this page. Open it and check for yourself.

#AIChatbot #Hospitality #Reservations",408,"Leads arriving with name, contact and intent already captured.",TSI ASSISTANT,#00C8FF
2026-12-12,103,Saturday,15,PROOF,TSI AI Booking Assistant,tsi,https://mulesoo.com/services/chatbot,live,Instagram,"🤖 TSI AI Booking Assistant — what you actually get:

✅ every after-hours enquiry answered instead of lost
✅ leads arriving with name, contact and intent already captured
✅ your team freed from repeating the same six answers

Live now.

See it: https://mulesoo.com/services/chatbot

#AIChatbot #Hospitality #Reservations #CustomerService #MuleSoo",346,"Leads arriving with name, contact and intent already captured.",TSI ASSISTANT,#00C8FF
2026-12-12,103,Saturday,15,PROOF,TSI AI Booking Assistant,tsi,https://mulesoo.com/services/chatbot,live,Facebook,"People ask what ""TSI AI Booking Assistant"" really means. Plainly:

✅ every after-hours enquiry answered instead of lost
✅ leads arriving with name, contact and intent already captured
✅ your team freed from repeating the same six answers

Live now. See it: https://mulesoo.com/services/chatbot",293,"Leads arriving with name, contact and intent already captured.",TSI ASSISTANT,#00C8FF
2026-12-12,103,Saturday,15,PROOF,TSI AI Booking Assistant,tsi,https://mulesoo.com/services/chatbot,live,TikTok,"Three things TSI AI Booking Assistant does that a normal hotel or restaurant setup cannot 👇

1. every after-hours enquiry answered instead of lost
2. leads arriving with name, contact and intent already captured
3. your team freed from repeating the same six answers

Live now.

mulesoo.com

#AIChatbot #Hospitality #Reservations #CustomerService #MuleSoo",356,"Leads arriving with name, contact and intent already captured.",TSI ASSISTANT,#00C8FF
2026-12-12,103,Saturday,15,PROOF,TSI AI Booking Assistant,tsi,https://mulesoo.com/services/chatbot,live,X,"TSI AI Booking Assistant:
• every after-hours enquiry answered instead of lost
• leads arriving with name, contact and intent already captured

https://mulesoo.com/services/chatbot",180,"Leads arriving with name, contact and intent already captured.",TSI ASSISTANT,#00C8FF
2026-12-13,104,Sunday,15,BEHIND,Sena — AI Front Desk Receptionist,sena,https://mulesoo.com/ai-automation,building,LinkedIn,"Under the bonnet of Sena — AI Front Desk Receptionist:

The Paystack webhook is hardened for signature, underpayment and idempotency before anything is confirmed.

Scheduled jobs expire holds and handle arrivals, each one idempotent against the ledger.

None of this is visible to the client, and all of it is why the thing keeps working in month nine.

Still in build — follow along: mulesoo.com

#VoiceAI #HotelTech #Sena",423,"The Paystack webhook is hardened for signature, underpayment and idempotency before anything is confirmed.",SENA · IN BUILD,#7B2FFF
2026-12-13,104,Sunday,15,BEHIND,Sena — AI Front Desk Receptionist,sena,https://mulesoo.com/ai-automation,building,Instagram,"Behind the build 🔧 Sena — AI Front Desk Receptionist

The Paystack webhook is hardened for signature, underpayment and idempotency before anything is confirmed.

The boring decisions are the ones that hold.

#VoiceAI #HotelTech #Sena #Hospitality #MuleSoo",256,"The Paystack webhook is hardened for signature, underpayment and idempotency before anything is confirmed.",SENA · IN BUILD,#7B2FFF
2026-12-13,104,Sunday,15,BEHIND,Sena — AI Front Desk Receptionist,sena,https://mulesoo.com/ai-automation,building,Facebook,"A look behind Sena — AI Front Desk Receptionist:

The Paystack webhook is hardened for signature, underpayment and idempotency before anything is confirmed.

Scheduled jobs expire holds and handle arrivals, each one idempotent against the ledger.

We build the invisible parts properly. That is the whole difference between a demo and a system you can run a business on.",370,"The Paystack webhook is hardened for signature, underpayment and idempotency before anything is confirmed.",SENA · IN BUILD,#7B2FFF
2026-12-13,104,Sunday,15,BEHIND,Sena — AI Front Desk Receptionist,sena,https://mulesoo.com/ai-automation,building,TikTok,"Behind the build 🔧

Sena — AI Front Desk Receptionist: The Paystack webhook is hardened for signature, underpayment and idempotency before anything is confirmed.

The unglamorous decisions are the ones that save you in month nine.

mulesoo.com

#VoiceAI #HotelTech #Sena #Hospitality #MuleSoo",293,"The Paystack webhook is hardened for signature, underpayment and idempotency before anything is confirmed.",SENA · IN BUILD,#7B2FFF
2026-12-13,104,Sunday,15,BEHIND,Sena — AI Front Desk Receptionist,sena,https://mulesoo.com/ai-automation,building,X,"Sena — under the bonnet:

The Paystack webhook is hardened for signature, underpayment and idempotency before anything is confirmed.",132,"The Paystack webhook is hardened for signature, underpayment and idempotency before anything is confirmed.",SENA · IN BUILD,#7B2FFF
2026-12-14,105,Monday,15,OFFER,Yewogen Derash (ወገን ደራሽ),yewogen,https://mulesoo.com/case-studies,building,LinkedIn,"Raising funds and need donors to trust the platform first?

We building Yewogen Derash (ወገን ደራሽ) for exactly that — no payment is marked successful until the gateway webhook verifies it.

Early partners get it first, at build pricing.

Tell us what your week looks like and we will tell you honestly whether software fixes it: mulesoo.com/contact

#Crowdfunding #Ethiopia #YewogenDerash",386,Raising funds and need donors to trust the platform first?,YEWOGEN DERASH · IN BUILD,#00C8FF
2026-12-14,105,Monday,15,OFFER,Yewogen Derash (ወገን ደራሽ),yewogen,https://mulesoo.com/case-studies,building,Instagram,"Raising funds and need donors to trust the platform first? 🤝

We building Yewogen Derash (ወገን ደራሽ) to solve it — you get per-campaign ledgers that survive an audit.

Early partners get it first, at build pricing.

📩 mulesoo.com/contact
💬 wa.me/27688529333

#Crowdfunding #Ethiopia #YewogenDerash #FinTech #MuleSoo",316,Raising funds and need donors to trust the platform first?,YEWOGEN DERASH · IN BUILD,#00C8FF
2026-12-14,105,Monday,15,OFFER,Yewogen Derash (ወገን ደራሽ),yewogen,https://mulesoo.com/case-studies,building,Facebook,"Raising funds and need donors to trust the platform first?

That is precisely why Yewogen Derash (ወገን ደራሽ) exists — no payment is marked successful until the gateway webhook verifies it.

Early partners get it first, at build pricing. Message us and we will tell you straight whether this is worth it for your business.

📩 mulesoo.com/contact  ·  💬 wa.me/27688529333",368,Raising funds and need donors to trust the platform first?,YEWOGEN DERASH · IN BUILD,#00C8FF
2026-12-14,105,Monday,15,OFFER,Yewogen Derash (ወገን ደራሽ),yewogen,https://mulesoo.com/case-studies,building,TikTok,"Raising funds and need donors to trust the platform first? 🤝

We already building it once — Yewogen Derash (ወገን ደራሽ).

Early partners get it first, at build pricing.

mulesoo.com

#Crowdfunding #Ethiopia #YewogenDerash #FinTech #MuleSoo",237,Raising funds and need donors to trust the platform first?,YEWOGEN DERASH · IN BUILD,#00C8FF
2026-12-14,105,Monday,15,OFFER,Yewogen Derash (ወገን ደራሽ),yewogen,https://mulesoo.com/case-studies,building,X,"Raising funds and need donors to trust the platform first?

We building Yewogen Derash (ወገን ደራሽ) for exactly this.

mulesoo.com/contact",135,Raising funds and need donors to trust the platform first?,YEWOGEN DERASH · IN BUILD,#00C8FF
2026-12-15,106,Tuesday,16,SPOTLIGHT,Pretoria Kidane Mihret Church Platform,church,https://mulesoo.com/portfolio,live,LinkedIn,"Project file: Pretoria Kidane Mihret Church Platform.

In one line: a bilingual Amharic and English home for a parish, with the whole site editable by the church itself.

The part that matters — service times, priest, address and contact all editable from an admin panel, no code touched.

What the owner ends up with: content the church updates itself, instantly.

See it: https://mulesoo.com/portfolio

#ChurchWebsite #Amharic #Bilingual",439,We built Pretoria Kidane Mihret Church Platform.,KIDANE MIHRET,#E8B84B
2026-12-15,106,Tuesday,16,SPOTLIGHT,Pretoria Kidane Mihret Church Platform,church,https://mulesoo.com/portfolio,live,Instagram,"⛪ Project file: Pretoria Kidane Mihret Church Platform.

A bilingual Amharic and English home for a parish, with the whole site editable by the church itself.

✨ service times, priest, address and contact all editable from an admin panel, no code touched
✅ content the church updates itself, instantly

See it: https://mulesoo.com/portfolio

#ChurchWebsite #Amharic #Bilingual #Pretoria #MuleSoo",395,We built Pretoria Kidane Mihret Church Platform.,KIDANE MIHRET,#E8B84B
2026-12-15,106,Tuesday,16,SPOTLIGHT,Pretoria Kidane Mihret Church Platform,church,https://mulesoo.com/portfolio,live,Facebook,"Project file: Pretoria Kidane Mihret Church Platform.

It is a bilingual Amharic and English home for a parish, with the whole site editable by the church itself.

The thing people notice first: service times, priest, address and contact all editable from an admin panel, no code touched.

If you run a church or community organisation and this sounds like your week — we should talk. mulesoo.com",396,We built Pretoria Kidane Mihret Church Platform.,KIDANE MIHRET,#E8B84B
2026-12-15,106,Tuesday,16,SPOTLIGHT,Pretoria Kidane Mihret Church Platform,church,https://mulesoo.com/portfolio,live,TikTok,"POV: you run a church or community organisation. ⛪

We built Pretoria Kidane Mihret Church Platform.

It does one thing brilliantly: service times, priest, address and contact all editable from an admin panel, no code touched.

Full build on mulesoo.com

#ChurchWebsite #Amharic #Bilingual #Pretoria #MuleSoo",308,We built Pretoria Kidane Mihret Church Platform.,KIDANE MIHRET,#E8B84B
2026-12-15,106,Tuesday,16,SPOTLIGHT,Pretoria Kidane Mihret Church Platform,church,https://mulesoo.com/portfolio,live,X,"Project file: Pretoria Kidane Mihret Church Platform. A bilingual Amharic and English home for a parish, with the whole site editable by the church itself.

https://mulesoo.com/portfolio",186,We built Pretoria Kidane Mihret Church Platform.,KIDANE MIHRET,#E8B84B
2026-12-16,107,Wednesday,16,PROBLEM,DR. Hospital — AI Clinic System,drhospital,https://mulesoo.com/case-studies,building,LinkedIn,"Patients phone during consulting hours because there is no other way to book.

That was the brief behind DR. Hospital — AI Clinic System.

We building it around one idea: appointments, records and follow-ups in one system instead of three.

A clinic and hospital management system with AI intake — currently in active development.

Still in build — follow along: mulesoo.com

#HealthTech #ClinicSoftware #AIIntake",413,Patients phone during consulting hours because there is no other way to book.,DR. HOSPITAL · IN BUILD,#00FF88
2026-12-16,107,Wednesday,16,PROBLEM,DR. Hospital — AI Clinic System,drhospital,https://mulesoo.com/case-studies,building,Instagram,"Patients phone during consulting hours because there is no other way to book. 😮‍💨

So we building DR. Hospital — AI Clinic System.

Appointments, records and follow-ups in one system instead of three.

Still in build — follow along: mulesoo.com

#HealthTech #ClinicSoftware #AIIntake #POPIA #MuleSoo",301,Patients phone during consulting hours because there is no other way to book.,DR. HOSPITAL · IN BUILD,#00FF88
2026-12-16,107,Wednesday,16,PROBLEM,DR. Hospital — AI Clinic System,drhospital,https://mulesoo.com/case-studies,building,Facebook,"Patients phone during consulting hours because there is no other way to book.

Every clinic we have spoken to says a version of that sentence.

DR. Hospital — AI Clinic System exists to end it — appointments, records and follow-ups in one system instead of three.

Still in build — follow along: mulesoo.com",307,Patients phone during consulting hours because there is no other way to book.,DR. HOSPITAL · IN BUILD,#00FF88
2026-12-16,107,Wednesday,16,PROBLEM,DR. Hospital — AI Clinic System,drhospital,https://mulesoo.com/case-studies,building,TikTok,"Tell me you run a clinic without telling me. 👇

""Patients phone during consulting hours because there is no other way to book.""

That is why we building DR. Hospital — AI Clinic System — appointments, records and follow-ups in one system instead of three.

mulesoo.com

#HealthTech #ClinicSoftware #AIIntake #POPIA #MuleSoo",324,Patients phone during consulting hours because there is no other way to book.,DR. HOSPITAL · IN BUILD,#00FF88
2026-12-16,107,Wednesday,16,PROBLEM,DR. Hospital — AI Clinic System,drhospital,https://mulesoo.com/case-studies,building,X,"Patients phone during consulting hours because there is no other way to book.

So we building DR. Hospital.

https://mulesoo.com/case-studies",141,Patients phone during consulting hours because there is no other way to book.,DR. HOSPITAL · IN BUILD,#00FF88
2026-12-17,108,Thursday,16,FUNNY,MuleSoo Guides & Digital Store,guides,https://mulesoo.com/store,live,LinkedIn,"It is a PDF. It works offline, on a cracked phone, with no subscription. Revolutionary.

Behind the joke there is a real system: MuleSoo Guides & Digital Store — the guides we wrote from real builds — bought once, downloaded instantly, used forever.

Humour is just the shortest way to describe a problem everyone running a knowledge business already has.

See it: https://mulesoo.com/store

#DigitalProducts #ClaudeCode #LearnToBuild",434,"It is a PDF. It works offline, on a cracked phone, with no subscription. Revolutionary.",MULESOO STORE,#E8B84B
2026-12-17,108,Thursday,16,FUNNY,MuleSoo Guides & Digital Store,guides,https://mulesoo.com/store,live,Instagram,"It is a PDF. It works offline, on a cracked phone, with no subscription. Revolutionary. 😂

(MuleSoo Guides & Digital Store. Yes, it is real.)

See it: https://mulesoo.com/store

#DigitalProducts #ClaudeCode #LearnToBuild #PassiveIncome #MuleSoo",245,"It is a PDF. It works offline, on a cracked phone, with no subscription. Revolutionary.",MULESOO STORE,#E8B84B
2026-12-17,108,Thursday,16,FUNNY,MuleSoo Guides & Digital Store,guides,https://mulesoo.com/store,live,Facebook,"It is a PDF. It works offline, on a cracked phone, with no subscription. Revolutionary.

True story from building MuleSoo Guides & Digital Store — the guides we wrote from real builds — bought once, downloaded instantly, used forever.

Cheaper than one hour of most agencies' time, and considerably more useful.

See it: https://mulesoo.com/store",346,"It is a PDF. It works offline, on a cracked phone, with no subscription. Revolutionary.",MULESOO STORE,#E8B84B
2026-12-17,108,Thursday,16,FUNNY,MuleSoo Guides & Digital Store,guides,https://mulesoo.com/store,live,TikTok,"It is a PDF. It works offline, on a cracked phone, with no subscription. Revolutionary. 💀

Not a joke though — MuleSoo Guides & Digital Store actually does this.

Cheaper than one hour of most agencies' time, and considerably more useful.

mulesoo.com

#DigitalProducts #ClaudeCode #LearnToBuild #PassiveIncome #MuleSoo",320,"It is a PDF. It works offline, on a cracked phone, with no subscription. Revolutionary.",MULESOO STORE,#E8B84B
2026-12-17,108,Thursday,16,FUNNY,MuleSoo Guides & Digital Store,guides,https://mulesoo.com/store,live,X,"It is a PDF. It works offline, on a cracked phone, with no subscription. Revolutionary.

— from building MuleSoo Guides & Digital Store",135,"It is a PDF. It works offline, on a cracked phone, with no subscription. Revolutionary.",MULESOO STORE,#E8B84B
2026-12-18,109,Friday,16,HOWTO,MuleSoo Digital Services,mulesoo,https://mulesoo.com,live,LinkedIn,"Something MuleSoo Digital Services taught us:

Every enquiry should fire two notifications: email and WhatsApp. The one you check is the one that closes.

Two more from the same build:

• A booking is not finished until the client is holding a document. Generate the PDF in the same breath as the confirmation.
• Admin panels deserve real security. Password, email 2FA, audit log — a client list is worth stealing.

All three are in the live product, not in a slide deck. See it: https://mulesoo.com

#MuleSoo #WebDesignPretoria #AIforBusiness",543,Every enquiry should fire two notifications: email and WhatsApp. The one you check is the one that closes.,MULESOO PLATFORM,#00C8FF
2026-12-18,109,Friday,16,HOWTO,MuleSoo Digital Services,mulesoo,https://mulesoo.com,live,Instagram,"Lesson from building MuleSoo Digital Services 🛠️

📌 Every enquiry should fire two notifications: email and WhatsApp. The one you check is the one that closes.

Save this one — it applies far beyond this one project.

#MuleSoo #WebDesignPretoria #AIforBusiness #SouthAfricaTech #NextJS",286,Every enquiry should fire two notifications: email and WhatsApp. The one you check is the one that closes.,MULESOO PLATFORM,#00C8FF
2026-12-18,109,Friday,16,HOWTO,MuleSoo Digital Services,mulesoo,https://mulesoo.com,live,Facebook,"A free lesson from building MuleSoo Digital Services:

Every enquiry should fire two notifications: email and WhatsApp. The one you check is the one that closes.

It sounds small. It is the difference between a system that works and one that quietly loses you money.

More of how we build: mulesoo.com",301,Every enquiry should fire two notifications: email and WhatsApp. The one you check is the one that closes.,MULESOO PLATFORM,#00C8FF
2026-12-18,109,Friday,16,HOWTO,MuleSoo Digital Services,mulesoo,https://mulesoo.com,live,TikTok,"Free game from a real build 🧠

Every enquiry should fire two notifications: email and WhatsApp. The one you check is the one that closes.

Learned it building MuleSoo Digital Services.

mulesoo.com

#MuleSoo #WebDesignPretoria #AIforBusiness #SouthAfricaTech #NextJS",267,Every enquiry should fire two notifications: email and WhatsApp. The one you check is the one that closes.,MULESOO PLATFORM,#00C8FF
2026-12-18,109,Friday,16,HOWTO,MuleSoo Digital Services,mulesoo,https://mulesoo.com,live,X,"Every enquiry should fire two notifications: email and WhatsApp. The one you check is the one that closes.

— learned building MuleSoo Digital Services",151,Every enquiry should fire two notifications: email and WhatsApp. The one you check is the one that closes.,MULESOO PLATFORM,#00C8FF
2026-12-19,110,Saturday,16,PROOF,Habesha Celebration Events,habesha,https://habeshaeventsplanner.netlify.app,live,LinkedIn,"What Habesha Celebration Events actually does — not adjectives, features:

• a site that looks like the events it sells
• enquiries captured around the clock, not just office hours
• one link that does the work of a hundred WhatsApp explanations

Live now. See it: https://habeshaeventsplanner.netlify.app

No invented statistics on this page. Open it and check for yourself.

#HabeshaEvents #EthiopianWedding #EventPlanner",423,"Enquiries captured around the clock, not just office hours.",HABESHA EVENTS,#7B2FFF
2026-12-19,110,Saturday,16,PROOF,Habesha Celebration Events,habesha,https://habeshaeventsplanner.netlify.app,live,Instagram,"💍 Habesha Celebration Events — what you actually get:

✅ a site that looks like the events it sells
✅ enquiries captured around the clock, not just office hours
✅ one link that does the work of a hundred WhatsApp explanations

Live now.

See it: https://habeshaeventsplanner.netlify.app

#HabeshaEvents #EthiopianWedding #EventPlanner #WeddingSA #MuleSoo",355,"Enquiries captured around the clock, not just office hours.",HABESHA EVENTS,#7B2FFF
2026-12-19,110,Saturday,16,PROOF,Habesha Celebration Events,habesha,https://habeshaeventsplanner.netlify.app,live,Facebook,"People ask what ""Habesha Celebration Events"" really means. Plainly:

✅ a site that looks like the events it sells
✅ enquiries captured around the clock, not just office hours
✅ one link that does the work of a hundred WhatsApp explanations

Live now. See it: https://habeshaeventsplanner.netlify.app",299,"Enquiries captured around the clock, not just office hours.",HABESHA EVENTS,#7B2FFF
2026-12-19,110,Saturday,16,PROOF,Habesha Celebration Events,habesha,https://habeshaeventsplanner.netlify.app,live,TikTok,"Three things Habesha Celebration Events does that a normal wedding & events business setup cannot 👇

1. a site that looks like the events it sells
2. enquiries captured around the clock, not just office hours
3. one link that does the work of a hundred WhatsApp explanations

Live now.

mulesoo.com

#HabeshaEvents #EthiopianWedding #EventPlanner #WeddingSA #MuleSoo",367,"Enquiries captured around the clock, not just office hours.",HABESHA EVENTS,#7B2FFF
2026-12-19,110,Saturday,16,PROOF,Habesha Celebration Events,habesha,https://habeshaeventsplanner.netlify.app,live,X,"Habesha Celebration Events:
• a site that looks like the events it sells
• enquiries captured around the clock, not just office hours

https://habeshaeventsplanner.netlify.app",175,"Enquiries captured around the clock, not just office hours.",HABESHA EVENTS,#7B2FFF
2026-12-20,111,Sunday,16,BEHIND,YoYo Gym — AI Membership Platform,yoyogym,https://yoyogym.vercel.app,live,LinkedIn,"Under the bonnet of YoYo Gym — AI Membership Platform:

Sixteen tables, seeded and live — the schema was designed before a single screen was drawn.

The service-role key never leaves the server. That single rule shaped the whole architecture.

None of this is visible to the client, and all of it is why the thing keeps working in month nine.

See it: https://yoyogym.vercel.app

#GymSoftware #FitnessBusiness #YoYoGym",418,"Sixteen tables, seeded and live — the schema was designed before a single screen was drawn.",YOYO GYM,#00FF88
2026-12-20,111,Sunday,16,BEHIND,YoYo Gym — AI Membership Platform,yoyogym,https://yoyogym.vercel.app,live,Instagram,"Behind the build 🔧 YoYo Gym — AI Membership Platform

Sixteen tables, seeded and live — the schema was designed before a single screen was drawn.

The boring decisions are the ones that hold.

#GymSoftware #FitnessBusiness #YoYoGym #MembershipSystem #MuleSoo",259,"Sixteen tables, seeded and live — the schema was designed before a single screen was drawn.",YOYO GYM,#00FF88
2026-12-20,111,Sunday,16,BEHIND,YoYo Gym — AI Membership Platform,yoyogym,https://yoyogym.vercel.app,live,Facebook,"A look behind YoYo Gym — AI Membership Platform:

Sixteen tables, seeded and live — the schema was designed before a single screen was drawn.

The service-role key never leaves the server. That single rule shaped the whole architecture.

We build the invisible parts properly. That is the whole difference between a demo and a system you can run a business on.",360,"Sixteen tables, seeded and live — the schema was designed before a single screen was drawn.",YOYO GYM,#00FF88
2026-12-20,111,Sunday,16,BEHIND,YoYo Gym — AI Membership Platform,yoyogym,https://yoyogym.vercel.app,live,TikTok,"Behind the build 🔧

YoYo Gym — AI Membership Platform: Sixteen tables, seeded and live — the schema was designed before a single screen was drawn.

The unglamorous decisions are the ones that save you in month nine.

mulesoo.com

#GymSoftware #FitnessBusiness #YoYoGym #MembershipSystem #MuleSoo",296,"Sixteen tables, seeded and live — the schema was designed before a single screen was drawn.",YOYO GYM,#00FF88
2026-12-20,111,Sunday,16,BEHIND,YoYo Gym — AI Membership Platform,yoyogym,https://yoyogym.vercel.app,live,X,"YoYo Gym — under the bonnet:

Sixteen tables, seeded and live — the schema was designed before a single screen was drawn.",121,"Sixteen tables, seeded and live — the schema was designed before a single screen was drawn.",YOYO GYM,#00FF88
2026-12-21,112,Monday,16,OFFER,X-Boss Photography Studio,xboss,https://xbossphotography.vercel.app,live,LinkedIn,"Shooting all week and still booking clients by hand?

We built X-Boss Photography Studio for exactly that — WhatsApp notification to the studio the moment a booking lands.

Same system, your brand, your sector.

Tell us what your week looks like and we will tell you honestly whether software fixes it: mulesoo.com/contact

#PhotographyBusiness #StudioBooking #XBoss",366,Shooting all week and still booking clients by hand?,X-BOSS PHOTOGRAPHY,#E8B84B
2026-12-21,112,Monday,16,OFFER,X-Boss Photography Studio,xboss,https://xbossphotography.vercel.app,live,Instagram,"Shooting all week and still booking clients by hand? 📸

We built X-Boss Photography Studio to solve it — you get a branded PDF confirmation the client actually keeps.

Same system, your brand, your sector.

📩 mulesoo.com/contact
💬 wa.me/27688529333

#PhotographyBusiness #StudioBooking #XBoss #BookingSystem #MuleSoo",319,Shooting all week and still booking clients by hand?,X-BOSS PHOTOGRAPHY,#E8B84B
2026-12-21,112,Monday,16,OFFER,X-Boss Photography Studio,xboss,https://xbossphotography.vercel.app,live,Facebook,"Shooting all week and still booking clients by hand?

That is precisely why X-Boss Photography Studio exists — WhatsApp notification to the studio the moment a booking lands.

Same system, your brand, your sector. Message us and we will tell you straight whether this is worth it for your business.

📩 mulesoo.com/contact  ·  💬 wa.me/27688529333",347,Shooting all week and still booking clients by hand?,X-BOSS PHOTOGRAPHY,#E8B84B
2026-12-21,112,Monday,16,OFFER,X-Boss Photography Studio,xboss,https://xbossphotography.vercel.app,live,TikTok,"Shooting all week and still booking clients by hand? 📸

We already built it once — X-Boss Photography Studio.

Same system, your brand, your sector.

mulesoo.com

#PhotographyBusiness #StudioBooking #XBoss #BookingSystem #MuleSoo",230,Shooting all week and still booking clients by hand?,X-BOSS PHOTOGRAPHY,#E8B84B
2026-12-21,112,Monday,16,OFFER,X-Boss Photography Studio,xboss,https://xbossphotography.vercel.app,live,X,"Shooting all week and still booking clients by hand?

We built X-Boss Photography Studio for exactly this.

mulesoo.com/contact",127,Shooting all week and still booking clients by hand?,X-BOSS PHOTOGRAPHY,#E8B84B
2026-12-22,113,Tuesday,17,SPOTLIGHT,Shime Events & Planning,shime,https://shimeeventplaning.vercel.app,live,LinkedIn,"Project file: Shime Events & Planning.

In one line: a bilingual booking assistant that walks a client through seventeen steps and ends with a signed PDF contract.

The part that matters — real-time date and time availability, so two clients never book the same Saturday.

What the owner ends up with: deposits collected without a single awkward phone call.

See it: https://shimeeventplaning.vercel.app

#EventPlanning #ShimeEvents #BilingualWeb",446,We built Shime Events & Planning.,SHIME EVENTS,#E8B84B
2026-12-22,113,Tuesday,17,SPOTLIGHT,Shime Events & Planning,shime,https://shimeeventplaning.vercel.app,live,Instagram,"🎊 Project file: Shime Events & Planning.

A bilingual booking assistant that walks a client through seventeen steps and ends with a signed PDF contract.

✨ real-time date and time availability, so two clients never book the same Saturday
✅ deposits collected without a single awkward phone call

See it: https://shimeeventplaning.vercel.app

#EventPlanning #ShimeEvents #BilingualWeb #Amharic #MuleSoo",402,We built Shime Events & Planning.,SHIME EVENTS,#E8B84B
2026-12-22,113,Tuesday,17,SPOTLIGHT,Shime Events & Planning,shime,https://shimeeventplaning.vercel.app,live,Facebook,"Project file: Shime Events & Planning.

It is a bilingual booking assistant that walks a client through seventeen steps and ends with a signed PDF contract.

The thing people notice first: real-time date and time availability, so two clients never book the same Saturday.

If you run an event planning business and this sounds like your week — we should talk. mulesoo.com",371,We built Shime Events & Planning.,SHIME EVENTS,#E8B84B
2026-12-22,113,Tuesday,17,SPOTLIGHT,Shime Events & Planning,shime,https://shimeeventplaning.vercel.app,live,TikTok,"POV: you run an event planning business. 🎊

We built Shime Events & Planning.

It does one thing brilliantly: real-time date and time availability, so two clients never book the same Saturday.

Full build on mulesoo.com

#EventPlanning #ShimeEvents #BilingualWeb #Amharic #MuleSoo",281,We built Shime Events & Planning.,SHIME EVENTS,#E8B84B
2026-12-22,113,Tuesday,17,SPOTLIGHT,Shime Events & Planning,shime,https://shimeeventplaning.vercel.app,live,X,"Project file: Shime Events & Planning. A bilingual booking assistant that walks a client through seventeen steps and ends with a signed PDF contract.

https://shimeeventplaning.vercel.app",187,We built Shime Events & Planning.,SHIME EVENTS,#E8B84B
2026-12-23,114,Wednesday,17,PROBLEM,Tsedi Catering & Events,tsedi,https://tsedicatering.vercel.app,live,LinkedIn,"Enquiries arrive at the exact moment you are plating for ninety people.

That was the brief behind Tsedi Catering & Events.

We built it around one idea: it checks the calendar for availability before it agrees to a date.

A QR code that opens a personal booking assistant — no website, no app, no forms to chase.

See it: https://tsedicatering.vercel.app

#CateringBusiness #QRBooking #TsediCatering",400,Enquiries arrive at the exact moment you are plating for ninety people.,TSEDI CATERING,#E8B84B
2026-12-23,114,Wednesday,17,PROBLEM,Tsedi Catering & Events,tsedi,https://tsedicatering.vercel.app,live,Instagram,"Enquiries arrive at the exact moment you are plating for ninety people. 😮‍💨

So we built Tsedi Catering & Events.

It checks the calendar for availability before it agrees to a date.

See it: https://tsedicatering.vercel.app

#CateringBusiness #QRBooking #TsediCatering #AIAssistant #MuleSoo",293,Enquiries arrive at the exact moment you are plating for ninety people.,TSEDI CATERING,#E8B84B
2026-12-23,114,Wednesday,17,PROBLEM,Tsedi Catering & Events,tsedi,https://tsedicatering.vercel.app,live,Facebook,"Enquiries arrive at the exact moment you are plating for ninety people.

Every catering business we have spoken to says a version of that sentence.

Tsedi Catering & Events exists to end it — it checks the calendar for availability before it agrees to a date.

See it: https://tsedicatering.vercel.app",301,Enquiries arrive at the exact moment you are plating for ninety people.,TSEDI CATERING,#E8B84B
2026-12-23,114,Wednesday,17,PROBLEM,Tsedi Catering & Events,tsedi,https://tsedicatering.vercel.app,live,TikTok,"Tell me you run a catering business without telling me. 👇

""Enquiries arrive at the exact moment you are plating for ninety people.""

That is why we built Tsedi Catering & Events — it checks the calendar for availability before it agrees to a date.

mulesoo.com

#CateringBusiness #QRBooking #TsediCatering #AIAssistant #MuleSoo",329,Enquiries arrive at the exact moment you are plating for ninety people.,TSEDI CATERING,#E8B84B
2026-12-23,114,Wednesday,17,PROBLEM,Tsedi Catering & Events,tsedi,https://tsedicatering.vercel.app,live,X,"Enquiries arrive at the exact moment you are plating for ninety people.

So we built Tsedi Catering & Events.

https://tsedicatering.vercel.app",143,Enquiries arrive at the exact moment you are plating for ninety people.,TSEDI CATERING,#E8B84B
2026-12-24,115,Thursday,17,FUNNY,TSI AI Booking Assistant,tsi,https://mulesoo.com/services/chatbot,live,LinkedIn,"The assistant answered forty enquiries overnight. The owner answered none. Everybody won.

Behind the joke there is a real system: TSI AI Booking Assistant — a reservations assistant that answers, qualifies and books, around the clock.

Humour is just the shortest way to describe a problem everyone running a hotel or restaurant already has.

See it: https://mulesoo.com/services/chatbot

#AIChatbot #Hospitality #Reservations",427,The assistant answered forty enquiries overnight. The owner answered none. Everybody won.,TSI ASSISTANT,#00C8FF
2026-12-24,115,Thursday,17,FUNNY,TSI AI Booking Assistant,tsi,https://mulesoo.com/services/chatbot,live,Instagram,"The assistant answered forty enquiries overnight. The owner answered none. Everybody won. 😂

(TSI AI Booking Assistant. Yes, it is real.)

See it: https://mulesoo.com/services/chatbot

#AIChatbot #Hospitality #Reservations #CustomerService #MuleSoo",249,The assistant answered forty enquiries overnight. The owner answered none. Everybody won.,TSI ASSISTANT,#00C8FF
2026-12-24,115,Thursday,17,FUNNY,TSI AI Booking Assistant,tsi,https://mulesoo.com/services/chatbot,live,Facebook,"The assistant answered forty enquiries overnight. The owner answered none. Everybody won.

True story from building TSI AI Booking Assistant — a reservations assistant that answers, qualifies and books, around the clock.

We trained it on the real menu and the real prices, so it cannot promise things the kitchen refuses to make.

See it: https://mulesoo.com/services/chatbot",376,The assistant answered forty enquiries overnight. The owner answered none. Everybody won.,TSI ASSISTANT,#00C8FF
2026-12-24,115,Thursday,17,FUNNY,TSI AI Booking Assistant,tsi,https://mulesoo.com/services/chatbot,live,TikTok,"The assistant answered forty enquiries overnight. The owner answered none. Everybody won. 💀

Not a joke though — TSI AI Booking Assistant actually does this.

We trained it on the real menu and the real prices, so it cannot promise things the kitchen refuses to make.

mulesoo.com

#AIChatbot #Hospitality #Reservations #CustomerService #MuleSoo",346,The assistant answered forty enquiries overnight. The owner answered none. Everybody won.,TSI ASSISTANT,#00C8FF
2026-12-24,115,Thursday,17,FUNNY,TSI AI Booking Assistant,tsi,https://mulesoo.com/services/chatbot,live,X,"The assistant answered forty enquiries overnight. The owner answered none. Everybody won.

— from building TSI AI Booking Assistant",131,The assistant answered forty enquiries overnight. The owner answered none. Everybody won.,TSI ASSISTANT,#00C8FF
2026-12-25,116,Friday,17,HOWTO,Sena — AI Front Desk Receptionist,sena,https://mulesoo.com/ai-automation,building,LinkedIn,"Something Sena — AI Front Desk Receptionist taught us:

Self-hosting the voice stack removes three per-minute vendors from your unit economics.

Two more from the same build:

• Never mark a booking paid without verifying the gateway webhook signature. Never.
• A cancellation must free the room immediately. Inventory that stays locked is revenue you burned.

All three are in the live product, not in a slide deck. Still in build — follow along: mulesoo.com

#VoiceAI #HotelTech #Sena",486,Self-hosting the voice stack removes three per-minute vendors from your unit economics.,SENA · IN BUILD,#7B2FFF
2026-12-25,116,Friday,17,HOWTO,Sena — AI Front Desk Receptionist,sena,https://mulesoo.com/ai-automation,building,Instagram,"Lesson from building Sena — AI Front Desk Receptionist 🏨

📌 Self-hosting the voice stack removes three per-minute vendors from your unit economics.

Save this one — it applies far beyond this one project.

#VoiceAI #HotelTech #Sena #Hospitality #MuleSoo",255,Self-hosting the voice stack removes three per-minute vendors from your unit economics.,SENA · IN BUILD,#7B2FFF
2026-12-25,116,Friday,17,HOWTO,Sena — AI Front Desk Receptionist,sena,https://mulesoo.com/ai-automation,building,Facebook,"A free lesson from building Sena — AI Front Desk Receptionist:

Self-hosting the voice stack removes three per-minute vendors from your unit economics.

It sounds small. It is the difference between a system that works and one that quietly loses you money.

More of how we build: mulesoo.com",291,Self-hosting the voice stack removes three per-minute vendors from your unit economics.,SENA · IN BUILD,#7B2FFF
2026-12-25,116,Friday,17,HOWTO,Sena — AI Front Desk Receptionist,sena,https://mulesoo.com/ai-automation,building,TikTok,"Free game from a real build 🧠

Self-hosting the voice stack removes three per-minute vendors from your unit economics.

Learned it building Sena — AI Front Desk Receptionist.

mulesoo.com

#VoiceAI #HotelTech #Sena #Hospitality #MuleSoo",237,Self-hosting the voice stack removes three per-minute vendors from your unit economics.,SENA · IN BUILD,#7B2FFF
2026-12-25,116,Friday,17,HOWTO,Sena — AI Front Desk Receptionist,sena,https://mulesoo.com/ai-automation,building,X,"Self-hosting the voice stack removes three per-minute vendors from your unit economics.

— learned building Sena",112,Self-hosting the voice stack removes three per-minute vendors from your unit economics.,SENA · IN BUILD,#7B2FFF
2026-12-26,117,Saturday,17,PROOF,Yewogen Derash (ወገን ደራሽ),yewogen,https://mulesoo.com/case-studies,building,LinkedIn,"What Yewogen Derash (ወገን ደራሽ) actually does — not adjectives, features:

• donors who can see who they are giving to
• per-campaign ledgers that survive an audit
• payments only confirmed by verified webhooks

In active build — nothing here is launched yet. Still in build — follow along: mulesoo.com

No invented statistics on this page. Open it and check for yourself.

#Crowdfunding #Ethiopia #YewogenDerash",410,Per-campaign ledgers that survive an audit.,YEWOGEN DERASH · IN BUILD,#00C8FF
2026-12-26,117,Saturday,17,PROOF,Yewogen Derash (ወገን ደራሽ),yewogen,https://mulesoo.com/case-studies,building,Instagram,"🤝 Yewogen Derash (ወገን ደራሽ) — what you actually get:

✅ donors who can see who they are giving to
✅ per-campaign ledgers that survive an audit
✅ payments only confirmed by verified webhooks

In active build — nothing here is launched yet.

Still in build — follow along: mulesoo.com

#Crowdfunding #Ethiopia #YewogenDerash #FinTech #MuleSoo",340,Per-campaign ledgers that survive an audit.,YEWOGEN DERASH · IN BUILD,#00C8FF
2026-12-26,117,Saturday,17,PROOF,Yewogen Derash (ወገን ደራሽ),yewogen,https://mulesoo.com/case-studies,building,Facebook,"People ask what ""Yewogen Derash (ወገን ደራሽ)"" really means. Plainly:

✅ donors who can see who they are giving to
✅ per-campaign ledgers that survive an audit
✅ payments only confirmed by verified webhooks

In active build — nothing here is launched yet. Still in build — follow along: mulesoo.com",294,Per-campaign ledgers that survive an audit.,YEWOGEN DERASH · IN BUILD,#00C8FF
2026-12-26,117,Saturday,17,PROOF,Yewogen Derash (ወገን ደራሽ),yewogen,https://mulesoo.com/case-studies,building,TikTok,"Three things Yewogen Derash (ወገን ደራሽ) does that a normal fundraising campaign setup cannot 👇

1. donors who can see who they are giving to
2. per-campaign ledgers that survive an audit
3. payments only confirmed by verified webhooks

In active build — nothing here is launched yet.

mulesoo.com

#Crowdfunding #Ethiopia #YewogenDerash #FinTech #MuleSoo",353,Per-campaign ledgers that survive an audit.,YEWOGEN DERASH · IN BUILD,#00C8FF
2026-12-26,117,Saturday,17,PROOF,Yewogen Derash (ወገን ደራሽ),yewogen,https://mulesoo.com/case-studies,building,X,"Yewogen Derash (ወገን ደራሽ):
• donors who can see who they are giving to
• per-campaign ledgers that survive an audit

https://mulesoo.com/case-studies",148,Per-campaign ledgers that survive an audit.,YEWOGEN DERASH · IN BUILD,#00C8FF
2026-12-27,118,Sunday,17,BEHIND,Pretoria Kidane Mihret Church Platform,church,https://mulesoo.com/portfolio,live,LinkedIn,"Under the bonnet of Pretoria Kidane Mihret Church Platform:

Every piece of contact and schedule information is a database row, editable from Admin → Site Content.

Amharic type was set and tested first; the English layout adapted to it, not the other way round.

None of this is visible to the client, and all of it is why the thing keeps working in month nine.

See it: https://mulesoo.com/portfolio

#ChurchWebsite #Amharic #Bilingual",437,"Every piece of contact and schedule information is a database row, editable from Admin → Site Content.",KIDANE MIHRET,#E8B84B
2026-12-27,118,Sunday,17,BEHIND,Pretoria Kidane Mihret Church Platform,church,https://mulesoo.com/portfolio,live,Instagram,"Behind the build 🔧 Pretoria Kidane Mihret Church Platform

Every piece of contact and schedule information is a database row, editable from Admin → Site Content.

The boring decisions are the ones that hold.

#ChurchWebsite #Amharic #Bilingual #Pretoria #MuleSoo",263,"Every piece of contact and schedule information is a database row, editable from Admin → Site Content.",KIDANE MIHRET,#E8B84B
2026-12-27,118,Sunday,17,BEHIND,Pretoria Kidane Mihret Church Platform,church,https://mulesoo.com/portfolio,live,Facebook,"A look behind Pretoria Kidane Mihret Church Platform:

Every piece of contact and schedule information is a database row, editable from Admin → Site Content.

Amharic type was set and tested first; the English layout adapted to it, not the other way round.

We build the invisible parts properly. That is the whole difference between a demo and a system you can run a business on.",380,"Every piece of contact and schedule information is a database row, editable from Admin → Site Content.",KIDANE MIHRET,#E8B84B
2026-12-27,118,Sunday,17,BEHIND,Pretoria Kidane Mihret Church Platform,church,https://mulesoo.com/portfolio,live,TikTok,"Behind the build 🔧

Pretoria Kidane Mihret Church Platform: Every piece of contact and schedule information is a database row, editable from Admin → Site Content.

The unglamorous decisions are the ones that save you in month nine.

mulesoo.com

#ChurchWebsite #Amharic #Bilingual #Pretoria #MuleSoo",300,"Every piece of contact and schedule information is a database row, editable from Admin → Site Content.",KIDANE MIHRET,#E8B84B
2026-12-27,118,Sunday,17,BEHIND,Pretoria Kidane Mihret Church Platform,church,https://mulesoo.com/portfolio,live,X,"Pretoria Kidane Mihret Church Platform — under the bonnet:

Every piece of contact and schedule information is a database row, editable from Admin → Site Content.",162,"Every piece of contact and schedule information is a database row, editable from Admin → Site Content.",KIDANE MIHRET,#E8B84B
2026-12-28,119,Monday,17,OFFER,DR. Hospital — AI Clinic System,drhospital,https://mulesoo.com/case-studies,building,LinkedIn,"Run a clinic? We are taking early build partners now.

We building DR. Hospital — AI Clinic System for exactly that — built to POPIA expectations from the schema up, not retrofitted.

Early partners get it first, at build pricing.

Tell us what your week looks like and we will tell you honestly whether software fixes it: mulesoo.com/contact

#HealthTech #ClinicSoftware #AIIntake",381,Run a clinic? We are taking early build partners now.,DR. HOSPITAL · IN BUILD,#00FF88
2026-12-28,119,Monday,17,OFFER,DR. Hospital — AI Clinic System,drhospital,https://mulesoo.com/case-studies,building,Instagram,"Run a clinic? We are taking early build partners now. 🩺

We building DR. Hospital — AI Clinic System to solve it — you get intake completed before the patient arrives.

Early partners get it first, at build pricing.

📩 mulesoo.com/contact
💬 wa.me/27688529333

#HealthTech #ClinicSoftware #AIIntake #POPIA #MuleSoo",316,Run a clinic? We are taking early build partners now.,DR. HOSPITAL · IN BUILD,#00FF88
2026-12-28,119,Monday,17,OFFER,DR. Hospital — AI Clinic System,drhospital,https://mulesoo.com/case-studies,building,Facebook,"Run a clinic? We are taking early build partners now.

That is precisely why DR. Hospital — AI Clinic System exists — built to POPIA expectations from the schema up, not retrofitted.

Early partners get it first, at build pricing. Message us and we will tell you straight whether this is worth it for your business.

📩 mulesoo.com/contact  ·  💬 wa.me/27688529333",364,Run a clinic? We are taking early build partners now.,DR. HOSPITAL · IN BUILD,#00FF88
2026-12-28,119,Monday,17,OFFER,DR. Hospital — AI Clinic System,drhospital,https://mulesoo.com/case-studies,building,TikTok,"Run a clinic? We are taking early build partners now. 🩺

We already building it once — DR. Hospital — AI Clinic System.

Early partners get it first, at build pricing.

mulesoo.com

#HealthTech #ClinicSoftware #AIIntake #POPIA #MuleSoo",236,Run a clinic? We are taking early build partners now.,DR. HOSPITAL · IN BUILD,#00FF88
2026-12-28,119,Monday,17,OFFER,DR. Hospital — AI Clinic System,drhospital,https://mulesoo.com/case-studies,building,X,"Run a clinic? We are taking early build partners now.

We building DR. Hospital — AI Clinic System for exactly this.

mulesoo.com/contact",137,Run a clinic? We are taking early build partners now.,DR. HOSPITAL · IN BUILD,#00FF88
2026-12-29,120,Tuesday,18,SPOTLIGHT,MuleSoo Guides & Digital Store,guides,https://mulesoo.com/store,live,LinkedIn,"Project file: MuleSoo Guides & Digital Store.

In one line: the guides we wrote from real builds — bought once, downloaded instantly, used forever.

The part that matters — instant download after a secure card payment.

What the owner ends up with: instant download, no subscription.

See it: https://mulesoo.com/store

#DigitalProducts #ClaudeCode #LearnToBuild",362,We built MuleSoo Guides & Digital Store.,MULESOO STORE,#E8B84B
2026-12-29,120,Tuesday,18,SPOTLIGHT,MuleSoo Guides & Digital Store,guides,https://mulesoo.com/store,live,Instagram,"📘 Project file: MuleSoo Guides & Digital Store.

The guides we wrote from real builds — bought once, downloaded instantly, used forever.

✨ instant download after a secure card payment
✅ instant download, no subscription

See it: https://mulesoo.com/store

#DigitalProducts #ClaudeCode #LearnToBuild #PassiveIncome #MuleSoo",324,We built MuleSoo Guides & Digital Store.,MULESOO STORE,#E8B84B
2026-12-29,120,Tuesday,18,SPOTLIGHT,MuleSoo Guides & Digital Store,guides,https://mulesoo.com/store,live,Facebook,"Project file: MuleSoo Guides & Digital Store.

It is the guides we wrote from real builds — bought once, downloaded instantly, used forever.

The thing people notice first: instant download after a secure card payment.

If you run a knowledge business and this sounds like your week — we should talk. mulesoo.com",312,We built MuleSoo Guides & Digital Store.,MULESOO STORE,#E8B84B
2026-12-29,120,Tuesday,18,SPOTLIGHT,MuleSoo Guides & Digital Store,guides,https://mulesoo.com/store,live,TikTok,"POV: you run a knowledge business. 📘

We built MuleSoo Guides & Digital Store.

It does one thing brilliantly: instant download after a secure card payment.

Full build on mulesoo.com

#DigitalProducts #ClaudeCode #LearnToBuild #PassiveIncome #MuleSoo",252,We built MuleSoo Guides & Digital Store.,MULESOO STORE,#E8B84B
2026-12-29,120,Tuesday,18,SPOTLIGHT,MuleSoo Guides & Digital Store,guides,https://mulesoo.com/store,live,X,"Project file: MuleSoo Guides & Digital Store. The guides we wrote from real builds — bought once, downloaded instantly, used forever.

https://mulesoo.com/store",160,We built MuleSoo Guides & Digital Store.,MULESOO STORE,#E8B84B
2026-12-30,121,Wednesday,18,PROBLEM,MuleSoo Digital Services,mulesoo,https://mulesoo.com,live,LinkedIn,"Most agencies show you a portfolio. Nobody shows you the machine that runs the agency itself.

That was the brief behind MuleSoo Digital Services.

We built it around one idea: a full admin panel — leads pipeline, bookings, analytics, portfolio, pricing, testimonials — all editable without a developer.

The platform you are reading this from — it books its own clients, sells its own products and runs its own admin.

See it: https://mulesoo.com

#MuleSoo #WebDesignPretoria #AIforBusiness",491,Most agencies show you a portfolio. Nobody shows you the machine that runs the agency itself.,MULESOO PLATFORM,#00C8FF
2026-12-30,121,Wednesday,18,PROBLEM,MuleSoo Digital Services,mulesoo,https://mulesoo.com,live,Instagram,"Most agencies show you a portfolio. Nobody shows you the machine that runs the agency itself. 😮‍💨

So we built MuleSoo Digital Services.

A full admin panel — leads pipeline, bookings, analytics, portfolio, pricing, testimonials — all editable without a developer.

See it: https://mulesoo.com

#MuleSoo #WebDesignPretoria #AIforBusiness #SouthAfricaTech #NextJS",364,Most agencies show you a portfolio. Nobody shows you the machine that runs the agency itself.,MULESOO PLATFORM,#00C8FF
2026-12-30,121,Wednesday,18,PROBLEM,MuleSoo Digital Services,mulesoo,https://mulesoo.com,live,Facebook,"Most agencies show you a portfolio. Nobody shows you the machine that runs the agency itself.

Every service business we have spoken to says a version of that sentence.

MuleSoo Digital Services exists to end it — a full admin panel — leads pipeline, bookings, analytics, portfolio, pricing, testimonials — all editable without a developer.

See it: https://mulesoo.com",369,Most agencies show you a portfolio. Nobody shows you the machine that runs the agency itself.,MULESOO PLATFORM,#00C8FF
2026-12-30,121,Wednesday,18,PROBLEM,MuleSoo Digital Services,mulesoo,https://mulesoo.com,live,TikTok,"Tell me you run a service business without telling me. 👇

""Most agencies show you a portfolio. Nobody shows you the machine that runs the agency itself.""

That is why we built MuleSoo Digital Services — a full admin panel — leads pipeline, bookings, analytics, portfolio, pricing, testimonials — all editable without a developer.

mulesoo.com

#MuleSoo #WebDesignPretoria #AIforBusiness #SouthAfricaTech #NextJS",412,Most agencies show you a portfolio. Nobody shows you the machine that runs the agency itself.,MULESOO PLATFORM,#00C8FF
2026-12-30,121,Wednesday,18,PROBLEM,MuleSoo Digital Services,mulesoo,https://mulesoo.com,live,X,"Most agencies show you a portfolio. Nobody shows you the machine that runs the agency itself.

So we built MuleSoo Digital Services.

https://mulesoo.com",153,Most agencies show you a portfolio. Nobody shows you the machine that runs the agency itself.,MULESOO PLATFORM,#00C8FF
2026-12-31,122,Thursday,18,FUNNY,Habesha Celebration Events,habesha,https://habeshaeventsplanner.netlify.app,live,LinkedIn,"We built a booking flow calm enough to survive a mother-in-law with opinions.

Behind the joke there is a real system: Habesha Celebration Events — an elegant events platform that turns wedding dreams into confirmed bookings, 24/7.

Humour is just the shortest way to describe a problem everyone running a wedding & events business already has.

See it: https://habeshaeventsplanner.netlify.app

#HabeshaEvents #EthiopianWedding #EventPlanner",442,We built a booking flow calm enough to survive a mother-in-law with opinions.,HABESHA EVENTS,#7B2FFF
2026-12-31,122,Thursday,18,FUNNY,Habesha Celebration Events,habesha,https://habeshaeventsplanner.netlify.app,live,Instagram,"We built a booking flow calm enough to survive a mother-in-law with opinions. 😂

(Habesha Celebration Events. Yes, it is real.)

See it: https://habeshaeventsplanner.netlify.app

#HabeshaEvents #EthiopianWedding #EventPlanner #WeddingSA #MuleSoo",246,We built a booking flow calm enough to survive a mother-in-law with opinions.,HABESHA EVENTS,#7B2FFF
2026-12-31,122,Thursday,18,FUNNY,Habesha Celebration Events,habesha,https://habeshaeventsplanner.netlify.app,live,Facebook,"We built a booking flow calm enough to survive a mother-in-law with opinions.

True story from building Habesha Celebration Events — an elegant events platform that turns wedding dreams into confirmed bookings, 24/7.

A couple booked at 1:47am. The planner found out at breakfast. That is the whole product.

See it: https://habeshaeventsplanner.netlify.app",357,We built a booking flow calm enough to survive a mother-in-law with opinions.,HABESHA EVENTS,#7B2FFF
2026-12-31,122,Thursday,18,FUNNY,Habesha Celebration Events,habesha,https://habeshaeventsplanner.netlify.app,live,TikTok,"We built a booking flow calm enough to survive a mother-in-law with opinions. 💀

Not a joke though — Habesha Celebration Events actually does this.

A couple booked at 1:47am. The planner found out at breakfast. That is the whole product.

mulesoo.com

#HabeshaEvents #EthiopianWedding #EventPlanner #WeddingSA #MuleSoo",320,We built a booking flow calm enough to survive a mother-in-law with opinions.,HABESHA EVENTS,#7B2FFF
2026-12-31,122,Thursday,18,FUNNY,Habesha Celebration Events,habesha,https://habeshaeventsplanner.netlify.app,live,X,"We built a booking flow calm enough to survive a mother-in-law with opinions.

— from building Habesha Celebration Events",121,We built a booking flow calm enough to survive a mother-in-law with opinions.,HABESHA EVENTS,#7B2FFF
2027-01-01,123,Friday,18,HOWTO,YoYo Gym — AI Membership Platform,yoyogym,https://yoyogym.vercel.app,live,LinkedIn,"Something YoYo Gym — AI Membership Platform taught us:

POPIA is not paperwork — member data in a public client is a real, reportable exposure.

Two more from the same build:

• QR check-in beats fingerprint readers for cost, hygiene and the day the hardware dies.
• Ship the owner a manual PDF. Software nobody can operate is software nobody renews.

All three are in the live product, not in a slide deck. See it: https://yoyogym.vercel.app

#GymSoftware #FitnessBusiness #YoYoGym",482,"POPIA is not paperwork — member data in a public client is a real, reportable exposure.",YOYO GYM,#00FF88
2027-01-01,123,Friday,18,HOWTO,YoYo Gym — AI Membership Platform,yoyogym,https://yoyogym.vercel.app,live,Instagram,"Lesson from building YoYo Gym — AI Membership Platform 🏋️

📌 POPIA is not paperwork — member data in a public client is a real, reportable exposure.

Save this one — it applies far beyond this one project.

#GymSoftware #FitnessBusiness #YoYoGym #MembershipSystem #MuleSoo",274,"POPIA is not paperwork — member data in a public client is a real, reportable exposure.",YOYO GYM,#00FF88
2027-01-01,123,Friday,18,HOWTO,YoYo Gym — AI Membership Platform,yoyogym,https://yoyogym.vercel.app,live,Facebook,"A free lesson from building YoYo Gym — AI Membership Platform:

POPIA is not paperwork — member data in a public client is a real, reportable exposure.

It sounds small. It is the difference between a system that works and one that quietly loses you money.

More of how we build: mulesoo.com",291,"POPIA is not paperwork — member data in a public client is a real, reportable exposure.",YOYO GYM,#00FF88
2027-01-01,123,Friday,18,HOWTO,YoYo Gym — AI Membership Platform,yoyogym,https://yoyogym.vercel.app,live,TikTok,"Free game from a real build 🧠

POPIA is not paperwork — member data in a public client is a real, reportable exposure.

Learned it building YoYo Gym — AI Membership Platform.

mulesoo.com

#GymSoftware #FitnessBusiness #YoYoGym #MembershipSystem #MuleSoo",255,"POPIA is not paperwork — member data in a public client is a real, reportable exposure.",YOYO GYM,#00FF88
2027-01-01,123,Friday,18,HOWTO,YoYo Gym — AI Membership Platform,yoyogym,https://yoyogym.vercel.app,live,X,"POPIA is not paperwork — member data in a public client is a real, reportable exposure.

— learned building YoYo Gym",116,"POPIA is not paperwork — member data in a public client is a real, reportable exposure.",YOYO GYM,#00FF88
2027-01-02,124,Saturday,18,PROOF,X-Boss Photography Studio,xboss,https://xbossphotography.vercel.app,live,LinkedIn,"What X-Boss Photography Studio actually does — not adjectives, features:

• bookings taken while you are behind the camera
• a branded PDF confirmation the client actually keeps
• an admin view of today, upcoming and history in one screen

Live now. See it: https://xbossphotography.vercel.app

No invented statistics on this page. Open it and check for yourself.

#PhotographyBusiness #StudioBooking #XBoss",407,A branded PDF confirmation the client actually keeps.,X-BOSS PHOTOGRAPHY,#E8B84B
2027-01-02,124,Saturday,18,PROOF,X-Boss Photography Studio,xboss,https://xbossphotography.vercel.app,live,Instagram,"📸 X-Boss Photography Studio — what you actually get:

✅ bookings taken while you are behind the camera
✅ a branded PDF confirmation the client actually keeps
✅ an admin view of today, upcoming and history in one screen

Live now.

See it: https://xbossphotography.vercel.app

#PhotographyBusiness #StudioBooking #XBoss #BookingSystem #MuleSoo",343,A branded PDF confirmation the client actually keeps.,X-BOSS PHOTOGRAPHY,#E8B84B
2027-01-02,124,Saturday,18,PROOF,X-Boss Photography Studio,xboss,https://xbossphotography.vercel.app,live,Facebook,"People ask what ""X-Boss Photography Studio"" really means. Plainly:

✅ bookings taken while you are behind the camera
✅ a branded PDF confirmation the client actually keeps
✅ an admin view of today, upcoming and history in one screen

Live now. See it: https://xbossphotography.vercel.app",287,A branded PDF confirmation the client actually keeps.,X-BOSS PHOTOGRAPHY,#E8B84B
2027-01-02,124,Saturday,18,PROOF,X-Boss Photography Studio,xboss,https://xbossphotography.vercel.app,live,TikTok,"Three things X-Boss Photography Studio does that a normal photography studio setup cannot 👇

1. bookings taken while you are behind the camera
2. a branded PDF confirmation the client actually keeps
3. an admin view of today, upcoming and history in one screen

Live now.

mulesoo.com

#PhotographyBusiness #StudioBooking #XBoss #BookingSystem #MuleSoo",353,A branded PDF confirmation the client actually keeps.,X-BOSS PHOTOGRAPHY,#E8B84B
2027-01-02,124,Saturday,18,PROOF,X-Boss Photography Studio,xboss,https://xbossphotography.vercel.app,live,X,"X-Boss Photography Studio:
• bookings taken while you are behind the camera
• a branded PDF confirmation the client actually keeps

https://xbossphotography.vercel.app",167,A branded PDF confirmation the client actually keeps.,X-BOSS PHOTOGRAPHY,#E8B84B
2027-01-03,125,Sunday,18,BEHIND,Shime Events & Planning,shime,https://shimeeventplaning.vercel.app,live,LinkedIn,"Under the bonnet of Shime Events & Planning:

Chapa hosted checkout for payment, with deposit amounts driven by the chosen package tier.

Playfair Display and Lato over navy and gold — the type does as much selling as the copy.

None of this is visible to the client, and all of it is why the thing keeps working in month nine.

See it: https://shimeeventplaning.vercel.app

#EventPlanning #ShimeEvents #BilingualWeb",416,"Chapa hosted checkout for payment, with deposit amounts driven by the chosen package tier.",SHIME EVENTS,#E8B84B
2027-01-03,125,Sunday,18,BEHIND,Shime Events & Planning,shime,https://shimeeventplaning.vercel.app,live,Instagram,"Behind the build 🔧 Shime Events & Planning

Chapa hosted checkout for payment, with deposit amounts driven by the chosen package tier.

The boring decisions are the ones that hold.

#EventPlanning #ShimeEvents #BilingualWeb #Amharic #MuleSoo",242,"Chapa hosted checkout for payment, with deposit amounts driven by the chosen package tier.",SHIME EVENTS,#E8B84B
2027-01-03,125,Sunday,18,BEHIND,Shime Events & Planning,shime,https://shimeeventplaning.vercel.app,live,Facebook,"A look behind Shime Events & Planning:

Chapa hosted checkout for payment, with deposit amounts driven by the chosen package tier.

Playfair Display and Lato over navy and gold — the type does as much selling as the copy.

We build the invisible parts properly. That is the whole difference between a demo and a system you can run a business on.",345,"Chapa hosted checkout for payment, with deposit amounts driven by the chosen package tier.",SHIME EVENTS,#E8B84B
2027-01-03,125,Sunday,18,BEHIND,Shime Events & Planning,shime,https://shimeeventplaning.vercel.app,live,TikTok,"Behind the build 🔧

Shime Events & Planning: Chapa hosted checkout for payment, with deposit amounts driven by the chosen package tier.

The unglamorous decisions are the ones that save you in month nine.

mulesoo.com

#EventPlanning #ShimeEvents #BilingualWeb #Amharic #MuleSoo",279,"Chapa hosted checkout for payment, with deposit amounts driven by the chosen package tier.",SHIME EVENTS,#E8B84B
2027-01-03,125,Sunday,18,BEHIND,Shime Events & Planning,shime,https://shimeeventplaning.vercel.app,live,X,"Shime Events & Planning — under the bonnet:

Chapa hosted checkout for payment, with deposit amounts driven by the chosen package tier.",135,"Chapa hosted checkout for payment, with deposit amounts driven by the chosen package tier.",SHIME EVENTS,#E8B84B
2027-01-04,126,Monday,18,OFFER,Tsedi Catering & Events,tsedi,https://tsedicatering.vercel.app,live,LinkedIn,"Cooking for ninety and answering enquiries at the same time?

We built Tsedi Catering & Events for exactly that — a Stripe deposit and a verification code, issued in the same conversation.

Same system, your brand, your sector.

Tell us what your week looks like and we will tell you honestly whether software fixes it: mulesoo.com/contact

#CateringBusiness #QRBooking #TsediCatering",384,Cooking for ninety and answering enquiries at the same time?,TSEDI CATERING,#E8B84B
2027-01-04,126,Monday,18,OFFER,Tsedi Catering & Events,tsedi,https://tsedicatering.vercel.app,live,Instagram,"Cooking for ninety and answering enquiries at the same time? 🍽️

We built Tsedi Catering & Events to solve it — you get deposits paid before you buy a single ingredient.

Same system, your brand, your sector.

📩 mulesoo.com/contact
💬 wa.me/27688529333

#CateringBusiness #QRBooking #TsediCatering #AIAssistant #MuleSoo",321,Cooking for ninety and answering enquiries at the same time?,TSEDI CATERING,#E8B84B
2027-01-04,126,Monday,18,OFFER,Tsedi Catering & Events,tsedi,https://tsedicatering.vercel.app,live,Facebook,"Cooking for ninety and answering enquiries at the same time?

That is precisely why Tsedi Catering & Events exists — a Stripe deposit and a verification code, issued in the same conversation.

Same system, your brand, your sector. Message us and we will tell you straight whether this is worth it for your business.

📩 mulesoo.com/contact  ·  💬 wa.me/27688529333",364,Cooking for ninety and answering enquiries at the same time?,TSEDI CATERING,#E8B84B
2027-01-04,126,Monday,18,OFFER,Tsedi Catering & Events,tsedi,https://tsedicatering.vercel.app,live,TikTok,"Cooking for ninety and answering enquiries at the same time? 🍽️

We already built it once — Tsedi Catering & Events.

Same system, your brand, your sector.

mulesoo.com

#CateringBusiness #QRBooking #TsediCatering #AIAssistant #MuleSoo",236,Cooking for ninety and answering enquiries at the same time?,TSEDI CATERING,#E8B84B
2027-01-04,126,Monday,18,OFFER,Tsedi Catering & Events,tsedi,https://tsedicatering.vercel.app,live,X,"Cooking for ninety and answering enquiries at the same time?

We built Tsedi Catering & Events for exactly this.

mulesoo.com/contact",133,Cooking for ninety and answering enquiries at the same time?,TSEDI CATERING,#E8B84B
2027-01-05,127,Tuesday,19,SPOTLIGHT,TSI AI Booking Assistant,tsi,https://mulesoo.com/services/chatbot,live,LinkedIn,"Project file: TSI AI Booking Assistant.

In one line: a reservations assistant that answers, qualifies and books, around the clock.

The part that matters — it captures name, contact and intent before it hands anything to a human.

What the owner ends up with: leads arriving with name, contact and intent already captured.

See it: https://mulesoo.com/services/chatbot

#AIChatbot #Hospitality #Reservations",408,We built TSI AI Booking Assistant.,TSI ASSISTANT,#00C8FF
2027-01-05,127,Tuesday,19,SPOTLIGHT,TSI AI Booking Assistant,tsi,https://mulesoo.com/services/chatbot,live,Instagram,"🤖 Project file: TSI AI Booking Assistant.

A reservations assistant that answers, qualifies and books, around the clock.

✨ it captures name, contact and intent before it hands anything to a human
✅ leads arriving with name, contact and intent already captured

See it: https://mulesoo.com/services/chatbot

#AIChatbot #Hospitality #Reservations #CustomerService #MuleSoo",372,We built TSI AI Booking Assistant.,TSI ASSISTANT,#00C8FF
2027-01-05,127,Tuesday,19,SPOTLIGHT,TSI AI Booking Assistant,tsi,https://mulesoo.com/services/chatbot,live,Facebook,"Project file: TSI AI Booking Assistant.

It is a reservations assistant that answers, qualifies and books, around the clock.

The thing people notice first: it captures name, contact and intent before it hands anything to a human.

If you run a hotel or restaurant and this sounds like your week — we should talk. mulesoo.com",325,We built TSI AI Booking Assistant.,TSI ASSISTANT,#00C8FF
2027-01-05,127,Tuesday,19,SPOTLIGHT,TSI AI Booking Assistant,tsi,https://mulesoo.com/services/chatbot,live,TikTok,"POV: you run a hotel or restaurant. 🤖

We built TSI AI Booking Assistant.

It does one thing brilliantly: it captures name, contact and intent before it hands anything to a human.

Full build on mulesoo.com

#AIChatbot #Hospitality #Reservations #CustomerService #MuleSoo",272,We built TSI AI Booking Assistant.,TSI ASSISTANT,#00C8FF
2027-01-05,127,Tuesday,19,SPOTLIGHT,TSI AI Booking Assistant,tsi,https://mulesoo.com/services/chatbot,live,X,"Project file: TSI AI Booking Assistant. A reservations assistant that answers, qualifies and books, around the clock.

https://mulesoo.com/services/chatbot",155,We built TSI AI Booking Assistant.,TSI ASSISTANT,#00C8FF
2027-01-06,128,Wednesday,19,PROBLEM,Sena — AI Front Desk Receptionist,sena,https://mulesoo.com/ai-automation,building,LinkedIn,"Voice AI is usually priced per minute by three vendors at once, which is why most hotels never try it.

That was the brief behind Sena — AI Front Desk Receptionist.

We building it around one idea: she checks live availability, quotes real rates and sends the payment link during the call.

A voice receptionist for hotels: the guest clicks Call Reception and Sena actually answers.

Still in build — follow along: mulesoo.com

#VoiceAI #HotelTech #Sena",453,"Voice AI is usually priced per minute by three vendors at once, which is why most hotels never try it.",SENA · IN BUILD,#7B2FFF
2027-01-06,128,Wednesday,19,PROBLEM,Sena — AI Front Desk Receptionist,sena,https://mulesoo.com/ai-automation,building,Instagram,"Voice AI is usually priced per minute by three vendors at once, which is why most hotels never try it. 😮‍💨

So we building Sena — AI Front Desk Receptionist.

She checks live availability, quotes real rates and sends the payment link during the call.

Still in build — follow along: mulesoo.com

#VoiceAI #HotelTech #Sena #Hospitality #MuleSoo",345,"Voice AI is usually priced per minute by three vendors at once, which is why most hotels never try it.",SENA · IN BUILD,#7B2FFF
2027-01-06,128,Wednesday,19,PROBLEM,Sena — AI Front Desk Receptionist,sena,https://mulesoo.com/ai-automation,building,Facebook,"Voice AI is usually priced per minute by three vendors at once, which is why most hotels never try it.

Every hotel we have spoken to says a version of that sentence.

Sena — AI Front Desk Receptionist exists to end it — she checks live availability, quotes real rates and sends the payment link during the call.

Still in build — follow along: mulesoo.com",356,"Voice AI is usually priced per minute by three vendors at once, which is why most hotels never try it.",SENA · IN BUILD,#7B2FFF
2027-01-06,128,Wednesday,19,PROBLEM,Sena — AI Front Desk Receptionist,sena,https://mulesoo.com/ai-automation,building,TikTok,"Tell me you run a hotel without telling me. 👇

""Voice AI is usually priced per minute by three vendors at once, which is why most hotels never try it.""

That is why we building Sena — AI Front Desk Receptionist — she checks live availability, quotes real rates and sends the payment link during the call.

mulesoo.com

#VoiceAI #HotelTech #Sena #Hospitality #MuleSoo",367,"Voice AI is usually priced per minute by three vendors at once, which is why most hotels never try it.",SENA · IN BUILD,#7B2FFF
2027-01-06,128,Wednesday,19,PROBLEM,Sena — AI Front Desk Receptionist,sena,https://mulesoo.com/ai-automation,building,X,"Voice AI is usually priced per minute by three vendors at once, which is why most hotels never try it.

So we building Sena.

https://mulesoo.com/ai-automation",159,"Voice AI is usually priced per minute by three vendors at once, which is why most hotels never try it.",SENA · IN BUILD,#7B2FFF
2027-01-07,129,Thursday,19,FUNNY,Yewogen Derash (ወገን ደራሽ),yewogen,https://mulesoo.com/case-studies,building,LinkedIn,"Funds never mix. It is a boring sentence that took a great deal of unboring engineering.

Behind the joke there is a real system: Yewogen Derash (ወገን ደራሽ) — a crowdfunding platform where every campaign owner is identity-verified and no two campaigns share a wallet.

Humour is just the shortest way to describe a problem everyone running a fundraising campaign already has.

Still in build — follow along: mulesoo.com

#Crowdfunding #Ethiopia #YewogenDerash",457,Funds never mix. It is a boring sentence that took a great deal of unboring engineering.,YEWOGEN DERASH · IN BUILD,#00C8FF
2027-01-07,129,Thursday,19,FUNNY,Yewogen Derash (ወገን ደራሽ),yewogen,https://mulesoo.com/case-studies,building,Instagram,"Funds never mix. It is a boring sentence that took a great deal of unboring engineering. 😂

(Yewogen Derash (ወገን ደራሽ). Yes, it is real.)

Still in build — follow along: mulesoo.com

#Crowdfunding #Ethiopia #YewogenDerash #FinTech #MuleSoo",239,Funds never mix. It is a boring sentence that took a great deal of unboring engineering.,YEWOGEN DERASH · IN BUILD,#00C8FF
2027-01-07,129,Thursday,19,FUNNY,Yewogen Derash (ወገን ደራሽ),yewogen,https://mulesoo.com/case-studies,building,Facebook,"Funds never mix. It is a boring sentence that took a great deal of unboring engineering.

True story from building Yewogen Derash (ወገን ደራሽ) — a crowdfunding platform where every campaign owner is identity-verified and no two campaigns share a wallet.

Every admin action is audit-logged, including the ones the admin regrets.

Still in build — follow along: mulesoo.com",369,Funds never mix. It is a boring sentence that took a great deal of unboring engineering.,YEWOGEN DERASH · IN BUILD,#00C8FF
2027-01-07,129,Thursday,19,FUNNY,Yewogen Derash (ወገን ደራሽ),yewogen,https://mulesoo.com/case-studies,building,TikTok,"Funds never mix. It is a boring sentence that took a great deal of unboring engineering. 💀

Not a joke though — Yewogen Derash (ወገን ደራሽ) actually does this.

Every admin action is audit-logged, including the ones the admin regrets.

mulesoo.com

#Crowdfunding #Ethiopia #YewogenDerash #FinTech #MuleSoo",303,Funds never mix. It is a boring sentence that took a great deal of unboring engineering.,YEWOGEN DERASH · IN BUILD,#00C8FF
2027-01-07,129,Thursday,19,FUNNY,Yewogen Derash (ወገን ደራሽ),yewogen,https://mulesoo.com/case-studies,building,X,"Funds never mix. It is a boring sentence that took a great deal of unboring engineering.

— from building Yewogen Derash",120,Funds never mix. It is a boring sentence that took a great deal of unboring engineering.,YEWOGEN DERASH · IN BUILD,#00C8FF
2027-01-08,130,Friday,19,HOWTO,Pretoria Kidane Mihret Church Platform,church,https://mulesoo.com/portfolio,live,LinkedIn,"Something Pretoria Kidane Mihret Church Platform taught us:

Give institutions an admin panel. Any content that needs a developer will be wrong within a month.

Two more from the same build:

• Recurring liturgical events need a real calendar model, not a list of dates typed by hand.
• Community sites live on phones with modest data. Optimise for that, not for your laptop.

All three are in the live product, not in a slide deck. See it: https://mulesoo.com/portfolio

#ChurchWebsite #Amharic #Bilingual",506,Give institutions an admin panel. Any content that needs a developer will be wrong within a month.,KIDANE MIHRET,#E8B84B
2027-01-08,130,Friday,19,HOWTO,Pretoria Kidane Mihret Church Platform,church,https://mulesoo.com/portfolio,live,Instagram,"Lesson from building Pretoria Kidane Mihret Church Platform ⛪

📌 Give institutions an admin panel. Any content that needs a developer will be wrong within a month.

Save this one — it applies far beyond this one project.

#ChurchWebsite #Amharic #Bilingual #Pretoria #MuleSoo",276,Give institutions an admin panel. Any content that needs a developer will be wrong within a month.,KIDANE MIHRET,#E8B84B
2027-01-08,130,Friday,19,HOWTO,Pretoria Kidane Mihret Church Platform,church,https://mulesoo.com/portfolio,live,Facebook,"A free lesson from building Pretoria Kidane Mihret Church Platform:

Give institutions an admin panel. Any content that needs a developer will be wrong within a month.

It sounds small. It is the difference between a system that works and one that quietly loses you money.

More of how we build: mulesoo.com",307,Give institutions an admin panel. Any content that needs a developer will be wrong within a month.,KIDANE MIHRET,#E8B84B
2027-01-08,130,Friday,19,HOWTO,Pretoria Kidane Mihret Church Platform,church,https://mulesoo.com/portfolio,live,TikTok,"Free game from a real build 🧠

Give institutions an admin panel. Any content that needs a developer will be wrong within a month.

Learned it building Pretoria Kidane Mihret Church Platform.

mulesoo.com

#ChurchWebsite #Amharic #Bilingual #Pretoria #MuleSoo",259,Give institutions an admin panel. Any content that needs a developer will be wrong within a month.,KIDANE MIHRET,#E8B84B
2027-01-08,130,Friday,19,HOWTO,Pretoria Kidane Mihret Church Platform,church,https://mulesoo.com/portfolio,live,X,"Give institutions an admin panel. Any content that needs a developer will be wrong within a month.

— learned building Pretoria Kidane Mihret Church Platform",157,Give institutions an admin panel. Any content that needs a developer will be wrong within a month.,KIDANE MIHRET,#E8B84B
2027-01-09,131,Saturday,19,PROOF,DR. Hospital — AI Clinic System,drhospital,https://mulesoo.com/case-studies,building,LinkedIn,"What DR. Hospital — AI Clinic System actually does — not adjectives, features:

• reception freed from the phone during consulting hours
• intake completed before the patient arrives
• one system for appointments, records and follow-up

In active build — nothing here is launched yet. Still in build — follow along: mulesoo.com

No invented statistics on this page. Open it and check for yourself.

#HealthTech #ClinicSoftware #AIIntake",436,Intake completed before the patient arrives.,DR. HOSPITAL · IN BUILD,#00FF88
2027-01-09,131,Saturday,19,PROOF,DR. Hospital — AI Clinic System,drhospital,https://mulesoo.com/case-studies,building,Instagram,"🩺 DR. Hospital — AI Clinic System — what you actually get:

✅ reception freed from the phone during consulting hours
✅ intake completed before the patient arrives
✅ one system for appointments, records and follow-up

In active build — nothing here is launched yet.

Still in build — follow along: mulesoo.com

#HealthTech #ClinicSoftware #AIIntake #POPIA #MuleSoo",364,Intake completed before the patient arrives.,DR. HOSPITAL · IN BUILD,#00FF88
2027-01-09,131,Saturday,19,PROOF,DR. Hospital — AI Clinic System,drhospital,https://mulesoo.com/case-studies,building,Facebook,"People ask what ""DR. Hospital — AI Clinic System"" really means. Plainly:

✅ reception freed from the phone during consulting hours
✅ intake completed before the patient arrives
✅ one system for appointments, records and follow-up

In active build — nothing here is launched yet. Still in build — follow along: mulesoo.com",321,Intake completed before the patient arrives.,DR. HOSPITAL · IN BUILD,#00FF88
2027-01-09,131,Saturday,19,PROOF,DR. Hospital — AI Clinic System,drhospital,https://mulesoo.com/case-studies,building,TikTok,"Three things DR. Hospital — AI Clinic System does that a normal clinic setup cannot 👇

1. reception freed from the phone during consulting hours
2. intake completed before the patient arrives
3. one system for appointments, records and follow-up

In active build — nothing here is launched yet.

mulesoo.com

#HealthTech #ClinicSoftware #AIIntake #POPIA #MuleSoo",363,Intake completed before the patient arrives.,DR. HOSPITAL · IN BUILD,#00FF88
2027-01-09,131,Saturday,19,PROOF,DR. Hospital — AI Clinic System,drhospital,https://mulesoo.com/case-studies,building,X,"DR. Hospital — AI Clinic System:
• reception freed from the phone during consulting hours
• intake completed before the patient arrives

https://mulesoo.com/case-studies",169,Intake completed before the patient arrives.,DR. HOSPITAL · IN BUILD,#00FF88
2027-01-10,132,Sunday,19,BEHIND,MuleSoo Guides & Digital Store,guides,https://mulesoo.com/store,live,LinkedIn,"Under the bonnet of MuleSoo Guides & Digital Store:

Stripe handles checkout in Rand; delivery is instant and the receipt is automatic.

The store runs on the same admin panel as the leads and bookings — one business, one system.

None of this is visible to the client, and all of it is why the thing keeps working in month nine.

See it: https://mulesoo.com/store

#DigitalProducts #ClaudeCode #LearnToBuild",408,Stripe handles checkout in Rand; delivery is instant and the receipt is automatic.,MULESOO STORE,#E8B84B
2027-01-10,132,Sunday,19,BEHIND,MuleSoo Guides & Digital Store,guides,https://mulesoo.com/store,live,Instagram,"Behind the build 🔧 MuleSoo Guides & Digital Store

Stripe handles checkout in Rand; delivery is instant and the receipt is automatic.

The boring decisions are the ones that hold.

#DigitalProducts #ClaudeCode #LearnToBuild #PassiveIncome #MuleSoo",248,Stripe handles checkout in Rand; delivery is instant and the receipt is automatic.,MULESOO STORE,#E8B84B
2027-01-10,132,Sunday,19,BEHIND,MuleSoo Guides & Digital Store,guides,https://mulesoo.com/store,live,Facebook,"A look behind MuleSoo Guides & Digital Store:

Stripe handles checkout in Rand; delivery is instant and the receipt is automatic.

The store runs on the same admin panel as the leads and bookings — one business, one system.

We build the invisible parts properly. That is the whole difference between a demo and a system you can run a business on.",347,Stripe handles checkout in Rand; delivery is instant and the receipt is automatic.,MULESOO STORE,#E8B84B
2027-01-10,132,Sunday,19,BEHIND,MuleSoo Guides & Digital Store,guides,https://mulesoo.com/store,live,TikTok,"Behind the build 🔧

MuleSoo Guides & Digital Store: Stripe handles checkout in Rand; delivery is instant and the receipt is automatic.

The unglamorous decisions are the ones that save you in month nine.

mulesoo.com

#DigitalProducts #ClaudeCode #LearnToBuild #PassiveIncome #MuleSoo",285,Stripe handles checkout in Rand; delivery is instant and the receipt is automatic.,MULESOO STORE,#E8B84B
2027-01-10,132,Sunday,19,BEHIND,MuleSoo Guides & Digital Store,guides,https://mulesoo.com/store,live,X,"MuleSoo Guides & Digital Store — under the bonnet:

Stripe handles checkout in Rand; delivery is instant and the receipt is automatic.",134,Stripe handles checkout in Rand; delivery is instant and the receipt is automatic.,MULESOO STORE,#E8B84B
2027-01-11,133,Monday,19,OFFER,MuleSoo Digital Services,mulesoo,https://mulesoo.com,live,LinkedIn,"Want the same engine under your own brand?

We built MuleSoo Digital Services for exactly that — face-recognition admin login via QR and your phone camera, on top of a password and email 2FA.

Same system, your brand, your sector.

Tell us what your week looks like and we will tell you honestly whether software fixes it: mulesoo.com/contact

#MuleSoo #WebDesignPretoria #AIforBusiness",386,Want the same engine under your own brand?,MULESOO PLATFORM,#00C8FF
2027-01-11,133,Monday,19,OFFER,MuleSoo Digital Services,mulesoo,https://mulesoo.com,live,Instagram,"Want the same engine under your own brand? 🛠️

We built MuleSoo Digital Services to solve it — you get a Stripe store that takes card payments for digital products.

Same system, your brand, your sector.

📩 mulesoo.com/contact
💬 wa.me/27688529333

#MuleSoo #WebDesignPretoria #AIforBusiness #SouthAfricaTech #NextJS",318,Want the same engine under your own brand?,MULESOO PLATFORM,#00C8FF
2027-01-11,133,Monday,19,OFFER,MuleSoo Digital Services,mulesoo,https://mulesoo.com,live,Facebook,"Want the same engine under your own brand?

That is precisely why MuleSoo Digital Services exists — face-recognition admin login via QR and your phone camera, on top of a password and email 2FA.

Same system, your brand, your sector. Message us and we will tell you straight whether this is worth it for your business.

📩 mulesoo.com/contact  ·  💬 wa.me/27688529333",367,Want the same engine under your own brand?,MULESOO PLATFORM,#00C8FF
2027-01-11,133,Monday,19,OFFER,MuleSoo Digital Services,mulesoo,https://mulesoo.com,live,TikTok,"Want the same engine under your own brand? 🛠️

We already built it once — MuleSoo Digital Services.

Same system, your brand, your sector.

mulesoo.com

#MuleSoo #WebDesignPretoria #AIforBusiness #SouthAfricaTech #NextJS",221,Want the same engine under your own brand?,MULESOO PLATFORM,#00C8FF
2027-01-11,133,Monday,19,OFFER,MuleSoo Digital Services,mulesoo,https://mulesoo.com,live,X,"Want the same engine under your own brand?

We built MuleSoo Digital Services for exactly this.

mulesoo.com/contact",116,Want the same engine under your own brand?,MULESOO PLATFORM,#00C8FF
2027-01-12,134,Tuesday,20,SPOTLIGHT,Habesha Celebration Events,habesha,https://habeshaeventsplanner.netlify.app,live,LinkedIn,"Project file: Habesha Celebration Events.

In one line: an elegant events platform that turns wedding dreams into confirmed bookings, 24/7.

The part that matters — enquiry capture that works while the planner is mid-ceremony with no phone in hand.

What the owner ends up with: enquiries captured around the clock, not just office hours.

See it: https://habeshaeventsplanner.netlify.app

#HabeshaEvents #EthiopianWedding #EventPlanner",436,We built Habesha Celebration Events.,HABESHA EVENTS,#7B2FFF
2027-01-12,134,Tuesday,20,SPOTLIGHT,Habesha Celebration Events,habesha,https://habeshaeventsplanner.netlify.app,live,Instagram,"💍 Project file: Habesha Celebration Events.

An elegant events platform that turns wedding dreams into confirmed bookings, 24/7.

✨ enquiry capture that works while the planner is mid-ceremony with no phone in hand
✅ enquiries captured around the clock, not just office hours

See it: https://habeshaeventsplanner.netlify.app

#HabeshaEvents #EthiopianWedding #EventPlanner #WeddingSA #MuleSoo",394,We built Habesha Celebration Events.,HABESHA EVENTS,#7B2FFF
2027-01-12,134,Tuesday,20,SPOTLIGHT,Habesha Celebration Events,habesha,https://habeshaeventsplanner.netlify.app,live,Facebook,"Project file: Habesha Celebration Events.

It is an elegant events platform that turns wedding dreams into confirmed bookings, 24/7.

The thing people notice first: enquiry capture that works while the planner is mid-ceremony with no phone in hand.

If you run a wedding & events business and this sounds like your week — we should talk. mulesoo.com",349,We built Habesha Celebration Events.,HABESHA EVENTS,#7B2FFF
2027-01-12,134,Tuesday,20,SPOTLIGHT,Habesha Celebration Events,habesha,https://habeshaeventsplanner.netlify.app,live,TikTok,"POV: you run a wedding & events business. 💍

We built Habesha Celebration Events.

It does one thing brilliantly: enquiry capture that works while the planner is mid-ceremony with no phone in hand.

Full build on mulesoo.com

#HabeshaEvents #EthiopianWedding #EventPlanner #WeddingSA #MuleSoo",293,We built Habesha Celebration Events.,HABESHA EVENTS,#7B2FFF
2027-01-12,134,Tuesday,20,SPOTLIGHT,Habesha Celebration Events,habesha,https://habeshaeventsplanner.netlify.app,live,X,"Project file: Habesha Celebration Events. An elegant events platform that turns wedding dreams into confirmed bookings, 24/7.

https://habeshaeventsplanner.netlify.app",167,We built Habesha Celebration Events.,HABESHA EVENTS,#7B2FFF
2027-01-13,135,Wednesday,20,PROBLEM,YoYo Gym — AI Membership Platform,yoyogym,https://yoyogym.vercel.app,live,LinkedIn,"The busiest hour at any gym is the front desk queue, and the front desk is one human.

That was the brief behind YoYo Gym — AI Membership Platform.

We built it around one idea: QR check-in, so the front desk becomes a scanner instead of a bottleneck.

A full gym membership, booking and check-in system that runs the floor on autopilot.

See it: https://yoyogym.vercel.app

#GymSoftware #FitnessBusiness #YoYoGym",413,"The busiest hour at any gym is the front desk queue, and the front desk is one human.",YOYO GYM,#00FF88
2027-01-13,135,Wednesday,20,PROBLEM,YoYo Gym — AI Membership Platform,yoyogym,https://yoyogym.vercel.app,live,Instagram,"The busiest hour at any gym is the front desk queue, and the front desk is one human. 😮‍💨

So we built YoYo Gym — AI Membership Platform.

QR check-in, so the front desk becomes a scanner instead of a bottleneck.

See it: https://yoyogym.vercel.app

#GymSoftware #FitnessBusiness #YoYoGym #MembershipSystem #MuleSoo",317,"The busiest hour at any gym is the front desk queue, and the front desk is one human.",YOYO GYM,#00FF88
2027-01-13,135,Wednesday,20,PROBLEM,YoYo Gym — AI Membership Platform,yoyogym,https://yoyogym.vercel.app,live,Facebook,"The busiest hour at any gym is the front desk queue, and the front desk is one human.

Every gym we have spoken to says a version of that sentence.

YoYo Gym — AI Membership Platform exists to end it — QR check-in, so the front desk becomes a scanner instead of a bottleneck.

See it: https://yoyogym.vercel.app",311,"The busiest hour at any gym is the front desk queue, and the front desk is one human.",YOYO GYM,#00FF88
2027-01-13,135,Wednesday,20,PROBLEM,YoYo Gym — AI Membership Platform,yoyogym,https://yoyogym.vercel.app,live,TikTok,"Tell me you run a gym without telling me. 👇

""The busiest hour at any gym is the front desk queue, and the front desk is one human.""

That is why we built YoYo Gym — AI Membership Platform — QR check-in, so the front desk becomes a scanner instead of a bottleneck.

mulesoo.com

#GymSoftware #FitnessBusiness #YoYoGym #MembershipSystem #MuleSoo",345,"The busiest hour at any gym is the front desk queue, and the front desk is one human.",YOYO GYM,#00FF88
2027-01-13,135,Wednesday,20,PROBLEM,YoYo Gym — AI Membership Platform,yoyogym,https://yoyogym.vercel.app,live,X,"The busiest hour at any gym is the front desk queue, and the front desk is one human.

So we built YoYo Gym.

https://yoyogym.vercel.app",136,"The busiest hour at any gym is the front desk queue, and the front desk is one human.",YOYO GYM,#00FF88
2027-01-14,136,Thursday,20,FUNNY,X-Boss Photography Studio,xboss,https://xbossphotography.vercel.app,live,LinkedIn,"We gave a photographer a dark-mode booking system. He said it finally matched his personality.

Behind the joke there is a real system: X-Boss Photography Studio — a dark-luxury booking system with an AI assistant, an admin dashboard and signable PDF confirmations.

Humour is just the shortest way to describe a problem everyone running a photography studio already has.

See it: https://xbossphotography.vercel.app

#PhotographyBusiness #StudioBooking #XBoss",460,We gave a photographer a dark-mode booking system. He said it finally matched his personality.,X-BOSS PHOTOGRAPHY,#E8B84B
2027-01-14,136,Thursday,20,FUNNY,X-Boss Photography Studio,xboss,https://xbossphotography.vercel.app,live,Instagram,"We gave a photographer a dark-mode booking system. He said it finally matched his personality. 😂

(X-Boss Photography Studio. Yes, it is real.)

See it: https://xbossphotography.vercel.app

#PhotographyBusiness #StudioBooking #XBoss #BookingSystem #MuleSoo",257,We gave a photographer a dark-mode booking system. He said it finally matched his personality.,X-BOSS PHOTOGRAPHY,#E8B84B
2027-01-14,136,Thursday,20,FUNNY,X-Boss Photography Studio,xboss,https://xbossphotography.vercel.app,live,Facebook,"We gave a photographer a dark-mode booking system. He said it finally matched his personality.

True story from building X-Boss Photography Studio — a dark-luxury booking system with an AI assistant, an admin dashboard and signable PDF confirmations.

Booking used to happen in the DMs, between a meme and a wedding enquiry. Now it happens in a system.

See it: https://xbossphotography.vercel.app",397,We gave a photographer a dark-mode booking system. He said it finally matched his personality.,X-BOSS PHOTOGRAPHY,#E8B84B
2027-01-14,136,Thursday,20,FUNNY,X-Boss Photography Studio,xboss,https://xbossphotography.vercel.app,live,TikTok,"We gave a photographer a dark-mode booking system. He said it finally matched his personality. 💀

Not a joke though — X-Boss Photography Studio actually does this.

Booking used to happen in the DMs, between a meme and a wedding enquiry. Now it happens in a system.

mulesoo.com

#PhotographyBusiness #StudioBooking #XBoss #BookingSystem #MuleSoo",347,We gave a photographer a dark-mode booking system. He said it finally matched his personality.,X-BOSS PHOTOGRAPHY,#E8B84B
2027-01-14,136,Thursday,20,FUNNY,X-Boss Photography Studio,xboss,https://xbossphotography.vercel.app,live,X,"We gave a photographer a dark-mode booking system. He said it finally matched his personality.

— from building X-Boss Photography Studio",137,We gave a photographer a dark-mode booking system. He said it finally matched his personality.,X-BOSS PHOTOGRAPHY,#E8B84B
2027-01-15,137,Friday,20,HOWTO,Shime Events & Planning,shime,https://shimeeventplaning.vercel.app,live,LinkedIn,"Something Shime Events & Planning taught us:

Check availability live, inside the flow. Confirming a date you cannot honour is the costliest bug you can ship.

Two more from the same build:

• Tie deposits to package tiers in the system. Manual quoting is where the margin quietly dies.
• Long forms are fine. Long forms with no progress indicator are not.

All three are in the live product, not in a slide deck. See it: https://shimeeventplaning.vercel.app

#EventPlanning #ShimeEvents #BilingualWeb",501,"Check availability live, inside the flow. Confirming a date you cannot honour is the costliest bug you can ship.",SHIME EVENTS,#E8B84B
2027-01-15,137,Friday,20,HOWTO,Shime Events & Planning,shime,https://shimeeventplaning.vercel.app,live,Instagram,"Lesson from building Shime Events & Planning 🎊

📌 Check availability live, inside the flow. Confirming a date you cannot honour is the costliest bug you can ship.

Save this one — it applies far beyond this one project.

#EventPlanning #ShimeEvents #BilingualWeb #Amharic #MuleSoo",282,"Check availability live, inside the flow. Confirming a date you cannot honour is the costliest bug you can ship.",SHIME EVENTS,#E8B84B
2027-01-15,137,Friday,20,HOWTO,Shime Events & Planning,shime,https://shimeeventplaning.vercel.app,live,Facebook,"A free lesson from building Shime Events & Planning:

Check availability live, inside the flow. Confirming a date you cannot honour is the costliest bug you can ship.

It sounds small. It is the difference between a system that works and one that quietly loses you money.

More of how we build: mulesoo.com",306,"Check availability live, inside the flow. Confirming a date you cannot honour is the costliest bug you can ship.",SHIME EVENTS,#E8B84B
2027-01-15,137,Friday,20,HOWTO,Shime Events & Planning,shime,https://shimeeventplaning.vercel.app,live,TikTok,"Free game from a real build 🧠

Check availability live, inside the flow. Confirming a date you cannot honour is the costliest bug you can ship.

Learned it building Shime Events & Planning.

mulesoo.com

#EventPlanning #ShimeEvents #BilingualWeb #Amharic #MuleSoo",264,"Check availability live, inside the flow. Confirming a date you cannot honour is the costliest bug you can ship.",SHIME EVENTS,#E8B84B
2027-01-15,137,Friday,20,HOWTO,Shime Events & Planning,shime,https://shimeeventplaning.vercel.app,live,X,"Check availability live, inside the flow. Confirming a date you cannot honour is the costliest bug you can ship.

— learned building Shime Events & Planning",156,"Check availability live, inside the flow. Confirming a date you cannot honour is the costliest bug you can ship.",SHIME EVENTS,#E8B84B
2027-01-16,138,Saturday,20,PROOF,Tsedi Catering & Events,tsedi,https://tsedicatering.vercel.app,live,LinkedIn,"What Tsedi Catering & Events actually does — not adjectives, features:

• bookings taken with both hands still in the kitchen
• deposits paid before you buy a single ingredient
• a check-in code you scan on the day

Live now. See it: https://tsedicatering.vercel.app

No invented statistics on this page. Open it and check for yourself.

#CateringBusiness #QRBooking #TsediCatering",381,Deposits paid before you buy a single ingredient.,TSEDI CATERING,#E8B84B
2027-01-16,138,Saturday,20,PROOF,Tsedi Catering & Events,tsedi,https://tsedicatering.vercel.app,live,Instagram,"🍽️ Tsedi Catering & Events — what you actually get:

✅ bookings taken with both hands still in the kitchen
✅ deposits paid before you buy a single ingredient
✅ a check-in code you scan on the day

Live now.

See it: https://tsedicatering.vercel.app

#CateringBusiness #QRBooking #TsediCatering #AIAssistant #MuleSoo",316,Deposits paid before you buy a single ingredient.,TSEDI CATERING,#E8B84B
2027-01-16,138,Saturday,20,PROOF,Tsedi Catering & Events,tsedi,https://tsedicatering.vercel.app,live,Facebook,"People ask what ""Tsedi Catering & Events"" really means. Plainly:

✅ bookings taken with both hands still in the kitchen
✅ deposits paid before you buy a single ingredient
✅ a check-in code you scan on the day

Live now. See it: https://tsedicatering.vercel.app",260,Deposits paid before you buy a single ingredient.,TSEDI CATERING,#E8B84B
2027-01-16,138,Saturday,20,PROOF,Tsedi Catering & Events,tsedi,https://tsedicatering.vercel.app,live,TikTok,"Three things Tsedi Catering & Events does that a normal catering business setup cannot 👇

1. bookings taken with both hands still in the kitchen
2. deposits paid before you buy a single ingredient
3. a check-in code you scan on the day

Live now.

mulesoo.com

#CateringBusiness #QRBooking #TsediCatering #AIAssistant #MuleSoo",327,Deposits paid before you buy a single ingredient.,TSEDI CATERING,#E8B84B
2027-01-16,138,Saturday,20,PROOF,Tsedi Catering & Events,tsedi,https://tsedicatering.vercel.app,live,X,"Tsedi Catering & Events:
• bookings taken with both hands still in the kitchen
• deposits paid before you buy a single ingredient

https://tsedicatering.vercel.app",163,Deposits paid before you buy a single ingredient.,TSEDI CATERING,#E8B84B
2027-01-17,139,Sunday,20,BEHIND,TSI AI Booking Assistant,tsi,https://mulesoo.com/services/chatbot,live,LinkedIn,"Under the bonnet of TSI AI Booking Assistant:

Escalates to a human the moment it is unsure, rather than guessing confidently.

Every conversation is logged, so the FAQ gets written from evidence instead of guesswork.

None of this is visible to the client, and all of it is why the thing keeps working in month nine.

See it: https://mulesoo.com/services/chatbot

#AIChatbot #Hospitality #Reservations",402,"Escalates to a human the moment it is unsure, rather than guessing confidently.",TSI ASSISTANT,#00C8FF
2027-01-17,139,Sunday,20,BEHIND,TSI AI Booking Assistant,tsi,https://mulesoo.com/services/chatbot,live,Instagram,"Behind the build 🔧 TSI AI Booking Assistant

Escalates to a human the moment it is unsure, rather than guessing confidently.

The boring decisions are the ones that hold.

#AIChatbot #Hospitality #Reservations #CustomerService #MuleSoo",236,"Escalates to a human the moment it is unsure, rather than guessing confidently.",TSI ASSISTANT,#00C8FF
2027-01-17,139,Sunday,20,BEHIND,TSI AI Booking Assistant,tsi,https://mulesoo.com/services/chatbot,live,Facebook,"A look behind TSI AI Booking Assistant:

Escalates to a human the moment it is unsure, rather than guessing confidently.

Every conversation is logged, so the FAQ gets written from evidence instead of guesswork.

We build the invisible parts properly. That is the whole difference between a demo and a system you can run a business on.",335,"Escalates to a human the moment it is unsure, rather than guessing confidently.",TSI ASSISTANT,#00C8FF
2027-01-17,139,Sunday,20,BEHIND,TSI AI Booking Assistant,tsi,https://mulesoo.com/services/chatbot,live,TikTok,"Behind the build 🔧

TSI AI Booking Assistant: Escalates to a human the moment it is unsure, rather than guessing confidently.

The unglamorous decisions are the ones that save you in month nine.

mulesoo.com

#AIChatbot #Hospitality #Reservations #CustomerService #MuleSoo",273,"Escalates to a human the moment it is unsure, rather than guessing confidently.",TSI ASSISTANT,#00C8FF
2027-01-17,139,Sunday,20,BEHIND,TSI AI Booking Assistant,tsi,https://mulesoo.com/services/chatbot,live,X,"TSI AI Booking Assistant — under the bonnet:

Escalates to a human the moment it is unsure, rather than guessing confidently.",125,"Escalates to a human the moment it is unsure, rather than guessing confidently.",TSI ASSISTANT,#00C8FF
2027-01-18,140,Monday,20,OFFER,Sena — AI Front Desk Receptionist,sena,https://mulesoo.com/ai-automation,building,LinkedIn,"Run a hotel? This one is nearly ready — early partners welcome.

We building Sena — AI Front Desk Receptionist for exactly that — the guest gets a booking confirmation and a single-use QR guest ID.

Early partners get it first, at build pricing.

Tell us what your week looks like and we will tell you honestly whether software fixes it: mulesoo.com/contact

#VoiceAI #HotelTech #Sena",384,Run a hotel? This one is nearly ready — early partners welcome.,SENA · IN BUILD,#7B2FFF
2027-01-18,140,Monday,20,OFFER,Sena — AI Front Desk Receptionist,sena,https://mulesoo.com/ai-automation,building,Instagram,"Run a hotel? This one is nearly ready — early partners welcome. 🏨

We building Sena — AI Front Desk Receptionist to solve it — you get payment collected during the call, not chased afterwards.

Early partners get it first, at build pricing.

📩 mulesoo.com/contact
💬 wa.me/27688529333

#VoiceAI #HotelTech #Sena #Hospitality #MuleSoo",335,Run a hotel? This one is nearly ready — early partners welcome.,SENA · IN BUILD,#7B2FFF
2027-01-18,140,Monday,20,OFFER,Sena — AI Front Desk Receptionist,sena,https://mulesoo.com/ai-automation,building,Facebook,"Run a hotel? This one is nearly ready — early partners welcome.

That is precisely why Sena — AI Front Desk Receptionist exists — the guest gets a booking confirmation and a single-use QR guest ID.

Early partners get it first, at build pricing. Message us and we will tell you straight whether this is worth it for your business.

📩 mulesoo.com/contact  ·  💬 wa.me/27688529333",379,Run a hotel? This one is nearly ready — early partners welcome.,SENA · IN BUILD,#7B2FFF
2027-01-18,140,Monday,20,OFFER,Sena — AI Front Desk Receptionist,sena,https://mulesoo.com/ai-automation,building,TikTok,"Run a hotel? This one is nearly ready — early partners welcome. 🏨

We already building it once — Sena — AI Front Desk Receptionist.

Early partners get it first, at build pricing.

mulesoo.com

#VoiceAI #HotelTech #Sena #Hospitality #MuleSoo",242,Run a hotel? This one is nearly ready — early partners welcome.,SENA · IN BUILD,#7B2FFF
2027-01-18,140,Monday,20,OFFER,Sena — AI Front Desk Receptionist,sena,https://mulesoo.com/ai-automation,building,X,"Run a hotel? This one is nearly ready — early partners welcome.

We building Sena — AI Front Desk Receptionist for exactly this.

mulesoo.com/contact",149,Run a hotel? This one is nearly ready — early partners welcome.,SENA · IN BUILD,#7B2FFF
2027-01-19,141,Tuesday,21,SPOTLIGHT,Yewogen Derash (ወገን ደራሽ),yewogen,https://mulesoo.com/case-studies,building,LinkedIn,"Project file: Yewogen Derash (ወገን ደራሽ).

In one line: a crowdfunding platform where every campaign owner is identity-verified and no two campaigns share a wallet.

The part that matters — one campaign, one ledger, one payout summary — funds never mix.

What the owner ends up with: per-campaign ledgers that survive an audit.

Still in build — follow along: mulesoo.com

#Crowdfunding #Ethiopia #YewogenDerash",409,We building Yewogen Derash (ወገን ደራሽ).,YEWOGEN DERASH · IN BUILD,#00C8FF
2027-01-19,141,Tuesday,21,SPOTLIGHT,Yewogen Derash (ወገን ደራሽ),yewogen,https://mulesoo.com/case-studies,building,Instagram,"🤝 Project file: Yewogen Derash (ወገን ደራሽ).

A crowdfunding platform where every campaign owner is identity-verified and no two campaigns share a wallet.

✨ one campaign, one ledger, one payout summary — funds never mix
✅ per-campaign ledgers that survive an audit

Still in build — follow along: mulesoo.com

#Crowdfunding #Ethiopia #YewogenDerash #FinTech #MuleSoo",365,We building Yewogen Derash (ወገን ደራሽ).,YEWOGEN DERASH · IN BUILD,#00C8FF
2027-01-19,141,Tuesday,21,SPOTLIGHT,Yewogen Derash (ወገን ደራሽ),yewogen,https://mulesoo.com/case-studies,building,Facebook,"Project file: Yewogen Derash (ወገን ደራሽ).

It is a crowdfunding platform where every campaign owner is identity-verified and no two campaigns share a wallet.

The thing people notice first: one campaign, one ledger, one payout summary — funds never mix.

If you run a fundraising campaign and this sounds like your week — we should talk. mulesoo.com",347,We building Yewogen Derash (ወገን ደራሽ).,YEWOGEN DERASH · IN BUILD,#00C8FF
2027-01-19,141,Tuesday,21,SPOTLIGHT,Yewogen Derash (ወገን ደራሽ),yewogen,https://mulesoo.com/case-studies,building,TikTok,"POV: you run a fundraising campaign. 🤝

We building Yewogen Derash (ወገን ደራሽ).

It does one thing brilliantly: one campaign, one ledger, one payout summary — funds never mix.

Full build on mulesoo.com

#Crowdfunding #Ethiopia #YewogenDerash #FinTech #MuleSoo",259,We building Yewogen Derash (ወገን ደራሽ).,YEWOGEN DERASH · IN BUILD,#00C8FF
2027-01-19,141,Tuesday,21,SPOTLIGHT,Yewogen Derash (ወገን ደራሽ),yewogen,https://mulesoo.com/case-studies,building,X,"Project file: Yewogen Derash (ወገን ደራሽ). A crowdfunding platform where every campaign owner is identity-verified and no two campaigns share a wallet.

https://mulesoo.com/case-studies",182,We building Yewogen Derash (ወገን ደራሽ).,YEWOGEN DERASH · IN BUILD,#00C8FF
2027-01-20,142,Wednesday,21,PROBLEM,Pretoria Kidane Mihret Church Platform,church,https://mulesoo.com/portfolio,live,LinkedIn,"Amharic is usually bolted onto a site last, badly, if at all.

That was the brief behind Pretoria Kidane Mihret Church Platform.

We built it around one idea: service times, priest, address and contact all editable from an admin panel, no code touched.

A bilingual Amharic and English home for a parish, with the whole site editable by the church itself.

See it: https://mulesoo.com/portfolio

#ChurchWebsite #Amharic #Bilingual",430,"Amharic is usually bolted onto a site last, badly, if at all.",KIDANE MIHRET,#E8B84B
2027-01-20,142,Wednesday,21,PROBLEM,Pretoria Kidane Mihret Church Platform,church,https://mulesoo.com/portfolio,live,Instagram,"Amharic is usually bolted onto a site last, badly, if at all. 😮‍💨

So we built Pretoria Kidane Mihret Church Platform.

Service times, priest, address and contact all editable from an admin panel, no code touched.

See it: https://mulesoo.com/portfolio

#ChurchWebsite #Amharic #Bilingual #Pretoria #MuleSoo",309,"Amharic is usually bolted onto a site last, badly, if at all.",KIDANE MIHRET,#E8B84B
2027-01-20,142,Wednesday,21,PROBLEM,Pretoria Kidane Mihret Church Platform,church,https://mulesoo.com/portfolio,live,Facebook,"Amharic is usually bolted onto a site last, badly, if at all.

Every church or community organisation we have spoken to says a version of that sentence.

Pretoria Kidane Mihret Church Platform exists to end it — service times, priest, address and contact all editable from an admin panel, no code touched.

See it: https://mulesoo.com/portfolio",344,"Amharic is usually bolted onto a site last, badly, if at all.",KIDANE MIHRET,#E8B84B
2027-01-20,142,Wednesday,21,PROBLEM,Pretoria Kidane Mihret Church Platform,church,https://mulesoo.com/portfolio,live,TikTok,"Tell me you run a church or community organisation without telling me. 👇

""Amharic is usually bolted onto a site last, badly, if at all.""

That is why we built Pretoria Kidane Mihret Church Platform — service times, priest, address and contact all editable from an admin panel, no code touched.

mulesoo.com

#ChurchWebsite #Amharic #Bilingual #Pretoria #MuleSoo",363,"Amharic is usually bolted onto a site last, badly, if at all.",KIDANE MIHRET,#E8B84B
2027-01-20,142,Wednesday,21,PROBLEM,Pretoria Kidane Mihret Church Platform,church,https://mulesoo.com/portfolio,live,X,"Amharic is usually bolted onto a site last, badly, if at all.

So we built Pretoria Kidane Mihret Church Platform.

https://mulesoo.com/portfolio",145,"Amharic is usually bolted onto a site last, badly, if at all.",KIDANE MIHRET,#E8B84B
2027-01-21,143,Thursday,21,FUNNY,DR. Hospital — AI Clinic System,drhospital,https://mulesoo.com/case-studies,building,LinkedIn,"The receptionist currently holds a phone, a diary and a queue. We are giving two of those to software.

Behind the joke there is a real system: DR. Hospital — AI Clinic System — a clinic and hospital management system with AI intake — currently in active development.

Humour is just the shortest way to describe a problem everyone running a clinic already has.

Still in build — follow along: mulesoo.com

#HealthTech #ClinicSoftware #AIIntake",444,"The receptionist currently holds a phone, a diary and a queue. We are giving two of those to software.",DR. HOSPITAL · IN BUILD,#00FF88
2027-01-21,143,Thursday,21,FUNNY,DR. Hospital — AI Clinic System,drhospital,https://mulesoo.com/case-studies,building,Instagram,"The receptionist currently holds a phone, a diary and a queue. We are giving two of those to software. 😂

(DR. Hospital — AI Clinic System. Yes, it is real.)

Still in build — follow along: mulesoo.com

#HealthTech #ClinicSoftware #AIIntake #POPIA #MuleSoo",257,"The receptionist currently holds a phone, a diary and a queue. We are giving two of those to software.",DR. HOSPITAL · IN BUILD,#00FF88
2027-01-21,143,Thursday,21,FUNNY,DR. Hospital — AI Clinic System,drhospital,https://mulesoo.com/case-studies,building,Facebook,"The receptionist currently holds a phone, a diary and a queue. We are giving two of those to software.

True story from building DR. Hospital — AI Clinic System — a clinic and hospital management system with AI intake — currently in active development.

Health data means the security review comes before the colour palette. Genuinely.

Still in build — follow along: mulesoo.com",379,"The receptionist currently holds a phone, a diary and a queue. We are giving two of those to software.",DR. HOSPITAL · IN BUILD,#00FF88
2027-01-21,143,Thursday,21,FUNNY,DR. Hospital — AI Clinic System,drhospital,https://mulesoo.com/case-studies,building,TikTok,"The receptionist currently holds a phone, a diary and a queue. We are giving two of those to software. 💀

Not a joke though — DR. Hospital — AI Clinic System actually does this.

Health data means the security review comes before the colour palette. Genuinely.

mulesoo.com

#HealthTech #ClinicSoftware #AIIntake #POPIA #MuleSoo",329,"The receptionist currently holds a phone, a diary and a queue. We are giving two of those to software.",DR. HOSPITAL · IN BUILD,#00FF88
2027-01-21,143,Thursday,21,FUNNY,DR. Hospital — AI Clinic System,drhospital,https://mulesoo.com/case-studies,building,X,"The receptionist currently holds a phone, a diary and a queue. We are giving two of those to software.

— from building DR. Hospital",132,"The receptionist currently holds a phone, a diary and a queue. We are giving two of those to software.",DR. HOSPITAL · IN BUILD,#00FF88
2027-01-22,144,Friday,21,HOWTO,MuleSoo Guides & Digital Store,guides,https://mulesoo.com/store,live,LinkedIn,"Something MuleSoo Guides & Digital Store taught us:

Digital products are the only part of an agency that earns while you sleep.

Two more from the same build:

• Write from projects you shipped. Readers can smell theory from the table of contents.
• One guide sells the next. Build a shelf, not a bestseller.

All three are in the live product, not in a slide deck. See it: https://mulesoo.com/store

#DigitalProducts #ClaudeCode #LearnToBuild",444,Digital products are the only part of an agency that earns while you sleep.,MULESOO STORE,#E8B84B
2027-01-22,144,Friday,21,HOWTO,MuleSoo Guides & Digital Store,guides,https://mulesoo.com/store,live,Instagram,"Lesson from building MuleSoo Guides & Digital Store 📘

📌 Digital products are the only part of an agency that earns while you sleep.

Save this one — it applies far beyond this one project.

#DigitalProducts #ClaudeCode #LearnToBuild #PassiveIncome #MuleSoo",259,Digital products are the only part of an agency that earns while you sleep.,MULESOO STORE,#E8B84B
2027-01-22,144,Friday,21,HOWTO,MuleSoo Guides & Digital Store,guides,https://mulesoo.com/store,live,Facebook,"A free lesson from building MuleSoo Guides & Digital Store:

Digital products are the only part of an agency that earns while you sleep.

It sounds small. It is the difference between a system that works and one that quietly loses you money.

More of how we build: mulesoo.com",276,Digital products are the only part of an agency that earns while you sleep.,MULESOO STORE,#E8B84B
2027-01-22,144,Friday,21,HOWTO,MuleSoo Guides & Digital Store,guides,https://mulesoo.com/store,live,TikTok,"Free game from a real build 🧠

Digital products are the only part of an agency that earns while you sleep.

Learned it building MuleSoo Guides & Digital Store.

mulesoo.com

#DigitalProducts #ClaudeCode #LearnToBuild #PassiveIncome #MuleSoo",241,Digital products are the only part of an agency that earns while you sleep.,MULESOO STORE,#E8B84B
2027-01-22,144,Friday,21,HOWTO,MuleSoo Guides & Digital Store,guides,https://mulesoo.com/store,live,X,"Digital products are the only part of an agency that earns while you sleep.

— learned building MuleSoo Guides & Digital Store",126,Digital products are the only part of an agency that earns while you sleep.,MULESOO STORE,#E8B84B
2027-01-23,145,Saturday,21,PROOF,MuleSoo Digital Services,mulesoo,https://mulesoo.com,live,LinkedIn,"What MuleSoo Digital Services actually does — not adjectives, features:

• lead capture with instant email + WhatsApp alerts on every enquiry
• a Stripe store that takes card payments for digital products
• one secure command centre: leads, bookings, content, pricing, payments

Live now. See it: https://mulesoo.com

No invented statistics on this page. Open it and check for yourself.

#MuleSoo #WebDesignPretoria #AIforBusiness",430,A Stripe store that takes card payments for digital products.,MULESOO PLATFORM,#00C8FF
2027-01-23,145,Saturday,21,PROOF,MuleSoo Digital Services,mulesoo,https://mulesoo.com,live,Instagram,"🛠️ MuleSoo Digital Services — what you actually get:

✅ lead capture with instant email + WhatsApp alerts on every enquiry
✅ a Stripe store that takes card payments for digital products
✅ one secure command centre: leads, bookings, content, pricing, payments

Live now.

See it: https://mulesoo.com

#MuleSoo #WebDesignPretoria #AIforBusiness #SouthAfricaTech #NextJS",368,A Stripe store that takes card payments for digital products.,MULESOO PLATFORM,#00C8FF
2027-01-23,145,Saturday,21,PROOF,MuleSoo Digital Services,mulesoo,https://mulesoo.com,live,Facebook,"People ask what ""MuleSoo Digital Services"" really means. Plainly:

✅ lead capture with instant email + WhatsApp alerts on every enquiry
✅ a Stripe store that takes card payments for digital products
✅ one secure command centre: leads, bookings, content, pricing, payments

Live now. See it: https://mulesoo.com",310,A Stripe store that takes card payments for digital products.,MULESOO PLATFORM,#00C8FF
2027-01-23,145,Saturday,21,PROOF,MuleSoo Digital Services,mulesoo,https://mulesoo.com,live,TikTok,"Three things MuleSoo Digital Services does that a normal service business setup cannot 👇

1. lead capture with instant email + WhatsApp alerts on every enquiry
2. a Stripe store that takes card payments for digital products
3. one secure command centre: leads, bookings, content, pricing, payments

Live now.

mulesoo.com

#MuleSoo #WebDesignPretoria #AIforBusiness #SouthAfricaTech #NextJS",391,A Stripe store that takes card payments for digital products.,MULESOO PLATFORM,#00C8FF
2027-01-23,145,Saturday,21,PROOF,MuleSoo Digital Services,mulesoo,https://mulesoo.com,live,X,"MuleSoo Digital Services:
• lead capture with instant email + WhatsApp alerts on every enquiry
• a Stripe store that takes card payments for digital products

https://mulesoo.com",178,A Stripe store that takes card payments for digital products.,MULESOO PLATFORM,#00C8FF
2027-01-24,146,Sunday,21,BEHIND,Habesha Celebration Events,habesha,https://habeshaeventsplanner.netlify.app,live,LinkedIn,"Under the bonnet of Habesha Celebration Events:

Every image is sized for a phone first; the desktop version is the afterthought, deliberately.

Built alongside the events business itself, so the flow matches how bookings really happen.

None of this is visible to the client, and all of it is why the thing keeps working in month nine.

See it: https://habeshaeventsplanner.netlify.app

#HabeshaEvents #EthiopianWedding #EventPlanner",434,"Every image is sized for a phone first; the desktop version is the afterthought, deliberately.",HABESHA EVENTS,#7B2FFF
2027-01-24,146,Sunday,21,BEHIND,Habesha Celebration Events,habesha,https://habeshaeventsplanner.netlify.app,live,Instagram,"Behind the build 🔧 Habesha Celebration Events

Every image is sized for a phone first; the desktop version is the afterthought, deliberately.

The boring decisions are the ones that hold.

#HabeshaEvents #EthiopianWedding #EventPlanner #WeddingSA #MuleSoo",256,"Every image is sized for a phone first; the desktop version is the afterthought, deliberately.",HABESHA EVENTS,#7B2FFF
2027-01-24,146,Sunday,21,BEHIND,Habesha Celebration Events,habesha,https://habeshaeventsplanner.netlify.app,live,Facebook,"A look behind Habesha Celebration Events:

Every image is sized for a phone first; the desktop version is the afterthought, deliberately.

Built alongside the events business itself, so the flow matches how bookings really happen.

We build the invisible parts properly. That is the whole difference between a demo and a system you can run a business on.",354,"Every image is sized for a phone first; the desktop version is the afterthought, deliberately.",HABESHA EVENTS,#7B2FFF
2027-01-24,146,Sunday,21,BEHIND,Habesha Celebration Events,habesha,https://habeshaeventsplanner.netlify.app,live,TikTok,"Behind the build 🔧

Habesha Celebration Events: Every image is sized for a phone first; the desktop version is the afterthought, deliberately.

The unglamorous decisions are the ones that save you in month nine.

mulesoo.com

#HabeshaEvents #EthiopianWedding #EventPlanner #WeddingSA #MuleSoo",293,"Every image is sized for a phone first; the desktop version is the afterthought, deliberately.",HABESHA EVENTS,#7B2FFF
2027-01-24,146,Sunday,21,BEHIND,Habesha Celebration Events,habesha,https://habeshaeventsplanner.netlify.app,live,X,"Habesha Celebration Events — under the bonnet:

Every image is sized for a phone first; the desktop version is the afterthought, deliberately.",142,"Every image is sized for a phone first; the desktop version is the afterthought, deliberately.",HABESHA EVENTS,#7B2FFF
2027-01-25,147,Monday,21,OFFER,YoYo Gym — AI Membership Platform,yoyogym,https://yoyogym.vercel.app,live,LinkedIn,"Running a gym off a register book and a good memory?

We built YoYo Gym — AI Membership Platform for exactly that — a browser that never touches the database directly — every request goes through the server, POPIA-first.

Same system, your brand, your sector.

Tell us what your week looks like and we will tell you honestly whether software fixes it: mulesoo.com/contact

#GymSoftware #FitnessBusiness #YoYoGym",411,Running a gym off a register book and a good memory?,YOYO GYM,#00FF88
2027-01-25,147,Monday,21,OFFER,YoYo Gym — AI Membership Platform,yoyogym,https://yoyogym.vercel.app,live,Instagram,"Running a gym off a register book and a good memory? 🏋️

We built YoYo Gym — AI Membership Platform to solve it — you get QR check-in that clears the morning queue.

Same system, your brand, your sector.

📩 mulesoo.com/contact
💬 wa.me/27688529333

#GymSoftware #FitnessBusiness #YoYoGym #MembershipSystem #MuleSoo",316,Running a gym off a register book and a good memory?,YOYO GYM,#00FF88
2027-01-25,147,Monday,21,OFFER,YoYo Gym — AI Membership Platform,yoyogym,https://yoyogym.vercel.app,live,Facebook,"Running a gym off a register book and a good memory?

That is precisely why YoYo Gym — AI Membership Platform exists — a browser that never touches the database directly — every request goes through the server, POPIA-first.

Same system, your brand, your sector. Message us and we will tell you straight whether this is worth it for your business.

📩 mulesoo.com/contact  ·  💬 wa.me/27688529333",396,Running a gym off a register book and a good memory?,YOYO GYM,#00FF88
2027-01-25,147,Monday,21,OFFER,YoYo Gym — AI Membership Platform,yoyogym,https://yoyogym.vercel.app,live,TikTok,"Running a gym off a register book and a good memory? 🏋️

We already built it once — YoYo Gym — AI Membership Platform.

Same system, your brand, your sector.

mulesoo.com

#GymSoftware #FitnessBusiness #YoYoGym #MembershipSystem #MuleSoo",238,Running a gym off a register book and a good memory?,YOYO GYM,#00FF88
2027-01-25,147,Monday,21,OFFER,YoYo Gym — AI Membership Platform,yoyogym,https://yoyogym.vercel.app,live,X,"Running a gym off a register book and a good memory?

We built YoYo Gym — AI Membership Platform for exactly this.

mulesoo.com/contact",135,Running a gym off a register book and a good memory?,YOYO GYM,#00FF88
2027-01-26,148,Tuesday,22,SPOTLIGHT,X-Boss Photography Studio,xboss,https://xbossphotography.vercel.app,live,LinkedIn,"Project file: X-Boss Photography Studio.

In one line: a dark-luxury booking system with an AI assistant, an admin dashboard and signable PDF confirmations.

The part that matters — a two-page signable PDF confirmation with the studio QR code, generated on demand.

What the owner ends up with: a branded PDF confirmation the client actually keeps.

See it: https://xbossphotography.vercel.app

#PhotographyBusiness #StudioBooking #XBoss",437,We built X-Boss Photography Studio.,X-BOSS PHOTOGRAPHY,#E8B84B
2027-01-26,148,Tuesday,22,SPOTLIGHT,X-Boss Photography Studio,xboss,https://xbossphotography.vercel.app,live,Instagram,"📸 Project file: X-Boss Photography Studio.

A dark-luxury booking system with an AI assistant, an admin dashboard and signable PDF confirmations.

✨ a two-page signable PDF confirmation with the studio QR code, generated on demand
✅ a branded PDF confirmation the client actually keeps

See it: https://xbossphotography.vercel.app

#PhotographyBusiness #StudioBooking #XBoss #BookingSystem #MuleSoo",399,We built X-Boss Photography Studio.,X-BOSS PHOTOGRAPHY,#E8B84B
2027-01-26,148,Tuesday,22,SPOTLIGHT,X-Boss Photography Studio,xboss,https://xbossphotography.vercel.app,live,Facebook,"Project file: X-Boss Photography Studio.

It is a dark-luxury booking system with an AI assistant, an admin dashboard and signable PDF confirmations.

The thing people notice first: a two-page signable PDF confirmation with the studio QR code, generated on demand.

If you run a photography studio and this sounds like your week — we should talk. mulesoo.com",358,We built X-Boss Photography Studio.,X-BOSS PHOTOGRAPHY,#E8B84B
2027-01-26,148,Tuesday,22,SPOTLIGHT,X-Boss Photography Studio,xboss,https://xbossphotography.vercel.app,live,TikTok,"POV: you run a photography studio. 📸

We built X-Boss Photography Studio.

It does one thing brilliantly: a two-page signable PDF confirmation with the studio QR code, generated on demand.

Full build on mulesoo.com

#PhotographyBusiness #StudioBooking #XBoss #BookingSystem #MuleSoo",284,We built X-Boss Photography Studio.,X-BOSS PHOTOGRAPHY,#E8B84B
2027-01-26,148,Tuesday,22,SPOTLIGHT,X-Boss Photography Studio,xboss,https://xbossphotography.vercel.app,live,X,"Project file: X-Boss Photography Studio. A dark-luxury booking system with an AI assistant, an admin dashboard and signable PDF confirmations.

https://xbossphotography.vercel.app",179,We built X-Boss Photography Studio.,X-BOSS PHOTOGRAPHY,#E8B84B
2027-01-27,149,Wednesday,22,PROBLEM,Shime Events & Planning,shime,https://shimeeventplaning.vercel.app,live,LinkedIn,"Event bookings collapse in the gap between ""we are interested"" and ""we have paid a deposit"".

That was the brief behind Shime Events & Planning.

We built it around one idea: real-time date and time availability, so two clients never book the same Saturday.

A bilingual booking assistant that walks a client through seventeen steps and ends with a signed PDF contract.

See it: https://shimeeventplaning.vercel.app

#EventPlanning #ShimeEvents #BilingualWeb",458,"Event bookings collapse in the gap between ""we are interested"" and ""we have paid a deposit"".",SHIME EVENTS,#E8B84B
2027-01-27,149,Wednesday,22,PROBLEM,Shime Events & Planning,shime,https://shimeeventplaning.vercel.app,live,Instagram,"Event bookings collapse in the gap between ""we are interested"" and ""we have paid a deposit"". 😮‍💨

So we built Shime Events & Planning.

Real-time date and time availability, so two clients never book the same Saturday.

See it: https://shimeeventplaning.vercel.app

#EventPlanning #ShimeEvents #BilingualWeb #Amharic #MuleSoo",327,"Event bookings collapse in the gap between ""we are interested"" and ""we have paid a deposit"".",SHIME EVENTS,#E8B84B
2027-01-27,149,Wednesday,22,PROBLEM,Shime Events & Planning,shime,https://shimeeventplaning.vercel.app,live,Facebook,"Event bookings collapse in the gap between ""we are interested"" and ""we have paid a deposit"".

Every event planning business we have spoken to says a version of that sentence.

Shime Events & Planning exists to end it — real-time date and time availability, so two clients never book the same Saturday.

See it: https://shimeeventplaning.vercel.app",347,"Event bookings collapse in the gap between ""we are interested"" and ""we have paid a deposit"".",SHIME EVENTS,#E8B84B
2027-01-27,149,Wednesday,22,PROBLEM,Shime Events & Planning,shime,https://shimeeventplaning.vercel.app,live,TikTok,"Tell me you run an event planning business without telling me. 👇

""Event bookings collapse in the gap between ""we are interested"" and ""we have paid a deposit"".""

That is why we built Shime Events & Planning — real-time date and time availability, so two clients never book the same Saturday.

mulesoo.com

#EventPlanning #ShimeEvents #BilingualWeb #Amharic #MuleSoo",366,"Event bookings collapse in the gap between ""we are interested"" and ""we have paid a deposit"".",SHIME EVENTS,#E8B84B
2027-01-27,149,Wednesday,22,PROBLEM,Shime Events & Planning,shime,https://shimeeventplaning.vercel.app,live,X,"Event bookings collapse in the gap between ""we are interested"" and ""we have paid a deposit"".

So we built Shime Events & Planning.

https://shimeeventplaning.vercel.app",168,"Event bookings collapse in the gap between ""we are interested"" and ""we have paid a deposit"".",SHIME EVENTS,#E8B84B
2027-01-28,150,Thursday,22,FUNNY,Tsedi Catering & Events,tsedi,https://tsedicatering.vercel.app,live,LinkedIn,"The AI collects nine details without once saying ""please hold"". A genuine first for catering.

Behind the joke there is a real system: Tsedi Catering & Events — a QR code that opens a personal booking assistant — no website, no app, no forms to chase.

Humour is just the shortest way to describe a problem everyone running a catering business already has.

See it: https://tsedicatering.vercel.app

#CateringBusiness #QRBooking #TsediCatering",443,"The AI collects nine details without once saying ""please hold"". A genuine first for catering.",TSEDI CATERING,#E8B84B
2027-01-28,150,Thursday,22,FUNNY,Tsedi Catering & Events,tsedi,https://tsedicatering.vercel.app,live,Instagram,"The AI collects nine details without once saying ""please hold"". A genuine first for catering. 😂

(Tsedi Catering & Events. Yes, it is real.)

See it: https://tsedicatering.vercel.app

#CateringBusiness #QRBooking #TsediCatering #AIAssistant #MuleSoo",250,"The AI collects nine details without once saying ""please hold"". A genuine first for catering.",TSEDI CATERING,#E8B84B
2027-01-28,150,Thursday,22,FUNNY,Tsedi Catering & Events,tsedi,https://tsedicatering.vercel.app,live,Facebook,"The AI collects nine details without once saying ""please hold"". A genuine first for catering.

True story from building Tsedi Catering & Events — a QR code that opens a personal booking assistant — no website, no app, no forms to chase.

It asks about dietary requirements before the deposit, which is more than most caterers manage.

See it: https://tsedicatering.vercel.app",375,"The AI collects nine details without once saying ""please hold"". A genuine first for catering.",TSEDI CATERING,#E8B84B
2027-01-28,150,Thursday,22,FUNNY,Tsedi Catering & Events,tsedi,https://tsedicatering.vercel.app,live,TikTok,"The AI collects nine details without once saying ""please hold"". A genuine first for catering. 💀

Not a joke though — Tsedi Catering & Events actually does this.

It asks about dietary requirements before the deposit, which is more than most caterers manage.

mulesoo.com

#CateringBusiness #QRBooking #TsediCatering #AIAssistant #MuleSoo",338,"The AI collects nine details without once saying ""please hold"". A genuine first for catering.",TSEDI CATERING,#E8B84B
2027-01-28,150,Thursday,22,FUNNY,Tsedi Catering & Events,tsedi,https://tsedicatering.vercel.app,live,X,"The AI collects nine details without once saying ""please hold"". A genuine first for catering.

— from building Tsedi Catering & Events",134,"The AI collects nine details without once saying ""please hold"". A genuine first for catering.",TSEDI CATERING,#E8B84B
2027-01-29,151,Friday,22,HOWTO,TSI AI Booking Assistant,tsi,https://mulesoo.com/services/chatbot,live,LinkedIn,"Something TSI AI Booking Assistant taught us:

Always capture contact details before answering the deep question — that is the whole lead.

Two more from the same build:

• Reply speed beats reply polish. Answering in four seconds wins bookings that a perfect email loses.
• Log every conversation. Your FAQ page should be written from what people actually ask.

All three are in the live product, not in a slide deck. See it: https://mulesoo.com/services/chatbot

#AIChatbot #Hospitality #Reservations",502,Always capture contact details before answering the deep question — that is the whole lead.,TSI ASSISTANT,#00C8FF
2027-01-29,151,Friday,22,HOWTO,TSI AI Booking Assistant,tsi,https://mulesoo.com/services/chatbot,live,Instagram,"Lesson from building TSI AI Booking Assistant 🤖

📌 Always capture contact details before answering the deep question — that is the whole lead.

Save this one — it applies far beyond this one project.

#AIChatbot #Hospitality #Reservations #CustomerService #MuleSoo",266,Always capture contact details before answering the deep question — that is the whole lead.,TSI ASSISTANT,#00C8FF
2027-01-29,151,Friday,22,HOWTO,TSI AI Booking Assistant,tsi,https://mulesoo.com/services/chatbot,live,Facebook,"A free lesson from building TSI AI Booking Assistant:

Always capture contact details before answering the deep question — that is the whole lead.

It sounds small. It is the difference between a system that works and one that quietly loses you money.

More of how we build: mulesoo.com",286,Always capture contact details before answering the deep question — that is the whole lead.,TSI ASSISTANT,#00C8FF
2027-01-29,151,Friday,22,HOWTO,TSI AI Booking Assistant,tsi,https://mulesoo.com/services/chatbot,live,TikTok,"Free game from a real build 🧠

Always capture contact details before answering the deep question — that is the whole lead.

Learned it building TSI AI Booking Assistant.

mulesoo.com

#AIChatbot #Hospitality #Reservations #CustomerService #MuleSoo",248,Always capture contact details before answering the deep question — that is the whole lead.,TSI ASSISTANT,#00C8FF
2027-01-29,151,Friday,22,HOWTO,TSI AI Booking Assistant,tsi,https://mulesoo.com/services/chatbot,live,X,"Always capture contact details before answering the deep question — that is the whole lead.

— learned building TSI AI Booking Assistant",136,Always capture contact details before answering the deep question — that is the whole lead.,TSI ASSISTANT,#00C8FF
2027-01-30,152,Saturday,22,PROOF,Sena — AI Front Desk Receptionist,sena,https://mulesoo.com/ai-automation,building,LinkedIn,"What Sena — AI Front Desk Receptionist actually does — not adjectives, features:

• reception answered at 3am without a night shift
• payment collected during the call, not chased afterwards
• a single-use QR guest ID scanned at the door

In active build — nothing here is launched yet. Still in build — follow along: mulesoo.com

No invented statistics on this page. Open it and check for yourself.

#VoiceAI #HotelTech #Sena",426,"Payment collected during the call, not chased afterwards.",SENA · IN BUILD,#7B2FFF
2027-01-30,152,Saturday,22,PROOF,Sena — AI Front Desk Receptionist,sena,https://mulesoo.com/ai-automation,building,Instagram,"🏨 Sena — AI Front Desk Receptionist — what you actually get:

✅ reception answered at 3am without a night shift
✅ payment collected during the call, not chased afterwards
✅ a single-use QR guest ID scanned at the door

In active build — nothing here is launched yet.

Still in build — follow along: mulesoo.com

#VoiceAI #HotelTech #Sena #Hospitality #MuleSoo",360,"Payment collected during the call, not chased afterwards.",SENA · IN BUILD,#7B2FFF
2027-01-30,152,Saturday,22,PROOF,Sena — AI Front Desk Receptionist,sena,https://mulesoo.com/ai-automation,building,Facebook,"People ask what ""Sena — AI Front Desk Receptionist"" really means. Plainly:

✅ reception answered at 3am without a night shift
✅ payment collected during the call, not chased afterwards
✅ a single-use QR guest ID scanned at the door

In active build — nothing here is launched yet. Still in build — follow along: mulesoo.com",323,"Payment collected during the call, not chased afterwards.",SENA · IN BUILD,#7B2FFF
2027-01-30,152,Saturday,22,PROOF,Sena — AI Front Desk Receptionist,sena,https://mulesoo.com/ai-automation,building,TikTok,"Three things Sena — AI Front Desk Receptionist does that a normal hotel setup cannot 👇

1. reception answered at 3am without a night shift
2. payment collected during the call, not chased afterwards
3. a single-use QR guest ID scanned at the door

In active build — nothing here is launched yet.

mulesoo.com

#VoiceAI #HotelTech #Sena #Hospitality #MuleSoo",358,"Payment collected during the call, not chased afterwards.",SENA · IN BUILD,#7B2FFF
2027-01-30,152,Saturday,22,PROOF,Sena — AI Front Desk Receptionist,sena,https://mulesoo.com/ai-automation,building,X,"Sena — AI Front Desk Receptionist:
• reception answered at 3am without a night shift
• payment collected during the call, not chased afterwards

https://mulesoo.com/ai-automation",178,"Payment collected during the call, not chased afterwards.",SENA · IN BUILD,#7B2FFF
2027-01-31,153,Sunday,22,BEHIND,Yewogen Derash (ወገን ደራሽ),yewogen,https://mulesoo.com/case-studies,building,LinkedIn,"Under the bonnet of Yewogen Derash (ወገን ደራሽ):

Chapa handles payment and nothing is trusted until its webhook is verified server-side.

Vitest and Playwright cover the money paths, because those are the ones that must never regress.

None of this is visible to the client, and all of it is why the thing keeps working in month nine.

Still in build — follow along: mulesoo.com

#Crowdfunding #Ethiopia #YewogenDerash",416,Chapa handles payment and nothing is trusted until its webhook is verified server-side.,YEWOGEN DERASH · IN BUILD,#00C8FF
2027-01-31,153,Sunday,22,BEHIND,Yewogen Derash (ወገን ደራሽ),yewogen,https://mulesoo.com/case-studies,building,Instagram,"Behind the build 🔧 Yewogen Derash (ወገን ደራሽ)

Chapa handles payment and nothing is trusted until its webhook is verified server-side.

The boring decisions are the ones that hold.

#Crowdfunding #Ethiopia #YewogenDerash #FinTech #MuleSoo",237,Chapa handles payment and nothing is trusted until its webhook is verified server-side.,YEWOGEN DERASH · IN BUILD,#00C8FF
2027-01-31,153,Sunday,22,BEHIND,Yewogen Derash (ወገን ደራሽ),yewogen,https://mulesoo.com/case-studies,building,Facebook,"A look behind Yewogen Derash (ወገን ደራሽ):

Chapa handles payment and nothing is trusted until its webhook is verified server-side.

Vitest and Playwright cover the money paths, because those are the ones that must never regress.

We build the invisible parts properly. That is the whole difference between a demo and a system you can run a business on.",350,Chapa handles payment and nothing is trusted until its webhook is verified server-side.,YEWOGEN DERASH · IN BUILD,#00C8FF
2027-01-31,153,Sunday,22,BEHIND,Yewogen Derash (ወገን ደራሽ),yewogen,https://mulesoo.com/case-studies,building,TikTok,"Behind the build 🔧

Yewogen Derash (ወገን ደራሽ): Chapa handles payment and nothing is trusted until its webhook is verified server-side.

The unglamorous decisions are the ones that save you in month nine.

mulesoo.com

#Crowdfunding #Ethiopia #YewogenDerash #FinTech #MuleSoo",274,Chapa handles payment and nothing is trusted until its webhook is verified server-side.,YEWOGEN DERASH · IN BUILD,#00C8FF
2027-01-31,153,Sunday,22,BEHIND,Yewogen Derash (ወገን ደራሽ),yewogen,https://mulesoo.com/case-studies,building,X,"Yewogen Derash — under the bonnet:

Chapa handles payment and nothing is trusted until its webhook is verified server-side.",123,Chapa handles payment and nothing is trusted until its webhook is verified server-side.,YEWOGEN DERASH · IN BUILD,#00C8FF
2027-02-01,154,Monday,22,OFFER,Pretoria Kidane Mihret Church Platform,church,https://mulesoo.com/portfolio,live,LinkedIn,"Does your organisation need to speak two languages properly?

We built Pretoria Kidane Mihret Church Platform for exactly that — a liturgical calendar that understands feasts and recurring events.

Same system, your brand, your sector.

Tell us what your week looks like and we will tell you honestly whether software fixes it: mulesoo.com/contact

#ChurchWebsite #Amharic #Bilingual",383,Does your organisation need to speak two languages properly?,KIDANE MIHRET,#E8B84B
2027-02-01,154,Monday,22,OFFER,Pretoria Kidane Mihret Church Platform,church,https://mulesoo.com/portfolio,live,Instagram,"Does your organisation need to speak two languages properly? ⛪

We built Pretoria Kidane Mihret Church Platform to solve it — you get content the church updates itself, instantly.

Same system, your brand, your sector.

📩 mulesoo.com/contact
💬 wa.me/27688529333

#ChurchWebsite #Amharic #Bilingual #Pretoria #MuleSoo",318,Does your organisation need to speak two languages properly?,KIDANE MIHRET,#E8B84B
2027-02-01,154,Monday,22,OFFER,Pretoria Kidane Mihret Church Platform,church,https://mulesoo.com/portfolio,live,Facebook,"Does your organisation need to speak two languages properly?

That is precisely why Pretoria Kidane Mihret Church Platform exists — a liturgical calendar that understands feasts and recurring events.

Same system, your brand, your sector. Message us and we will tell you straight whether this is worth it for your business.

📩 mulesoo.com/contact  ·  💬 wa.me/27688529333",372,Does your organisation need to speak two languages properly?,KIDANE MIHRET,#E8B84B
2027-02-01,154,Monday,22,OFFER,Pretoria Kidane Mihret Church Platform,church,https://mulesoo.com/portfolio,live,TikTok,"Does your organisation need to speak two languages properly? ⛪

We already built it once — Pretoria Kidane Mihret Church Platform.

Same system, your brand, your sector.

mulesoo.com

#ChurchWebsite #Amharic #Bilingual #Pretoria #MuleSoo",237,Does your organisation need to speak two languages properly?,KIDANE MIHRET,#E8B84B
2027-02-01,154,Monday,22,OFFER,Pretoria Kidane Mihret Church Platform,church,https://mulesoo.com/portfolio,live,X,"Does your organisation need to speak two languages properly?

We built Pretoria Kidane Mihret Church Platform for exactly this.

mulesoo.com/contact",148,Does your organisation need to speak two languages properly?,KIDANE MIHRET,#E8B84B
2027-02-02,155,Tuesday,23,SPOTLIGHT,DR. Hospital — AI Clinic System,drhospital,https://mulesoo.com/case-studies,building,LinkedIn,"Project file: DR. Hospital — AI Clinic System.

In one line: a clinic and hospital management system with AI intake — currently in active development.

The part that matters — appointments, records and follow-ups in one system instead of three.

What the owner ends up with: intake completed before the patient arrives.

Still in build — follow along: mulesoo.com

#HealthTech #ClinicSoftware #AIIntake",402,We building DR. Hospital — AI Clinic System.,DR. HOSPITAL · IN BUILD,#00FF88
2027-02-02,155,Tuesday,23,SPOTLIGHT,DR. Hospital — AI Clinic System,drhospital,https://mulesoo.com/case-studies,building,Instagram,"🩺 Project file: DR. Hospital — AI Clinic System.

A clinic and hospital management system with AI intake — currently in active development.

✨ appointments, records and follow-ups in one system instead of three
✅ intake completed before the patient arrives

Still in build — follow along: mulesoo.com

#HealthTech #ClinicSoftware #AIIntake #POPIA #MuleSoo",356,We building DR. Hospital — AI Clinic System.,DR. HOSPITAL · IN BUILD,#00FF88
2027-02-02,155,Tuesday,23,SPOTLIGHT,DR. Hospital — AI Clinic System,drhospital,https://mulesoo.com/case-studies,building,Facebook,"Project file: DR. Hospital — AI Clinic System.

It is a clinic and hospital management system with AI intake — currently in active development.

The thing people notice first: appointments, records and follow-ups in one system instead of three.

If you run a clinic and this sounds like your week — we should talk. mulesoo.com",326,We building DR. Hospital — AI Clinic System.,DR. HOSPITAL · IN BUILD,#00FF88
2027-02-02,155,Tuesday,23,SPOTLIGHT,DR. Hospital — AI Clinic System,drhospital,https://mulesoo.com/case-studies,building,TikTok,"POV: you run a clinic. 🩺

We building DR. Hospital — AI Clinic System.

It does one thing brilliantly: appointments, records and follow-ups in one system instead of three.

Full build on mulesoo.com

#HealthTech #ClinicSoftware #AIIntake #POPIA #MuleSoo",254,We building DR. Hospital — AI Clinic System.,DR. HOSPITAL · IN BUILD,#00FF88
2027-02-02,155,Tuesday,23,SPOTLIGHT,DR. Hospital — AI Clinic System,drhospital,https://mulesoo.com/case-studies,building,X,"Project file: DR. Hospital — AI Clinic System. A clinic and hospital management system with AI intake — currently in active development.

https://mulesoo.com/case-studies",170,We building DR. Hospital — AI Clinic System.,DR. HOSPITAL · IN BUILD,#00FF88
2027-02-03,156,Wednesday,23,PROBLEM,MuleSoo Guides & Digital Store,guides,https://mulesoo.com/store,live,LinkedIn,"You do not need another 12-hour course. You need the seven prompts that actually work.

That was the brief behind MuleSoo Guides & Digital Store.

We built it around one idea: instant download after a secure card payment.

The guides we wrote from real builds — bought once, downloaded instantly, used forever.

See it: https://mulesoo.com/store

#DigitalProducts #ClaudeCode #LearnToBuild",389,You do not need another 12-hour course. You need the seven prompts that actually work.,MULESOO STORE,#E8B84B
2027-02-03,156,Wednesday,23,PROBLEM,MuleSoo Guides & Digital Store,guides,https://mulesoo.com/store,live,Instagram,"You do not need another 12-hour course. You need the seven prompts that actually work. 😮‍💨

So we built MuleSoo Guides & Digital Store.

Instant download after a secure card payment.

See it: https://mulesoo.com/store

#DigitalProducts #ClaudeCode #LearnToBuild #PassiveIncome #MuleSoo",287,You do not need another 12-hour course. You need the seven prompts that actually work.,MULESOO STORE,#E8B84B
2027-02-03,156,Wednesday,23,PROBLEM,MuleSoo Guides & Digital Store,guides,https://mulesoo.com/store,live,Facebook,"You do not need another 12-hour course. You need the seven prompts that actually work.

Every knowledge business we have spoken to says a version of that sentence.

MuleSoo Guides & Digital Store exists to end it — instant download after a secure card payment.

See it: https://mulesoo.com/store",295,You do not need another 12-hour course. You need the seven prompts that actually work.,MULESOO STORE,#E8B84B
2027-02-03,156,Wednesday,23,PROBLEM,MuleSoo Guides & Digital Store,guides,https://mulesoo.com/store,live,TikTok,"Tell me you run a knowledge business without telling me. 👇

""You do not need another 12-hour course. You need the seven prompts that actually work.""

That is why we built MuleSoo Guides & Digital Store — instant download after a secure card payment.

mulesoo.com

#DigitalProducts #ClaudeCode #LearnToBuild #PassiveIncome #MuleSoo",331,You do not need another 12-hour course. You need the seven prompts that actually work.,MULESOO STORE,#E8B84B
2027-02-03,156,Wednesday,23,PROBLEM,MuleSoo Guides & Digital Store,guides,https://mulesoo.com/store,live,X,"You do not need another 12-hour course. You need the seven prompts that actually work.

So we built MuleSoo Guides & Digital Store.

https://mulesoo.com/store",158,You do not need another 12-hour course. You need the seven prompts that actually work.,MULESOO STORE,#E8B84B
2027-02-04,157,Thursday,23,FUNNY,MuleSoo Digital Services,mulesoo,https://mulesoo.com,live,LinkedIn,"We built an AI that qualifies leads so politely it makes us look rude in comparison.

Behind the joke there is a real system: MuleSoo Digital Services — the platform you are reading this from — it books its own clients, sells its own products and runs its own admin.

Humour is just the shortest way to describe a problem everyone running a service business already has.

See it: https://mulesoo.com

#MuleSoo #WebDesignPretoria #AIforBusiness",443,We built an AI that qualifies leads so politely it makes us look rude in comparison.,MULESOO PLATFORM,#00C8FF
2027-02-04,157,Thursday,23,FUNNY,MuleSoo Digital Services,mulesoo,https://mulesoo.com,live,Instagram,"We built an AI that qualifies leads so politely it makes us look rude in comparison. 😂

(MuleSoo Digital Services. Yes, it is real.)

See it: https://mulesoo.com

#MuleSoo #WebDesignPretoria #AIforBusiness #SouthAfricaTech #NextJS",231,We built an AI that qualifies leads so politely it makes us look rude in comparison.,MULESOO PLATFORM,#00C8FF
2027-02-04,157,Thursday,23,FUNNY,MuleSoo Digital Services,mulesoo,https://mulesoo.com,live,Facebook,"We built an AI that qualifies leads so politely it makes us look rude in comparison.

True story from building MuleSoo Digital Services — the platform you are reading this from — it books its own clients, sells its own products and runs its own admin.

Someone asked if the site was a template. It has a lead pipeline, a store and 2FA. It is a small bank with animations.

See it: https://mulesoo.com",400,We built an AI that qualifies leads so politely it makes us look rude in comparison.,MULESOO PLATFORM,#00C8FF
2027-02-04,157,Thursday,23,FUNNY,MuleSoo Digital Services,mulesoo,https://mulesoo.com,live,TikTok,"We built an AI that qualifies leads so politely it makes us look rude in comparison. 💀

Not a joke though — MuleSoo Digital Services actually does this.

Someone asked if the site was a template. It has a lead pipeline, a store and 2FA. It is a small bank with animations.

mulesoo.com

#MuleSoo #WebDesignPretoria #AIforBusiness #SouthAfricaTech #NextJS",355,We built an AI that qualifies leads so politely it makes us look rude in comparison.,MULESOO PLATFORM,#00C8FF
2027-02-04,157,Thursday,23,FUNNY,MuleSoo Digital Services,mulesoo,https://mulesoo.com,live,X,"We built an AI that qualifies leads so politely it makes us look rude in comparison.

— from building MuleSoo Digital Services",126,We built an AI that qualifies leads so politely it makes us look rude in comparison.,MULESOO PLATFORM,#00C8FF
2027-02-05,158,Friday,23,HOWTO,Habesha Celebration Events,habesha,https://habeshaeventsplanner.netlify.app,live,LinkedIn,"Something Habesha Celebration Events taught us:

Couples browse on phones at night. Design for a dark room and a thumb, not a desktop at noon.

Two more from the same build:

• Show packages with real inclusions. ""Contact for pricing"" filters out buyers, not tyre-kickers.
• Your enquiry form should ask the date first. Everything else is negotiable; the date is not.

All three are in the live product, not in a slide deck. See it: https://habeshaeventsplanner.netlify.app

#HabeshaEvents #EthiopianWedding #EventPlanner",521,"Couples browse on phones at night. Design for a dark room and a thumb, not a desktop at noon.",HABESHA EVENTS,#7B2FFF
2027-02-05,158,Friday,23,HOWTO,Habesha Celebration Events,habesha,https://habeshaeventsplanner.netlify.app,live,Instagram,"Lesson from building Habesha Celebration Events 💍

📌 Couples browse on phones at night. Design for a dark room and a thumb, not a desktop at noon.

Save this one — it applies far beyond this one project.

#HabeshaEvents #EthiopianWedding #EventPlanner #WeddingSA #MuleSoo",273,"Couples browse on phones at night. Design for a dark room and a thumb, not a desktop at noon.",HABESHA EVENTS,#7B2FFF
2027-02-05,158,Friday,23,HOWTO,Habesha Celebration Events,habesha,https://habeshaeventsplanner.netlify.app,live,Facebook,"A free lesson from building Habesha Celebration Events:

Couples browse on phones at night. Design for a dark room and a thumb, not a desktop at noon.

It sounds small. It is the difference between a system that works and one that quietly loses you money.

More of how we build: mulesoo.com",290,"Couples browse on phones at night. Design for a dark room and a thumb, not a desktop at noon.",HABESHA EVENTS,#7B2FFF
2027-02-05,158,Friday,23,HOWTO,Habesha Celebration Events,habesha,https://habeshaeventsplanner.netlify.app,live,TikTok,"Free game from a real build 🧠

Couples browse on phones at night. Design for a dark room and a thumb, not a desktop at noon.

Learned it building Habesha Celebration Events.

mulesoo.com

#HabeshaEvents #EthiopianWedding #EventPlanner #WeddingSA #MuleSoo",255,"Couples browse on phones at night. Design for a dark room and a thumb, not a desktop at noon.",HABESHA EVENTS,#7B2FFF
2027-02-05,158,Friday,23,HOWTO,Habesha Celebration Events,habesha,https://habeshaeventsplanner.netlify.app,live,X,"Couples browse on phones at night. Design for a dark room and a thumb, not a desktop at noon.

— learned building Habesha Celebration Events",140,"Couples browse on phones at night. Design for a dark room and a thumb, not a desktop at noon.",HABESHA EVENTS,#7B2FFF
2027-02-06,159,Saturday,23,PROOF,YoYo Gym — AI Membership Platform,yoyogym,https://yoyogym.vercel.app,live,LinkedIn,"What YoYo Gym — AI Membership Platform actually does — not adjectives, features:

• members, plans and payments in one place instead of three books
• QR check-in that clears the morning queue
• an owner dashboard that answers ""who is behind on payment"" in one look

Live now. See it: https://yoyogym.vercel.app

No invented statistics on this page. Open it and check for yourself.

#GymSoftware #FitnessBusiness #YoYoGym",420,QR check-in that clears the morning queue.,YOYO GYM,#00FF88
2027-02-06,159,Saturday,23,PROOF,YoYo Gym — AI Membership Platform,yoyogym,https://yoyogym.vercel.app,live,Instagram,"🏋️ YoYo Gym — AI Membership Platform — what you actually get:

✅ members, plans and payments in one place instead of three books
✅ QR check-in that clears the morning queue
✅ an owner dashboard that answers ""who is behind on payment"" in one look

Live now.

See it: https://yoyogym.vercel.app

#GymSoftware #FitnessBusiness #YoYoGym #MembershipSystem #MuleSoo",360,QR check-in that clears the morning queue.,YOYO GYM,#00FF88
2027-02-06,159,Saturday,23,PROOF,YoYo Gym — AI Membership Platform,yoyogym,https://yoyogym.vercel.app,live,Facebook,"People ask what ""YoYo Gym — AI Membership Platform"" really means. Plainly:

✅ members, plans and payments in one place instead of three books
✅ QR check-in that clears the morning queue
✅ an owner dashboard that answers ""who is behind on payment"" in one look

Live now. See it: https://yoyogym.vercel.app",304,QR check-in that clears the morning queue.,YOYO GYM,#00FF88
2027-02-06,159,Saturday,23,PROOF,YoYo Gym — AI Membership Platform,yoyogym,https://yoyogym.vercel.app,live,TikTok,"Three things YoYo Gym — AI Membership Platform does that a normal gym setup cannot 👇

1. members, plans and payments in one place instead of three books
2. QR check-in that clears the morning queue
3. an owner dashboard that answers ""who is behind on payment"" in one look

Live now.

mulesoo.com

#GymSoftware #FitnessBusiness #YoYoGym #MembershipSystem #MuleSoo",363,QR check-in that clears the morning queue.,YOYO GYM,#00FF88
2027-02-06,159,Saturday,23,PROOF,YoYo Gym — AI Membership Platform,yoyogym,https://yoyogym.vercel.app,live,X,"YoYo Gym — AI Membership Platform:
• members, plans and payments in one place instead of three books
• QR check-in that clears the morning queue

https://yoyogym.vercel.app",172,QR check-in that clears the morning queue.,YOYO GYM,#00FF88
2027-02-07,160,Sunday,23,BEHIND,X-Boss Photography Studio,xboss,https://xbossphotography.vercel.app,live,LinkedIn,"Under the bonnet of X-Boss Photography Studio:

Session is a jose-signed JWT cookie — no token sitting in localStorage waiting to be stolen.

Security headers, rate limiting, sitemap, PWA manifest and branded error pages all shipped, not planned.

None of this is visible to the client, and all of it is why the thing keeps working in month nine.

See it: https://xbossphotography.vercel.app

#PhotographyBusiness #StudioBooking #XBoss",435,Session is a jose-signed JWT cookie — no token sitting in localStorage waiting to be stolen.,X-BOSS PHOTOGRAPHY,#E8B84B
2027-02-07,160,Sunday,23,BEHIND,X-Boss Photography Studio,xboss,https://xbossphotography.vercel.app,live,Instagram,"Behind the build 🔧 X-Boss Photography Studio

Session is a jose-signed JWT cookie — no token sitting in localStorage waiting to be stolen.

The boring decisions are the ones that hold.

#PhotographyBusiness #StudioBooking #XBoss #BookingSystem #MuleSoo",253,Session is a jose-signed JWT cookie — no token sitting in localStorage waiting to be stolen.,X-BOSS PHOTOGRAPHY,#E8B84B
2027-02-07,160,Sunday,23,BEHIND,X-Boss Photography Studio,xboss,https://xbossphotography.vercel.app,live,Facebook,"A look behind X-Boss Photography Studio:

Session is a jose-signed JWT cookie — no token sitting in localStorage waiting to be stolen.

Security headers, rate limiting, sitemap, PWA manifest and branded error pages all shipped, not planned.

We build the invisible parts properly. That is the whole difference between a demo and a system you can run a business on.",364,Session is a jose-signed JWT cookie — no token sitting in localStorage waiting to be stolen.,X-BOSS PHOTOGRAPHY,#E8B84B
2027-02-07,160,Sunday,23,BEHIND,X-Boss Photography Studio,xboss,https://xbossphotography.vercel.app,live,TikTok,"Behind the build 🔧

X-Boss Photography Studio: Session is a jose-signed JWT cookie — no token sitting in localStorage waiting to be stolen.

The unglamorous decisions are the ones that save you in month nine.

mulesoo.com

#PhotographyBusiness #StudioBooking #XBoss #BookingSystem #MuleSoo",290,Session is a jose-signed JWT cookie — no token sitting in localStorage waiting to be stolen.,X-BOSS PHOTOGRAPHY,#E8B84B
2027-02-07,160,Sunday,23,BEHIND,X-Boss Photography Studio,xboss,https://xbossphotography.vercel.app,live,X,"X-Boss Photography Studio — under the bonnet:

Session is a jose-signed JWT cookie — no token sitting in localStorage waiting to be stolen.",139,Session is a jose-signed JWT cookie — no token sitting in localStorage waiting to be stolen.,X-BOSS PHOTOGRAPHY,#E8B84B
2027-02-08,161,Monday,23,OFFER,Shime Events & Planning,shime,https://shimeeventplaning.vercel.app,live,LinkedIn,"Losing bookings because your form only speaks one language?

We built Shime Events & Planning for exactly that — a multi-page booking contract generated automatically, cover page and terms included.

Same system, your brand, your sector.

Tell us what your week looks like and we will tell you honestly whether software fixes it: mulesoo.com/contact

#EventPlanning #ShimeEvents #BilingualWeb",392,Losing bookings because your form only speaks one language?,SHIME EVENTS,#E8B84B
2027-02-08,161,Monday,23,OFFER,Shime Events & Planning,shime,https://shimeeventplaning.vercel.app,live,Instagram,"Losing bookings because your form only speaks one language? 🎊

We built Shime Events & Planning to solve it — you get deposits collected without a single awkward phone call.

Same system, your brand, your sector.

📩 mulesoo.com/contact
💬 wa.me/27688529333

#EventPlanning #ShimeEvents #BilingualWeb #Amharic #MuleSoo",319,Losing bookings because your form only speaks one language?,SHIME EVENTS,#E8B84B
2027-02-08,161,Monday,23,OFFER,Shime Events & Planning,shime,https://shimeeventplaning.vercel.app,live,Facebook,"Losing bookings because your form only speaks one language?

That is precisely why Shime Events & Planning exists — a multi-page booking contract generated automatically, cover page and terms included.

Same system, your brand, your sector. Message us and we will tell you straight whether this is worth it for your business.

📩 mulesoo.com/contact  ·  💬 wa.me/27688529333",374,Losing bookings because your form only speaks one language?,SHIME EVENTS,#E8B84B
2027-02-08,161,Monday,23,OFFER,Shime Events & Planning,shime,https://shimeeventplaning.vercel.app,live,TikTok,"Losing bookings because your form only speaks one language? 🎊

We already built it once — Shime Events & Planning.

Same system, your brand, your sector.

mulesoo.com

#EventPlanning #ShimeEvents #BilingualWeb #Amharic #MuleSoo",228,Losing bookings because your form only speaks one language?,SHIME EVENTS,#E8B84B
2027-02-08,161,Monday,23,OFFER,Shime Events & Planning,shime,https://shimeeventplaning.vercel.app,live,X,"Losing bookings because your form only speaks one language?

We built Shime Events & Planning for exactly this.

mulesoo.com/contact",132,Losing bookings because your form only speaks one language?,SHIME EVENTS,#E8B84B
2027-02-09,162,Tuesday,24,SPOTLIGHT,Tsedi Catering & Events,tsedi,https://tsedicatering.vercel.app,live,LinkedIn,"Project file: Tsedi Catering & Events.

In one line: a QR code that opens a personal booking assistant — no website, no app, no forms to chase.

The part that matters — it checks the calendar for availability before it agrees to a date.

What the owner ends up with: deposits paid before you buy a single ingredient.

See it: https://tsedicatering.vercel.app

#CateringBusiness #QRBooking #TsediCatering",403,We built Tsedi Catering & Events.,TSEDI CATERING,#E8B84B
2027-02-09,162,Tuesday,24,SPOTLIGHT,Tsedi Catering & Events,tsedi,https://tsedicatering.vercel.app,live,Instagram,"🍽️ Project file: Tsedi Catering & Events.

A QR code that opens a personal booking assistant — no website, no app, no forms to chase.

✨ it checks the calendar for availability before it agrees to a date
✅ deposits paid before you buy a single ingredient

See it: https://tsedicatering.vercel.app

#CateringBusiness #QRBooking #TsediCatering #AIAssistant #MuleSoo",364,We built Tsedi Catering & Events.,TSEDI CATERING,#E8B84B
2027-02-09,162,Tuesday,24,SPOTLIGHT,Tsedi Catering & Events,tsedi,https://tsedicatering.vercel.app,live,Facebook,"Project file: Tsedi Catering & Events.

It is a QR code that opens a personal booking assistant — no website, no app, no forms to chase.

The thing people notice first: it checks the calendar for availability before it agrees to a date.

If you run a catering business and this sounds like your week — we should talk. mulesoo.com",329,We built Tsedi Catering & Events.,TSEDI CATERING,#E8B84B
2027-02-09,162,Tuesday,24,SPOTLIGHT,Tsedi Catering & Events,tsedi,https://tsedicatering.vercel.app,live,TikTok,"POV: you run a catering business. 🍽️

We built Tsedi Catering & Events.

It does one thing brilliantly: it checks the calendar for availability before it agrees to a date.

Full build on mulesoo.com

#CateringBusiness #QRBooking #TsediCatering #AIAssistant #MuleSoo",266,We built Tsedi Catering & Events.,TSEDI CATERING,#E8B84B
2027-02-09,162,Tuesday,24,SPOTLIGHT,Tsedi Catering & Events,tsedi,https://tsedicatering.vercel.app,live,X,"Project file: Tsedi Catering & Events. A QR code that opens a personal booking assistant — no website, no app, no forms to chase.

https://tsedicatering.vercel.app",163,We built Tsedi Catering & Events.,TSEDI CATERING,#E8B84B
2027-02-10,163,Wednesday,24,PROBLEM,TSI AI Booking Assistant,tsi,https://mulesoo.com/services/chatbot,live,LinkedIn,"The phone rings during service. It always rings during service.

That was the brief behind TSI AI Booking Assistant.

We built it around one idea: it captures name, contact and intent before it hands anything to a human.

A reservations assistant that answers, qualifies and books, around the clock.

See it: https://mulesoo.com/services/chatbot

#AIChatbot #Hospitality #Reservations",384,The phone rings during service. It always rings during service.,TSI ASSISTANT,#00C8FF
2027-02-10,163,Wednesday,24,PROBLEM,TSI AI Booking Assistant,tsi,https://mulesoo.com/services/chatbot,live,Instagram,"The phone rings during service. It always rings during service. 😮‍💨

So we built TSI AI Booking Assistant.

It captures name, contact and intent before it hands anything to a human.

See it: https://mulesoo.com/services/chatbot

#AIChatbot #Hospitality #Reservations #CustomerService #MuleSoo",294,The phone rings during service. It always rings during service.,TSI ASSISTANT,#00C8FF
2027-02-10,163,Wednesday,24,PROBLEM,TSI AI Booking Assistant,tsi,https://mulesoo.com/services/chatbot,live,Facebook,"The phone rings during service. It always rings during service.

Every hotel or restaurant we have spoken to says a version of that sentence.

TSI AI Booking Assistant exists to end it — it captures name, contact and intent before it hands anything to a human.

See it: https://mulesoo.com/services/chatbot",306,The phone rings during service. It always rings during service.,TSI ASSISTANT,#00C8FF
2027-02-10,163,Wednesday,24,PROBLEM,TSI AI Booking Assistant,tsi,https://mulesoo.com/services/chatbot,live,TikTok,"Tell me you run a hotel or restaurant without telling me. 👇

""The phone rings during service. It always rings during service.""

That is why we built TSI AI Booking Assistant — it captures name, contact and intent before it hands anything to a human.

mulesoo.com

#AIChatbot #Hospitality #Reservations #CustomerService #MuleSoo",328,The phone rings during service. It always rings during service.,TSI ASSISTANT,#00C8FF
2027-02-10,163,Wednesday,24,PROBLEM,TSI AI Booking Assistant,tsi,https://mulesoo.com/services/chatbot,live,X,"The phone rings during service. It always rings during service.

So we built TSI AI Booking Assistant.

https://mulesoo.com/services/chatbot",140,The phone rings during service. It always rings during service.,TSI ASSISTANT,#00C8FF
2027-02-11,164,Thursday,24,FUNNY,Sena — AI Front Desk Receptionist,sena,https://mulesoo.com/ai-automation,building,LinkedIn,"The whole voice stack is self-hosted. The only meter running is the thinking, which feels philosophically correct.

Behind the joke there is a real system: Sena — AI Front Desk Receptionist — a voice receptionist for hotels: the guest clicks Call Reception and Sena actually answers.

Humour is just the shortest way to describe a problem everyone running a hotel already has.

Still in build — follow along: mulesoo.com

#VoiceAI #HotelTech #Sena",447,"The whole voice stack is self-hosted. The only meter running is the thinking, which feels philosophically correct.",SENA · IN BUILD,#7B2FFF
2027-02-11,164,Thursday,24,FUNNY,Sena — AI Front Desk Receptionist,sena,https://mulesoo.com/ai-automation,building,Instagram,"The whole voice stack is self-hosted. The only meter running is the thinking, which feels philosophically correct. 😂

(Sena — AI Front Desk Receptionist. Yes, it is real.)

Still in build — follow along: mulesoo.com

#VoiceAI #HotelTech #Sena #Hospitality #MuleSoo",265,"The whole voice stack is self-hosted. The only meter running is the thinking, which feels philosophically correct.",SENA · IN BUILD,#7B2FFF
2027-02-11,164,Thursday,24,FUNNY,Sena — AI Front Desk Receptionist,sena,https://mulesoo.com/ai-automation,building,Facebook,"The whole voice stack is self-hosted. The only meter running is the thinking, which feels philosophically correct.

True story from building Sena — AI Front Desk Receptionist — a voice receptionist for hotels: the guest clicks Call Reception and Sena actually answers.

No Vapi, no ElevenLabs, no Twilio. Three invoices we simply declined to receive.

Still in build — follow along: mulesoo.com",394,"The whole voice stack is self-hosted. The only meter running is the thinking, which feels philosophically correct.",SENA · IN BUILD,#7B2FFF
2027-02-11,164,Thursday,24,FUNNY,Sena — AI Front Desk Receptionist,sena,https://mulesoo.com/ai-automation,building,TikTok,"The whole voice stack is self-hosted. The only meter running is the thinking, which feels philosophically correct. 💀

Not a joke though — Sena — AI Front Desk Receptionist actually does this.

No Vapi, no ElevenLabs, no Twilio. Three invoices we simply declined to receive.

mulesoo.com

#VoiceAI #HotelTech #Sena #Hospitality #MuleSoo",336,"The whole voice stack is self-hosted. The only meter running is the thinking, which feels philosophically correct.",SENA · IN BUILD,#7B2FFF
2027-02-11,164,Thursday,24,FUNNY,Sena — AI Front Desk Receptionist,sena,https://mulesoo.com/ai-automation,building,X,"The whole voice stack is self-hosted. The only meter running is the thinking, which feels philosophically correct.

— from building Sena",136,"The whole voice stack is self-hosted. The only meter running is the thinking, which feels philosophically correct.",SENA · IN BUILD,#7B2FFF
2027-02-12,165,Friday,24,HOWTO,Yewogen Derash (ወገን ደራሽ),yewogen,https://mulesoo.com/case-studies,building,LinkedIn,"Something Yewogen Derash (ወገን ደራሽ) taught us:

One campaign, one ledger. Commingled funds cannot be audited, only apologised for.

Two more from the same build:

• Trust the webhook, never the redirect. A user can fake a success URL in about nine seconds.
• A QR that opens exactly one campaign removes the biggest drop-off in donation flows: searching.

All three are in the live product, not in a slide deck. Still in build — follow along: mulesoo.com

#Crowdfunding #Ethiopia #YewogenDerash",493,"One campaign, one ledger. Commingled funds cannot be audited, only apologised for.",YEWOGEN DERASH · IN BUILD,#00C8FF
2027-02-12,165,Friday,24,HOWTO,Yewogen Derash (ወገን ደራሽ),yewogen,https://mulesoo.com/case-studies,building,Instagram,"Lesson from building Yewogen Derash (ወገን ደራሽ) 🤝

📌 One campaign, one ledger. Commingled funds cannot be audited, only apologised for.

Save this one — it applies far beyond this one project.

#Crowdfunding #Ethiopia #YewogenDerash #FinTech #MuleSoo",250,"One campaign, one ledger. Commingled funds cannot be audited, only apologised for.",YEWOGEN DERASH · IN BUILD,#00C8FF
2027-02-12,165,Friday,24,HOWTO,Yewogen Derash (ወገን ደራሽ),yewogen,https://mulesoo.com/case-studies,building,Facebook,"A free lesson from building Yewogen Derash (ወገን ደራሽ):

One campaign, one ledger. Commingled funds cannot be audited, only apologised for.

It sounds small. It is the difference between a system that works and one that quietly loses you money.

More of how we build: mulesoo.com",277,"One campaign, one ledger. Commingled funds cannot be audited, only apologised for.",YEWOGEN DERASH · IN BUILD,#00C8FF
2027-02-12,165,Friday,24,HOWTO,Yewogen Derash (ወገን ደራሽ),yewogen,https://mulesoo.com/case-studies,building,TikTok,"Free game from a real build 🧠

One campaign, one ledger. Commingled funds cannot be audited, only apologised for.

Learned it building Yewogen Derash (ወገን ደራሽ).

mulesoo.com

#Crowdfunding #Ethiopia #YewogenDerash #FinTech #MuleSoo",232,"One campaign, one ledger. Commingled funds cannot be audited, only apologised for.",YEWOGEN DERASH · IN BUILD,#00C8FF
2027-02-12,165,Friday,24,HOWTO,Yewogen Derash (ወገን ደራሽ),yewogen,https://mulesoo.com/case-studies,building,X,"One campaign, one ledger. Commingled funds cannot be audited, only apologised for.

— learned building Yewogen Derash",117,"One campaign, one ledger. Commingled funds cannot be audited, only apologised for.",YEWOGEN DERASH · IN BUILD,#00C8FF
2027-02-13,166,Saturday,24,PROOF,Pretoria Kidane Mihret Church Platform,church,https://mulesoo.com/portfolio,live,LinkedIn,"What Pretoria Kidane Mihret Church Platform actually does — not adjectives, features:

• one accurate place for service times, in both languages
• content the church updates itself, instantly
• a digital home that matches the institution's dignity

Live now. See it: https://mulesoo.com/portfolio

No invented statistics on this page. Open it and check for yourself.

#ChurchWebsite #Amharic #Bilingual",402,"Content the church updates itself, instantly.",KIDANE MIHRET,#E8B84B
2027-02-13,166,Saturday,24,PROOF,Pretoria Kidane Mihret Church Platform,church,https://mulesoo.com/portfolio,live,Instagram,"⛪ Pretoria Kidane Mihret Church Platform — what you actually get:

✅ one accurate place for service times, in both languages
✅ content the church updates itself, instantly
✅ a digital home that matches the institution's dignity

Live now.

See it: https://mulesoo.com/portfolio

#ChurchWebsite #Amharic #Bilingual #Pretoria #MuleSoo",332,"Content the church updates itself, instantly.",KIDANE MIHRET,#E8B84B
2027-02-13,166,Saturday,24,PROOF,Pretoria Kidane Mihret Church Platform,church,https://mulesoo.com/portfolio,live,Facebook,"People ask what ""Pretoria Kidane Mihret Church Platform"" really means. Plainly:

✅ one accurate place for service times, in both languages
✅ content the church updates itself, instantly
✅ a digital home that matches the institution's dignity

Live now. See it: https://mulesoo.com/portfolio",290,"Content the church updates itself, instantly.",KIDANE MIHRET,#E8B84B
2027-02-13,166,Saturday,24,PROOF,Pretoria Kidane Mihret Church Platform,church,https://mulesoo.com/portfolio,live,TikTok,"Three things Pretoria Kidane Mihret Church Platform does that a normal church or community organisation setup cannot 👇

1. one accurate place for service times, in both languages
2. content the church updates itself, instantly
3. a digital home that matches the institution's dignity

Live now.

mulesoo.com

#ChurchWebsite #Amharic #Bilingual #Pretoria #MuleSoo",363,"Content the church updates itself, instantly.",KIDANE MIHRET,#E8B84B
2027-02-13,166,Saturday,24,PROOF,Pretoria Kidane Mihret Church Platform,church,https://mulesoo.com/portfolio,live,X,"Pretoria Kidane Mihret Church Platform:
• one accurate place for service times, in both languages
• content the church updates itself, instantly

https://mulesoo.com/portfolio",175,"Content the church updates itself, instantly.",KIDANE MIHRET,#E8B84B
2027-02-14,167,Sunday,24,BEHIND,DR. Hospital — AI Clinic System,drhospital,https://mulesoo.com/case-studies,building,LinkedIn,"Under the bonnet of DR. Hospital — AI Clinic System:

Every patient-facing automation stops well short of clinical advice, by design.

Audit logging is being built into the schema, not bolted on before launch.

None of this is visible to the client, and all of it is why the thing keeps working in month nine.

Still in build — follow along: mulesoo.com

#HealthTech #ClinicSoftware #AIIntake",392,"Every patient-facing automation stops well short of clinical advice, by design.",DR. HOSPITAL · IN BUILD,#00FF88
2027-02-14,167,Sunday,24,BEHIND,DR. Hospital — AI Clinic System,drhospital,https://mulesoo.com/case-studies,building,Instagram,"Behind the build 🔧 DR. Hospital — AI Clinic System

Every patient-facing automation stops well short of clinical advice, by design.

The boring decisions are the ones that hold.

#HealthTech #ClinicSoftware #AIIntake #POPIA #MuleSoo",233,"Every patient-facing automation stops well short of clinical advice, by design.",DR. HOSPITAL · IN BUILD,#00FF88
2027-02-14,167,Sunday,24,BEHIND,DR. Hospital — AI Clinic System,drhospital,https://mulesoo.com/case-studies,building,Facebook,"A look behind DR. Hospital — AI Clinic System:

Every patient-facing automation stops well short of clinical advice, by design.

Audit logging is being built into the schema, not bolted on before launch.

We build the invisible parts properly. That is the whole difference between a demo and a system you can run a business on.",327,"Every patient-facing automation stops well short of clinical advice, by design.",DR. HOSPITAL · IN BUILD,#00FF88
2027-02-14,167,Sunday,24,BEHIND,DR. Hospital — AI Clinic System,drhospital,https://mulesoo.com/case-studies,building,TikTok,"Behind the build 🔧

DR. Hospital — AI Clinic System: Every patient-facing automation stops well short of clinical advice, by design.

The unglamorous decisions are the ones that save you in month nine.

mulesoo.com

#HealthTech #ClinicSoftware #AIIntake #POPIA #MuleSoo",270,"Every patient-facing automation stops well short of clinical advice, by design.",DR. HOSPITAL · IN BUILD,#00FF88
2027-02-14,167,Sunday,24,BEHIND,DR. Hospital — AI Clinic System,drhospital,https://mulesoo.com/case-studies,building,X,"DR. Hospital — under the bonnet:

Every patient-facing automation stops well short of clinical advice, by design.",113,"Every patient-facing automation stops well short of clinical advice, by design.",DR. HOSPITAL · IN BUILD,#00FF88
2027-02-15,168,Monday,24,OFFER,MuleSoo Guides & Digital Store,guides,https://mulesoo.com/store,live,LinkedIn,"Want the process behind these builds, in writing?

We built MuleSoo Guides & Digital Store for exactly that — priced so a first-time builder can afford the whole shelf.

Same system, your brand, your sector.

Tell us what your week looks like and we will tell you honestly whether software fixes it: mulesoo.com/contact

#DigitalProducts #ClaudeCode #LearnToBuild",363,"Want the process behind these builds, in writing?",MULESOO STORE,#E8B84B
2027-02-15,168,Monday,24,OFFER,MuleSoo Guides & Digital Store,guides,https://mulesoo.com/store,live,Instagram,"Want the process behind these builds, in writing? 📘

We built MuleSoo Guides & Digital Store to solve it — you get instant download, no subscription.

Same system, your brand, your sector.

📩 mulesoo.com/contact
💬 wa.me/27688529333

#DigitalProducts #ClaudeCode #LearnToBuild #PassiveIncome #MuleSoo",302,"Want the process behind these builds, in writing?",MULESOO STORE,#E8B84B
2027-02-15,168,Monday,24,OFFER,MuleSoo Guides & Digital Store,guides,https://mulesoo.com/store,live,Facebook,"Want the process behind these builds, in writing?

That is precisely why MuleSoo Guides & Digital Store exists — priced so a first-time builder can afford the whole shelf.

Same system, your brand, your sector. Message us and we will tell you straight whether this is worth it for your business.

📩 mulesoo.com/contact  ·  💬 wa.me/27688529333",344,"Want the process behind these builds, in writing?",MULESOO STORE,#E8B84B
2027-02-15,168,Monday,24,OFFER,MuleSoo Guides & Digital Store,guides,https://mulesoo.com/store,live,TikTok,"Want the process behind these builds, in writing? 📘

We already built it once — MuleSoo Guides & Digital Store.

Same system, your brand, your sector.

mulesoo.com

#DigitalProducts #ClaudeCode #LearnToBuild #PassiveIncome #MuleSoo",232,"Want the process behind these builds, in writing?",MULESOO STORE,#E8B84B
2027-02-15,168,Monday,24,OFFER,MuleSoo Guides & Digital Store,guides,https://mulesoo.com/store,live,X,"Want the process behind these builds, in writing?

We built MuleSoo Guides & Digital Store for exactly this.

mulesoo.com/contact",129,"Want the process behind these builds, in writing?",MULESOO STORE,#E8B84B
2027-02-16,169,Tuesday,25,SPOTLIGHT,MuleSoo Digital Services,mulesoo,https://mulesoo.com,live,LinkedIn,"This is MuleSoo Digital Services, for our own agency platform.

In one line: the platform you are reading this from — it books its own clients, sells its own products and runs its own admin.

The part that matters — face-recognition admin login via QR and your phone camera, on top of a password and email 2FA.

What the owner ends up with: one secure command centre: leads, bookings, content, pricing, payments.

See it: https://mulesoo.com

#MuleSoo #WebDesignPretoria #AIforBusiness",485,We built MuleSoo Digital Services.,MULESOO PLATFORM,#00C8FF
2027-02-16,169,Tuesday,25,SPOTLIGHT,MuleSoo Digital Services,mulesoo,https://mulesoo.com,live,Instagram,"🛠️ This is MuleSoo Digital Services, for our own agency platform.

The platform you are reading this from — it books its own clients, sells its own products and runs its own admin.

✨ face-recognition admin login via QR and your phone camera, on top of a password and email 2FA
✅ one secure command centre: leads, bookings, content, pricing, payments

See it: https://mulesoo.com

#MuleSoo #WebDesignPretoria #AIforBusiness #SouthAfricaTech #NextJS",449,We built MuleSoo Digital Services.,MULESOO PLATFORM,#00C8FF
2027-02-16,169,Tuesday,25,SPOTLIGHT,MuleSoo Digital Services,mulesoo,https://mulesoo.com,live,Facebook,"This is MuleSoo Digital Services, for our own agency platform.

It is the platform you are reading this from — it books its own clients, sells its own products and runs its own admin.

The thing people notice first: face-recognition admin login via QR and your phone camera, on top of a password and email 2FA.

If you run a service business and this sounds like your week — we should talk. mulesoo.com",402,We built MuleSoo Digital Services.,MULESOO PLATFORM,#00C8FF
2027-02-16,169,Tuesday,25,SPOTLIGHT,MuleSoo Digital Services,mulesoo,https://mulesoo.com,live,TikTok,"POV: you run a service business. 🛠️

We built MuleSoo Digital Services.

It does one thing brilliantly: face-recognition admin login via QR and your phone camera, on top of a password and email 2FA.

Full build on mulesoo.com

#MuleSoo #WebDesignPretoria #AIforBusiness #SouthAfricaTech #NextJS",295,We built MuleSoo Digital Services.,MULESOO PLATFORM,#00C8FF
2027-02-16,169,Tuesday,25,SPOTLIGHT,MuleSoo Digital Services,mulesoo,https://mulesoo.com,live,X,"This is MuleSoo Digital Services, for our own agency platform. The platform you are reading this from — it books its own clients, sells its own products and runs its own admin.

https://mulesoo.com",197,We built MuleSoo Digital Services.,MULESOO PLATFORM,#00C8FF
2027-02-17,170,Wednesday,25,PROBLEM,Habesha Celebration Events,habesha,https://habeshaeventsplanner.netlify.app,live,LinkedIn,"Every enquiry answered by hand is an hour not spent on the event happening this Saturday.

That was the brief behind Habesha Celebration Events.

We built it around one idea: a brand presence that makes a family trust you with the biggest day of their life.

An elegant events platform that turns wedding dreams into confirmed bookings, 24/7.

See it: https://habeshaeventsplanner.netlify.app

#HabeshaEvents #EthiopianWedding #EventPlanner",440,Every enquiry answered by hand is an hour not spent on the event happening this Saturday.,HABESHA EVENTS,#7B2FFF
2027-02-17,170,Wednesday,25,PROBLEM,Habesha Celebration Events,habesha,https://habeshaeventsplanner.netlify.app,live,Instagram,"Every enquiry answered by hand is an hour not spent on the event happening this Saturday. 😮‍💨

So we built Habesha Celebration Events.

A brand presence that makes a family trust you with the biggest day of their life.

See it: https://habeshaeventsplanner.netlify.app

#HabeshaEvents #EthiopianWedding #EventPlanner #WeddingSA #MuleSoo",338,Every enquiry answered by hand is an hour not spent on the event happening this Saturday.,HABESHA EVENTS,#7B2FFF
2027-02-17,170,Wednesday,25,PROBLEM,Habesha Celebration Events,habesha,https://habeshaeventsplanner.netlify.app,live,Facebook,"Every enquiry answered by hand is an hour not spent on the event happening this Saturday.

Every wedding & events business we have spoken to says a version of that sentence.

Habesha Celebration Events exists to end it — a brand presence that makes a family trust you with the biggest day of their life.

See it: https://habeshaeventsplanner.netlify.app",353,Every enquiry answered by hand is an hour not spent on the event happening this Saturday.,HABESHA EVENTS,#7B2FFF
2027-02-17,170,Wednesday,25,PROBLEM,Habesha Celebration Events,habesha,https://habeshaeventsplanner.netlify.app,live,TikTok,"Tell me you run a wedding & events business without telling me. 👇

""Every enquiry answered by hand is an hour not spent on the event happening this Saturday.""

That is why we built Habesha Celebration Events — a brand presence that makes a family trust you with the biggest day of their life.

mulesoo.com

#HabeshaEvents #EthiopianWedding #EventPlanner #WeddingSA #MuleSoo",374,Every enquiry answered by hand is an hour not spent on the event happening this Saturday.,HABESHA EVENTS,#7B2FFF
2027-02-17,170,Wednesday,25,PROBLEM,Habesha Celebration Events,habesha,https://habeshaeventsplanner.netlify.app,live,X,"Every enquiry answered by hand is an hour not spent on the event happening this Saturday.

So we built Habesha Celebration Events.

https://habeshaeventsplanner.netlify.app",172,Every enquiry answered by hand is an hour not spent on the event happening this Saturday.,HABESHA EVENTS,#7B2FFF
2027-02-18,171,Thursday,25,FUNNY,YoYo Gym — AI Membership Platform,yoyogym,https://yoyogym.vercel.app,live,LinkedIn,"Expired memberships used to be discovered emotionally. Now they are discovered automatically.

Behind the joke there is a real system: YoYo Gym — AI Membership Platform — a full gym membership, booking and check-in system that runs the floor on autopilot.

Humour is just the shortest way to describe a problem everyone running a gym already has.

See it: https://yoyogym.vercel.app

#GymSoftware #FitnessBusiness #YoYoGym",422,Expired memberships used to be discovered emotionally. Now they are discovered automatically.,YOYO GYM,#00FF88
2027-02-18,171,Thursday,25,FUNNY,YoYo Gym — AI Membership Platform,yoyogym,https://yoyogym.vercel.app,live,Instagram,"Expired memberships used to be discovered emotionally. Now they are discovered automatically. 😂

(YoYo Gym — AI Membership Platform. Yes, it is real.)

See it: https://yoyogym.vercel.app

#GymSoftware #FitnessBusiness #YoYoGym #MembershipSystem #MuleSoo",254,Expired memberships used to be discovered emotionally. Now they are discovered automatically.,YOYO GYM,#00FF88
2027-02-18,171,Thursday,25,FUNNY,YoYo Gym — AI Membership Platform,yoyogym,https://yoyogym.vercel.app,live,Facebook,"Expired memberships used to be discovered emotionally. Now they are discovered automatically.

True story from building YoYo Gym — AI Membership Platform — a full gym membership, booking and check-in system that runs the floor on autopilot.

The owner manual is a PDF. It is shorter than most gym contracts, which was the point.

See it: https://yoyogym.vercel.app",364,Expired memberships used to be discovered emotionally. Now they are discovered automatically.,YOYO GYM,#00FF88
2027-02-18,171,Thursday,25,FUNNY,YoYo Gym — AI Membership Platform,yoyogym,https://yoyogym.vercel.app,live,TikTok,"Expired memberships used to be discovered emotionally. Now they are discovered automatically. 💀

Not a joke though — YoYo Gym — AI Membership Platform actually does this.

The owner manual is a PDF. It is shorter than most gym contracts, which was the point.

mulesoo.com

#GymSoftware #FitnessBusiness #YoYoGym #MembershipSystem #MuleSoo",339,Expired memberships used to be discovered emotionally. Now they are discovered automatically.,YOYO GYM,#00FF88
2027-02-18,171,Thursday,25,FUNNY,YoYo Gym — AI Membership Platform,yoyogym,https://yoyogym.vercel.app,live,X,"Expired memberships used to be discovered emotionally. Now they are discovered automatically.

— from building YoYo Gym",119,Expired memberships used to be discovered emotionally. Now they are discovered automatically.,YOYO GYM,#00FF88
2027-02-19,172,Friday,25,HOWTO,X-Boss Photography Studio,xboss,https://xbossphotography.vercel.app,live,LinkedIn,"Something X-Boss Photography Studio taught us:

Rate-limit your public booking endpoints on day one, not after the first bot finds them.

Two more from the same build:

• A printed QR code beside the till still outperforms most paid ads for a local business.
• Booking flows should let people edit before confirming. Every un-editable form is an abandoned form.

All three are in the live product, not in a slide deck. See it: https://xbossphotography.vercel.app

#PhotographyBusiness #StudioBooking #XBoss",506,"Rate-limit your public booking endpoints on day one, not after the first bot finds them.",X-BOSS PHOTOGRAPHY,#E8B84B
2027-02-19,172,Friday,25,HOWTO,X-Boss Photography Studio,xboss,https://xbossphotography.vercel.app,live,Instagram,"Lesson from building X-Boss Photography Studio 📸

📌 Rate-limit your public booking endpoints on day one, not after the first bot finds them.

Save this one — it applies far beyond this one project.

#PhotographyBusiness #StudioBooking #XBoss #BookingSystem #MuleSoo",267,"Rate-limit your public booking endpoints on day one, not after the first bot finds them.",X-BOSS PHOTOGRAPHY,#E8B84B
2027-02-19,172,Friday,25,HOWTO,X-Boss Photography Studio,xboss,https://xbossphotography.vercel.app,live,Facebook,"A free lesson from building X-Boss Photography Studio:

Rate-limit your public booking endpoints on day one, not after the first bot finds them.

It sounds small. It is the difference between a system that works and one that quietly loses you money.

More of how we build: mulesoo.com",284,"Rate-limit your public booking endpoints on day one, not after the first bot finds them.",X-BOSS PHOTOGRAPHY,#E8B84B
2027-02-19,172,Friday,25,HOWTO,X-Boss Photography Studio,xboss,https://xbossphotography.vercel.app,live,TikTok,"Free game from a real build 🧠

Rate-limit your public booking endpoints on day one, not after the first bot finds them.

Learned it building X-Boss Photography Studio.

mulesoo.com

#PhotographyBusiness #StudioBooking #XBoss #BookingSystem #MuleSoo",249,"Rate-limit your public booking endpoints on day one, not after the first bot finds them.",X-BOSS PHOTOGRAPHY,#E8B84B
2027-02-19,172,Friday,25,HOWTO,X-Boss Photography Studio,xboss,https://xbossphotography.vercel.app,live,X,"Rate-limit your public booking endpoints on day one, not after the first bot finds them.

— learned building X-Boss Photography Studio",134,"Rate-limit your public booking endpoints on day one, not after the first bot finds them.",X-BOSS PHOTOGRAPHY,#E8B84B
2027-02-20,173,Saturday,25,PROOF,Shime Events & Planning,shime,https://shimeeventplaning.vercel.app,live,LinkedIn,"What Shime Events & Planning actually does — not adjectives, features:

• clients booking in the language they actually think in
• deposits collected without a single awkward phone call
• a signed contract in the client's inbox before they close the tab

Live now. See it: https://shimeeventplaning.vercel.app

No invented statistics on this page. Open it and check for yourself.

#EventPlanning #ShimeEvents #BilingualWeb",422,A signed contract in the client's inbox before they close the tab.,SHIME EVENTS,#E8B84B
2027-02-20,173,Saturday,25,PROOF,Shime Events & Planning,shime,https://shimeeventplaning.vercel.app,live,Instagram,"🎊 Shime Events & Planning — what you actually get:

✅ clients booking in the language they actually think in
✅ deposits collected without a single awkward phone call
✅ a signed contract in the client's inbox before they close the tab

Live now.

See it: https://shimeeventplaning.vercel.app

#EventPlanning #ShimeEvents #BilingualWeb #Amharic #MuleSoo",352,A signed contract in the client's inbox before they close the tab.,SHIME EVENTS,#E8B84B
2027-02-20,173,Saturday,25,PROOF,Shime Events & Planning,shime,https://shimeeventplaning.vercel.app,live,Facebook,"People ask what ""Shime Events & Planning"" really means. Plainly:

✅ clients booking in the language they actually think in
✅ deposits collected without a single awkward phone call
✅ a signed contract in the client's inbox before they close the tab

Live now. See it: https://shimeeventplaning.vercel.app",303,A signed contract in the client's inbox before they close the tab.,SHIME EVENTS,#E8B84B
2027-02-20,173,Saturday,25,PROOF,Shime Events & Planning,shime,https://shimeeventplaning.vercel.app,live,TikTok,"Three things Shime Events & Planning does that a normal event planning business setup cannot 👇

1. clients booking in the language they actually think in
2. deposits collected without a single awkward phone call
3. a signed contract in the client's inbox before they close the tab

Live now.

mulesoo.com

#EventPlanning #ShimeEvents #BilingualWeb #Amharic #MuleSoo",366,A signed contract in the client's inbox before they close the tab.,SHIME EVENTS,#E8B84B
2027-02-20,173,Saturday,25,PROOF,Shime Events & Planning,shime,https://shimeeventplaning.vercel.app,live,X,"Shime Events & Planning:
• clients booking in the language they actually think in
• deposits collected without a single awkward phone call

https://shimeeventplaning.vercel.app",176,A signed contract in the client's inbox before they close the tab.,SHIME EVENTS,#E8B84B
2027-02-21,174,Sunday,25,BEHIND,Tsedi Catering & Events,tsedi,https://tsedicatering.vercel.app,live,LinkedIn,"Under the bonnet of Tsedi Catering & Events:

Warm red, gold and cream. Catering brands should look like food, not like software.

No website at all — the QR opens the assistant straight in the phone's browser.

None of this is visible to the client, and all of it is why the thing keeps working in month nine.

See it: https://tsedicatering.vercel.app

#CateringBusiness #QRBooking #TsediCatering",397,"Warm red, gold and cream. Catering brands should look like food, not like software.",TSEDI CATERING,#E8B84B
2027-02-21,174,Sunday,25,BEHIND,Tsedi Catering & Events,tsedi,https://tsedicatering.vercel.app,live,Instagram,"Behind the build 🔧 Tsedi Catering & Events

Warm red, gold and cream. Catering brands should look like food, not like software.

The boring decisions are the ones that hold.

#CateringBusiness #QRBooking #TsediCatering #AIAssistant #MuleSoo",241,"Warm red, gold and cream. Catering brands should look like food, not like software.",TSEDI CATERING,#E8B84B
2027-02-21,174,Sunday,25,BEHIND,Tsedi Catering & Events,tsedi,https://tsedicatering.vercel.app,live,Facebook,"A look behind Tsedi Catering & Events:

Warm red, gold and cream. Catering brands should look like food, not like software.

No website at all — the QR opens the assistant straight in the phone's browser.

We build the invisible parts properly. That is the whole difference between a demo and a system you can run a business on.",328,"Warm red, gold and cream. Catering brands should look like food, not like software.",TSEDI CATERING,#E8B84B
2027-02-21,174,Sunday,25,BEHIND,Tsedi Catering & Events,tsedi,https://tsedicatering.vercel.app,live,TikTok,"Behind the build 🔧

Tsedi Catering & Events: Warm red, gold and cream. Catering brands should look like food, not like software.

The unglamorous decisions are the ones that save you in month nine.

mulesoo.com

#CateringBusiness #QRBooking #TsediCatering #AIAssistant #MuleSoo",278,"Warm red, gold and cream. Catering brands should look like food, not like software.",TSEDI CATERING,#E8B84B
2027-02-21,174,Sunday,25,BEHIND,Tsedi Catering & Events,tsedi,https://tsedicatering.vercel.app,live,X,"Tsedi Catering & Events — under the bonnet:

Warm red, gold and cream. Catering brands should look like food, not like software.",128,"Warm red, gold and cream. Catering brands should look like food, not like software.",TSEDI CATERING,#E8B84B
2027-02-22,175,Monday,25,OFFER,TSI AI Booking Assistant,tsi,https://mulesoo.com/services/chatbot,live,LinkedIn,"How many enquiries went unanswered last night?

We built TSI AI Booking Assistant for exactly that — it answers instantly, at 2am, in full sentences.

Same system, your brand, your sector.

Tell us what your week looks like and we will tell you honestly whether software fixes it: mulesoo.com/contact

#AIChatbot #Hospitality #Reservations",339,How many enquiries went unanswered last night?,TSI ASSISTANT,#00C8FF
2027-02-22,175,Monday,25,OFFER,TSI AI Booking Assistant,tsi,https://mulesoo.com/services/chatbot,live,Instagram,"How many enquiries went unanswered last night? 🤖

We built TSI AI Booking Assistant to solve it — you get your team freed from repeating the same six answers.

Same system, your brand, your sector.

📩 mulesoo.com/contact
💬 wa.me/27688529333

#AIChatbot #Hospitality #Reservations #CustomerService #MuleSoo",308,How many enquiries went unanswered last night?,TSI ASSISTANT,#00C8FF
2027-02-22,175,Monday,25,OFFER,TSI AI Booking Assistant,tsi,https://mulesoo.com/services/chatbot,live,Facebook,"How many enquiries went unanswered last night?

That is precisely why TSI AI Booking Assistant exists — it answers instantly, at 2am, in full sentences.

Same system, your brand, your sector. Message us and we will tell you straight whether this is worth it for your business.

📩 mulesoo.com/contact  ·  💬 wa.me/27688529333",325,How many enquiries went unanswered last night?,TSI ASSISTANT,#00C8FF
2027-02-22,175,Monday,25,OFFER,TSI AI Booking Assistant,tsi,https://mulesoo.com/services/chatbot,live,TikTok,"How many enquiries went unanswered last night? 🤖

We already built it once — TSI AI Booking Assistant.

Same system, your brand, your sector.

mulesoo.com

#AIChatbot #Hospitality #Reservations #CustomerService #MuleSoo",220,How many enquiries went unanswered last night?,TSI ASSISTANT,#00C8FF
2027-02-22,175,Monday,25,OFFER,TSI AI Booking Assistant,tsi,https://mulesoo.com/services/chatbot,live,X,"How many enquiries went unanswered last night?

We built TSI AI Booking Assistant for exactly this.

mulesoo.com/contact",120,How many enquiries went unanswered last night?,TSI ASSISTANT,#00C8FF
2027-02-23,176,Tuesday,26,SPOTLIGHT,Sena — AI Front Desk Receptionist,sena,https://mulesoo.com/ai-automation,building,LinkedIn,"This is Sena — AI Front Desk Receptionist, for hotels.

In one line: a voice receptionist for hotels: the guest clicks Call Reception and Sena actually answers.

The part that matters — the guest gets a booking confirmation and a single-use QR guest ID.

What the owner ends up with: a single-use QR guest ID scanned at the door.

Still in build — follow along: mulesoo.com

#VoiceAI #HotelTech #Sena",400,We building Sena — AI Front Desk Receptionist.,SENA · IN BUILD,#7B2FFF
2027-02-23,176,Tuesday,26,SPOTLIGHT,Sena — AI Front Desk Receptionist,sena,https://mulesoo.com/ai-automation,building,Instagram,"🏨 This is Sena — AI Front Desk Receptionist, for hotels.

A voice receptionist for hotels: the guest clicks Call Reception and Sena actually answers.

✨ the guest gets a booking confirmation and a single-use QR guest ID
✅ a single-use QR guest ID scanned at the door

Still in build — follow along: mulesoo.com

#VoiceAI #HotelTech #Sena #Hospitality #MuleSoo",360,We building Sena — AI Front Desk Receptionist.,SENA · IN BUILD,#7B2FFF
2027-02-23,176,Tuesday,26,SPOTLIGHT,Sena — AI Front Desk Receptionist,sena,https://mulesoo.com/ai-automation,building,Facebook,"This is Sena — AI Front Desk Receptionist, for hotels.

It is a voice receptionist for hotels: the guest clicks Call Reception and Sena actually answers.

The thing people notice first: the guest gets a booking confirmation and a single-use QR guest ID.

If you run a hotel and this sounds like your week — we should talk. mulesoo.com",334,We building Sena — AI Front Desk Receptionist.,SENA · IN BUILD,#7B2FFF
2027-02-23,176,Tuesday,26,SPOTLIGHT,Sena — AI Front Desk Receptionist,sena,https://mulesoo.com/ai-automation,building,TikTok,"POV: you run a hotel. 🏨

We building Sena — AI Front Desk Receptionist.

It does one thing brilliantly: the guest gets a booking confirmation and a single-use QR guest ID.

Full build on mulesoo.com

#VoiceAI #HotelTech #Sena #Hospitality #MuleSoo",248,We building Sena — AI Front Desk Receptionist.,SENA · IN BUILD,#7B2FFF
2027-02-23,176,Tuesday,26,SPOTLIGHT,Sena — AI Front Desk Receptionist,sena,https://mulesoo.com/ai-automation,building,X,"This is Sena — AI Front Desk Receptionist, for hotels. A voice receptionist for hotels: the guest clicks Call Reception and Sena actually answers.

https://mulesoo.com/ai-automation",181,We building Sena — AI Front Desk Receptionist.,SENA · IN BUILD,#7B2FFF
2027-02-24,177,Wednesday,26,PROBLEM,Yewogen Derash (ወገን ደራሽ),yewogen,https://mulesoo.com/case-studies,building,LinkedIn,"Trust is the entire product in crowdfunding. Everything else is a form.

That was the brief behind Yewogen Derash (ወገን ደራሽ).

We building it around one idea: no payment is marked successful until the gateway webhook verifies it.

A crowdfunding platform where every campaign owner is identity-verified and no two campaigns share a wallet.

Still in build — follow along: mulesoo.com

#Crowdfunding #Ethiopia #YewogenDerash",422,Trust is the entire product in crowdfunding. Everything else is a form.,YEWOGEN DERASH · IN BUILD,#00C8FF
2027-02-24,177,Wednesday,26,PROBLEM,Yewogen Derash (ወገን ደራሽ),yewogen,https://mulesoo.com/case-studies,building,Instagram,"Trust is the entire product in crowdfunding. Everything else is a form. 😮‍💨

So we building Yewogen Derash (ወገን ደራሽ).

No payment is marked successful until the gateway webhook verifies it.

Still in build — follow along: mulesoo.com

#Crowdfunding #Ethiopia #YewogenDerash #FinTech #MuleSoo",293,Trust is the entire product in crowdfunding. Everything else is a form.,YEWOGEN DERASH · IN BUILD,#00C8FF
2027-02-24,177,Wednesday,26,PROBLEM,Yewogen Derash (ወገን ደራሽ),yewogen,https://mulesoo.com/case-studies,building,Facebook,"Trust is the entire product in crowdfunding. Everything else is a form.

Every fundraising campaign we have spoken to says a version of that sentence.

Yewogen Derash (ወገን ደራሽ) exists to end it — no payment is marked successful until the gateway webhook verifies it.

Still in build — follow along: mulesoo.com",310,Trust is the entire product in crowdfunding. Everything else is a form.,YEWOGEN DERASH · IN BUILD,#00C8FF
2027-02-24,177,Wednesday,26,PROBLEM,Yewogen Derash (ወገን ደራሽ),yewogen,https://mulesoo.com/case-studies,building,TikTok,"Tell me you run a fundraising campaign without telling me. 👇

""Trust is the entire product in crowdfunding. Everything else is a form.""

That is why we building Yewogen Derash (ወገን ደራሽ) — no payment is marked successful until the gateway webhook verifies it.

mulesoo.com

#Crowdfunding #Ethiopia #YewogenDerash #FinTech #MuleSoo",330,Trust is the entire product in crowdfunding. Everything else is a form.,YEWOGEN DERASH · IN BUILD,#00C8FF
2027-02-24,177,Wednesday,26,PROBLEM,Yewogen Derash (ወገን ደራሽ),yewogen,https://mulesoo.com/case-studies,building,X,"Trust is the entire product in crowdfunding. Everything else is a form.

So we building Yewogen Derash.

https://mulesoo.com/case-studies",137,Trust is the entire product in crowdfunding. Everything else is a form.,YEWOGEN DERASH · IN BUILD,#00C8FF
2027-02-25,178,Thursday,26,FUNNY,Pretoria Kidane Mihret Church Platform,church,https://mulesoo.com/portfolio,live,LinkedIn,"A church website that loads in under two seconds. Some would call that a small miracle.

Behind the joke there is a real system: Pretoria Kidane Mihret Church Platform — a bilingual Amharic and English home for a parish, with the whole site editable by the church itself.

Humour is just the shortest way to describe a problem everyone running a church or community organisation already has.

See it: https://mulesoo.com/portfolio

#ChurchWebsite #Amharic #Bilingual",466,A church website that loads in under two seconds. Some would call that a small miracle.,KIDANE MIHRET,#E8B84B
2027-02-25,178,Thursday,26,FUNNY,Pretoria Kidane Mihret Church Platform,church,https://mulesoo.com/portfolio,live,Instagram,"A church website that loads in under two seconds. Some would call that a small miracle. 😂

(Pretoria Kidane Mihret Church Platform. Yes, it is real.)

See it: https://mulesoo.com/portfolio

#ChurchWebsite #Amharic #Bilingual #Pretoria #MuleSoo",244,A church website that loads in under two seconds. Some would call that a small miracle.,KIDANE MIHRET,#E8B84B
2027-02-25,178,Thursday,26,FUNNY,Pretoria Kidane Mihret Church Platform,church,https://mulesoo.com/portfolio,live,Facebook,"A church website that loads in under two seconds. Some would call that a small miracle.

True story from building Pretoria Kidane Mihret Church Platform — a bilingual Amharic and English home for a parish, with the whole site editable by the church itself.

We were asked for ""dignified"". We removed every animation that was showing off.

See it: https://mulesoo.com/portfolio",376,A church website that loads in under two seconds. Some would call that a small miracle.,KIDANE MIHRET,#E8B84B
2027-02-25,178,Thursday,26,FUNNY,Pretoria Kidane Mihret Church Platform,church,https://mulesoo.com/portfolio,live,TikTok,"A church website that loads in under two seconds. Some would call that a small miracle. 💀

Not a joke though — Pretoria Kidane Mihret Church Platform actually does this.

We were asked for ""dignified"". We removed every animation that was showing off.

mulesoo.com

#ChurchWebsite #Amharic #Bilingual #Pretoria #MuleSoo",319,A church website that loads in under two seconds. Some would call that a small miracle.,KIDANE MIHRET,#E8B84B
2027-02-25,178,Thursday,26,FUNNY,Pretoria Kidane Mihret Church Platform,church,https://mulesoo.com/portfolio,live,X,"A church website that loads in under two seconds. Some would call that a small miracle.

— from building Pretoria Kidane Mihret Church Platform",143,A church website that loads in under two seconds. Some would call that a small miracle.,KIDANE MIHRET,#E8B84B
2027-02-26,179,Friday,26,HOWTO,DR. Hospital — AI Clinic System,drhospital,https://mulesoo.com/case-studies,building,LinkedIn,"Something DR. Hospital — AI Clinic System taught us:

Reminders reduce no-shows more than any redesign of your booking page will.

Two more from the same build:

• Audit trails on patient records are not optional, and they are hard to add later.
• In healthcare, design the data model and the access rules before the first screen.

All three are in the live product, not in a slide deck. Still in build — follow along: mulesoo.com

#HealthTech #ClinicSoftware #AIIntake",469,Reminders reduce no-shows more than any redesign of your booking page will.,DR. HOSPITAL · IN BUILD,#00FF88
2027-02-26,179,Friday,26,HOWTO,DR. Hospital — AI Clinic System,drhospital,https://mulesoo.com/case-studies,building,Instagram,"Lesson from building DR. Hospital — AI Clinic System 🩺

📌 Reminders reduce no-shows more than any redesign of your booking page will.

Save this one — it applies far beyond this one project.

#HealthTech #ClinicSoftware #AIIntake #POPIA #MuleSoo",247,Reminders reduce no-shows more than any redesign of your booking page will.,DR. HOSPITAL · IN BUILD,#00FF88
2027-02-26,179,Friday,26,HOWTO,DR. Hospital — AI Clinic System,drhospital,https://mulesoo.com/case-studies,building,Facebook,"A free lesson from building DR. Hospital — AI Clinic System:

Reminders reduce no-shows more than any redesign of your booking page will.

It sounds small. It is the difference between a system that works and one that quietly loses you money.

More of how we build: mulesoo.com",277,Reminders reduce no-shows more than any redesign of your booking page will.,DR. HOSPITAL · IN BUILD,#00FF88
2027-02-26,179,Friday,26,HOWTO,DR. Hospital — AI Clinic System,drhospital,https://mulesoo.com/case-studies,building,TikTok,"Free game from a real build 🧠

Reminders reduce no-shows more than any redesign of your booking page will.

Learned it building DR. Hospital — AI Clinic System.

mulesoo.com

#HealthTech #ClinicSoftware #AIIntake #POPIA #MuleSoo",229,Reminders reduce no-shows more than any redesign of your booking page will.,DR. HOSPITAL · IN BUILD,#00FF88
2027-02-26,179,Friday,26,HOWTO,DR. Hospital — AI Clinic System,drhospital,https://mulesoo.com/case-studies,building,X,"Reminders reduce no-shows more than any redesign of your booking page will.

— learned building DR. Hospital",108,Reminders reduce no-shows more than any redesign of your booking page will.,DR. HOSPITAL · IN BUILD,#00FF88
2027-02-27,180,Saturday,26,PROOF,MuleSoo Guides & Digital Store,guides,https://mulesoo.com/store,live,LinkedIn,"What MuleSoo Guides & Digital Store actually does — not adjectives, features:

• the exact process behind live client builds
• instant download, no subscription
• a shelf that keeps selling after it is written

Live now. See it: https://mulesoo.com/store

No invented statistics on this page. Open it and check for yourself.

#DigitalProducts #ClaudeCode #LearnToBuild",368,A shelf that keeps selling after it is written.,MULESOO STORE,#E8B84B
2027-02-27,180,Saturday,26,PROOF,MuleSoo Guides & Digital Store,guides,https://mulesoo.com/store,live,Instagram,"📘 MuleSoo Guides & Digital Store — what you actually get:

✅ the exact process behind live client builds
✅ instant download, no subscription
✅ a shelf that keeps selling after it is written

Live now.

See it: https://mulesoo.com/store

#DigitalProducts #ClaudeCode #LearnToBuild #PassiveIncome #MuleSoo",304,A shelf that keeps selling after it is written.,MULESOO STORE,#E8B84B
2027-02-27,180,Saturday,26,PROOF,MuleSoo Guides & Digital Store,guides,https://mulesoo.com/store,live,Facebook,"People ask what ""MuleSoo Guides & Digital Store"" really means. Plainly:

✅ the exact process behind live client builds
✅ instant download, no subscription
✅ a shelf that keeps selling after it is written

Live now. See it: https://mulesoo.com/store",248,A shelf that keeps selling after it is written.,MULESOO STORE,#E8B84B
2027-02-27,180,Saturday,26,PROOF,MuleSoo Guides & Digital Store,guides,https://mulesoo.com/store,live,TikTok,"Three things MuleSoo Guides & Digital Store does that a normal knowledge business setup cannot 👇

1. the exact process behind live client builds
2. instant download, no subscription
3. a shelf that keeps selling after it is written

Live now.

mulesoo.com

#DigitalProducts #ClaudeCode #LearnToBuild #PassiveIncome #MuleSoo",324,A shelf that keeps selling after it is written.,MULESOO STORE,#E8B84B
2027-02-27,180,Saturday,26,PROOF,MuleSoo Guides & Digital Store,guides,https://mulesoo.com/store,live,X,"MuleSoo Guides & Digital Store:
• the exact process behind live client builds
• instant download, no subscription

https://mulesoo.com/store",140,A shelf that keeps selling after it is written.,MULESOO STORE,#E8B84B
2027-02-28,181,Sunday,26,BEHIND,MuleSoo Digital Services,mulesoo,https://mulesoo.com,live,LinkedIn,"Under the bonnet of MuleSoo Digital Services:

Face login runs through a QR handshake to your phone camera — the laptop never handles the biometric.

Next.js App Router, Supabase and Stripe, deployed on Vercel with a CI that refuses broken builds.

None of this is visible to the client, and all of it is why the thing keeps working in month nine.

See it: https://mulesoo.com

#MuleSoo #WebDesignPretoria #AIforBusiness",420,Face login runs through a QR handshake to your phone camera — the laptop never handles the biometric.,MULESOO PLATFORM,#00C8FF
2027-02-28,181,Sunday,26,BEHIND,MuleSoo Digital Services,mulesoo,https://mulesoo.com,live,Instagram,"Behind the build 🔧 MuleSoo Digital Services

Face login runs through a QR handshake to your phone camera — the laptop never handles the biometric.

The boring decisions are the ones that hold.

#MuleSoo #WebDesignPretoria #AIforBusiness #SouthAfricaTech #NextJS",262,Face login runs through a QR handshake to your phone camera — the laptop never handles the biometric.,MULESOO PLATFORM,#00C8FF
2027-02-28,181,Sunday,26,BEHIND,MuleSoo Digital Services,mulesoo,https://mulesoo.com,live,Facebook,"A look behind MuleSoo Digital Services:

Face login runs through a QR handshake to your phone camera — the laptop never handles the biometric.

Next.js App Router, Supabase and Stripe, deployed on Vercel with a CI that refuses broken builds.

We build the invisible parts properly. That is the whole difference between a demo and a system you can run a business on.",365,Face login runs through a QR handshake to your phone camera — the laptop never handles the biometric.,MULESOO PLATFORM,#00C8FF
2027-02-28,181,Sunday,26,BEHIND,MuleSoo Digital Services,mulesoo,https://mulesoo.com,live,TikTok,"Behind the build 🔧

MuleSoo Digital Services: Face login runs through a QR handshake to your phone camera — the laptop never handles the biometric.

The unglamorous decisions are the ones that save you in month nine.

mulesoo.com

#MuleSoo #WebDesignPretoria #AIforBusiness #SouthAfricaTech #NextJS",299,Face login runs through a QR handshake to your phone camera — the laptop never handles the biometric.,MULESOO PLATFORM,#00C8FF
2027-02-28,181,Sunday,26,BEHIND,MuleSoo Digital Services,mulesoo,https://mulesoo.com,live,X,"MuleSoo Digital Services — under the bonnet:

Face login runs through a QR handshake to your phone camera — the laptop never handles the biometric.",147,Face login runs through a QR handshake to your phone camera — the laptop never handles the biometric.,MULESOO PLATFORM,#00C8FF
2027-03-01,182,Monday,26,OFFER,Habesha Celebration Events,habesha,https://habeshaeventsplanner.netlify.app,live,LinkedIn,"Planning weddings and still answering every enquiry by hand?

We built Habesha Celebration Events for exactly that — a design couples actually screenshot and send to their mothers.

Same system, your brand, your sector.

Tell us what your week looks like and we will tell you honestly whether software fixes it: mulesoo.com/contact

#HabeshaEvents #EthiopianWedding #EventPlanner",379,Planning weddings and still answering every enquiry by hand?,HABESHA EVENTS,#7B2FFF
2027-03-01,182,Monday,26,OFFER,Habesha Celebration Events,habesha,https://habeshaeventsplanner.netlify.app,live,Instagram,"Planning weddings and still answering every enquiry by hand? 💍

We built Habesha Celebration Events to solve it — you get one link that does the work of a hundred WhatsApp explanations.

Same system, your brand, your sector.

📩 mulesoo.com/contact
💬 wa.me/27688529333

#HabeshaEvents #EthiopianWedding #EventPlanner #WeddingSA #MuleSoo",338,Planning weddings and still answering every enquiry by hand?,HABESHA EVENTS,#7B2FFF
2027-03-01,182,Monday,26,OFFER,Habesha Celebration Events,habesha,https://habeshaeventsplanner.netlify.app,live,Facebook,"Planning weddings and still answering every enquiry by hand?

That is precisely why Habesha Celebration Events exists — a design couples actually screenshot and send to their mothers.

Same system, your brand, your sector. Message us and we will tell you straight whether this is worth it for your business.

📩 mulesoo.com/contact  ·  💬 wa.me/27688529333",356,Planning weddings and still answering every enquiry by hand?,HABESHA EVENTS,#7B2FFF
2027-03-01,182,Monday,26,OFFER,Habesha Celebration Events,habesha,https://habeshaeventsplanner.netlify.app,live,TikTok,"Planning weddings and still answering every enquiry by hand? 💍

We already built it once — Habesha Celebration Events.

Same system, your brand, your sector.

mulesoo.com

#HabeshaEvents #EthiopianWedding #EventPlanner #WeddingSA #MuleSoo",239,Planning weddings and still answering every enquiry by hand?,HABESHA EVENTS,#7B2FFF
2027-03-01,182,Monday,26,OFFER,Habesha Celebration Events,habesha,https://habeshaeventsplanner.netlify.app,live,X,"Planning weddings and still answering every enquiry by hand?

We built Habesha Celebration Events for exactly this.

mulesoo.com/contact",136,Planning weddings and still answering every enquiry by hand?,HABESHA EVENTS,#7B2FFF
2027-03-02,183,Tuesday,27,SPOTLIGHT,YoYo Gym — AI Membership Platform,yoyogym,https://yoyogym.vercel.app,live,LinkedIn,"This is YoYo Gym — AI Membership Platform, for premium fitness.

In one line: a full gym membership, booking and check-in system that runs the floor on autopilot.

The part that matters — a browser that never touches the database directly — every request goes through the server, POPIA-first.

What the owner ends up with: an owner dashboard that answers ""who is behind on payment"" in one look.

See it: https://yoyogym.vercel.app

#GymSoftware #FitnessBusiness #YoYoGym",470,We built YoYo Gym — AI Membership Platform.,YOYO GYM,#00FF88
2027-03-02,183,Tuesday,27,SPOTLIGHT,YoYo Gym — AI Membership Platform,yoyogym,https://yoyogym.vercel.app,live,Instagram,"🏋️ This is YoYo Gym — AI Membership Platform, for premium fitness.

A full gym membership, booking and check-in system that runs the floor on autopilot.

✨ a browser that never touches the database directly — every request goes through the server, POPIA-first
✅ an owner dashboard that answers ""who is behind on payment"" in one look

See it: https://yoyogym.vercel.app

#GymSoftware #FitnessBusiness #YoYoGym #MembershipSystem #MuleSoo",436,We built YoYo Gym — AI Membership Platform.,YOYO GYM,#00FF88
2027-03-02,183,Tuesday,27,SPOTLIGHT,YoYo Gym — AI Membership Platform,yoyogym,https://yoyogym.vercel.app,live,Facebook,"This is YoYo Gym — AI Membership Platform, for premium fitness.

It is a full gym membership, booking and check-in system that runs the floor on autopilot.

The thing people notice first: a browser that never touches the database directly — every request goes through the server, POPIA-first.

If you run a gym and this sounds like your week — we should talk. mulesoo.com",371,We built YoYo Gym — AI Membership Platform.,YOYO GYM,#00FF88
2027-03-02,183,Tuesday,27,SPOTLIGHT,YoYo Gym — AI Membership Platform,yoyogym,https://yoyogym.vercel.app,live,TikTok,"POV: you run a gym. 🏋️

We built YoYo Gym — AI Membership Platform.

It does one thing brilliantly: a browser that never touches the database directly — every request goes through the server, POPIA-first.

Full build on mulesoo.com

#GymSoftware #FitnessBusiness #YoYoGym #MembershipSystem #MuleSoo",299,We built YoYo Gym — AI Membership Platform.,YOYO GYM,#00FF88
2027-03-02,183,Tuesday,27,SPOTLIGHT,YoYo Gym — AI Membership Platform,yoyogym,https://yoyogym.vercel.app,live,X,"This is YoYo Gym — AI Membership Platform, for premium fitness. A full gym membership, booking and check-in system that runs the floor on autopilot.

https://yoyogym.vercel.app",176,We built YoYo Gym — AI Membership Platform.,YOYO GYM,#00FF88
2027-03-03,184,Wednesday,27,PROBLEM,X-Boss Photography Studio,xboss,https://xbossphotography.vercel.app,live,LinkedIn,"A verbal booking is not a booking. It is a hope with a date attached.

That was the brief behind X-Boss Photography Studio.

We built it around one idea: WhatsApp notification to the studio the moment a booking lands.

A dark-luxury booking system with an AI assistant, an admin dashboard and signable PDF confirmations.

See it: https://xbossphotography.vercel.app

#PhotographyBusiness #StudioBooking #XBoss",409,A verbal booking is not a booking. It is a hope with a date attached.,X-BOSS PHOTOGRAPHY,#E8B84B
2027-03-03,184,Wednesday,27,PROBLEM,X-Boss Photography Studio,xboss,https://xbossphotography.vercel.app,live,Instagram,"A verbal booking is not a booking. It is a hope with a date attached. 😮‍💨

So we built X-Boss Photography Studio.

WhatsApp notification to the studio the moment a booking lands.

See it: https://xbossphotography.vercel.app

#PhotographyBusiness #StudioBooking #XBoss #BookingSystem #MuleSoo",293,A verbal booking is not a booking. It is a hope with a date attached.,X-BOSS PHOTOGRAPHY,#E8B84B
2027-03-03,184,Wednesday,27,PROBLEM,X-Boss Photography Studio,xboss,https://xbossphotography.vercel.app,live,Facebook,"A verbal booking is not a booking. It is a hope with a date attached.

Every photography studio we have spoken to says a version of that sentence.

X-Boss Photography Studio exists to end it — WhatsApp notification to the studio the moment a booking lands.

See it: https://xbossphotography.vercel.app",301,A verbal booking is not a booking. It is a hope with a date attached.,X-BOSS PHOTOGRAPHY,#E8B84B
2027-03-03,184,Wednesday,27,PROBLEM,X-Boss Photography Studio,xboss,https://xbossphotography.vercel.app,live,TikTok,"Tell me you run a photography studio without telling me. 👇

""A verbal booking is not a booking. It is a hope with a date attached.""

That is why we built X-Boss Photography Studio — WhatsApp notification to the studio the moment a booking lands.

mulesoo.com

#PhotographyBusiness #StudioBooking #XBoss #BookingSystem #MuleSoo",327,A verbal booking is not a booking. It is a hope with a date attached.,X-BOSS PHOTOGRAPHY,#E8B84B
2027-03-03,184,Wednesday,27,PROBLEM,X-Boss Photography Studio,xboss,https://xbossphotography.vercel.app,live,X,"A verbal booking is not a booking. It is a hope with a date attached.

So we built X-Boss Photography Studio.

https://xbossphotography.vercel.app",146,A verbal booking is not a booking. It is a hope with a date attached.,X-BOSS PHOTOGRAPHY,#E8B84B
2027-03-04,185,Thursday,27,FUNNY,Shime Events & Planning,shime,https://shimeeventplaning.vercel.app,live,LinkedIn,"The contract generates itself. The only thing left to argue about is the guest list.

Behind the joke there is a real system: Shime Events & Planning — a bilingual booking assistant that walks a client through seventeen steps and ends with a signed PDF contract.

Humour is just the shortest way to describe a problem everyone running an event planning business already has.

See it: https://shimeeventplaning.vercel.app

#EventPlanning #ShimeEvents #BilingualWeb",463,The contract generates itself. The only thing left to argue about is the guest list.,SHIME EVENTS,#E8B84B
2027-03-04,185,Thursday,27,FUNNY,Shime Events & Planning,shime,https://shimeeventplaning.vercel.app,live,Instagram,"The contract generates itself. The only thing left to argue about is the guest list. 😂

(Shime Events & Planning. Yes, it is real.)

See it: https://shimeeventplaning.vercel.app

#EventPlanning #ShimeEvents #BilingualWeb #Amharic #MuleSoo",239,The contract generates itself. The only thing left to argue about is the guest list.,SHIME EVENTS,#E8B84B
2027-03-04,185,Thursday,27,FUNNY,Shime Events & Planning,shime,https://shimeeventplaning.vercel.app,live,Facebook,"The contract generates itself. The only thing left to argue about is the guest list.

True story from building Shime Events & Planning — a bilingual booking assistant that walks a client through seventeen steps and ends with a signed PDF contract.

Navy and gold. Because ""luxury event planning"" in default blue is a crime scene.

See it: https://shimeeventplaning.vercel.app",375,The contract generates itself. The only thing left to argue about is the guest list.,SHIME EVENTS,#E8B84B
2027-03-04,185,Thursday,27,FUNNY,Shime Events & Planning,shime,https://shimeeventplaning.vercel.app,live,TikTok,"The contract generates itself. The only thing left to argue about is the guest list. 💀

Not a joke though — Shime Events & Planning actually does this.

Navy and gold. Because ""luxury event planning"" in default blue is a crime scene.

mulesoo.com

#EventPlanning #ShimeEvents #BilingualWeb #Amharic #MuleSoo",308,The contract generates itself. The only thing left to argue about is the guest list.,SHIME EVENTS,#E8B84B
2027-03-04,185,Thursday,27,FUNNY,Shime Events & Planning,shime,https://shimeeventplaning.vercel.app,live,X,"The contract generates itself. The only thing left to argue about is the guest list.

— from building Shime Events & Planning",125,The contract generates itself. The only thing left to argue about is the guest list.,SHIME EVENTS,#E8B84B
2027-03-05,186,Friday,27,HOWTO,Tsedi Catering & Events,tsedi,https://tsedicatering.vercel.app,live,LinkedIn,"Something Tsedi Catering & Events taught us:

Check the calendar before you confirm, not after. Double-booking is how caterers lose reputations.

Two more from the same build:

• Issue a verification code at booking, then scan it on the day. Cheap, offline-proof, unforgeable.
• You do not always need a website. Sometimes you need one QR code that finishes the job.

All three are in the live product, not in a slide deck. See it: https://tsedicatering.vercel.app

#CateringBusiness #QRBooking #TsediCatering",509,"Check the calendar before you confirm, not after. Double-booking is how caterers lose reputations.",TSEDI CATERING,#E8B84B
2027-03-05,186,Friday,27,HOWTO,Tsedi Catering & Events,tsedi,https://tsedicatering.vercel.app,live,Instagram,"Lesson from building Tsedi Catering & Events 🍽️

📌 Check the calendar before you confirm, not after. Double-booking is how caterers lose reputations.

Save this one — it applies far beyond this one project.

#CateringBusiness #QRBooking #TsediCatering #AIAssistant #MuleSoo",275,"Check the calendar before you confirm, not after. Double-booking is how caterers lose reputations.",TSEDI CATERING,#E8B84B
2027-03-05,186,Friday,27,HOWTO,Tsedi Catering & Events,tsedi,https://tsedicatering.vercel.app,live,Facebook,"A free lesson from building Tsedi Catering & Events:

Check the calendar before you confirm, not after. Double-booking is how caterers lose reputations.

It sounds small. It is the difference between a system that works and one that quietly loses you money.

More of how we build: mulesoo.com",292,"Check the calendar before you confirm, not after. Double-booking is how caterers lose reputations.",TSEDI CATERING,#E8B84B
2027-03-05,186,Friday,27,HOWTO,Tsedi Catering & Events,tsedi,https://tsedicatering.vercel.app,live,TikTok,"Free game from a real build 🧠

Check the calendar before you confirm, not after. Double-booking is how caterers lose reputations.

Learned it building Tsedi Catering & Events.

mulesoo.com

#CateringBusiness #QRBooking #TsediCatering #AIAssistant #MuleSoo",256,"Check the calendar before you confirm, not after. Double-booking is how caterers lose reputations.",TSEDI CATERING,#E8B84B
2027-03-05,186,Friday,27,HOWTO,Tsedi Catering & Events,tsedi,https://tsedicatering.vercel.app,live,X,"Check the calendar before you confirm, not after. Double-booking is how caterers lose reputations.

— learned building Tsedi Catering & Events",142,"Check the calendar before you confirm, not after. Double-booking is how caterers lose reputations.",TSEDI CATERING,#E8B84B
2027-03-06,187,Saturday,27,PROOF,TSI AI Booking Assistant,tsi,https://mulesoo.com/services/chatbot,live,LinkedIn,"What TSI AI Booking Assistant actually does — not adjectives, features:

• every after-hours enquiry answered instead of lost
• leads arriving with name, contact and intent already captured
• your team freed from repeating the same six answers

Live now. See it: https://mulesoo.com/services/chatbot

No invented statistics on this page. Open it and check for yourself.

#AIChatbot #Hospitality #Reservations",408,Your team freed from repeating the same six answers.,TSI ASSISTANT,#00C8FF
2027-03-06,187,Saturday,27,PROOF,TSI AI Booking Assistant,tsi,https://mulesoo.com/services/chatbot,live,Instagram,"🤖 TSI AI Booking Assistant — what you actually get:

✅ every after-hours enquiry answered instead of lost
✅ leads arriving with name, contact and intent already captured
✅ your team freed from repeating the same six answers

Live now.

See it: https://mulesoo.com/services/chatbot

#AIChatbot #Hospitality #Reservations #CustomerService #MuleSoo",346,Your team freed from repeating the same six answers.,TSI ASSISTANT,#00C8FF
2027-03-06,187,Saturday,27,PROOF,TSI AI Booking Assistant,tsi,https://mulesoo.com/services/chatbot,live,Facebook,"People ask what ""TSI AI Booking Assistant"" really means. Plainly:

✅ every after-hours enquiry answered instead of lost
✅ leads arriving with name, contact and intent already captured
✅ your team freed from repeating the same six answers

Live now. See it: https://mulesoo.com/services/chatbot",293,Your team freed from repeating the same six answers.,TSI ASSISTANT,#00C8FF
2027-03-06,187,Saturday,27,PROOF,TSI AI Booking Assistant,tsi,https://mulesoo.com/services/chatbot,live,TikTok,"Three things TSI AI Booking Assistant does that a normal hotel or restaurant setup cannot 👇

1. every after-hours enquiry answered instead of lost
2. leads arriving with name, contact and intent already captured
3. your team freed from repeating the same six answers

Live now.

mulesoo.com

#AIChatbot #Hospitality #Reservations #CustomerService #MuleSoo",356,Your team freed from repeating the same six answers.,TSI ASSISTANT,#00C8FF
2027-03-06,187,Saturday,27,PROOF,TSI AI Booking Assistant,tsi,https://mulesoo.com/services/chatbot,live,X,"TSI AI Booking Assistant:
• every after-hours enquiry answered instead of lost
• leads arriving with name, contact and intent already captured

https://mulesoo.com/services/chatbot",180,Your team freed from repeating the same six answers.,TSI ASSISTANT,#00C8FF
2027-03-07,188,Sunday,27,BEHIND,Sena — AI Front Desk Receptionist,sena,https://mulesoo.com/ai-automation,building,LinkedIn,"Under the bonnet of Sena — AI Front Desk Receptionist:

Scheduled jobs expire holds and handle arrivals, each one idempotent against the ledger.

LiveKit carries the audio, faster-whisper listens, Piper speaks and Claude thinks — all self-hosted.

None of this is visible to the client, and all of it is why the thing keeps working in month nine.

Still in build — follow along: mulesoo.com

#VoiceAI #HotelTech #Sena",417,"Scheduled jobs expire holds and handle arrivals, each one idempotent against the ledger.",SENA · IN BUILD,#7B2FFF
2027-03-07,188,Sunday,27,BEHIND,Sena — AI Front Desk Receptionist,sena,https://mulesoo.com/ai-automation,building,Instagram,"Behind the build 🔧 Sena — AI Front Desk Receptionist

Scheduled jobs expire holds and handle arrivals, each one idempotent against the ledger.

The boring decisions are the ones that hold.

#VoiceAI #HotelTech #Sena #Hospitality #MuleSoo",238,"Scheduled jobs expire holds and handle arrivals, each one idempotent against the ledger.",SENA · IN BUILD,#7B2FFF
2027-03-07,188,Sunday,27,BEHIND,Sena — AI Front Desk Receptionist,sena,https://mulesoo.com/ai-automation,building,Facebook,"A look behind Sena — AI Front Desk Receptionist:

Scheduled jobs expire holds and handle arrivals, each one idempotent against the ledger.

LiveKit carries the audio, faster-whisper listens, Piper speaks and Claude thinks — all self-hosted.

We build the invisible parts properly. That is the whole difference between a demo and a system you can run a business on.",364,"Scheduled jobs expire holds and handle arrivals, each one idempotent against the ledger.",SENA · IN BUILD,#7B2FFF
2027-03-07,188,Sunday,27,BEHIND,Sena — AI Front Desk Receptionist,sena,https://mulesoo.com/ai-automation,building,TikTok,"Behind the build 🔧

Sena — AI Front Desk Receptionist: Scheduled jobs expire holds and handle arrivals, each one idempotent against the ledger.

The unglamorous decisions are the ones that save you in month nine.

mulesoo.com

#VoiceAI #HotelTech #Sena #Hospitality #MuleSoo",275,"Scheduled jobs expire holds and handle arrivals, each one idempotent against the ledger.",SENA · IN BUILD,#7B2FFF
2027-03-07,188,Sunday,27,BEHIND,Sena — AI Front Desk Receptionist,sena,https://mulesoo.com/ai-automation,building,X,"Sena — under the bonnet:

Scheduled jobs expire holds and handle arrivals, each one idempotent against the ledger.",114,"Scheduled jobs expire holds and handle arrivals, each one idempotent against the ledger.",SENA · IN BUILD,#7B2FFF
2027-03-08,189,Monday,27,OFFER,Yewogen Derash (ወገን ደራሽ),yewogen,https://mulesoo.com/case-studies,building,LinkedIn,"Raising funds and need donors to trust the platform first?

We building Yewogen Derash (ወገን ደራሽ) for exactly that — ID documents plus a live face capture plus a human admin review, before a campaign goes live.

Early partners get it first, at build pricing.

Tell us what your week looks like and we will tell you honestly whether software fixes it: mulesoo.com/contact

#Crowdfunding #Ethiopia #YewogenDerash",409,Raising funds and need donors to trust the platform first?,YEWOGEN DERASH · IN BUILD,#00C8FF
2027-03-08,189,Monday,27,OFFER,Yewogen Derash (ወገን ደራሽ),yewogen,https://mulesoo.com/case-studies,building,Instagram,"Raising funds and need donors to trust the platform first? 🤝

We building Yewogen Derash (ወገን ደራሽ) to solve it — you get payments only confirmed by verified webhooks.

Early partners get it first, at build pricing.

📩 mulesoo.com/contact
💬 wa.me/27688529333

#Crowdfunding #Ethiopia #YewogenDerash #FinTech #MuleSoo",318,Raising funds and need donors to trust the platform first?,YEWOGEN DERASH · IN BUILD,#00C8FF
2027-03-08,189,Monday,27,OFFER,Yewogen Derash (ወገን ደራሽ),yewogen,https://mulesoo.com/case-studies,building,Facebook,"Raising funds and need donors to trust the platform first?

That is precisely why Yewogen Derash (ወገን ደራሽ) exists — ID documents plus a live face capture plus a human admin review, before a campaign goes live.

Early partners get it first, at build pricing. Message us and we will tell you straight whether this is worth it for your business.

📩 mulesoo.com/contact  ·  💬 wa.me/27688529333",391,Raising funds and need donors to trust the platform first?,YEWOGEN DERASH · IN BUILD,#00C8FF
2027-03-08,189,Monday,27,OFFER,Yewogen Derash (ወገን ደራሽ),yewogen,https://mulesoo.com/case-studies,building,TikTok,"Raising funds and need donors to trust the platform first? 🤝

We already building it once — Yewogen Derash (ወገን ደራሽ).

Early partners get it first, at build pricing.

mulesoo.com

#Crowdfunding #Ethiopia #YewogenDerash #FinTech #MuleSoo",237,Raising funds and need donors to trust the platform first?,YEWOGEN DERASH · IN BUILD,#00C8FF
2027-03-08,189,Monday,27,OFFER,Yewogen Derash (ወገን ደራሽ),yewogen,https://mulesoo.com/case-studies,building,X,"Raising funds and need donors to trust the platform first?

We building Yewogen Derash (ወገን ደራሽ) for exactly this.

mulesoo.com/contact",135,Raising funds and need donors to trust the platform first?,YEWOGEN DERASH · IN BUILD,#00C8FF
2027-03-09,190,Tuesday,28,SPOTLIGHT,Pretoria Kidane Mihret Church Platform,church,https://mulesoo.com/portfolio,live,LinkedIn,"This is Pretoria Kidane Mihret Church Platform, for Ethiopian Orthodox parish, Pretoria.

In one line: a bilingual Amharic and English home for a parish, with the whole site editable by the church itself.

The part that matters — a liturgical calendar that understands feasts and recurring events.

What the owner ends up with: a digital home that matches the institution's dignity.

See it: https://mulesoo.com/portfolio

#ChurchWebsite #Amharic #Bilingual",457,We built Pretoria Kidane Mihret Church Platform.,KIDANE MIHRET,#E8B84B
2027-03-09,190,Tuesday,28,SPOTLIGHT,Pretoria Kidane Mihret Church Platform,church,https://mulesoo.com/portfolio,live,Instagram,"⛪ This is Pretoria Kidane Mihret Church Platform, for Ethiopian Orthodox parish, Pretoria.

A bilingual Amharic and English home for a parish, with the whole site editable by the church itself.

✨ a liturgical calendar that understands feasts and recurring events
✅ a digital home that matches the institution's dignity

See it: https://mulesoo.com/portfolio

#ChurchWebsite #Amharic #Bilingual #Pretoria #MuleSoo",413,We built Pretoria Kidane Mihret Church Platform.,KIDANE MIHRET,#E8B84B
2027-03-09,190,Tuesday,28,SPOTLIGHT,Pretoria Kidane Mihret Church Platform,church,https://mulesoo.com/portfolio,live,Facebook,"This is Pretoria Kidane Mihret Church Platform, for Ethiopian Orthodox parish, Pretoria.

It is a bilingual Amharic and English home for a parish, with the whole site editable by the church itself.

The thing people notice first: a liturgical calendar that understands feasts and recurring events.

If you run a church or community organisation and this sounds like your week — we should talk. mulesoo.com",405,We built Pretoria Kidane Mihret Church Platform.,KIDANE MIHRET,#E8B84B
2027-03-09,190,Tuesday,28,SPOTLIGHT,Pretoria Kidane Mihret Church Platform,church,https://mulesoo.com/portfolio,live,TikTok,"POV: you run a church or community organisation. ⛪

We built Pretoria Kidane Mihret Church Platform.

It does one thing brilliantly: a liturgical calendar that understands feasts and recurring events.

Full build on mulesoo.com

#ChurchWebsite #Amharic #Bilingual #Pretoria #MuleSoo",282,We built Pretoria Kidane Mihret Church Platform.,KIDANE MIHRET,#E8B84B
2027-03-09,190,Tuesday,28,SPOTLIGHT,Pretoria Kidane Mihret Church Platform,church,https://mulesoo.com/portfolio,live,X,"This is Pretoria Kidane Mihret Church Platform, for Ethiopian Orthodox parish, Pretoria. A bilingual Amharic and English home for a parish, with the whole site editable by the church itself.

https://mulesoo.com/portfolio",221,We built Pretoria Kidane Mihret Church Platform.,KIDANE MIHRET,#E8B84B
2027-03-10,191,Wednesday,28,PROBLEM,DR. Hospital — AI Clinic System,drhospital,https://mulesoo.com/case-studies,building,LinkedIn,"Health data mishandled is not an inconvenience; it is a legal event.

That was the brief behind DR. Hospital — AI Clinic System.

We building it around one idea: built to POPIA expectations from the schema up, not retrofitted.

A clinic and hospital management system with AI intake — currently in active development.

Still in build — follow along: mulesoo.com

#HealthTech #ClinicSoftware #AIIntake",400,Health data mishandled is not an inconvenience; it is a legal event.,DR. HOSPITAL · IN BUILD,#00FF88
2027-03-10,191,Wednesday,28,PROBLEM,DR. Hospital — AI Clinic System,drhospital,https://mulesoo.com/case-studies,building,Instagram,"Health data mishandled is not an inconvenience; it is a legal event. 😮‍💨

So we building DR. Hospital — AI Clinic System.

Built to POPIA expectations from the schema up, not retrofitted.

Still in build — follow along: mulesoo.com

#HealthTech #ClinicSoftware #AIIntake #POPIA #MuleSoo",288,Health data mishandled is not an inconvenience; it is a legal event.,DR. HOSPITAL · IN BUILD,#00FF88
2027-03-10,191,Wednesday,28,PROBLEM,DR. Hospital — AI Clinic System,drhospital,https://mulesoo.com/case-studies,building,Facebook,"Health data mishandled is not an inconvenience; it is a legal event.

Every clinic we have spoken to says a version of that sentence.

DR. Hospital — AI Clinic System exists to end it — built to POPIA expectations from the schema up, not retrofitted.

Still in build — follow along: mulesoo.com",294,Health data mishandled is not an inconvenience; it is a legal event.,DR. HOSPITAL · IN BUILD,#00FF88
2027-03-10,191,Wednesday,28,PROBLEM,DR. Hospital — AI Clinic System,drhospital,https://mulesoo.com/case-studies,building,TikTok,"Tell me you run a clinic without telling me. 👇

""Health data mishandled is not an inconvenience; it is a legal event.""

That is why we building DR. Hospital — AI Clinic System — built to POPIA expectations from the schema up, not retrofitted.

mulesoo.com

#HealthTech #ClinicSoftware #AIIntake #POPIA #MuleSoo",311,Health data mishandled is not an inconvenience; it is a legal event.,DR. HOSPITAL · IN BUILD,#00FF88
2027-03-10,191,Wednesday,28,PROBLEM,DR. Hospital — AI Clinic System,drhospital,https://mulesoo.com/case-studies,building,X,"Health data mishandled is not an inconvenience; it is a legal event.

So we building DR. Hospital.

https://mulesoo.com/case-studies",132,Health data mishandled is not an inconvenience; it is a legal event.,DR. HOSPITAL · IN BUILD,#00FF88
2027-03-11,192,Thursday,28,FUNNY,MuleSoo Guides & Digital Store,guides,https://mulesoo.com/store,live,LinkedIn,"Every technique in it shipped for a real client first. Nothing in there is theoretical.

Behind the joke there is a real system: MuleSoo Guides & Digital Store — the guides we wrote from real builds — bought once, downloaded instantly, used forever.

Humour is just the shortest way to describe a problem everyone running a knowledge business already has.

See it: https://mulesoo.com/store

#DigitalProducts #ClaudeCode #LearnToBuild",434,Every technique in it shipped for a real client first. Nothing in there is theoretical.,MULESOO STORE,#E8B84B
2027-03-11,192,Thursday,28,FUNNY,MuleSoo Guides & Digital Store,guides,https://mulesoo.com/store,live,Instagram,"Every technique in it shipped for a real client first. Nothing in there is theoretical. 😂

(MuleSoo Guides & Digital Store. Yes, it is real.)

See it: https://mulesoo.com/store

#DigitalProducts #ClaudeCode #LearnToBuild #PassiveIncome #MuleSoo",245,Every technique in it shipped for a real client first. Nothing in there is theoretical.,MULESOO STORE,#E8B84B
2027-03-11,192,Thursday,28,FUNNY,MuleSoo Guides & Digital Store,guides,https://mulesoo.com/store,live,Facebook,"Every technique in it shipped for a real client first. Nothing in there is theoretical.

True story from building MuleSoo Guides & Digital Store — the guides we wrote from real builds — bought once, downloaded instantly, used forever.

Buy once. No seat licence, no annual renewal, no email asking you to upgrade.

See it: https://mulesoo.com/store",348,Every technique in it shipped for a real client first. Nothing in there is theoretical.,MULESOO STORE,#E8B84B
2027-03-11,192,Thursday,28,FUNNY,MuleSoo Guides & Digital Store,guides,https://mulesoo.com/store,live,TikTok,"Every technique in it shipped for a real client first. Nothing in there is theoretical. 💀

Not a joke though — MuleSoo Guides & Digital Store actually does this.

Buy once. No seat licence, no annual renewal, no email asking you to upgrade.

mulesoo.com

#DigitalProducts #ClaudeCode #LearnToBuild #PassiveIncome #MuleSoo",322,Every technique in it shipped for a real client first. Nothing in there is theoretical.,MULESOO STORE,#E8B84B
2027-03-11,192,Thursday,28,FUNNY,MuleSoo Guides & Digital Store,guides,https://mulesoo.com/store,live,X,"Every technique in it shipped for a real client first. Nothing in there is theoretical.

— from building MuleSoo Guides & Digital Store",135,Every technique in it shipped for a real client first. Nothing in there is theoretical.,MULESOO STORE,#E8B84B
2027-03-12,193,Friday,28,HOWTO,MuleSoo Digital Services,mulesoo,https://mulesoo.com,live,LinkedIn,"Something MuleSoo Digital Services taught us:

A booking is not finished until the client is holding a document. Generate the PDF in the same breath as the confirmation.

Two more from the same build:

• Put your prices in an editable table, not in the code. You will change them more often than you think.
• If your site cannot tell you where last month's enquiries came from, it is decoration, not infrastructure.

All three are in the live product, not in a slide deck. See it: https://mulesoo.com

#MuleSoo #WebDesignPretoria #AIforBusiness",544,A booking is not finished until the client is holding a document. Generate the PDF in the same breath as the confirmation.,MULESOO PLATFORM,#00C8FF
2027-03-12,193,Friday,28,HOWTO,MuleSoo Digital Services,mulesoo,https://mulesoo.com,live,Instagram,"Lesson from building MuleSoo Digital Services 🛠️

📌 A booking is not finished until the client is holding a document. Generate the PDF in the same breath as the confirmation.

Save this one — it applies far beyond this one project.

#MuleSoo #WebDesignPretoria #AIforBusiness #SouthAfricaTech #NextJS",302,A booking is not finished until the client is holding a document. Generate the PDF in the same breath as the confirmation.,MULESOO PLATFORM,#00C8FF
2027-03-12,193,Friday,28,HOWTO,MuleSoo Digital Services,mulesoo,https://mulesoo.com,live,Facebook,"A free lesson from building MuleSoo Digital Services:

A booking is not finished until the client is holding a document. Generate the PDF in the same breath as the confirmation.

It sounds small. It is the difference between a system that works and one that quietly loses you money.

More of how we build: mulesoo.com",317,A booking is not finished until the client is holding a document. Generate the PDF in the same breath as the confirmation.,MULESOO PLATFORM,#00C8FF
2027-03-12,193,Friday,28,HOWTO,MuleSoo Digital Services,mulesoo,https://mulesoo.com,live,TikTok,"Free game from a real build 🧠

A booking is not finished until the client is holding a document. Generate the PDF in the same breath as the confirmation.

Learned it building MuleSoo Digital Services.

mulesoo.com

#MuleSoo #WebDesignPretoria #AIforBusiness #SouthAfricaTech #NextJS",283,A booking is not finished until the client is holding a document. Generate the PDF in the same breath as the confirmation.,MULESOO PLATFORM,#00C8FF
2027-03-12,193,Friday,28,HOWTO,MuleSoo Digital Services,mulesoo,https://mulesoo.com,live,X,"A booking is not finished until the client is holding a document. Generate the PDF in the same breath as the confirmation.

— learned building MuleSoo Digital Services",167,A booking is not finished until the client is holding a document. Generate the PDF in the same breath as the confirmation.,MULESOO PLATFORM,#00C8FF
2027-03-13,194,Saturday,28,PROOF,Habesha Celebration Events,habesha,https://habeshaeventsplanner.netlify.app,live,LinkedIn,"What Habesha Celebration Events actually does — not adjectives, features:

• a site that looks like the events it sells
• enquiries captured around the clock, not just office hours
• one link that does the work of a hundred WhatsApp explanations

Live now. See it: https://habeshaeventsplanner.netlify.app

No invented statistics on this page. Open it and check for yourself.

#HabeshaEvents #EthiopianWedding #EventPlanner",423,One link that does the work of a hundred WhatsApp explanations.,HABESHA EVENTS,#7B2FFF
2027-03-13,194,Saturday,28,PROOF,Habesha Celebration Events,habesha,https://habeshaeventsplanner.netlify.app,live,Instagram,"💍 Habesha Celebration Events — what you actually get:

✅ a site that looks like the events it sells
✅ enquiries captured around the clock, not just office hours
✅ one link that does the work of a hundred WhatsApp explanations

Live now.

See it: https://habeshaeventsplanner.netlify.app

#HabeshaEvents #EthiopianWedding #EventPlanner #WeddingSA #MuleSoo",355,One link that does the work of a hundred WhatsApp explanations.,HABESHA EVENTS,#7B2FFF
2027-03-13,194,Saturday,28,PROOF,Habesha Celebration Events,habesha,https://habeshaeventsplanner.netlify.app,live,Facebook,"People ask what ""Habesha Celebration Events"" really means. Plainly:

✅ a site that looks like the events it sells
✅ enquiries captured around the clock, not just office hours
✅ one link that does the work of a hundred WhatsApp explanations

Live now. See it: https://habeshaeventsplanner.netlify.app",299,One link that does the work of a hundred WhatsApp explanations.,HABESHA EVENTS,#7B2FFF
2027-03-13,194,Saturday,28,PROOF,Habesha Celebration Events,habesha,https://habeshaeventsplanner.netlify.app,live,TikTok,"Three things Habesha Celebration Events does that a normal wedding & events business setup cannot 👇

1. a site that looks like the events it sells
2. enquiries captured around the clock, not just office hours
3. one link that does the work of a hundred WhatsApp explanations

Live now.

mulesoo.com

#HabeshaEvents #EthiopianWedding #EventPlanner #WeddingSA #MuleSoo",367,One link that does the work of a hundred WhatsApp explanations.,HABESHA EVENTS,#7B2FFF
2027-03-13,194,Saturday,28,PROOF,Habesha Celebration Events,habesha,https://habeshaeventsplanner.netlify.app,live,X,"Habesha Celebration Events:
• a site that looks like the events it sells
• enquiries captured around the clock, not just office hours

https://habeshaeventsplanner.netlify.app",175,One link that does the work of a hundred WhatsApp explanations.,HABESHA EVENTS,#7B2FFF
2027-03-14,195,Sunday,28,BEHIND,YoYo Gym — AI Membership Platform,yoyogym,https://yoyogym.vercel.app,live,LinkedIn,"Under the bonnet of YoYo Gym — AI Membership Platform:

The service-role key never leaves the server. That single rule shaped the whole architecture.

React + Vite on Vercel, with serverless functions in front of a Supabase Postgres schema.

None of this is visible to the client, and all of it is why the thing keeps working in month nine.

See it: https://yoyogym.vercel.app

#GymSoftware #FitnessBusiness #YoYoGym",416,The service-role key never leaves the server. That single rule shaped the whole architecture.,YOYO GYM,#00FF88
2027-03-14,195,Sunday,28,BEHIND,YoYo Gym — AI Membership Platform,yoyogym,https://yoyogym.vercel.app,live,Instagram,"Behind the build 🔧 YoYo Gym — AI Membership Platform

The service-role key never leaves the server. That single rule shaped the whole architecture.

The boring decisions are the ones that hold.

#GymSoftware #FitnessBusiness #YoYoGym #MembershipSystem #MuleSoo",261,The service-role key never leaves the server. That single rule shaped the whole architecture.,YOYO GYM,#00FF88
2027-03-14,195,Sunday,28,BEHIND,YoYo Gym — AI Membership Platform,yoyogym,https://yoyogym.vercel.app,live,Facebook,"A look behind YoYo Gym — AI Membership Platform:

The service-role key never leaves the server. That single rule shaped the whole architecture.

React + Vite on Vercel, with serverless functions in front of a Supabase Postgres schema.

We build the invisible parts properly. That is the whole difference between a demo and a system you can run a business on.",358,The service-role key never leaves the server. That single rule shaped the whole architecture.,YOYO GYM,#00FF88
2027-03-14,195,Sunday,28,BEHIND,YoYo Gym — AI Membership Platform,yoyogym,https://yoyogym.vercel.app,live,TikTok,"Behind the build 🔧

YoYo Gym — AI Membership Platform: The service-role key never leaves the server. That single rule shaped the whole architecture.

The unglamorous decisions are the ones that save you in month nine.

mulesoo.com

#GymSoftware #FitnessBusiness #YoYoGym #MembershipSystem #MuleSoo",298,The service-role key never leaves the server. That single rule shaped the whole architecture.,YOYO GYM,#00FF88
2027-03-14,195,Sunday,28,BEHIND,YoYo Gym — AI Membership Platform,yoyogym,https://yoyogym.vercel.app,live,X,"YoYo Gym — under the bonnet:

The service-role key never leaves the server. That single rule shaped the whole architecture.",123,The service-role key never leaves the server. That single rule shaped the whole architecture.,YOYO GYM,#00FF88
2027-03-15,196,Monday,28,OFFER,X-Boss Photography Studio,xboss,https://xbossphotography.vercel.app,live,LinkedIn,"Shooting all week and still booking clients by hand?

We built X-Boss Photography Studio for exactly that — a guided booking assistant with live date and time pickers, review and edit before confirming.

Same system, your brand, your sector.

Tell us what your week looks like and we will tell you honestly whether software fixes it: mulesoo.com/contact

#PhotographyBusiness #StudioBooking #XBoss",397,Shooting all week and still booking clients by hand?,X-BOSS PHOTOGRAPHY,#E8B84B
2027-03-15,196,Monday,28,OFFER,X-Boss Photography Studio,xboss,https://xbossphotography.vercel.app,live,Instagram,"Shooting all week and still booking clients by hand? 📸

We built X-Boss Photography Studio to solve it — you get an admin view of today, upcoming and history in one screen.

Same system, your brand, your sector.

📩 mulesoo.com/contact
💬 wa.me/27688529333

#PhotographyBusiness #StudioBooking #XBoss #BookingSystem #MuleSoo",325,Shooting all week and still booking clients by hand?,X-BOSS PHOTOGRAPHY,#E8B84B
2027-03-15,196,Monday,28,OFFER,X-Boss Photography Studio,xboss,https://xbossphotography.vercel.app,live,Facebook,"Shooting all week and still booking clients by hand?

That is precisely why X-Boss Photography Studio exists — a guided booking assistant with live date and time pickers, review and edit before confirming.

Same system, your brand, your sector. Message us and we will tell you straight whether this is worth it for your business.

📩 mulesoo.com/contact  ·  💬 wa.me/27688529333",378,Shooting all week and still booking clients by hand?,X-BOSS PHOTOGRAPHY,#E8B84B
2027-03-15,196,Monday,28,OFFER,X-Boss Photography Studio,xboss,https://xbossphotography.vercel.app,live,TikTok,"Shooting all week and still booking clients by hand? 📸

We already built it once — X-Boss Photography Studio.

Same system, your brand, your sector.

mulesoo.com

#PhotographyBusiness #StudioBooking #XBoss #BookingSystem #MuleSoo",230,Shooting all week and still booking clients by hand?,X-BOSS PHOTOGRAPHY,#E8B84B
2027-03-15,196,Monday,28,OFFER,X-Boss Photography Studio,xboss,https://xbossphotography.vercel.app,live,X,"Shooting all week and still booking clients by hand?

We built X-Boss Photography Studio for exactly this.

mulesoo.com/contact",127,Shooting all week and still booking clients by hand?,X-BOSS PHOTOGRAPHY,#E8B84B
2027-03-16,197,Tuesday,29,SPOTLIGHT,Shime Events & Planning,shime,https://shimeeventplaning.vercel.app,live,LinkedIn,"This is Shime Events & Planning, for luxury event planning.

In one line: a bilingual booking assistant that walks a client through seventeen steps and ends with a signed PDF contract.

The part that matters — a multi-page booking contract generated automatically, cover page and terms included.

What the owner ends up with: a signed contract in the client's inbox before they close the tab.

See it: https://shimeeventplaning.vercel.app

#EventPlanning #ShimeEvents #BilingualWeb",481,We built Shime Events & Planning.,SHIME EVENTS,#E8B84B
2027-03-16,197,Tuesday,29,SPOTLIGHT,Shime Events & Planning,shime,https://shimeeventplaning.vercel.app,live,Instagram,"🎊 This is Shime Events & Planning, for luxury event planning.

A bilingual booking assistant that walks a client through seventeen steps and ends with a signed PDF contract.

✨ a multi-page booking contract generated automatically, cover page and terms included
✅ a signed contract in the client's inbox before they close the tab

See it: https://shimeeventplaning.vercel.app

#EventPlanning #ShimeEvents #BilingualWeb #Amharic #MuleSoo",437,We built Shime Events & Planning.,SHIME EVENTS,#E8B84B
2027-03-16,197,Tuesday,29,SPOTLIGHT,Shime Events & Planning,shime,https://shimeeventplaning.vercel.app,live,Facebook,"This is Shime Events & Planning, for luxury event planning.

It is a bilingual booking assistant that walks a client through seventeen steps and ends with a signed PDF contract.

The thing people notice first: a multi-page booking contract generated automatically, cover page and terms included.

If you run an event planning business and this sounds like your week — we should talk. mulesoo.com",395,We built Shime Events & Planning.,SHIME EVENTS,#E8B84B
2027-03-16,197,Tuesday,29,SPOTLIGHT,Shime Events & Planning,shime,https://shimeeventplaning.vercel.app,live,TikTok,"POV: you run an event planning business. 🎊

We built Shime Events & Planning.

It does one thing brilliantly: a multi-page booking contract generated automatically, cover page and terms included.

Full build on mulesoo.com

#EventPlanning #ShimeEvents #BilingualWeb #Amharic #MuleSoo",284,We built Shime Events & Planning.,SHIME EVENTS,#E8B84B
2027-03-16,197,Tuesday,29,SPOTLIGHT,Shime Events & Planning,shime,https://shimeeventplaning.vercel.app,live,X,"This is Shime Events & Planning, for luxury event planning. A bilingual booking assistant that walks a client through seventeen steps and ends with a signed PDF contract.

https://shimeeventplaning.vercel.app",208,We built Shime Events & Planning.,SHIME EVENTS,#E8B84B
2027-03-17,198,Wednesday,29,PROBLEM,Tsedi Catering & Events,tsedi,https://tsedicatering.vercel.app,live,LinkedIn,"Not every business needs a website. Some need one QR code that does the whole job.

That was the brief behind Tsedi Catering & Events.

We built it around one idea: a Stripe deposit and a verification code, issued in the same conversation.

A QR code that opens a personal booking assistant — no website, no app, no forms to chase.

See it: https://tsedicatering.vercel.app

#CateringBusiness #QRBooking #TsediCatering",418,Not every business needs a website. Some need one QR code that does the whole job.,TSEDI CATERING,#E8B84B
2027-03-17,198,Wednesday,29,PROBLEM,Tsedi Catering & Events,tsedi,https://tsedicatering.vercel.app,live,Instagram,"Not every business needs a website. Some need one QR code that does the whole job. 😮‍💨

So we built Tsedi Catering & Events.

A Stripe deposit and a verification code, issued in the same conversation.

See it: https://tsedicatering.vercel.app

#CateringBusiness #QRBooking #TsediCatering #AIAssistant #MuleSoo",311,Not every business needs a website. Some need one QR code that does the whole job.,TSEDI CATERING,#E8B84B
2027-03-17,198,Wednesday,29,PROBLEM,Tsedi Catering & Events,tsedi,https://tsedicatering.vercel.app,live,Facebook,"Not every business needs a website. Some need one QR code that does the whole job.

Every catering business we have spoken to says a version of that sentence.

Tsedi Catering & Events exists to end it — a Stripe deposit and a verification code, issued in the same conversation.

See it: https://tsedicatering.vercel.app",319,Not every business needs a website. Some need one QR code that does the whole job.,TSEDI CATERING,#E8B84B
2027-03-17,198,Wednesday,29,PROBLEM,Tsedi Catering & Events,tsedi,https://tsedicatering.vercel.app,live,TikTok,"Tell me you run a catering business without telling me. 👇

""Not every business needs a website. Some need one QR code that does the whole job.""

That is why we built Tsedi Catering & Events — a Stripe deposit and a verification code, issued in the same conversation.

mulesoo.com

#CateringBusiness #QRBooking #TsediCatering #AIAssistant #MuleSoo",347,Not every business needs a website. Some need one QR code that does the whole job.,TSEDI CATERING,#E8B84B
2027-03-17,198,Wednesday,29,PROBLEM,Tsedi Catering & Events,tsedi,https://tsedicatering.vercel.app,live,X,"Not every business needs a website. Some need one QR code that does the whole job.

So we built Tsedi Catering & Events.

https://tsedicatering.vercel.app",154,Not every business needs a website. Some need one QR code that does the whole job.,TSEDI CATERING,#E8B84B
2027-03-18,199,Thursday,29,FUNNY,TSI AI Booking Assistant,tsi,https://mulesoo.com/services/chatbot,live,LinkedIn,"It is polite at 3am, which is more than can be said for any of us.

Behind the joke there is a real system: TSI AI Booking Assistant — a reservations assistant that answers, qualifies and books, around the clock.

Humour is just the shortest way to describe a problem everyone running a hotel or restaurant already has.

See it: https://mulesoo.com/services/chatbot

#AIChatbot #Hospitality #Reservations",404,"It is polite at 3am, which is more than can be said for any of us.",TSI ASSISTANT,#00C8FF
2027-03-18,199,Thursday,29,FUNNY,TSI AI Booking Assistant,tsi,https://mulesoo.com/services/chatbot,live,Instagram,"It is polite at 3am, which is more than can be said for any of us. 😂

(TSI AI Booking Assistant. Yes, it is real.)

See it: https://mulesoo.com/services/chatbot

#AIChatbot #Hospitality #Reservations #CustomerService #MuleSoo",226,"It is polite at 3am, which is more than can be said for any of us.",TSI ASSISTANT,#00C8FF
2027-03-18,199,Thursday,29,FUNNY,TSI AI Booking Assistant,tsi,https://mulesoo.com/services/chatbot,live,Facebook,"It is polite at 3am, which is more than can be said for any of us.

True story from building TSI AI Booking Assistant — a reservations assistant that answers, qualifies and books, around the clock.

It does not upsell aggressively. We tried. It felt bad about it.

See it: https://mulesoo.com/services/chatbot",309,"It is polite at 3am, which is more than can be said for any of us.",TSI ASSISTANT,#00C8FF
2027-03-18,199,Thursday,29,FUNNY,TSI AI Booking Assistant,tsi,https://mulesoo.com/services/chatbot,live,TikTok,"It is polite at 3am, which is more than can be said for any of us. 💀

Not a joke though — TSI AI Booking Assistant actually does this.

It does not upsell aggressively. We tried. It felt bad about it.

mulesoo.com

#AIChatbot #Hospitality #Reservations #CustomerService #MuleSoo",279,"It is polite at 3am, which is more than can be said for any of us.",TSI ASSISTANT,#00C8FF
2027-03-18,199,Thursday,29,FUNNY,TSI AI Booking Assistant,tsi,https://mulesoo.com/services/chatbot,live,X,"It is polite at 3am, which is more than can be said for any of us.

— from building TSI AI Booking Assistant",108,"It is polite at 3am, which is more than can be said for any of us.",TSI ASSISTANT,#00C8FF
2027-03-19,200,Friday,29,HOWTO,Sena — AI Front Desk Receptionist,sena,https://mulesoo.com/ai-automation,building,LinkedIn,"Something Sena — AI Front Desk Receptionist taught us:

Never mark a booking paid without verifying the gateway webhook signature. Never.

Two more from the same build:

• Handle underpayment and duplicate webhooks explicitly — both will happen in week one.
• Voice AI must declare itself. It is the difference between an assistant and a deception.

All three are in the live product, not in a slide deck. Still in build — follow along: mulesoo.com

#VoiceAI #HotelTech #Sena",475,Never mark a booking paid without verifying the gateway webhook signature. Never.,SENA · IN BUILD,#7B2FFF
2027-03-19,200,Friday,29,HOWTO,Sena — AI Front Desk Receptionist,sena,https://mulesoo.com/ai-automation,building,Instagram,"Lesson from building Sena — AI Front Desk Receptionist 🏨

📌 Never mark a booking paid without verifying the gateway webhook signature. Never.

Save this one — it applies far beyond this one project.

#VoiceAI #HotelTech #Sena #Hospitality #MuleSoo",249,Never mark a booking paid without verifying the gateway webhook signature. Never.,SENA · IN BUILD,#7B2FFF
2027-03-19,200,Friday,29,HOWTO,Sena — AI Front Desk Receptionist,sena,https://mulesoo.com/ai-automation,building,Facebook,"A free lesson from building Sena — AI Front Desk Receptionist:

Never mark a booking paid without verifying the gateway webhook signature. Never.

It sounds small. It is the difference between a system that works and one that quietly loses you money.

More of how we build: mulesoo.com",285,Never mark a booking paid without verifying the gateway webhook signature. Never.,SENA · IN BUILD,#7B2FFF
2027-03-19,200,Friday,29,HOWTO,Sena — AI Front Desk Receptionist,sena,https://mulesoo.com/ai-automation,building,TikTok,"Free game from a real build 🧠

Never mark a booking paid without verifying the gateway webhook signature. Never.

Learned it building Sena — AI Front Desk Receptionist.

mulesoo.com

#VoiceAI #HotelTech #Sena #Hospitality #MuleSoo",231,Never mark a booking paid without verifying the gateway webhook signature. Never.,SENA · IN BUILD,#7B2FFF
2027-03-19,200,Friday,29,HOWTO,Sena — AI Front Desk Receptionist,sena,https://mulesoo.com/ai-automation,building,X,"Never mark a booking paid without verifying the gateway webhook signature. Never.

— learned building Sena",106,Never mark a booking paid without verifying the gateway webhook signature. Never.,SENA · IN BUILD,#7B2FFF
2027-03-20,201,Saturday,29,PROOF,Yewogen Derash (ወገን ደራሽ),yewogen,https://mulesoo.com/case-studies,building,LinkedIn,"What Yewogen Derash (ወገን ደራሽ) actually does — not adjectives, features:

• donors who can see who they are giving to
• per-campaign ledgers that survive an audit
• payments only confirmed by verified webhooks

In active build — nothing here is launched yet. Still in build — follow along: mulesoo.com

No invented statistics on this page. Open it and check for yourself.

#Crowdfunding #Ethiopia #YewogenDerash",410,Payments only confirmed by verified webhooks.,YEWOGEN DERASH · IN BUILD,#00C8FF
2027-03-20,201,Saturday,29,PROOF,Yewogen Derash (ወገን ደራሽ),yewogen,https://mulesoo.com/case-studies,building,Instagram,"🤝 Yewogen Derash (ወገን ደራሽ) — what you actually get:

✅ donors who can see who they are giving to
✅ per-campaign ledgers that survive an audit
✅ payments only confirmed by verified webhooks

In active build — nothing here is launched yet.

Still in build — follow along: mulesoo.com

#Crowdfunding #Ethiopia #YewogenDerash #FinTech #MuleSoo",340,Payments only confirmed by verified webhooks.,YEWOGEN DERASH · IN BUILD,#00C8FF
2027-03-20,201,Saturday,29,PROOF,Yewogen Derash (ወገን ደራሽ),yewogen,https://mulesoo.com/case-studies,building,Facebook,"People ask what ""Yewogen Derash (ወገን ደራሽ)"" really means. Plainly:

✅ donors who can see who they are giving to
✅ per-campaign ledgers that survive an audit
✅ payments only confirmed by verified webhooks

In active build — nothing here is launched yet. Still in build — follow along: mulesoo.com",294,Payments only confirmed by verified webhooks.,YEWOGEN DERASH · IN BUILD,#00C8FF
2027-03-20,201,Saturday,29,PROOF,Yewogen Derash (ወገን ደራሽ),yewogen,https://mulesoo.com/case-studies,building,TikTok,"Three things Yewogen Derash (ወገን ደራሽ) does that a normal fundraising campaign setup cannot 👇

1. donors who can see who they are giving to
2. per-campaign ledgers that survive an audit
3. payments only confirmed by verified webhooks

In active build — nothing here is launched yet.

mulesoo.com

#Crowdfunding #Ethiopia #YewogenDerash #FinTech #MuleSoo",353,Payments only confirmed by verified webhooks.,YEWOGEN DERASH · IN BUILD,#00C8FF
2027-03-20,201,Saturday,29,PROOF,Yewogen Derash (ወገን ደራሽ),yewogen,https://mulesoo.com/case-studies,building,X,"Yewogen Derash (ወገን ደራሽ):
• donors who can see who they are giving to
• per-campaign ledgers that survive an audit

https://mulesoo.com/case-studies",148,Payments only confirmed by verified webhooks.,YEWOGEN DERASH · IN BUILD,#00C8FF
2027-03-21,202,Sunday,29,BEHIND,Pretoria Kidane Mihret Church Platform,church,https://mulesoo.com/portfolio,live,LinkedIn,"Under the bonnet of Pretoria Kidane Mihret Church Platform:

Amharic type was set and tested first; the English layout adapted to it, not the other way round.

Next.js and Supabase, with a bilingual content model rather than duplicated pages.

None of this is visible to the client, and all of it is why the thing keeps working in month nine.

See it: https://mulesoo.com/portfolio

#ChurchWebsite #Amharic #Bilingual",417,"Amharic type was set and tested first; the English layout adapted to it, not the other way round.",KIDANE MIHRET,#E8B84B
2027-03-21,202,Sunday,29,BEHIND,Pretoria Kidane Mihret Church Platform,church,https://mulesoo.com/portfolio,live,Instagram,"Behind the build 🔧 Pretoria Kidane Mihret Church Platform

Amharic type was set and tested first; the English layout adapted to it, not the other way round.

The boring decisions are the ones that hold.

#ChurchWebsite #Amharic #Bilingual #Pretoria #MuleSoo",258,"Amharic type was set and tested first; the English layout adapted to it, not the other way round.",KIDANE MIHRET,#E8B84B
2027-03-21,202,Sunday,29,BEHIND,Pretoria Kidane Mihret Church Platform,church,https://mulesoo.com/portfolio,live,Facebook,"A look behind Pretoria Kidane Mihret Church Platform:

Amharic type was set and tested first; the English layout adapted to it, not the other way round.

Next.js and Supabase, with a bilingual content model rather than duplicated pages.

We build the invisible parts properly. That is the whole difference between a demo and a system you can run a business on.",360,"Amharic type was set and tested first; the English layout adapted to it, not the other way round.",KIDANE MIHRET,#E8B84B
2027-03-21,202,Sunday,29,BEHIND,Pretoria Kidane Mihret Church Platform,church,https://mulesoo.com/portfolio,live,TikTok,"Behind the build 🔧

Pretoria Kidane Mihret Church Platform: Amharic type was set and tested first; the English layout adapted to it, not the other way round.

The unglamorous decisions are the ones that save you in month nine.

mulesoo.com

#ChurchWebsite #Amharic #Bilingual #Pretoria #MuleSoo",295,"Amharic type was set and tested first; the English layout adapted to it, not the other way round.",KIDANE MIHRET,#E8B84B
2027-03-21,202,Sunday,29,BEHIND,Pretoria Kidane Mihret Church Platform,church,https://mulesoo.com/portfolio,live,X,"Pretoria Kidane Mihret Church Platform — under the bonnet:

Amharic type was set and tested first; the English layout adapted to it, not the other way round.",157,"Amharic type was set and tested first; the English layout adapted to it, not the other way round.",KIDANE MIHRET,#E8B84B
2027-03-22,203,Monday,29,OFFER,DR. Hospital — AI Clinic System,drhospital,https://mulesoo.com/case-studies,building,LinkedIn,"Run a clinic? We are taking early build partners now.

We building DR. Hospital — AI Clinic System for exactly that — AI intake that collects the routine details before the patient reaches the desk.

Early partners get it first, at build pricing.

Tell us what your week looks like and we will tell you honestly whether software fixes it: mulesoo.com/contact

#HealthTech #ClinicSoftware #AIIntake",397,Run a clinic? We are taking early build partners now.,DR. HOSPITAL · IN BUILD,#00FF88
2027-03-22,203,Monday,29,OFFER,DR. Hospital — AI Clinic System,drhospital,https://mulesoo.com/case-studies,building,Instagram,"Run a clinic? We are taking early build partners now. 🩺

We building DR. Hospital — AI Clinic System to solve it — you get one system for appointments, records and follow-up.

Early partners get it first, at build pricing.

📩 mulesoo.com/contact
💬 wa.me/27688529333

#HealthTech #ClinicSoftware #AIIntake #POPIA #MuleSoo",323,Run a clinic? We are taking early build partners now.,DR. HOSPITAL · IN BUILD,#00FF88
2027-03-22,203,Monday,29,OFFER,DR. Hospital — AI Clinic System,drhospital,https://mulesoo.com/case-studies,building,Facebook,"Run a clinic? We are taking early build partners now.

That is precisely why DR. Hospital — AI Clinic System exists — AI intake that collects the routine details before the patient reaches the desk.

Early partners get it first, at build pricing. Message us and we will tell you straight whether this is worth it for your business.

📩 mulesoo.com/contact  ·  💬 wa.me/27688529333",380,Run a clinic? We are taking early build partners now.,DR. HOSPITAL · IN BUILD,#00FF88
2027-03-22,203,Monday,29,OFFER,DR. Hospital — AI Clinic System,drhospital,https://mulesoo.com/case-studies,building,TikTok,"Run a clinic? We are taking early build partners now. 🩺

We already building it once — DR. Hospital — AI Clinic System.

Early partners get it first, at build pricing.

mulesoo.com

#HealthTech #ClinicSoftware #AIIntake #POPIA #MuleSoo",236,Run a clinic? We are taking early build partners now.,DR. HOSPITAL · IN BUILD,#00FF88
2027-03-22,203,Monday,29,OFFER,DR. Hospital — AI Clinic System,drhospital,https://mulesoo.com/case-studies,building,X,"Run a clinic? We are taking early build partners now.

We building DR. Hospital — AI Clinic System for exactly this.

mulesoo.com/contact",137,Run a clinic? We are taking early build partners now.,DR. HOSPITAL · IN BUILD,#00FF88
2027-03-23,204,Tuesday,30,SPOTLIGHT,MuleSoo Guides & Digital Store,guides,https://mulesoo.com/store,live,LinkedIn,"This is MuleSoo Guides & Digital Store, for digital products.

In one line: the guides we wrote from real builds — bought once, downloaded instantly, used forever.

The part that matters — priced so a first-time builder can afford the whole shelf.

What the owner ends up with: a shelf that keeps selling after it is written.

See it: https://mulesoo.com/store

#DigitalProducts #ClaudeCode #LearnToBuild",404,We built MuleSoo Guides & Digital Store.,MULESOO STORE,#E8B84B
2027-03-23,204,Tuesday,30,SPOTLIGHT,MuleSoo Guides & Digital Store,guides,https://mulesoo.com/store,live,Instagram,"📘 This is MuleSoo Guides & Digital Store, for digital products.

The guides we wrote from real builds — bought once, downloaded instantly, used forever.

✨ priced so a first-time builder can afford the whole shelf
✅ a shelf that keeps selling after it is written

See it: https://mulesoo.com/store

#DigitalProducts #ClaudeCode #LearnToBuild #PassiveIncome #MuleSoo",366,We built MuleSoo Guides & Digital Store.,MULESOO STORE,#E8B84B
2027-03-23,204,Tuesday,30,SPOTLIGHT,MuleSoo Guides & Digital Store,guides,https://mulesoo.com/store,live,Facebook,"This is MuleSoo Guides & Digital Store, for digital products.

It is the guides we wrote from real builds — bought once, downloaded instantly, used forever.

The thing people notice first: priced so a first-time builder can afford the whole shelf.

If you run a knowledge business and this sounds like your week — we should talk. mulesoo.com",341,We built MuleSoo Guides & Digital Store.,MULESOO STORE,#E8B84B
2027-03-23,204,Tuesday,30,SPOTLIGHT,MuleSoo Guides & Digital Store,guides,https://mulesoo.com/store,live,TikTok,"POV: you run a knowledge business. 📘

We built MuleSoo Guides & Digital Store.

It does one thing brilliantly: priced so a first-time builder can afford the whole shelf.

Full build on mulesoo.com

#DigitalProducts #ClaudeCode #LearnToBuild #PassiveIncome #MuleSoo",265,We built MuleSoo Guides & Digital Store.,MULESOO STORE,#E8B84B
2027-03-23,204,Tuesday,30,SPOTLIGHT,MuleSoo Guides & Digital Store,guides,https://mulesoo.com/store,live,X,"This is MuleSoo Guides & Digital Store, for digital products. The guides we wrote from real builds — bought once, downloaded instantly, used forever.

https://mulesoo.com/store",176,We built MuleSoo Guides & Digital Store.,MULESOO STORE,#E8B84B
2027-03-24,205,Wednesday,30,PROBLEM,MuleSoo Digital Services,mulesoo,https://mulesoo.com,live,LinkedIn,"If we cannot automate our own enquiries, we have no business offering to automate yours.

That was the brief behind MuleSoo Digital Services.

We built it around one idea: face-recognition admin login via QR and your phone camera, on top of a password and email 2FA.

The platform you are reading this from — it books its own clients, sells its own products and runs its own admin.

See it: https://mulesoo.com

#MuleSoo #WebDesignPretoria #AIforBusiness",454,"If we cannot automate our own enquiries, we have no business offering to automate yours.",MULESOO PLATFORM,#00C8FF
2027-03-24,205,Wednesday,30,PROBLEM,MuleSoo Digital Services,mulesoo,https://mulesoo.com,live,Instagram,"If we cannot automate our own enquiries, we have no business offering to automate yours. 😮‍💨

So we built MuleSoo Digital Services.

Face-recognition admin login via QR and your phone camera, on top of a password and email 2FA.

See it: https://mulesoo.com

#MuleSoo #WebDesignPretoria #AIforBusiness #SouthAfricaTech #NextJS",327,"If we cannot automate our own enquiries, we have no business offering to automate yours.",MULESOO PLATFORM,#00C8FF
2027-03-24,205,Wednesday,30,PROBLEM,MuleSoo Digital Services,mulesoo,https://mulesoo.com,live,Facebook,"If we cannot automate our own enquiries, we have no business offering to automate yours.

Every service business we have spoken to says a version of that sentence.

MuleSoo Digital Services exists to end it — face-recognition admin login via QR and your phone camera, on top of a password and email 2FA.

See it: https://mulesoo.com",332,"If we cannot automate our own enquiries, we have no business offering to automate yours.",MULESOO PLATFORM,#00C8FF
2027-03-24,205,Wednesday,30,PROBLEM,MuleSoo Digital Services,mulesoo,https://mulesoo.com,live,TikTok,"Tell me you run a service business without telling me. 👇

""If we cannot automate our own enquiries, we have no business offering to automate yours.""

That is why we built MuleSoo Digital Services — face-recognition admin login via QR and your phone camera, on top of a password and email 2FA.

mulesoo.com

#MuleSoo #WebDesignPretoria #AIforBusiness #SouthAfricaTech #NextJS",375,"If we cannot automate our own enquiries, we have no business offering to automate yours.",MULESOO PLATFORM,#00C8FF
2027-03-24,205,Wednesday,30,PROBLEM,MuleSoo Digital Services,mulesoo,https://mulesoo.com,live,X,"If we cannot automate our own enquiries, we have no business offering to automate yours.

So we built MuleSoo Digital Services.

https://mulesoo.com",148,"If we cannot automate our own enquiries, we have no business offering to automate yours.",MULESOO PLATFORM,#00C8FF
2027-03-25,206,Thursday,30,FUNNY,Habesha Celebration Events,habesha,https://habeshaeventsplanner.netlify.app,live,LinkedIn,"The brief was ""make it look expensive but warm"". Reader, we made it look expensive but warm.

Behind the joke there is a real system: Habesha Celebration Events — an elegant events platform that turns wedding dreams into confirmed bookings, 24/7.

Humour is just the shortest way to describe a problem everyone running a wedding & events business already has.

See it: https://habeshaeventsplanner.netlify.app

#HabeshaEvents #EthiopianWedding #EventPlanner",457,"The brief was ""make it look expensive but warm"". Reader, we made it look expensive but warm.",HABESHA EVENTS,#7B2FFF
2027-03-25,206,Thursday,30,FUNNY,Habesha Celebration Events,habesha,https://habeshaeventsplanner.netlify.app,live,Instagram,"The brief was ""make it look expensive but warm"". Reader, we made it look expensive but warm. 😂

(Habesha Celebration Events. Yes, it is real.)

See it: https://habeshaeventsplanner.netlify.app

#HabeshaEvents #EthiopianWedding #EventPlanner #WeddingSA #MuleSoo",261,"The brief was ""make it look expensive but warm"". Reader, we made it look expensive but warm.",HABESHA EVENTS,#7B2FFF
2027-03-25,206,Thursday,30,FUNNY,Habesha Celebration Events,habesha,https://habeshaeventsplanner.netlify.app,live,Facebook,"The brief was ""make it look expensive but warm"". Reader, we made it look expensive but warm.

True story from building Habesha Celebration Events — an elegant events platform that turns wedding dreams into confirmed bookings, 24/7.

We tested the gallery on a phone at a wedding, in the dark, with one bar of signal. It held.

See it: https://habeshaeventsplanner.netlify.app",375,"The brief was ""make it look expensive but warm"". Reader, we made it look expensive but warm.",HABESHA EVENTS,#7B2FFF
2027-03-25,206,Thursday,30,FUNNY,Habesha Celebration Events,habesha,https://habeshaeventsplanner.netlify.app,live,TikTok,"The brief was ""make it look expensive but warm"". Reader, we made it look expensive but warm. 💀

Not a joke though — Habesha Celebration Events actually does this.

We tested the gallery on a phone at a wedding, in the dark, with one bar of signal. It held.

mulesoo.com

#HabeshaEvents #EthiopianWedding #EventPlanner #WeddingSA #MuleSoo",338,"The brief was ""make it look expensive but warm"". Reader, we made it look expensive but warm.",HABESHA EVENTS,#7B2FFF
2027-03-25,206,Thursday,30,FUNNY,Habesha Celebration Events,habesha,https://habeshaeventsplanner.netlify.app,live,X,"The brief was ""make it look expensive but warm"". Reader, we made it look expensive but warm.

— from building Habesha Celebration Events",136,"The brief was ""make it look expensive but warm"". Reader, we made it look expensive but warm.",HABESHA EVENTS,#7B2FFF
2027-03-26,207,Friday,30,HOWTO,YoYo Gym — AI Membership Platform,yoyogym,https://yoyogym.vercel.app,live,LinkedIn,"Something YoYo Gym — AI Membership Platform taught us:

QR check-in beats fingerprint readers for cost, hygiene and the day the hardware dies.

Two more from the same build:

• Model memberships as a ledger, not a status field. You will need the history the first time someone disputes.
• Never let a browser talk to your database directly. Route it through your server with a service key.

All three are in the live product, not in a slide deck. See it: https://yoyogym.vercel.app

#GymSoftware #FitnessBusiness #YoYoGym",521,"QR check-in beats fingerprint readers for cost, hygiene and the day the hardware dies.",YOYO GYM,#00FF88
2027-03-26,207,Friday,30,HOWTO,YoYo Gym — AI Membership Platform,yoyogym,https://yoyogym.vercel.app,live,Instagram,"Lesson from building YoYo Gym — AI Membership Platform 🏋️

📌 QR check-in beats fingerprint readers for cost, hygiene and the day the hardware dies.

Save this one — it applies far beyond this one project.

#GymSoftware #FitnessBusiness #YoYoGym #MembershipSystem #MuleSoo",273,"QR check-in beats fingerprint readers for cost, hygiene and the day the hardware dies.",YOYO GYM,#00FF88
2027-03-26,207,Friday,30,HOWTO,YoYo Gym — AI Membership Platform,yoyogym,https://yoyogym.vercel.app,live,Facebook,"A free lesson from building YoYo Gym — AI Membership Platform:

QR check-in beats fingerprint readers for cost, hygiene and the day the hardware dies.

It sounds small. It is the difference between a system that works and one that quietly loses you money.

More of how we build: mulesoo.com",290,"QR check-in beats fingerprint readers for cost, hygiene and the day the hardware dies.",YOYO GYM,#00FF88
2027-03-26,207,Friday,30,HOWTO,YoYo Gym — AI Membership Platform,yoyogym,https://yoyogym.vercel.app,live,TikTok,"Free game from a real build 🧠

QR check-in beats fingerprint readers for cost, hygiene and the day the hardware dies.

Learned it building YoYo Gym — AI Membership Platform.

mulesoo.com

#GymSoftware #FitnessBusiness #YoYoGym #MembershipSystem #MuleSoo",254,"QR check-in beats fingerprint readers for cost, hygiene and the day the hardware dies.",YOYO GYM,#00FF88
2027-03-26,207,Friday,30,HOWTO,YoYo Gym — AI Membership Platform,yoyogym,https://yoyogym.vercel.app,live,X,"QR check-in beats fingerprint readers for cost, hygiene and the day the hardware dies.

— learned building YoYo Gym",115,"QR check-in beats fingerprint readers for cost, hygiene and the day the hardware dies.",YOYO GYM,#00FF88
2027-03-27,208,Saturday,30,PROOF,X-Boss Photography Studio,xboss,https://xbossphotography.vercel.app,live,LinkedIn,"What X-Boss Photography Studio actually does — not adjectives, features:

• bookings taken while you are behind the camera
• a branded PDF confirmation the client actually keeps
• an admin view of today, upcoming and history in one screen

Live now. See it: https://xbossphotography.vercel.app

No invented statistics on this page. Open it and check for yourself.

#PhotographyBusiness #StudioBooking #XBoss",407,"An admin view of today, upcoming and history in one screen.",X-BOSS PHOTOGRAPHY,#E8B84B
2027-03-27,208,Saturday,30,PROOF,X-Boss Photography Studio,xboss,https://xbossphotography.vercel.app,live,Instagram,"📸 X-Boss Photography Studio — what you actually get:

✅ bookings taken while you are behind the camera
✅ a branded PDF confirmation the client actually keeps
✅ an admin view of today, upcoming and history in one screen

Live now.

See it: https://xbossphotography.vercel.app

#PhotographyBusiness #StudioBooking #XBoss #BookingSystem #MuleSoo",343,"An admin view of today, upcoming and history in one screen.",X-BOSS PHOTOGRAPHY,#E8B84B
2027-03-27,208,Saturday,30,PROOF,X-Boss Photography Studio,xboss,https://xbossphotography.vercel.app,live,Facebook,"People ask what ""X-Boss Photography Studio"" really means. Plainly:

✅ bookings taken while you are behind the camera
✅ a branded PDF confirmation the client actually keeps
✅ an admin view of today, upcoming and history in one screen

Live now. See it: https://xbossphotography.vercel.app",287,"An admin view of today, upcoming and history in one screen.",X-BOSS PHOTOGRAPHY,#E8B84B
2027-03-27,208,Saturday,30,PROOF,X-Boss Photography Studio,xboss,https://xbossphotography.vercel.app,live,TikTok,"Three things X-Boss Photography Studio does that a normal photography studio setup cannot 👇

1. bookings taken while you are behind the camera
2. a branded PDF confirmation the client actually keeps
3. an admin view of today, upcoming and history in one screen

Live now.

mulesoo.com

#PhotographyBusiness #StudioBooking #XBoss #BookingSystem #MuleSoo",353,"An admin view of today, upcoming and history in one screen.",X-BOSS PHOTOGRAPHY,#E8B84B
2027-03-27,208,Saturday,30,PROOF,X-Boss Photography Studio,xboss,https://xbossphotography.vercel.app,live,X,"X-Boss Photography Studio:
• bookings taken while you are behind the camera
• a branded PDF confirmation the client actually keeps

https://xbossphotography.vercel.app",167,"An admin view of today, upcoming and history in one screen.",X-BOSS PHOTOGRAPHY,#E8B84B
2027-03-28,209,Sunday,30,BEHIND,Shime Events & Planning,shime,https://shimeeventplaning.vercel.app,live,LinkedIn,"Under the bonnet of Shime Events & Planning:

Playfair Display and Lato over navy and gold — the type does as much selling as the copy.

A seventeen-step conversational flow with full state, so a refresh never costs the client their answers.

None of this is visible to the client, and all of it is why the thing keeps working in month nine.

See it: https://shimeeventplaning.vercel.app

#EventPlanning #ShimeEvents #BilingualWeb",430,Playfair Display and Lato over navy and gold — the type does as much selling as the copy.,SHIME EVENTS,#E8B84B
2027-03-28,209,Sunday,30,BEHIND,Shime Events & Planning,shime,https://shimeeventplaning.vercel.app,live,Instagram,"Behind the build 🔧 Shime Events & Planning

Playfair Display and Lato over navy and gold — the type does as much selling as the copy.

The boring decisions are the ones that hold.

#EventPlanning #ShimeEvents #BilingualWeb #Amharic #MuleSoo",241,Playfair Display and Lato over navy and gold — the type does as much selling as the copy.,SHIME EVENTS,#E8B84B
2027-03-28,209,Sunday,30,BEHIND,Shime Events & Planning,shime,https://shimeeventplaning.vercel.app,live,Facebook,"A look behind Shime Events & Planning:

Playfair Display and Lato over navy and gold — the type does as much selling as the copy.

A seventeen-step conversational flow with full state, so a refresh never costs the client their answers.

We build the invisible parts properly. That is the whole difference between a demo and a system you can run a business on.",359,Playfair Display and Lato over navy and gold — the type does as much selling as the copy.,SHIME EVENTS,#E8B84B
2027-03-28,209,Sunday,30,BEHIND,Shime Events & Planning,shime,https://shimeeventplaning.vercel.app,live,TikTok,"Behind the build 🔧

Shime Events & Planning: Playfair Display and Lato over navy and gold — the type does as much selling as the copy.

The unglamorous decisions are the ones that save you in month nine.

mulesoo.com

#EventPlanning #ShimeEvents #BilingualWeb #Amharic #MuleSoo",278,Playfair Display and Lato over navy and gold — the type does as much selling as the copy.,SHIME EVENTS,#E8B84B
2027-03-28,209,Sunday,30,BEHIND,Shime Events & Planning,shime,https://shimeeventplaning.vercel.app,live,X,"Shime Events & Planning — under the bonnet:

Playfair Display and Lato over navy and gold — the type does as much selling as the copy.",134,Playfair Display and Lato over navy and gold — the type does as much selling as the copy.,SHIME EVENTS,#E8B84B
2027-03-29,210,Monday,30,OFFER,Tsedi Catering & Events,tsedi,https://tsedicatering.vercel.app,live,LinkedIn,"Cooking for ninety and answering enquiries at the same time?

We built Tsedi Catering & Events for exactly that — scan the code, chat, book — the client never downloads anything.

Same system, your brand, your sector.

Tell us what your week looks like and we will tell you honestly whether software fixes it: mulesoo.com/contact

#CateringBusiness #QRBooking #TsediCatering",374,Cooking for ninety and answering enquiries at the same time?,TSEDI CATERING,#E8B84B
2027-03-29,210,Monday,30,OFFER,Tsedi Catering & Events,tsedi,https://tsedicatering.vercel.app,live,Instagram,"Cooking for ninety and answering enquiries at the same time? 🍽️

We built Tsedi Catering & Events to solve it — you get a check-in code you scan on the day.

Same system, your brand, your sector.

📩 mulesoo.com/contact
💬 wa.me/27688529333

#CateringBusiness #QRBooking #TsediCatering #AIAssistant #MuleSoo",308,Cooking for ninety and answering enquiries at the same time?,TSEDI CATERING,#E8B84B
2027-03-29,210,Monday,30,OFFER,Tsedi Catering & Events,tsedi,https://tsedicatering.vercel.app,live,Facebook,"Cooking for ninety and answering enquiries at the same time?

That is precisely why Tsedi Catering & Events exists — scan the code, chat, book — the client never downloads anything.

Same system, your brand, your sector. Message us and we will tell you straight whether this is worth it for your business.

📩 mulesoo.com/contact  ·  💬 wa.me/27688529333",354,Cooking for ninety and answering enquiries at the same time?,TSEDI CATERING,#E8B84B
2027-03-29,210,Monday,30,OFFER,Tsedi Catering & Events,tsedi,https://tsedicatering.vercel.app,live,TikTok,"Cooking for ninety and answering enquiries at the same time? 🍽️

We already built it once — Tsedi Catering & Events.

Same system, your brand, your sector.

mulesoo.com

#CateringBusiness #QRBooking #TsediCatering #AIAssistant #MuleSoo",236,Cooking for ninety and answering enquiries at the same time?,TSEDI CATERING,#E8B84B
2027-03-29,210,Monday,30,OFFER,Tsedi Catering & Events,tsedi,https://tsedicatering.vercel.app,live,X,"Cooking for ninety and answering enquiries at the same time?

We built Tsedi Catering & Events for exactly this.

mulesoo.com/contact",133,Cooking for ninety and answering enquiries at the same time?,TSEDI CATERING,#E8B84B
2027-03-30,211,Tuesday,31,SPOTLIGHT,TSI AI Booking Assistant,tsi,https://mulesoo.com/services/chatbot,live,LinkedIn,"This is TSI AI Booking Assistant, for hospitality & reservations.

In one line: a reservations assistant that answers, qualifies and books, around the clock.

The part that matters — it never gets tired, rude, or distracted by the lunch rush.

What the owner ends up with: your team freed from repeating the same six answers.

See it: https://mulesoo.com/services/chatbot

#AIChatbot #Hospitality #Reservations",410,We built TSI AI Booking Assistant.,TSI ASSISTANT,#00C8FF
2027-03-30,211,Tuesday,31,SPOTLIGHT,TSI AI Booking Assistant,tsi,https://mulesoo.com/services/chatbot,live,Instagram,"🤖 This is TSI AI Booking Assistant, for hospitality & reservations.

A reservations assistant that answers, qualifies and books, around the clock.

✨ it never gets tired, rude, or distracted by the lunch rush
✅ your team freed from repeating the same six answers

See it: https://mulesoo.com/services/chatbot

#AIChatbot #Hospitality #Reservations #CustomerService #MuleSoo",374,We built TSI AI Booking Assistant.,TSI ASSISTANT,#00C8FF
2027-03-30,211,Tuesday,31,SPOTLIGHT,TSI AI Booking Assistant,tsi,https://mulesoo.com/services/chatbot,live,Facebook,"This is TSI AI Booking Assistant, for hospitality & reservations.

It is a reservations assistant that answers, qualifies and books, around the clock.

The thing people notice first: it never gets tired, rude, or distracted by the lunch rush.

If you run a hotel or restaurant and this sounds like your week — we should talk. mulesoo.com",337,We built TSI AI Booking Assistant.,TSI ASSISTANT,#00C8FF
2027-03-30,211,Tuesday,31,SPOTLIGHT,TSI AI Booking Assistant,tsi,https://mulesoo.com/services/chatbot,live,TikTok,"POV: you run a hotel or restaurant. 🤖

We built TSI AI Booking Assistant.

It does one thing brilliantly: it never gets tired, rude, or distracted by the lunch rush.

Full build on mulesoo.com

#AIChatbot #Hospitality #Reservations #CustomerService #MuleSoo",258,We built TSI AI Booking Assistant.,TSI ASSISTANT,#00C8FF
2027-03-30,211,Tuesday,31,SPOTLIGHT,TSI AI Booking Assistant,tsi,https://mulesoo.com/services/chatbot,live,X,"This is TSI AI Booking Assistant, for hospitality & reservations. A reservations assistant that answers, qualifies and books, around the clock.

https://mulesoo.com/services/chatbot",181,We built TSI AI Booking Assistant.,TSI ASSISTANT,#00C8FF
2027-03-31,212,Wednesday,31,PROBLEM,Sena — AI Front Desk Receptionist,sena,https://mulesoo.com/ai-automation,building,LinkedIn,"A guest who cannot reach reception books the hotel next door. That is the entire loss.

That was the brief behind Sena — AI Front Desk Receptionist.

We building it around one idea: the guest gets a booking confirmation and a single-use QR guest ID.

A voice receptionist for hotels: the guest clicks Call Reception and Sena actually answers.

Still in build — follow along: mulesoo.com

#VoiceAI #HotelTech #Sena",413,A guest who cannot reach reception books the hotel next door. That is the entire loss.,SENA · IN BUILD,#7B2FFF
2027-03-31,212,Wednesday,31,PROBLEM,Sena — AI Front Desk Receptionist,sena,https://mulesoo.com/ai-automation,building,Instagram,"A guest who cannot reach reception books the hotel next door. That is the entire loss. 😮‍💨

So we building Sena — AI Front Desk Receptionist.

The guest gets a booking confirmation and a single-use QR guest ID.

Still in build — follow along: mulesoo.com

#VoiceAI #HotelTech #Sena #Hospitality #MuleSoo",305,A guest who cannot reach reception books the hotel next door. That is the entire loss.,SENA · IN BUILD,#7B2FFF
2027-03-31,212,Wednesday,31,PROBLEM,Sena — AI Front Desk Receptionist,sena,https://mulesoo.com/ai-automation,building,Facebook,"A guest who cannot reach reception books the hotel next door. That is the entire loss.

Every hotel we have spoken to says a version of that sentence.

Sena — AI Front Desk Receptionist exists to end it — the guest gets a booking confirmation and a single-use QR guest ID.

Still in build — follow along: mulesoo.com",316,A guest who cannot reach reception books the hotel next door. That is the entire loss.,SENA · IN BUILD,#7B2FFF
2027-03-31,212,Wednesday,31,PROBLEM,Sena — AI Front Desk Receptionist,sena,https://mulesoo.com/ai-automation,building,TikTok,"Tell me you run a hotel without telling me. 👇

""A guest who cannot reach reception books the hotel next door. That is the entire loss.""

That is why we building Sena — AI Front Desk Receptionist — the guest gets a booking confirmation and a single-use QR guest ID.

mulesoo.com

#VoiceAI #HotelTech #Sena #Hospitality #MuleSoo",327,A guest who cannot reach reception books the hotel next door. That is the entire loss.,SENA · IN BUILD,#7B2FFF
2027-03-31,212,Wednesday,31,PROBLEM,Sena — AI Front Desk Receptionist,sena,https://mulesoo.com/ai-automation,building,X,"A guest who cannot reach reception books the hotel next door. That is the entire loss.

So we building Sena.

https://mulesoo.com/ai-automation",143,A guest who cannot reach reception books the hotel next door. That is the entire loss.,SENA · IN BUILD,#7B2FFF
2027-04-01,213,Thursday,31,FUNNY,Yewogen Derash (ወገን ደራሽ),yewogen,https://mulesoo.com/case-studies,building,LinkedIn,"Each campaign gets its own QR. Scan it and you land on exactly one cause, not a homepage.

Behind the joke there is a real system: Yewogen Derash (ወገን ደራሽ) — a crowdfunding platform where every campaign owner is identity-verified and no two campaigns share a wallet.

Humour is just the shortest way to describe a problem everyone running a fundraising campaign already has.

Still in build — follow along: mulesoo.com

#Crowdfunding #Ethiopia #YewogenDerash",458,"Each campaign gets its own QR. Scan it and you land on exactly one cause, not a homepage.",YEWOGEN DERASH · IN BUILD,#00C8FF
2027-04-01,213,Thursday,31,FUNNY,Yewogen Derash (ወገን ደራሽ),yewogen,https://mulesoo.com/case-studies,building,Instagram,"Each campaign gets its own QR. Scan it and you land on exactly one cause, not a homepage. 😂

(Yewogen Derash (ወገን ደራሽ). Yes, it is real.)

Still in build — follow along: mulesoo.com

#Crowdfunding #Ethiopia #YewogenDerash #FinTech #MuleSoo",240,"Each campaign gets its own QR. Scan it and you land on exactly one cause, not a homepage.",YEWOGEN DERASH · IN BUILD,#00C8FF
2027-04-01,213,Thursday,31,FUNNY,Yewogen Derash (ወገን ደራሽ),yewogen,https://mulesoo.com/case-studies,building,Facebook,"Each campaign gets its own QR. Scan it and you land on exactly one cause, not a homepage.

True story from building Yewogen Derash (ወገን ደራሽ) — a crowdfunding platform where every campaign owner is identity-verified and no two campaigns share a wallet.

We built the verification before the donate button. Ask yourself how often that happens.

Still in build — follow along: mulesoo.com",385,"Each campaign gets its own QR. Scan it and you land on exactly one cause, not a homepage.",YEWOGEN DERASH · IN BUILD,#00C8FF
2027-04-01,213,Thursday,31,FUNNY,Yewogen Derash (ወገን ደራሽ),yewogen,https://mulesoo.com/case-studies,building,TikTok,"Each campaign gets its own QR. Scan it and you land on exactly one cause, not a homepage. 💀

Not a joke though — Yewogen Derash (ወገን ደራሽ) actually does this.

We built the verification before the donate button. Ask yourself how often that happens.

mulesoo.com

#Crowdfunding #Ethiopia #YewogenDerash #FinTech #MuleSoo",319,"Each campaign gets its own QR. Scan it and you land on exactly one cause, not a homepage.",YEWOGEN DERASH · IN BUILD,#00C8FF
2027-04-01,213,Thursday,31,FUNNY,Yewogen Derash (ወገን ደራሽ),yewogen,https://mulesoo.com/case-studies,building,X,"Each campaign gets its own QR. Scan it and you land on exactly one cause, not a homepage.

— from building Yewogen Derash",121,"Each campaign gets its own QR. Scan it and you land on exactly one cause, not a homepage.",YEWOGEN DERASH · IN BUILD,#00C8FF
2027-04-02,214,Friday,31,HOWTO,Pretoria Kidane Mihret Church Platform,church,https://mulesoo.com/portfolio,live,LinkedIn,"Something Pretoria Kidane Mihret Church Platform taught us:

Recurring liturgical events need a real calendar model, not a list of dates typed by hand.

Two more from the same build:

• Dignity in design is mostly subtraction. Remove the animation that is drawing attention to itself.
• Amharic is not a translation layer. Design the type, the line height and the spacing for it from the start.

All three are in the live product, not in a slide deck. See it: https://mulesoo.com/portfolio

#ChurchWebsite #Amharic #Bilingual",525,"Recurring liturgical events need a real calendar model, not a list of dates typed by hand.",KIDANE MIHRET,#E8B84B
2027-04-02,214,Friday,31,HOWTO,Pretoria Kidane Mihret Church Platform,church,https://mulesoo.com/portfolio,live,Instagram,"Lesson from building Pretoria Kidane Mihret Church Platform ⛪

📌 Recurring liturgical events need a real calendar model, not a list of dates typed by hand.

Save this one — it applies far beyond this one project.

#ChurchWebsite #Amharic #Bilingual #Pretoria #MuleSoo",268,"Recurring liturgical events need a real calendar model, not a list of dates typed by hand.",KIDANE MIHRET,#E8B84B
2027-04-02,214,Friday,31,HOWTO,Pretoria Kidane Mihret Church Platform,church,https://mulesoo.com/portfolio,live,Facebook,"A free lesson from building Pretoria Kidane Mihret Church Platform:

Recurring liturgical events need a real calendar model, not a list of dates typed by hand.

It sounds small. It is the difference between a system that works and one that quietly loses you money.

More of how we build: mulesoo.com",299,"Recurring liturgical events need a real calendar model, not a list of dates typed by hand.",KIDANE MIHRET,#E8B84B
2027-04-02,214,Friday,31,HOWTO,Pretoria Kidane Mihret Church Platform,church,https://mulesoo.com/portfolio,live,TikTok,"Free game from a real build 🧠

Recurring liturgical events need a real calendar model, not a list of dates typed by hand.

Learned it building Pretoria Kidane Mihret Church Platform.

mulesoo.com

#ChurchWebsite #Amharic #Bilingual #Pretoria #MuleSoo",251,"Recurring liturgical events need a real calendar model, not a list of dates typed by hand.",KIDANE MIHRET,#E8B84B
2027-04-02,214,Friday,31,HOWTO,Pretoria Kidane Mihret Church Platform,church,https://mulesoo.com/portfolio,live,X,"Recurring liturgical events need a real calendar model, not a list of dates typed by hand.

— learned building Pretoria Kidane Mihret Church Platform",149,"Recurring liturgical events need a real calendar model, not a list of dates typed by hand.",KIDANE MIHRET,#E8B84B
2027-04-03,215,Saturday,31,PROOF,DR. Hospital — AI Clinic System,drhospital,https://mulesoo.com/case-studies,building,LinkedIn,"What DR. Hospital — AI Clinic System actually does — not adjectives, features:

• reception freed from the phone during consulting hours
• intake completed before the patient arrives
• one system for appointments, records and follow-up

In active build — nothing here is launched yet. Still in build — follow along: mulesoo.com

No invented statistics on this page. Open it and check for yourself.

#HealthTech #ClinicSoftware #AIIntake",436,"One system for appointments, records and follow-up.",DR. HOSPITAL · IN BUILD,#00FF88
2027-04-03,215,Saturday,31,PROOF,DR. Hospital — AI Clinic System,drhospital,https://mulesoo.com/case-studies,building,Instagram,"🩺 DR. Hospital — AI Clinic System — what you actually get:

✅ reception freed from the phone during consulting hours
✅ intake completed before the patient arrives
✅ one system for appointments, records and follow-up

In active build — nothing here is launched yet.

Still in build — follow along: mulesoo.com

#HealthTech #ClinicSoftware #AIIntake #POPIA #MuleSoo",364,"One system for appointments, records and follow-up.",DR. HOSPITAL · IN BUILD,#00FF88
2027-04-03,215,Saturday,31,PROOF,DR. Hospital — AI Clinic System,drhospital,https://mulesoo.com/case-studies,building,Facebook,"People ask what ""DR. Hospital — AI Clinic System"" really means. Plainly:

✅ reception freed from the phone during consulting hours
✅ intake completed before the patient arrives
✅ one system for appointments, records and follow-up

In active build — nothing here is launched yet. Still in build — follow along: mulesoo.com",321,"One system for appointments, records and follow-up.",DR. HOSPITAL · IN BUILD,#00FF88
2027-04-03,215,Saturday,31,PROOF,DR. Hospital — AI Clinic System,drhospital,https://mulesoo.com/case-studies,building,TikTok,"Three things DR. Hospital — AI Clinic System does that a normal clinic setup cannot 👇

1. reception freed from the phone during consulting hours
2. intake completed before the patient arrives
3. one system for appointments, records and follow-up

In active build — nothing here is launched yet.

mulesoo.com

#HealthTech #ClinicSoftware #AIIntake #POPIA #MuleSoo",363,"One system for appointments, records and follow-up.",DR. HOSPITAL · IN BUILD,#00FF88
2027-04-03,215,Saturday,31,PROOF,DR. Hospital — AI Clinic System,drhospital,https://mulesoo.com/case-studies,building,X,"DR. Hospital — AI Clinic System:
• reception freed from the phone during consulting hours
• intake completed before the patient arrives

https://mulesoo.com/case-studies",169,"One system for appointments, records and follow-up.",DR. HOSPITAL · IN BUILD,#00FF88
2027-04-04,216,Sunday,31,BEHIND,MuleSoo Guides & Digital Store,guides,https://mulesoo.com/store,live,LinkedIn,"Under the bonnet of MuleSoo Guides & Digital Store:

The store runs on the same admin panel as the leads and bookings — one business, one system.

Every guide is generated from the same toolchain we use for client documents.

None of this is visible to the client, and all of it is why the thing keeps working in month nine.

See it: https://mulesoo.com/store

#DigitalProducts #ClaudeCode #LearnToBuild",403,"The store runs on the same admin panel as the leads and bookings — one business, one system.",MULESOO STORE,#E8B84B
2027-04-04,216,Sunday,31,BEHIND,MuleSoo Guides & Digital Store,guides,https://mulesoo.com/store,live,Instagram,"Behind the build 🔧 MuleSoo Guides & Digital Store

The store runs on the same admin panel as the leads and bookings — one business, one system.

The boring decisions are the ones that hold.

#DigitalProducts #ClaudeCode #LearnToBuild #PassiveIncome #MuleSoo",258,"The store runs on the same admin panel as the leads and bookings — one business, one system.",MULESOO STORE,#E8B84B
2027-04-04,216,Sunday,31,BEHIND,MuleSoo Guides & Digital Store,guides,https://mulesoo.com/store,live,Facebook,"A look behind MuleSoo Guides & Digital Store:

The store runs on the same admin panel as the leads and bookings — one business, one system.

Every guide is generated from the same toolchain we use for client documents.

We build the invisible parts properly. That is the whole difference between a demo and a system you can run a business on.",342,"The store runs on the same admin panel as the leads and bookings — one business, one system.",MULESOO STORE,#E8B84B
2027-04-04,216,Sunday,31,BEHIND,MuleSoo Guides & Digital Store,guides,https://mulesoo.com/store,live,TikTok,"Behind the build 🔧

MuleSoo Guides & Digital Store: The store runs on the same admin panel as the leads and bookings — one business, one system.

The unglamorous decisions are the ones that save you in month nine.

mulesoo.com

#DigitalProducts #ClaudeCode #LearnToBuild #PassiveIncome #MuleSoo",295,"The store runs on the same admin panel as the leads and bookings — one business, one system.",MULESOO STORE,#E8B84B
2027-04-04,216,Sunday,31,BEHIND,MuleSoo Guides & Digital Store,guides,https://mulesoo.com/store,live,X,"MuleSoo Guides & Digital Store — under the bonnet:

The store runs on the same admin panel as the leads and bookings — one business, one system.",144,"The store runs on the same admin panel as the leads and bookings — one business, one system.",MULESOO STORE,#E8B84B
2027-04-05,217,Monday,31,OFFER,MuleSoo Digital Services,mulesoo,https://mulesoo.com,live,LinkedIn,"Want the same engine under your own brand?

We built MuleSoo Digital Services for exactly that — an AI assistant that walks a client end-to-end and hands them a branded PDF agreement with a QR code on it.

Same system, your brand, your sector.

Tell us what your week looks like and we will tell you honestly whether software fixes it: mulesoo.com/contact

#MuleSoo #WebDesignPretoria #AIforBusiness",399,Want the same engine under your own brand?,MULESOO PLATFORM,#00C8FF
2027-04-05,217,Monday,31,OFFER,MuleSoo Digital Services,mulesoo,https://mulesoo.com,live,Instagram,"Want the same engine under your own brand? 🛠️

We built MuleSoo Digital Services to solve it — you get one secure command centre: leads, bookings, content, pricing, payments.

Same system, your brand, your sector.

📩 mulesoo.com/contact
💬 wa.me/27688529333

#MuleSoo #WebDesignPretoria #AIforBusiness #SouthAfricaTech #NextJS",328,Want the same engine under your own brand?,MULESOO PLATFORM,#00C8FF
2027-04-05,217,Monday,31,OFFER,MuleSoo Digital Services,mulesoo,https://mulesoo.com,live,Facebook,"Want the same engine under your own brand?

That is precisely why MuleSoo Digital Services exists — an AI assistant that walks a client end-to-end and hands them a branded PDF agreement with a QR code on it.

Same system, your brand, your sector. Message us and we will tell you straight whether this is worth it for your business.

📩 mulesoo.com/contact  ·  💬 wa.me/27688529333",380,Want the same engine under your own brand?,MULESOO PLATFORM,#00C8FF
2027-04-05,217,Monday,31,OFFER,MuleSoo Digital Services,mulesoo,https://mulesoo.com,live,TikTok,"Want the same engine under your own brand? 🛠️

We already built it once — MuleSoo Digital Services.

Same system, your brand, your sector.

mulesoo.com

#MuleSoo #WebDesignPretoria #AIforBusiness #SouthAfricaTech #NextJS",221,Want the same engine under your own brand?,MULESOO PLATFORM,#00C8FF
2027-04-05,217,Monday,31,OFFER,MuleSoo Digital Services,mulesoo,https://mulesoo.com,live,X,"Want the same engine under your own brand?

We built MuleSoo Digital Services for exactly this.

mulesoo.com/contact",116,Want the same engine under your own brand?,MULESOO PLATFORM,#00C8FF
2027-04-06,218,Tuesday,32,SPOTLIGHT,Habesha Celebration Events,habesha,https://habeshaeventsplanner.netlify.app,live,LinkedIn,"This is Habesha Celebration Events, for Ethiopian wedding & event planning.

In one line: an elegant events platform that turns wedding dreams into confirmed bookings, 24/7.

The part that matters — a brand presence that makes a family trust you with the biggest day of their life.

What the owner ends up with: one link that does the work of a hundred WhatsApp explanations.

See it: https://habeshaeventsplanner.netlify.app

#HabeshaEvents #EthiopianWedding #EventPlanner",473,We built Habesha Celebration Events.,HABESHA EVENTS,#7B2FFF
2027-04-06,218,Tuesday,32,SPOTLIGHT,Habesha Celebration Events,habesha,https://habeshaeventsplanner.netlify.app,live,Instagram,"💍 This is Habesha Celebration Events, for Ethiopian wedding & event planning.

An elegant events platform that turns wedding dreams into confirmed bookings, 24/7.

✨ a brand presence that makes a family trust you with the biggest day of their life
✅ one link that does the work of a hundred WhatsApp explanations

See it: https://habeshaeventsplanner.netlify.app

#HabeshaEvents #EthiopianWedding #EventPlanner #WeddingSA #MuleSoo",431,We built Habesha Celebration Events.,HABESHA EVENTS,#7B2FFF
2027-04-06,218,Tuesday,32,SPOTLIGHT,Habesha Celebration Events,habesha,https://habeshaeventsplanner.netlify.app,live,Facebook,"This is Habesha Celebration Events, for Ethiopian wedding & event planning.

It is an elegant events platform that turns wedding dreams into confirmed bookings, 24/7.

The thing people notice first: a brand presence that makes a family trust you with the biggest day of their life.

If you run a wedding & events business and this sounds like your week — we should talk. mulesoo.com",382,We built Habesha Celebration Events.,HABESHA EVENTS,#7B2FFF
2027-04-06,218,Tuesday,32,SPOTLIGHT,Habesha Celebration Events,habesha,https://habeshaeventsplanner.netlify.app,live,TikTok,"POV: you run a wedding & events business. 💍

We built Habesha Celebration Events.

It does one thing brilliantly: a brand presence that makes a family trust you with the biggest day of their life.

Full build on mulesoo.com

#HabeshaEvents #EthiopianWedding #EventPlanner #WeddingSA #MuleSoo",292,We built Habesha Celebration Events.,HABESHA EVENTS,#7B2FFF
2027-04-06,218,Tuesday,32,SPOTLIGHT,Habesha Celebration Events,habesha,https://habeshaeventsplanner.netlify.app,live,X,"This is Habesha Celebration Events, for Ethiopian wedding & event planning. An elegant events platform that turns wedding dreams into confirmed bookings, 24/7.

https://habeshaeventsplanner.netlify.app",201,We built Habesha Celebration Events.,HABESHA EVENTS,#7B2FFF
2027-04-07,219,Wednesday,32,PROBLEM,YoYo Gym — AI Membership Platform,yoyogym,https://yoyogym.vercel.app,live,LinkedIn,"""Did he pay this month?"" should be a database query, not a memory test.

That was the brief behind YoYo Gym — AI Membership Platform.

We built it around one idea: a browser that never touches the database directly — every request goes through the server, POPIA-first.

A full gym membership, booking and check-in system that runs the floor on autopilot.

See it: https://yoyogym.vercel.app

#GymSoftware #FitnessBusiness #YoYoGym",430,"""Did he pay this month?"" should be a database query, not a memory test.",YOYO GYM,#00FF88
2027-04-07,219,Wednesday,32,PROBLEM,YoYo Gym — AI Membership Platform,yoyogym,https://yoyogym.vercel.app,live,Instagram,"""Did he pay this month?"" should be a database query, not a memory test. 😮‍💨

So we built YoYo Gym — AI Membership Platform.

A browser that never touches the database directly — every request goes through the server, POPIA-first.

See it: https://yoyogym.vercel.app

#GymSoftware #FitnessBusiness #YoYoGym #MembershipSystem #MuleSoo",334,"""Did he pay this month?"" should be a database query, not a memory test.",YOYO GYM,#00FF88
2027-04-07,219,Wednesday,32,PROBLEM,YoYo Gym — AI Membership Platform,yoyogym,https://yoyogym.vercel.app,live,Facebook,"""Did he pay this month?"" should be a database query, not a memory test.

Every gym we have spoken to says a version of that sentence.

YoYo Gym — AI Membership Platform exists to end it — a browser that never touches the database directly — every request goes through the server, POPIA-first.

See it: https://yoyogym.vercel.app",328,"""Did he pay this month?"" should be a database query, not a memory test.",YOYO GYM,#00FF88
2027-04-07,219,Wednesday,32,PROBLEM,YoYo Gym — AI Membership Platform,yoyogym,https://yoyogym.vercel.app,live,TikTok,"Tell me you run a gym without telling me. 👇

""""Did he pay this month?"" should be a database query, not a memory test.""

That is why we built YoYo Gym — AI Membership Platform — a browser that never touches the database directly — every request goes through the server, POPIA-first.

mulesoo.com

#GymSoftware #FitnessBusiness #YoYoGym #MembershipSystem #MuleSoo",362,"""Did he pay this month?"" should be a database query, not a memory test.",YOYO GYM,#00FF88
2027-04-07,219,Wednesday,32,PROBLEM,YoYo Gym — AI Membership Platform,yoyogym,https://yoyogym.vercel.app,live,X,"""Did he pay this month?"" should be a database query, not a memory test.

So we built YoYo Gym.

https://yoyogym.vercel.app",122,"""Did he pay this month?"" should be a database query, not a memory test.",YOYO GYM,#00FF88
2027-04-08,220,Thursday,32,FUNNY,X-Boss Photography Studio,xboss,https://xbossphotography.vercel.app,live,LinkedIn,"The PDF is signable. The client cannot say ""I thought it was Tuesday"" any more.

Behind the joke there is a real system: X-Boss Photography Studio — a dark-luxury booking system with an AI assistant, an admin dashboard and signable PDF confirmations.

Humour is just the shortest way to describe a problem everyone running a photography studio already has.

See it: https://xbossphotography.vercel.app

#PhotographyBusiness #StudioBooking #XBoss",445,"The PDF is signable. The client cannot say ""I thought it was Tuesday"" any more.",X-BOSS PHOTOGRAPHY,#E8B84B
2027-04-08,220,Thursday,32,FUNNY,X-Boss Photography Studio,xboss,https://xbossphotography.vercel.app,live,Instagram,"The PDF is signable. The client cannot say ""I thought it was Tuesday"" any more. 😂

(X-Boss Photography Studio. Yes, it is real.)

See it: https://xbossphotography.vercel.app

#PhotographyBusiness #StudioBooking #XBoss #BookingSystem #MuleSoo",242,"The PDF is signable. The client cannot say ""I thought it was Tuesday"" any more.",X-BOSS PHOTOGRAPHY,#E8B84B
2027-04-08,220,Thursday,32,FUNNY,X-Boss Photography Studio,xboss,https://xbossphotography.vercel.app,live,Facebook,"The PDF is signable. The client cannot say ""I thought it was Tuesday"" any more.

True story from building X-Boss Photography Studio — a dark-luxury booking system with an AI assistant, an admin dashboard and signable PDF confirmations.

There is a QR page you can print and stick on the studio door. Very low-tech. Extremely effective.

See it: https://xbossphotography.vercel.app",380,"The PDF is signable. The client cannot say ""I thought it was Tuesday"" any more.",X-BOSS PHOTOGRAPHY,#E8B84B
2027-04-08,220,Thursday,32,FUNNY,X-Boss Photography Studio,xboss,https://xbossphotography.vercel.app,live,TikTok,"The PDF is signable. The client cannot say ""I thought it was Tuesday"" any more. 💀

Not a joke though — X-Boss Photography Studio actually does this.

There is a QR page you can print and stick on the studio door. Very low-tech. Extremely effective.

mulesoo.com

#PhotographyBusiness #StudioBooking #XBoss #BookingSystem #MuleSoo",330,"The PDF is signable. The client cannot say ""I thought it was Tuesday"" any more.",X-BOSS PHOTOGRAPHY,#E8B84B
2027-04-08,220,Thursday,32,FUNNY,X-Boss Photography Studio,xboss,https://xbossphotography.vercel.app,live,X,"The PDF is signable. The client cannot say ""I thought it was Tuesday"" any more.

— from building X-Boss Photography Studio",122,"The PDF is signable. The client cannot say ""I thought it was Tuesday"" any more.",X-BOSS PHOTOGRAPHY,#E8B84B
2027-04-09,221,Friday,32,HOWTO,Shime Events & Planning,shime,https://shimeeventplaning.vercel.app,live,LinkedIn,"Something Shime Events & Planning taught us:

Tie deposits to package tiers in the system. Manual quoting is where the margin quietly dies.

Two more from the same build:

• Terms acceptance must be a recorded event with a timestamp, not a checkbox that vanishes.
• Translate the buttons and the errors, not just the headings. Half-translated feels worse than untranslated.

All three are in the live product, not in a slide deck. See it: https://shimeeventplaning.vercel.app

#EventPlanning #ShimeEvents #BilingualWeb",518,Tie deposits to package tiers in the system. Manual quoting is where the margin quietly dies.,SHIME EVENTS,#E8B84B
2027-04-09,221,Friday,32,HOWTO,Shime Events & Planning,shime,https://shimeeventplaning.vercel.app,live,Instagram,"Lesson from building Shime Events & Planning 🎊

📌 Tie deposits to package tiers in the system. Manual quoting is where the margin quietly dies.

Save this one — it applies far beyond this one project.

#EventPlanning #ShimeEvents #BilingualWeb #Amharic #MuleSoo",263,Tie deposits to package tiers in the system. Manual quoting is where the margin quietly dies.,SHIME EVENTS,#E8B84B
2027-04-09,221,Friday,32,HOWTO,Shime Events & Planning,shime,https://shimeeventplaning.vercel.app,live,Facebook,"A free lesson from building Shime Events & Planning:

Tie deposits to package tiers in the system. Manual quoting is where the margin quietly dies.

It sounds small. It is the difference between a system that works and one that quietly loses you money.

More of how we build: mulesoo.com",287,Tie deposits to package tiers in the system. Manual quoting is where the margin quietly dies.,SHIME EVENTS,#E8B84B
2027-04-09,221,Friday,32,HOWTO,Shime Events & Planning,shime,https://shimeeventplaning.vercel.app,live,TikTok,"Free game from a real build 🧠

Tie deposits to package tiers in the system. Manual quoting is where the margin quietly dies.

Learned it building Shime Events & Planning.

mulesoo.com

#EventPlanning #ShimeEvents #BilingualWeb #Amharic #MuleSoo",245,Tie deposits to package tiers in the system. Manual quoting is where the margin quietly dies.,SHIME EVENTS,#E8B84B
2027-04-09,221,Friday,32,HOWTO,Shime Events & Planning,shime,https://shimeeventplaning.vercel.app,live,X,"Tie deposits to package tiers in the system. Manual quoting is where the margin quietly dies.

— learned building Shime Events & Planning",137,Tie deposits to package tiers in the system. Manual quoting is where the margin quietly dies.,SHIME EVENTS,#E8B84B
2027-04-10,222,Saturday,32,PROOF,Tsedi Catering & Events,tsedi,https://tsedicatering.vercel.app,live,LinkedIn,"What Tsedi Catering & Events actually does — not adjectives, features:

• bookings taken with both hands still in the kitchen
• deposits paid before you buy a single ingredient
• a check-in code you scan on the day

Live now. See it: https://tsedicatering.vercel.app

No invented statistics on this page. Open it and check for yourself.

#CateringBusiness #QRBooking #TsediCatering",381,A check-in code you scan on the day.,TSEDI CATERING,#E8B84B
2027-04-10,222,Saturday,32,PROOF,Tsedi Catering & Events,tsedi,https://tsedicatering.vercel.app,live,Instagram,"🍽️ Tsedi Catering & Events — what you actually get:

✅ bookings taken with both hands still in the kitchen
✅ deposits paid before you buy a single ingredient
✅ a check-in code you scan on the day

Live now.

See it: https://tsedicatering.vercel.app

#CateringBusiness #QRBooking #TsediCatering #AIAssistant #MuleSoo",316,A check-in code you scan on the day.,TSEDI CATERING,#E8B84B
2027-04-10,222,Saturday,32,PROOF,Tsedi Catering & Events,tsedi,https://tsedicatering.vercel.app,live,Facebook,"People ask what ""Tsedi Catering & Events"" really means. Plainly:

✅ bookings taken with both hands still in the kitchen
✅ deposits paid before you buy a single ingredient
✅ a check-in code you scan on the day

Live now. See it: https://tsedicatering.vercel.app",260,A check-in code you scan on the day.,TSEDI CATERING,#E8B84B
2027-04-10,222,Saturday,32,PROOF,Tsedi Catering & Events,tsedi,https://tsedicatering.vercel.app,live,TikTok,"Three things Tsedi Catering & Events does that a normal catering business setup cannot 👇

1. bookings taken with both hands still in the kitchen
2. deposits paid before you buy a single ingredient
3. a check-in code you scan on the day

Live now.

mulesoo.com

#CateringBusiness #QRBooking #TsediCatering #AIAssistant #MuleSoo",327,A check-in code you scan on the day.,TSEDI CATERING,#E8B84B
2027-04-10,222,Saturday,32,PROOF,Tsedi Catering & Events,tsedi,https://tsedicatering.vercel.app,live,X,"Tsedi Catering & Events:
• bookings taken with both hands still in the kitchen
• deposits paid before you buy a single ingredient

https://tsedicatering.vercel.app",163,A check-in code you scan on the day.,TSEDI CATERING,#E8B84B
2027-04-11,223,Sunday,32,BEHIND,TSI AI Booking Assistant,tsi,https://mulesoo.com/services/chatbot,live,LinkedIn,"Under the bonnet of TSI AI Booking Assistant:

Every conversation is logged, so the FAQ gets written from evidence instead of guesswork.

Grounded strictly in the client's real services and prices — it is forbidden from inventing anything.

None of this is visible to the client, and all of it is why the thing keeps working in month nine.

See it: https://mulesoo.com/services/chatbot

#AIChatbot #Hospitality #Reservations",424,"Every conversation is logged, so the FAQ gets written from evidence instead of guesswork.",TSI ASSISTANT,#00C8FF
2027-04-11,223,Sunday,32,BEHIND,TSI AI Booking Assistant,tsi,https://mulesoo.com/services/chatbot,live,Instagram,"Behind the build 🔧 TSI AI Booking Assistant

Every conversation is logged, so the FAQ gets written from evidence instead of guesswork.

The boring decisions are the ones that hold.

#AIChatbot #Hospitality #Reservations #CustomerService #MuleSoo",246,"Every conversation is logged, so the FAQ gets written from evidence instead of guesswork.",TSI ASSISTANT,#00C8FF
2027-04-11,223,Sunday,32,BEHIND,TSI AI Booking Assistant,tsi,https://mulesoo.com/services/chatbot,live,Facebook,"A look behind TSI AI Booking Assistant:

Every conversation is logged, so the FAQ gets written from evidence instead of guesswork.

Grounded strictly in the client's real services and prices — it is forbidden from inventing anything.

We build the invisible parts properly. That is the whole difference between a demo and a system you can run a business on.",357,"Every conversation is logged, so the FAQ gets written from evidence instead of guesswork.",TSI ASSISTANT,#00C8FF
2027-04-11,223,Sunday,32,BEHIND,TSI AI Booking Assistant,tsi,https://mulesoo.com/services/chatbot,live,TikTok,"Behind the build 🔧

TSI AI Booking Assistant: Every conversation is logged, so the FAQ gets written from evidence instead of guesswork.

The unglamorous decisions are the ones that save you in month nine.

mulesoo.com

#AIChatbot #Hospitality #Reservations #CustomerService #MuleSoo",283,"Every conversation is logged, so the FAQ gets written from evidence instead of guesswork.",TSI ASSISTANT,#00C8FF
2027-04-11,223,Sunday,32,BEHIND,TSI AI Booking Assistant,tsi,https://mulesoo.com/services/chatbot,live,X,"TSI AI Booking Assistant — under the bonnet:

Every conversation is logged, so the FAQ gets written from evidence instead of guesswork.",135,"Every conversation is logged, so the FAQ gets written from evidence instead of guesswork.",TSI ASSISTANT,#00C8FF
2027-04-12,224,Monday,32,OFFER,Sena — AI Front Desk Receptionist,sena,https://mulesoo.com/ai-automation,building,LinkedIn,"Run a hotel? This one is nearly ready — early partners welcome.

We building Sena — AI Front Desk Receptionist for exactly that — she says plainly that she is an AI, before anything else.

Early partners get it first, at build pricing.

Tell us what your week looks like and we will tell you honestly whether software fixes it: mulesoo.com/contact

#VoiceAI #HotelTech #Sena",374,Run a hotel? This one is nearly ready — early partners welcome.,SENA · IN BUILD,#7B2FFF
2027-04-12,224,Monday,32,OFFER,Sena — AI Front Desk Receptionist,sena,https://mulesoo.com/ai-automation,building,Instagram,"Run a hotel? This one is nearly ready — early partners welcome. 🏨

We building Sena — AI Front Desk Receptionist to solve it — you get a single-use QR guest ID scanned at the door.

Early partners get it first, at build pricing.

📩 mulesoo.com/contact
💬 wa.me/27688529333

#VoiceAI #HotelTech #Sena #Hospitality #MuleSoo",323,Run a hotel? This one is nearly ready — early partners welcome.,SENA · IN BUILD,#7B2FFF
2027-04-12,224,Monday,32,OFFER,Sena — AI Front Desk Receptionist,sena,https://mulesoo.com/ai-automation,building,Facebook,"Run a hotel? This one is nearly ready — early partners welcome.

That is precisely why Sena — AI Front Desk Receptionist exists — she says plainly that she is an AI, before anything else.

Early partners get it first, at build pricing. Message us and we will tell you straight whether this is worth it for your business.

📩 mulesoo.com/contact  ·  💬 wa.me/27688529333",369,Run a hotel? This one is nearly ready — early partners welcome.,SENA · IN BUILD,#7B2FFF
2027-04-12,224,Monday,32,OFFER,Sena — AI Front Desk Receptionist,sena,https://mulesoo.com/ai-automation,building,TikTok,"Run a hotel? This one is nearly ready — early partners welcome. 🏨

We already building it once — Sena — AI Front Desk Receptionist.

Early partners get it first, at build pricing.

mulesoo.com

#VoiceAI #HotelTech #Sena #Hospitality #MuleSoo",242,Run a hotel? This one is nearly ready — early partners welcome.,SENA · IN BUILD,#7B2FFF
2027-04-12,224,Monday,32,OFFER,Sena — AI Front Desk Receptionist,sena,https://mulesoo.com/ai-automation,building,X,"Run a hotel? This one is nearly ready — early partners welcome.

We building Sena — AI Front Desk Receptionist for exactly this.

mulesoo.com/contact",149,Run a hotel? This one is nearly ready — early partners welcome.,SENA · IN BUILD,#7B2FFF
2027-04-13,225,Tuesday,33,SPOTLIGHT,Yewogen Derash (ወገን ደራሽ),yewogen,https://mulesoo.com/case-studies,building,LinkedIn,"This is Yewogen Derash (ወገን ደራሽ), for crowdfunding for Ethiopia.

In one line: a crowdfunding platform where every campaign owner is identity-verified and no two campaigns share a wallet.

The part that matters — no payment is marked successful until the gateway webhook verifies it.

What the owner ends up with: payments only confirmed by verified webhooks.

Still in build — follow along: mulesoo.com

#Crowdfunding #Ethiopia #YewogenDerash",443,We building Yewogen Derash (ወገን ደራሽ).,YEWOGEN DERASH · IN BUILD,#00C8FF
2027-04-13,225,Tuesday,33,SPOTLIGHT,Yewogen Derash (ወገን ደራሽ),yewogen,https://mulesoo.com/case-studies,building,Instagram,"🤝 This is Yewogen Derash (ወገን ደራሽ), for crowdfunding for Ethiopia.

A crowdfunding platform where every campaign owner is identity-verified and no two campaigns share a wallet.

✨ no payment is marked successful until the gateway webhook verifies it
✅ payments only confirmed by verified webhooks

Still in build — follow along: mulesoo.com

#Crowdfunding #Ethiopia #YewogenDerash #FinTech #MuleSoo",399,We building Yewogen Derash (ወገን ደራሽ).,YEWOGEN DERASH · IN BUILD,#00C8FF
2027-04-13,225,Tuesday,33,SPOTLIGHT,Yewogen Derash (ወገን ደራሽ),yewogen,https://mulesoo.com/case-studies,building,Facebook,"This is Yewogen Derash (ወገን ደራሽ), for crowdfunding for Ethiopia.

It is a crowdfunding platform where every campaign owner is identity-verified and no two campaigns share a wallet.

The thing people notice first: no payment is marked successful until the gateway webhook verifies it.

If you run a fundraising campaign and this sounds like your week — we should talk. mulesoo.com",379,We building Yewogen Derash (ወገን ደራሽ).,YEWOGEN DERASH · IN BUILD,#00C8FF
2027-04-13,225,Tuesday,33,SPOTLIGHT,Yewogen Derash (ወገን ደራሽ),yewogen,https://mulesoo.com/case-studies,building,TikTok,"POV: you run a fundraising campaign. 🤝

We building Yewogen Derash (ወገን ደራሽ).

It does one thing brilliantly: no payment is marked successful until the gateway webhook verifies it.

Full build on mulesoo.com

#Crowdfunding #Ethiopia #YewogenDerash #FinTech #MuleSoo",266,We building Yewogen Derash (ወገን ደራሽ).,YEWOGEN DERASH · IN BUILD,#00C8FF
2027-04-13,225,Tuesday,33,SPOTLIGHT,Yewogen Derash (ወገን ደራሽ),yewogen,https://mulesoo.com/case-studies,building,X,"This is Yewogen Derash (ወገን ደራሽ), for crowdfunding for Ethiopia. A crowdfunding platform where every campaign owner is identity-verified and no two campaigns share a wallet.

https://mulesoo.com/case-studies",207,We building Yewogen Derash (ወገን ደራሽ).,YEWOGEN DERASH · IN BUILD,#00C8FF
2027-04-14,226,Wednesday,33,PROBLEM,Pretoria Kidane Mihret Church Platform,church,https://mulesoo.com/portfolio,live,LinkedIn,"A church cannot pay a developer every time a service time moves.

That was the brief behind Pretoria Kidane Mihret Church Platform.

We built it around one idea: a liturgical calendar that understands feasts and recurring events.

A bilingual Amharic and English home for a parish, with the whole site editable by the church itself.

See it: https://mulesoo.com/portfolio

#ChurchWebsite #Amharic #Bilingual",407,A church cannot pay a developer every time a service time moves.,KIDANE MIHRET,#E8B84B
2027-04-14,226,Wednesday,33,PROBLEM,Pretoria Kidane Mihret Church Platform,church,https://mulesoo.com/portfolio,live,Instagram,"A church cannot pay a developer every time a service time moves. 😮‍💨

So we built Pretoria Kidane Mihret Church Platform.

A liturgical calendar that understands feasts and recurring events.

See it: https://mulesoo.com/portfolio

#ChurchWebsite #Amharic #Bilingual #Pretoria #MuleSoo",286,A church cannot pay a developer every time a service time moves.,KIDANE MIHRET,#E8B84B
2027-04-14,226,Wednesday,33,PROBLEM,Pretoria Kidane Mihret Church Platform,church,https://mulesoo.com/portfolio,live,Facebook,"A church cannot pay a developer every time a service time moves.

Every church or community organisation we have spoken to says a version of that sentence.

Pretoria Kidane Mihret Church Platform exists to end it — a liturgical calendar that understands feasts and recurring events.

See it: https://mulesoo.com/portfolio",321,A church cannot pay a developer every time a service time moves.,KIDANE MIHRET,#E8B84B
2027-04-14,226,Wednesday,33,PROBLEM,Pretoria Kidane Mihret Church Platform,church,https://mulesoo.com/portfolio,live,TikTok,"Tell me you run a church or community organisation without telling me. 👇

""A church cannot pay a developer every time a service time moves.""

That is why we built Pretoria Kidane Mihret Church Platform — a liturgical calendar that understands feasts and recurring events.

mulesoo.com

#ChurchWebsite #Amharic #Bilingual #Pretoria #MuleSoo",340,A church cannot pay a developer every time a service time moves.,KIDANE MIHRET,#E8B84B
2027-04-14,226,Wednesday,33,PROBLEM,Pretoria Kidane Mihret Church Platform,church,https://mulesoo.com/portfolio,live,X,"A church cannot pay a developer every time a service time moves.

So we built Pretoria Kidane Mihret Church Platform.

https://mulesoo.com/portfolio",148,A church cannot pay a developer every time a service time moves.,KIDANE MIHRET,#E8B84B
2027-04-15,227,Thursday,33,FUNNY,DR. Hospital — AI Clinic System,drhospital,https://mulesoo.com/case-studies,building,LinkedIn,"Yes, this one is still in build. We would rather say that than fake a launch.

Behind the joke there is a real system: DR. Hospital — AI Clinic System — a clinic and hospital management system with AI intake — currently in active development.

Humour is just the shortest way to describe a problem everyone running a clinic already has.

Still in build — follow along: mulesoo.com

#HealthTech #ClinicSoftware #AIIntake",419,"Yes, this one is still in build. We would rather say that than fake a launch.",DR. HOSPITAL · IN BUILD,#00FF88
2027-04-15,227,Thursday,33,FUNNY,DR. Hospital — AI Clinic System,drhospital,https://mulesoo.com/case-studies,building,Instagram,"Yes, this one is still in build. We would rather say that than fake a launch. 😂

(DR. Hospital — AI Clinic System. Yes, it is real.)

Still in build — follow along: mulesoo.com

#HealthTech #ClinicSoftware #AIIntake #POPIA #MuleSoo",232,"Yes, this one is still in build. We would rather say that than fake a launch.",DR. HOSPITAL · IN BUILD,#00FF88
2027-04-15,227,Thursday,33,FUNNY,DR. Hospital — AI Clinic System,drhospital,https://mulesoo.com/case-studies,building,Facebook,"Yes, this one is still in build. We would rather say that than fake a launch.

True story from building DR. Hospital — AI Clinic System — a clinic and hospital management system with AI intake — currently in active development.

Intake questions asked by AI are asked identically every time. The paper form never managed that.

Still in build — follow along: mulesoo.com",370,"Yes, this one is still in build. We would rather say that than fake a launch.",DR. HOSPITAL · IN BUILD,#00FF88
2027-04-15,227,Thursday,33,FUNNY,DR. Hospital — AI Clinic System,drhospital,https://mulesoo.com/case-studies,building,TikTok,"Yes, this one is still in build. We would rather say that than fake a launch. 💀

Not a joke though — DR. Hospital — AI Clinic System actually does this.

Intake questions asked by AI are asked identically every time. The paper form never managed that.

mulesoo.com

#HealthTech #ClinicSoftware #AIIntake #POPIA #MuleSoo",320,"Yes, this one is still in build. We would rather say that than fake a launch.",DR. HOSPITAL · IN BUILD,#00FF88
2027-04-15,227,Thursday,33,FUNNY,DR. Hospital — AI Clinic System,drhospital,https://mulesoo.com/case-studies,building,X,"Yes, this one is still in build. We would rather say that than fake a launch.

— from building DR. Hospital",107,"Yes, this one is still in build. We would rather say that than fake a launch.",DR. HOSPITAL · IN BUILD,#00FF88
2027-04-16,228,Friday,33,HOWTO,MuleSoo Guides & Digital Store,guides,https://mulesoo.com/store,live,LinkedIn,"Something MuleSoo Guides & Digital Store taught us:

Write from projects you shipped. Readers can smell theory from the table of contents.

Two more from the same build:

• Price for volume in your own market, not for a currency your buyers do not earn in.
• Package what you already know. The guide you could write today is a product by Friday.

All three are in the live product, not in a slide deck. See it: https://mulesoo.com/store

#DigitalProducts #ClaudeCode #LearnToBuild",480,Write from projects you shipped. Readers can smell theory from the table of contents.,MULESOO STORE,#E8B84B
2027-04-16,228,Friday,33,HOWTO,MuleSoo Guides & Digital Store,guides,https://mulesoo.com/store,live,Instagram,"Lesson from building MuleSoo Guides & Digital Store 📘

📌 Write from projects you shipped. Readers can smell theory from the table of contents.

Save this one — it applies far beyond this one project.

#DigitalProducts #ClaudeCode #LearnToBuild #PassiveIncome #MuleSoo",269,Write from projects you shipped. Readers can smell theory from the table of contents.,MULESOO STORE,#E8B84B
2027-04-16,228,Friday,33,HOWTO,MuleSoo Guides & Digital Store,guides,https://mulesoo.com/store,live,Facebook,"A free lesson from building MuleSoo Guides & Digital Store:

Write from projects you shipped. Readers can smell theory from the table of contents.

It sounds small. It is the difference between a system that works and one that quietly loses you money.

More of how we build: mulesoo.com",286,Write from projects you shipped. Readers can smell theory from the table of contents.,MULESOO STORE,#E8B84B
2027-04-16,228,Friday,33,HOWTO,MuleSoo Guides & Digital Store,guides,https://mulesoo.com/store,live,TikTok,"Free game from a real build 🧠

Write from projects you shipped. Readers can smell theory from the table of contents.

Learned it building MuleSoo Guides & Digital Store.

mulesoo.com

#DigitalProducts #ClaudeCode #LearnToBuild #PassiveIncome #MuleSoo",251,Write from projects you shipped. Readers can smell theory from the table of contents.,MULESOO STORE,#E8B84B
2027-04-16,228,Friday,33,HOWTO,MuleSoo Guides & Digital Store,guides,https://mulesoo.com/store,live,X,"Write from projects you shipped. Readers can smell theory from the table of contents.

— learned building MuleSoo Guides & Digital Store",136,Write from projects you shipped. Readers can smell theory from the table of contents.,MULESOO STORE,#E8B84B
2027-04-17,229,Saturday,33,PROOF,MuleSoo Digital Services,mulesoo,https://mulesoo.com,live,LinkedIn,"What MuleSoo Digital Services actually does — not adjectives, features:

• lead capture with instant email + WhatsApp alerts on every enquiry
• a Stripe store that takes card payments for digital products
• one secure command centre: leads, bookings, content, pricing, payments

Live now. See it: https://mulesoo.com

No invented statistics on this page. Open it and check for yourself.

#MuleSoo #WebDesignPretoria #AIforBusiness",430,"One secure command centre: leads, bookings, content, pricing, payments.",MULESOO PLATFORM,#00C8FF
2027-04-17,229,Saturday,33,PROOF,MuleSoo Digital Services,mulesoo,https://mulesoo.com,live,Instagram,"🛠️ MuleSoo Digital Services — what you actually get:

✅ lead capture with instant email + WhatsApp alerts on every enquiry
✅ a Stripe store that takes card payments for digital products
✅ one secure command centre: leads, bookings, content, pricing, payments

Live now.

See it: https://mulesoo.com

#MuleSoo #WebDesignPretoria #AIforBusiness #SouthAfricaTech #NextJS",368,"One secure command centre: leads, bookings, content, pricing, payments.",MULESOO PLATFORM,#00C8FF
2027-04-17,229,Saturday,33,PROOF,MuleSoo Digital Services,mulesoo,https://mulesoo.com,live,Facebook,"People ask what ""MuleSoo Digital Services"" really means. Plainly:

✅ lead capture with instant email + WhatsApp alerts on every enquiry
✅ a Stripe store that takes card payments for digital products
✅ one secure command centre: leads, bookings, content, pricing, payments

Live now. See it: https://mulesoo.com",310,"One secure command centre: leads, bookings, content, pricing, payments.",MULESOO PLATFORM,#00C8FF
2027-04-17,229,Saturday,33,PROOF,MuleSoo Digital Services,mulesoo,https://mulesoo.com,live,TikTok,"Three things MuleSoo Digital Services does that a normal service business setup cannot 👇

1. lead capture with instant email + WhatsApp alerts on every enquiry
2. a Stripe store that takes card payments for digital products
3. one secure command centre: leads, bookings, content, pricing, payments

Live now.

mulesoo.com

#MuleSoo #WebDesignPretoria #AIforBusiness #SouthAfricaTech #NextJS",391,"One secure command centre: leads, bookings, content, pricing, payments.",MULESOO PLATFORM,#00C8FF
2027-04-17,229,Saturday,33,PROOF,MuleSoo Digital Services,mulesoo,https://mulesoo.com,live,X,"MuleSoo Digital Services:
• lead capture with instant email + WhatsApp alerts on every enquiry
• a Stripe store that takes card payments for digital products

https://mulesoo.com",178,"One secure command centre: leads, bookings, content, pricing, payments.",MULESOO PLATFORM,#00C8FF
2027-04-18,230,Sunday,33,BEHIND,Habesha Celebration Events,habesha,https://habeshaeventsplanner.netlify.app,live,LinkedIn,"Under the bonnet of Habesha Celebration Events:

Built alongside the events business itself, so the flow matches how bookings really happen.

React and Framer Motion on Netlify — the animation budget went entirely into the gallery.

None of this is visible to the client, and all of it is why the thing keeps working in month nine.

See it: https://habeshaeventsplanner.netlify.app

#HabeshaEvents #EthiopianWedding #EventPlanner",429,"Built alongside the events business itself, so the flow matches how bookings really happen.",HABESHA EVENTS,#7B2FFF
2027-04-18,230,Sunday,33,BEHIND,Habesha Celebration Events,habesha,https://habeshaeventsplanner.netlify.app,live,Instagram,"Behind the build 🔧 Habesha Celebration Events

Built alongside the events business itself, so the flow matches how bookings really happen.

The boring decisions are the ones that hold.

#HabeshaEvents #EthiopianWedding #EventPlanner #WeddingSA #MuleSoo",253,"Built alongside the events business itself, so the flow matches how bookings really happen.",HABESHA EVENTS,#7B2FFF
2027-04-18,230,Sunday,33,BEHIND,Habesha Celebration Events,habesha,https://habeshaeventsplanner.netlify.app,live,Facebook,"A look behind Habesha Celebration Events:

Built alongside the events business itself, so the flow matches how bookings really happen.

React and Framer Motion on Netlify — the animation budget went entirely into the gallery.

We build the invisible parts properly. That is the whole difference between a demo and a system you can run a business on.",349,"Built alongside the events business itself, so the flow matches how bookings really happen.",HABESHA EVENTS,#7B2FFF
2027-04-18,230,Sunday,33,BEHIND,Habesha Celebration Events,habesha,https://habeshaeventsplanner.netlify.app,live,TikTok,"Behind the build 🔧

Habesha Celebration Events: Built alongside the events business itself, so the flow matches how bookings really happen.

The unglamorous decisions are the ones that save you in month nine.

mulesoo.com

#HabeshaEvents #EthiopianWedding #EventPlanner #WeddingSA #MuleSoo",290,"Built alongside the events business itself, so the flow matches how bookings really happen.",HABESHA EVENTS,#7B2FFF
2027-04-18,230,Sunday,33,BEHIND,Habesha Celebration Events,habesha,https://habeshaeventsplanner.netlify.app,live,X,"Habesha Celebration Events — under the bonnet:

Built alongside the events business itself, so the flow matches how bookings really happen.",139,"Built alongside the events business itself, so the flow matches how bookings really happen.",HABESHA EVENTS,#7B2FFF
2027-04-19,231,Monday,33,OFFER,YoYo Gym — AI Membership Platform,yoyogym,https://yoyogym.vercel.app,live,LinkedIn,"Running a gym off a register book and a good memory?

We built YoYo Gym — AI Membership Platform for exactly that — sixteen tables of real membership logic — plans, payments, bookings, attendance.

Same system, your brand, your sector.

Tell us what your week looks like and we will tell you honestly whether software fixes it: mulesoo.com/contact

#GymSoftware #FitnessBusiness #YoYoGym",387,Running a gym off a register book and a good memory?,YOYO GYM,#00FF88
2027-04-19,231,Monday,33,OFFER,YoYo Gym — AI Membership Platform,yoyogym,https://yoyogym.vercel.app,live,Instagram,"Running a gym off a register book and a good memory? 🏋️

We built YoYo Gym — AI Membership Platform to solve it — you get an owner dashboard that answers ""who is behind on payment"" in one look.

Same system, your brand, your sector.

📩 mulesoo.com/contact
💬 wa.me/27688529333

#GymSoftware #FitnessBusiness #YoYoGym #MembershipSystem #MuleSoo",345,Running a gym off a register book and a good memory?,YOYO GYM,#00FF88
2027-04-19,231,Monday,33,OFFER,YoYo Gym — AI Membership Platform,yoyogym,https://yoyogym.vercel.app,live,Facebook,"Running a gym off a register book and a good memory?

That is precisely why YoYo Gym — AI Membership Platform exists — sixteen tables of real membership logic — plans, payments, bookings, attendance.

Same system, your brand, your sector. Message us and we will tell you straight whether this is worth it for your business.

📩 mulesoo.com/contact  ·  💬 wa.me/27688529333",372,Running a gym off a register book and a good memory?,YOYO GYM,#00FF88
2027-04-19,231,Monday,33,OFFER,YoYo Gym — AI Membership Platform,yoyogym,https://yoyogym.vercel.app,live,TikTok,"Running a gym off a register book and a good memory? 🏋️

We already built it once — YoYo Gym — AI Membership Platform.

Same system, your brand, your sector.

mulesoo.com

#GymSoftware #FitnessBusiness #YoYoGym #MembershipSystem #MuleSoo",238,Running a gym off a register book and a good memory?,YOYO GYM,#00FF88
2027-04-19,231,Monday,33,OFFER,YoYo Gym — AI Membership Platform,yoyogym,https://yoyogym.vercel.app,live,X,"Running a gym off a register book and a good memory?

We built YoYo Gym — AI Membership Platform for exactly this.

mulesoo.com/contact",135,Running a gym off a register book and a good memory?,YOYO GYM,#00FF88
2027-04-20,232,Tuesday,34,SPOTLIGHT,X-Boss Photography Studio,xboss,https://xbossphotography.vercel.app,live,LinkedIn,"This is X-Boss Photography Studio, for professional photography.

In one line: a dark-luxury booking system with an AI assistant, an admin dashboard and signable PDF confirmations.

The part that matters — WhatsApp notification to the studio the moment a booking lands.

What the owner ends up with: an admin view of today, upcoming and history in one screen.

See it: https://xbossphotography.vercel.app

#PhotographyBusiness #StudioBooking #XBoss",448,We built X-Boss Photography Studio.,X-BOSS PHOTOGRAPHY,#E8B84B
2027-04-20,232,Tuesday,34,SPOTLIGHT,X-Boss Photography Studio,xboss,https://xbossphotography.vercel.app,live,Instagram,"📸 This is X-Boss Photography Studio, for professional photography.

A dark-luxury booking system with an AI assistant, an admin dashboard and signable PDF confirmations.

✨ WhatsApp notification to the studio the moment a booking lands
✅ an admin view of today, upcoming and history in one screen

See it: https://xbossphotography.vercel.app

#PhotographyBusiness #StudioBooking #XBoss #BookingSystem #MuleSoo",410,We built X-Boss Photography Studio.,X-BOSS PHOTOGRAPHY,#E8B84B
2027-04-20,232,Tuesday,34,SPOTLIGHT,X-Boss Photography Studio,xboss,https://xbossphotography.vercel.app,live,Facebook,"This is X-Boss Photography Studio, for professional photography.

It is a dark-luxury booking system with an AI assistant, an admin dashboard and signable PDF confirmations.

The thing people notice first: WhatsApp notification to the studio the moment a booking lands.

If you run a photography studio and this sounds like your week — we should talk. mulesoo.com",363,We built X-Boss Photography Studio.,X-BOSS PHOTOGRAPHY,#E8B84B
2027-04-20,232,Tuesday,34,SPOTLIGHT,X-Boss Photography Studio,xboss,https://xbossphotography.vercel.app,live,TikTok,"POV: you run a photography studio. 📸

We built X-Boss Photography Studio.

It does one thing brilliantly: WhatsApp notification to the studio the moment a booking lands.

Full build on mulesoo.com

#PhotographyBusiness #StudioBooking #XBoss #BookingSystem #MuleSoo",265,We built X-Boss Photography Studio.,X-BOSS PHOTOGRAPHY,#E8B84B
2027-04-20,232,Tuesday,34,SPOTLIGHT,X-Boss Photography Studio,xboss,https://xbossphotography.vercel.app,live,X,"This is X-Boss Photography Studio, for professional photography. A dark-luxury booking system with an AI assistant, an admin dashboard and signable PDF confirmations.

https://xbossphotography.vercel.app",203,We built X-Boss Photography Studio.,X-BOSS PHOTOGRAPHY,#E8B84B
2027-04-21,233,Wednesday,34,PROBLEM,Shime Events & Planning,shime,https://shimeeventplaning.vercel.app,live,LinkedIn,"A contract written by hand for every event is a lawyer's salary paid in your own evenings.

That was the brief behind Shime Events & Planning.

We built it around one idea: a multi-page booking contract generated automatically, cover page and terms included.

A bilingual booking assistant that walks a client through seventeen steps and ends with a signed PDF contract.

See it: https://shimeeventplaning.vercel.app

#EventPlanning #ShimeEvents #BilingualWeb",459,A contract written by hand for every event is a lawyer's salary paid in your own evenings.,SHIME EVENTS,#E8B84B
2027-04-21,233,Wednesday,34,PROBLEM,Shime Events & Planning,shime,https://shimeeventplaning.vercel.app,live,Instagram,"A contract written by hand for every event is a lawyer's salary paid in your own evenings. 😮‍💨

So we built Shime Events & Planning.

A multi-page booking contract generated automatically, cover page and terms included.

See it: https://shimeeventplaning.vercel.app

#EventPlanning #ShimeEvents #BilingualWeb #Amharic #MuleSoo",328,A contract written by hand for every event is a lawyer's salary paid in your own evenings.,SHIME EVENTS,#E8B84B
2027-04-21,233,Wednesday,34,PROBLEM,Shime Events & Planning,shime,https://shimeeventplaning.vercel.app,live,Facebook,"A contract written by hand for every event is a lawyer's salary paid in your own evenings.

Every event planning business we have spoken to says a version of that sentence.

Shime Events & Planning exists to end it — a multi-page booking contract generated automatically, cover page and terms included.

See it: https://shimeeventplaning.vercel.app",348,A contract written by hand for every event is a lawyer's salary paid in your own evenings.,SHIME EVENTS,#E8B84B
2027-04-21,233,Wednesday,34,PROBLEM,Shime Events & Planning,shime,https://shimeeventplaning.vercel.app,live,TikTok,"Tell me you run an event planning business without telling me. 👇

""A contract written by hand for every event is a lawyer's salary paid in your own evenings.""

That is why we built Shime Events & Planning — a multi-page booking contract generated automatically, cover page and terms included.

mulesoo.com

#EventPlanning #ShimeEvents #BilingualWeb #Amharic #MuleSoo",367,A contract written by hand for every event is a lawyer's salary paid in your own evenings.,SHIME EVENTS,#E8B84B
2027-04-21,233,Wednesday,34,PROBLEM,Shime Events & Planning,shime,https://shimeeventplaning.vercel.app,live,X,"A contract written by hand for every event is a lawyer's salary paid in your own evenings.

So we built Shime Events & Planning.

https://shimeeventplaning.vercel.app",166,A contract written by hand for every event is a lawyer's salary paid in your own evenings.,SHIME EVENTS,#E8B84B
2027-04-22,234,Thursday,34,FUNNY,Tsedi Catering & Events,tsedi,https://tsedicatering.vercel.app,live,LinkedIn,"On event day you scan the client's code. It is a nightclub door policy, for samosas.

Behind the joke there is a real system: Tsedi Catering & Events — a QR code that opens a personal booking assistant — no website, no app, no forms to chase.

Humour is just the shortest way to describe a problem everyone running a catering business already has.

See it: https://tsedicatering.vercel.app

#CateringBusiness #QRBooking #TsediCatering",434,"On event day you scan the client's code. It is a nightclub door policy, for samosas.",TSEDI CATERING,#E8B84B
2027-04-22,234,Thursday,34,FUNNY,Tsedi Catering & Events,tsedi,https://tsedicatering.vercel.app,live,Instagram,"On event day you scan the client's code. It is a nightclub door policy, for samosas. 😂

(Tsedi Catering & Events. Yes, it is real.)

See it: https://tsedicatering.vercel.app

#CateringBusiness #QRBooking #TsediCatering #AIAssistant #MuleSoo",241,"On event day you scan the client's code. It is a nightclub door policy, for samosas.",TSEDI CATERING,#E8B84B
2027-04-22,234,Thursday,34,FUNNY,Tsedi Catering & Events,tsedi,https://tsedicatering.vercel.app,live,Facebook,"On event day you scan the client's code. It is a nightclub door policy, for samosas.

True story from building Tsedi Catering & Events — a QR code that opens a personal booking assistant — no website, no app, no forms to chase.

A sticker on a flyer replaced an entire booking department. The sticker cost R4.

See it: https://tsedicatering.vercel.app",351,"On event day you scan the client's code. It is a nightclub door policy, for samosas.",TSEDI CATERING,#E8B84B
2027-04-22,234,Thursday,34,FUNNY,Tsedi Catering & Events,tsedi,https://tsedicatering.vercel.app,live,TikTok,"On event day you scan the client's code. It is a nightclub door policy, for samosas. 💀

Not a joke though — Tsedi Catering & Events actually does this.

A sticker on a flyer replaced an entire booking department. The sticker cost R4.

mulesoo.com

#CateringBusiness #QRBooking #TsediCatering #AIAssistant #MuleSoo",314,"On event day you scan the client's code. It is a nightclub door policy, for samosas.",TSEDI CATERING,#E8B84B
2027-04-22,234,Thursday,34,FUNNY,Tsedi Catering & Events,tsedi,https://tsedicatering.vercel.app,live,X,"On event day you scan the client's code. It is a nightclub door policy, for samosas.

— from building Tsedi Catering & Events",125,"On event day you scan the client's code. It is a nightclub door policy, for samosas.",TSEDI CATERING,#E8B84B
2027-04-23,235,Friday,34,HOWTO,TSI AI Booking Assistant,tsi,https://mulesoo.com/services/chatbot,live,LinkedIn,"Something TSI AI Booking Assistant taught us:

Reply speed beats reply polish. Answering in four seconds wins bookings that a perfect email loses.

Two more from the same build:

• Give it a clear escalation rule. ""I do not know, here is a human"" is a feature, not a failure.
• Give the assistant your real prices. A bot that invents a number has just made a contract for you.

All three are in the live product, not in a slide deck. See it: https://mulesoo.com/services/chatbot

#AIChatbot #Hospitality #Reservations",517,Reply speed beats reply polish. Answering in four seconds wins bookings that a perfect email loses.,TSI ASSISTANT,#00C8FF
2027-04-23,235,Friday,34,HOWTO,TSI AI Booking Assistant,tsi,https://mulesoo.com/services/chatbot,live,Instagram,"Lesson from building TSI AI Booking Assistant 🤖

📌 Reply speed beats reply polish. Answering in four seconds wins bookings that a perfect email loses.

Save this one — it applies far beyond this one project.

#AIChatbot #Hospitality #Reservations #CustomerService #MuleSoo",274,Reply speed beats reply polish. Answering in four seconds wins bookings that a perfect email loses.,TSI ASSISTANT,#00C8FF
2027-04-23,235,Friday,34,HOWTO,TSI AI Booking Assistant,tsi,https://mulesoo.com/services/chatbot,live,Facebook,"A free lesson from building TSI AI Booking Assistant:

Reply speed beats reply polish. Answering in four seconds wins bookings that a perfect email loses.

It sounds small. It is the difference between a system that works and one that quietly loses you money.

More of how we build: mulesoo.com",294,Reply speed beats reply polish. Answering in four seconds wins bookings that a perfect email loses.,TSI ASSISTANT,#00C8FF
2027-04-23,235,Friday,34,HOWTO,TSI AI Booking Assistant,tsi,https://mulesoo.com/services/chatbot,live,TikTok,"Free game from a real build 🧠

Reply speed beats reply polish. Answering in four seconds wins bookings that a perfect email loses.

Learned it building TSI AI Booking Assistant.

mulesoo.com

#AIChatbot #Hospitality #Reservations #CustomerService #MuleSoo",256,Reply speed beats reply polish. Answering in four seconds wins bookings that a perfect email loses.,TSI ASSISTANT,#00C8FF
2027-04-23,235,Friday,34,HOWTO,TSI AI Booking Assistant,tsi,https://mulesoo.com/services/chatbot,live,X,"Reply speed beats reply polish. Answering in four seconds wins bookings that a perfect email loses.

— learned building TSI AI Booking Assistant",144,Reply speed beats reply polish. Answering in four seconds wins bookings that a perfect email loses.,TSI ASSISTANT,#00C8FF
2027-04-24,236,Saturday,34,PROOF,Sena — AI Front Desk Receptionist,sena,https://mulesoo.com/ai-automation,building,LinkedIn,"What Sena — AI Front Desk Receptionist actually does — not adjectives, features:

• reception answered at 3am without a night shift
• payment collected during the call, not chased afterwards
• a single-use QR guest ID scanned at the door

In active build — nothing here is launched yet. Still in build — follow along: mulesoo.com

No invented statistics on this page. Open it and check for yourself.

#VoiceAI #HotelTech #Sena",426,A single-use QR guest ID scanned at the door.,SENA · IN BUILD,#7B2FFF
2027-04-24,236,Saturday,34,PROOF,Sena — AI Front Desk Receptionist,sena,https://mulesoo.com/ai-automation,building,Instagram,"🏨 Sena — AI Front Desk Receptionist — what you actually get:

✅ reception answered at 3am without a night shift
✅ payment collected during the call, not chased afterwards
✅ a single-use QR guest ID scanned at the door

In active build — nothing here is launched yet.

Still in build — follow along: mulesoo.com

#VoiceAI #HotelTech #Sena #Hospitality #MuleSoo",360,A single-use QR guest ID scanned at the door.,SENA · IN BUILD,#7B2FFF
2027-04-24,236,Saturday,34,PROOF,Sena — AI Front Desk Receptionist,sena,https://mulesoo.com/ai-automation,building,Facebook,"People ask what ""Sena — AI Front Desk Receptionist"" really means. Plainly:

✅ reception answered at 3am without a night shift
✅ payment collected during the call, not chased afterwards
✅ a single-use QR guest ID scanned at the door

In active build — nothing here is launched yet. Still in build — follow along: mulesoo.com",323,A single-use QR guest ID scanned at the door.,SENA · IN BUILD,#7B2FFF
2027-04-24,236,Saturday,34,PROOF,Sena — AI Front Desk Receptionist,sena,https://mulesoo.com/ai-automation,building,TikTok,"Three things Sena — AI Front Desk Receptionist does that a normal hotel setup cannot 👇

1. reception answered at 3am without a night shift
2. payment collected during the call, not chased afterwards
3. a single-use QR guest ID scanned at the door

In active build — nothing here is launched yet.

mulesoo.com

#VoiceAI #HotelTech #Sena #Hospitality #MuleSoo",358,A single-use QR guest ID scanned at the door.,SENA · IN BUILD,#7B2FFF
2027-04-24,236,Saturday,34,PROOF,Sena — AI Front Desk Receptionist,sena,https://mulesoo.com/ai-automation,building,X,"Sena — AI Front Desk Receptionist:
• reception answered at 3am without a night shift
• payment collected during the call, not chased afterwards

https://mulesoo.com/ai-automation",178,A single-use QR guest ID scanned at the door.,SENA · IN BUILD,#7B2FFF
2027-04-25,237,Sunday,34,BEHIND,Yewogen Derash (ወገን ደራሽ),yewogen,https://mulesoo.com/case-studies,building,LinkedIn,"Under the bonnet of Yewogen Derash (ወገን ደራሽ):

Vitest and Playwright cover the money paths, because those are the ones that must never regress.

Next.js and Prisma over Supabase Postgres, with Auth.js RBAC for donor, owner and admin.

None of this is visible to the client, and all of it is why the thing keeps working in month nine.

Still in build — follow along: mulesoo.com

#Crowdfunding #Ethiopia #YewogenDerash",417,"Vitest and Playwright cover the money paths, because those are the ones that must never regress.",YEWOGEN DERASH · IN BUILD,#00C8FF
2027-04-25,237,Sunday,34,BEHIND,Yewogen Derash (ወገን ደራሽ),yewogen,https://mulesoo.com/case-studies,building,Instagram,"Behind the build 🔧 Yewogen Derash (ወገን ደራሽ)

Vitest and Playwright cover the money paths, because those are the ones that must never regress.

The boring decisions are the ones that hold.

#Crowdfunding #Ethiopia #YewogenDerash #FinTech #MuleSoo",246,"Vitest and Playwright cover the money paths, because those are the ones that must never regress.",YEWOGEN DERASH · IN BUILD,#00C8FF
2027-04-25,237,Sunday,34,BEHIND,Yewogen Derash (ወገን ደራሽ),yewogen,https://mulesoo.com/case-studies,building,Facebook,"A look behind Yewogen Derash (ወገን ደራሽ):

Vitest and Playwright cover the money paths, because those are the ones that must never regress.

Next.js and Prisma over Supabase Postgres, with Auth.js RBAC for donor, owner and admin.

We build the invisible parts properly. That is the whole difference between a demo and a system you can run a business on.",351,"Vitest and Playwright cover the money paths, because those are the ones that must never regress.",YEWOGEN DERASH · IN BUILD,#00C8FF
2027-04-25,237,Sunday,34,BEHIND,Yewogen Derash (ወገን ደራሽ),yewogen,https://mulesoo.com/case-studies,building,TikTok,"Behind the build 🔧

Yewogen Derash (ወገን ደራሽ): Vitest and Playwright cover the money paths, because those are the ones that must never regress.

The unglamorous decisions are the ones that save you in month nine.

mulesoo.com

#Crowdfunding #Ethiopia #YewogenDerash #FinTech #MuleSoo",283,"Vitest and Playwright cover the money paths, because those are the ones that must never regress.",YEWOGEN DERASH · IN BUILD,#00C8FF
2027-04-25,237,Sunday,34,BEHIND,Yewogen Derash (ወገን ደራሽ),yewogen,https://mulesoo.com/case-studies,building,X,"Yewogen Derash — under the bonnet:

Vitest and Playwright cover the money paths, because those are the ones that must never regress.",132,"Vitest and Playwright cover the money paths, because those are the ones that must never regress.",YEWOGEN DERASH · IN BUILD,#00C8FF
2027-04-26,238,Monday,34,OFFER,Pretoria Kidane Mihret Church Platform,church,https://mulesoo.com/portfolio,live,LinkedIn,"Does your organisation need to speak two languages properly?

We built Pretoria Kidane Mihret Church Platform for exactly that — Amharic treated as a first-class language, not a translation afterthought.

Same system, your brand, your sector.

Tell us what your week looks like and we will tell you honestly whether software fixes it: mulesoo.com/contact

#ChurchWebsite #Amharic #Bilingual",390,Does your organisation need to speak two languages properly?,KIDANE MIHRET,#E8B84B
2027-04-26,238,Monday,34,OFFER,Pretoria Kidane Mihret Church Platform,church,https://mulesoo.com/portfolio,live,Instagram,"Does your organisation need to speak two languages properly? ⛪

We built Pretoria Kidane Mihret Church Platform to solve it — you get a digital home that matches the institution's dignity.

Same system, your brand, your sector.

📩 mulesoo.com/contact
💬 wa.me/27688529333

#ChurchWebsite #Amharic #Bilingual #Pretoria #MuleSoo",327,Does your organisation need to speak two languages properly?,KIDANE MIHRET,#E8B84B
2027-04-26,238,Monday,34,OFFER,Pretoria Kidane Mihret Church Platform,church,https://mulesoo.com/portfolio,live,Facebook,"Does your organisation need to speak two languages properly?

That is precisely why Pretoria Kidane Mihret Church Platform exists — Amharic treated as a first-class language, not a translation afterthought.

Same system, your brand, your sector. Message us and we will tell you straight whether this is worth it for your business.

📩 mulesoo.com/contact  ·  💬 wa.me/27688529333",379,Does your organisation need to speak two languages properly?,KIDANE MIHRET,#E8B84B
2027-04-26,238,Monday,34,OFFER,Pretoria Kidane Mihret Church Platform,church,https://mulesoo.com/portfolio,live,TikTok,"Does your organisation need to speak two languages properly? ⛪

We already built it once — Pretoria Kidane Mihret Church Platform.

Same system, your brand, your sector.

mulesoo.com

#ChurchWebsite #Amharic #Bilingual #Pretoria #MuleSoo",237,Does your organisation need to speak two languages properly?,KIDANE MIHRET,#E8B84B
2027-04-26,238,Monday,34,OFFER,Pretoria Kidane Mihret Church Platform,church,https://mulesoo.com/portfolio,live,X,"Does your organisation need to speak two languages properly?

We built Pretoria Kidane Mihret Church Platform for exactly this.

mulesoo.com/contact",148,Does your organisation need to speak two languages properly?,KIDANE MIHRET,#E8B84B
2027-04-27,239,Tuesday,35,SPOTLIGHT,DR. Hospital — AI Clinic System,drhospital,https://mulesoo.com/case-studies,building,LinkedIn,"This is DR. Hospital — AI Clinic System, for clinics & hospitals.

In one line: a clinic and hospital management system with AI intake — currently in active development.

The part that matters — built to POPIA expectations from the schema up, not retrofitted.

What the owner ends up with: one system for appointments, records and follow-up.

Still in build — follow along: mulesoo.com

#HealthTech #ClinicSoftware #AIIntake",424,We building DR. Hospital — AI Clinic System.,DR. HOSPITAL · IN BUILD,#00FF88
2027-04-27,239,Tuesday,35,SPOTLIGHT,DR. Hospital — AI Clinic System,drhospital,https://mulesoo.com/case-studies,building,Instagram,"🩺 This is DR. Hospital — AI Clinic System, for clinics & hospitals.

A clinic and hospital management system with AI intake — currently in active development.

✨ built to POPIA expectations from the schema up, not retrofitted
✅ one system for appointments, records and follow-up

Still in build — follow along: mulesoo.com

#HealthTech #ClinicSoftware #AIIntake #POPIA #MuleSoo",378,We building DR. Hospital — AI Clinic System.,DR. HOSPITAL · IN BUILD,#00FF88
2027-04-27,239,Tuesday,35,SPOTLIGHT,DR. Hospital — AI Clinic System,drhospital,https://mulesoo.com/case-studies,building,Facebook,"This is DR. Hospital — AI Clinic System, for clinics & hospitals.

It is a clinic and hospital management system with AI intake — currently in active development.

The thing people notice first: built to POPIA expectations from the schema up, not retrofitted.

If you run a clinic and this sounds like your week — we should talk. mulesoo.com",341,We building DR. Hospital — AI Clinic System.,DR. HOSPITAL · IN BUILD,#00FF88
2027-04-27,239,Tuesday,35,SPOTLIGHT,DR. Hospital — AI Clinic System,drhospital,https://mulesoo.com/case-studies,building,TikTok,"POV: you run a clinic. 🩺

We building DR. Hospital — AI Clinic System.

It does one thing brilliantly: built to POPIA expectations from the schema up, not retrofitted.

Full build on mulesoo.com

#HealthTech #ClinicSoftware #AIIntake #POPIA #MuleSoo",250,We building DR. Hospital — AI Clinic System.,DR. HOSPITAL · IN BUILD,#00FF88
2027-04-27,239,Tuesday,35,SPOTLIGHT,DR. Hospital — AI Clinic System,drhospital,https://mulesoo.com/case-studies,building,X,"This is DR. Hospital — AI Clinic System, for clinics & hospitals. A clinic and hospital management system with AI intake — currently in active development.

https://mulesoo.com/case-studies",189,We building DR. Hospital — AI Clinic System.,DR. HOSPITAL · IN BUILD,#00FF88
2027-04-28,240,Wednesday,35,PROBLEM,MuleSoo Guides & Digital Store,guides,https://mulesoo.com/store,live,LinkedIn,"Knowledge locked in one head earns once. Written down, it earns while you sleep.

That was the brief behind MuleSoo Guides & Digital Store.

We built it around one idea: priced so a first-time builder can afford the whole shelf.

The guides we wrote from real builds — bought once, downloaded instantly, used forever.

See it: https://mulesoo.com/store

#DigitalProducts #ClaudeCode #LearnToBuild",396,"Knowledge locked in one head earns once. Written down, it earns while you sleep.",MULESOO STORE,#E8B84B
2027-04-28,240,Wednesday,35,PROBLEM,MuleSoo Guides & Digital Store,guides,https://mulesoo.com/store,live,Instagram,"Knowledge locked in one head earns once. Written down, it earns while you sleep. 😮‍💨

So we built MuleSoo Guides & Digital Store.

Priced so a first-time builder can afford the whole shelf.

See it: https://mulesoo.com/store

#DigitalProducts #ClaudeCode #LearnToBuild #PassiveIncome #MuleSoo",294,"Knowledge locked in one head earns once. Written down, it earns while you sleep.",MULESOO STORE,#E8B84B
2027-04-28,240,Wednesday,35,PROBLEM,MuleSoo Guides & Digital Store,guides,https://mulesoo.com/store,live,Facebook,"Knowledge locked in one head earns once. Written down, it earns while you sleep.

Every knowledge business we have spoken to says a version of that sentence.

MuleSoo Guides & Digital Store exists to end it — priced so a first-time builder can afford the whole shelf.

See it: https://mulesoo.com/store",302,"Knowledge locked in one head earns once. Written down, it earns while you sleep.",MULESOO STORE,#E8B84B
2027-04-28,240,Wednesday,35,PROBLEM,MuleSoo Guides & Digital Store,guides,https://mulesoo.com/store,live,TikTok,"Tell me you run a knowledge business without telling me. 👇

""Knowledge locked in one head earns once. Written down, it earns while you sleep.""

That is why we built MuleSoo Guides & Digital Store — priced so a first-time builder can afford the whole shelf.

mulesoo.com

#DigitalProducts #ClaudeCode #LearnToBuild #PassiveIncome #MuleSoo",338,"Knowledge locked in one head earns once. Written down, it earns while you sleep.",MULESOO STORE,#E8B84B
2027-04-28,240,Wednesday,35,PROBLEM,MuleSoo Guides & Digital Store,guides,https://mulesoo.com/store,live,X,"Knowledge locked in one head earns once. Written down, it earns while you sleep.

So we built MuleSoo Guides & Digital Store.

https://mulesoo.com/store",152,"Knowledge locked in one head earns once. Written down, it earns while you sleep.",MULESOO STORE,#E8B84B
2027-04-29,241,Thursday,35,FUNNY,MuleSoo Digital Services,mulesoo,https://mulesoo.com,live,LinkedIn,"The admin panel has face-recognition login. Ethan has been locked out by his own beard exactly once.

Behind the joke there is a real system: MuleSoo Digital Services — the platform you are reading this from — it books its own clients, sells its own products and runs its own admin.

Humour is just the shortest way to describe a problem everyone running a service business already has.

See it: https://mulesoo.com

#MuleSoo #WebDesignPretoria #AIforBusiness",459,The admin panel has face-recognition login. Ethan has been locked out by his own beard exactly once.,MULESOO PLATFORM,#00C8FF
2027-04-29,241,Thursday,35,FUNNY,MuleSoo Digital Services,mulesoo,https://mulesoo.com,live,Instagram,"The admin panel has face-recognition login. Ethan has been locked out by his own beard exactly once. 😂

(MuleSoo Digital Services. Yes, it is real.)

See it: https://mulesoo.com

#MuleSoo #WebDesignPretoria #AIforBusiness #SouthAfricaTech #NextJS",247,The admin panel has face-recognition login. Ethan has been locked out by his own beard exactly once.,MULESOO PLATFORM,#00C8FF
2027-04-29,241,Thursday,35,FUNNY,MuleSoo Digital Services,mulesoo,https://mulesoo.com,live,Facebook,"The admin panel has face-recognition login. Ethan has been locked out by his own beard exactly once.

True story from building MuleSoo Digital Services — the platform you are reading this from — it books its own clients, sells its own products and runs its own admin.

We keep the analytics dashboard open at dinner. Our family has requested we stop.

See it: https://mulesoo.com",379,The admin panel has face-recognition login. Ethan has been locked out by his own beard exactly once.,MULESOO PLATFORM,#00C8FF
2027-04-29,241,Thursday,35,FUNNY,MuleSoo Digital Services,mulesoo,https://mulesoo.com,live,TikTok,"The admin panel has face-recognition login. Ethan has been locked out by his own beard exactly once. 💀

Not a joke though — MuleSoo Digital Services actually does this.

We keep the analytics dashboard open at dinner. Our family has requested we stop.

mulesoo.com

#MuleSoo #WebDesignPretoria #AIforBusiness #SouthAfricaTech #NextJS",334,The admin panel has face-recognition login. Ethan has been locked out by his own beard exactly once.,MULESOO PLATFORM,#00C8FF
2027-04-29,241,Thursday,35,FUNNY,MuleSoo Digital Services,mulesoo,https://mulesoo.com,live,X,"The admin panel has face-recognition login. Ethan has been locked out by his own beard exactly once.

— from building MuleSoo Digital Services",142,The admin panel has face-recognition login. Ethan has been locked out by his own beard exactly once.,MULESOO PLATFORM,#00C8FF
2027-04-30,242,Friday,35,HOWTO,Habesha Celebration Events,habesha,https://habeshaeventsplanner.netlify.app,live,LinkedIn,"Something Habesha Celebration Events taught us:

Show packages with real inclusions. ""Contact for pricing"" filters out buyers, not tyre-kickers.

Two more from the same build:

• Cultural detail is a conversion feature. A site that understands the ceremony wins the family.
• For events, the hero image is the pitch. Compress it properly or it will cost you the booking.

All three are in the live product, not in a slide deck. See it: https://habeshaeventsplanner.netlify.app

#HabeshaEvents #EthiopianWedding #EventPlanner",524,"Show packages with real inclusions. ""Contact for pricing"" filters out buyers, not tyre-kickers.",HABESHA EVENTS,#7B2FFF
2027-04-30,242,Friday,35,HOWTO,Habesha Celebration Events,habesha,https://habeshaeventsplanner.netlify.app,live,Instagram,"Lesson from building Habesha Celebration Events 💍

📌 Show packages with real inclusions. ""Contact for pricing"" filters out buyers, not tyre-kickers.

Save this one — it applies far beyond this one project.

#HabeshaEvents #EthiopianWedding #EventPlanner #WeddingSA #MuleSoo",275,"Show packages with real inclusions. ""Contact for pricing"" filters out buyers, not tyre-kickers.",HABESHA EVENTS,#7B2FFF
2027-04-30,242,Friday,35,HOWTO,Habesha Celebration Events,habesha,https://habeshaeventsplanner.netlify.app,live,Facebook,"A free lesson from building Habesha Celebration Events:

Show packages with real inclusions. ""Contact for pricing"" filters out buyers, not tyre-kickers.

It sounds small. It is the difference between a system that works and one that quietly loses you money.

More of how we build: mulesoo.com",292,"Show packages with real inclusions. ""Contact for pricing"" filters out buyers, not tyre-kickers.",HABESHA EVENTS,#7B2FFF
2027-04-30,242,Friday,35,HOWTO,Habesha Celebration Events,habesha,https://habeshaeventsplanner.netlify.app,live,TikTok,"Free game from a real build 🧠

Show packages with real inclusions. ""Contact for pricing"" filters out buyers, not tyre-kickers.

Learned it building Habesha Celebration Events.

mulesoo.com

#HabeshaEvents #EthiopianWedding #EventPlanner #WeddingSA #MuleSoo",257,"Show packages with real inclusions. ""Contact for pricing"" filters out buyers, not tyre-kickers.",HABESHA EVENTS,#7B2FFF
2027-04-30,242,Friday,35,HOWTO,Habesha Celebration Events,habesha,https://habeshaeventsplanner.netlify.app,live,X,"Show packages with real inclusions. ""Contact for pricing"" filters out buyers, not tyre-kickers.

— learned building Habesha Celebration Events",142,"Show packages with real inclusions. ""Contact for pricing"" filters out buyers, not tyre-kickers.",HABESHA EVENTS,#7B2FFF
2027-05-01,243,Saturday,35,PROOF,YoYo Gym — AI Membership Platform,yoyogym,https://yoyogym.vercel.app,live,LinkedIn,"What YoYo Gym — AI Membership Platform actually does — not adjectives, features:

• members, plans and payments in one place instead of three books
• QR check-in that clears the morning queue
• an owner dashboard that answers ""who is behind on payment"" in one look

Live now. See it: https://yoyogym.vercel.app

No invented statistics on this page. Open it and check for yourself.

#GymSoftware #FitnessBusiness #YoYoGym",420,"An owner dashboard that answers ""who is behind on payment"" in one look.",YOYO GYM,#00FF88
2027-05-01,243,Saturday,35,PROOF,YoYo Gym — AI Membership Platform,yoyogym,https://yoyogym.vercel.app,live,Instagram,"🏋️ YoYo Gym — AI Membership Platform — what you actually get:

✅ members, plans and payments in one place instead of three books
✅ QR check-in that clears the morning queue
✅ an owner dashboard that answers ""who is behind on payment"" in one look

Live now.

See it: https://yoyogym.vercel.app

#GymSoftware #FitnessBusiness #YoYoGym #MembershipSystem #MuleSoo",360,"An owner dashboard that answers ""who is behind on payment"" in one look.",YOYO GYM,#00FF88
2027-05-01,243,Saturday,35,PROOF,YoYo Gym — AI Membership Platform,yoyogym,https://yoyogym.vercel.app,live,Facebook,"People ask what ""YoYo Gym — AI Membership Platform"" really means. Plainly:

✅ members, plans and payments in one place instead of three books
✅ QR check-in that clears the morning queue
✅ an owner dashboard that answers ""who is behind on payment"" in one look

Live now. See it: https://yoyogym.vercel.app",304,"An owner dashboard that answers ""who is behind on payment"" in one look.",YOYO GYM,#00FF88
2027-05-01,243,Saturday,35,PROOF,YoYo Gym — AI Membership Platform,yoyogym,https://yoyogym.vercel.app,live,TikTok,"Three things YoYo Gym — AI Membership Platform does that a normal gym setup cannot 👇

1. members, plans and payments in one place instead of three books
2. QR check-in that clears the morning queue
3. an owner dashboard that answers ""who is behind on payment"" in one look

Live now.

mulesoo.com

#GymSoftware #FitnessBusiness #YoYoGym #MembershipSystem #MuleSoo",363,"An owner dashboard that answers ""who is behind on payment"" in one look.",YOYO GYM,#00FF88
2027-05-01,243,Saturday,35,PROOF,YoYo Gym — AI Membership Platform,yoyogym,https://yoyogym.vercel.app,live,X,"YoYo Gym — AI Membership Platform:
• members, plans and payments in one place instead of three books
• QR check-in that clears the morning queue

https://yoyogym.vercel.app",172,"An owner dashboard that answers ""who is behind on payment"" in one look.",YOYO GYM,#00FF88
2027-05-02,244,Sunday,35,BEHIND,X-Boss Photography Studio,xboss,https://xbossphotography.vercel.app,live,LinkedIn,"Under the bonnet of X-Boss Photography Studio:

Security headers, rate limiting, sitemap, PWA manifest and branded error pages all shipped, not planned.

Next.js 16 with React 19, Supabase behind it, and @react-pdf/renderer producing the confirmation.

None of this is visible to the client, and all of it is why the thing keeps working in month nine.

See it: https://xbossphotography.vercel.app

#PhotographyBusiness #StudioBooking #XBoss",440,"Security headers, rate limiting, sitemap, PWA manifest and branded error pages all shipped, not planned.",X-BOSS PHOTOGRAPHY,#E8B84B
2027-05-02,244,Sunday,35,BEHIND,X-Boss Photography Studio,xboss,https://xbossphotography.vercel.app,live,Instagram,"Behind the build 🔧 X-Boss Photography Studio

Security headers, rate limiting, sitemap, PWA manifest and branded error pages all shipped, not planned.

The boring decisions are the ones that hold.

#PhotographyBusiness #StudioBooking #XBoss #BookingSystem #MuleSoo",265,"Security headers, rate limiting, sitemap, PWA manifest and branded error pages all shipped, not planned.",X-BOSS PHOTOGRAPHY,#E8B84B
2027-05-02,244,Sunday,35,BEHIND,X-Boss Photography Studio,xboss,https://xbossphotography.vercel.app,live,Facebook,"A look behind X-Boss Photography Studio:

Security headers, rate limiting, sitemap, PWA manifest and branded error pages all shipped, not planned.

Next.js 16 with React 19, Supabase behind it, and @react-pdf/renderer producing the confirmation.

We build the invisible parts properly. That is the whole difference between a demo and a system you can run a business on.",369,"Security headers, rate limiting, sitemap, PWA manifest and branded error pages all shipped, not planned.",X-BOSS PHOTOGRAPHY,#E8B84B
2027-05-02,244,Sunday,35,BEHIND,X-Boss Photography Studio,xboss,https://xbossphotography.vercel.app,live,TikTok,"Behind the build 🔧

X-Boss Photography Studio: Security headers, rate limiting, sitemap, PWA manifest and branded error pages all shipped, not planned.

The unglamorous decisions are the ones that save you in month nine.

mulesoo.com

#PhotographyBusiness #StudioBooking #XBoss #BookingSystem #MuleSoo",302,"Security headers, rate limiting, sitemap, PWA manifest and branded error pages all shipped, not planned.",X-BOSS PHOTOGRAPHY,#E8B84B
2027-05-02,244,Sunday,35,BEHIND,X-Boss Photography Studio,xboss,https://xbossphotography.vercel.app,live,X,"X-Boss Photography Studio — under the bonnet:

Security headers, rate limiting, sitemap, PWA manifest and branded error pages all shipped, not planned.",151,"Security headers, rate limiting, sitemap, PWA manifest and branded error pages all shipped, not planned.",X-BOSS PHOTOGRAPHY,#E8B84B
2027-05-03,245,Monday,35,OFFER,Shime Events & Planning,shime,https://shimeeventplaning.vercel.app,live,LinkedIn,"Losing bookings because your form only speaks one language?

We built Shime Events & Planning for exactly that — a full booking flow in English and Amharic, neither one an afterthought.

Same system, your brand, your sector.

Tell us what your week looks like and we will tell you honestly whether software fixes it: mulesoo.com/contact

#EventPlanning #ShimeEvents #BilingualWeb",379,Losing bookings because your form only speaks one language?,SHIME EVENTS,#E8B84B
2027-05-03,245,Monday,35,OFFER,Shime Events & Planning,shime,https://shimeeventplaning.vercel.app,live,Instagram,"Losing bookings because your form only speaks one language? 🎊

We built Shime Events & Planning to solve it — you get a signed contract in the client's inbox before they close the tab.

Same system, your brand, your sector.

📩 mulesoo.com/contact
💬 wa.me/27688529333

#EventPlanning #ShimeEvents #BilingualWeb #Amharic #MuleSoo",330,Losing bookings because your form only speaks one language?,SHIME EVENTS,#E8B84B
2027-05-03,245,Monday,35,OFFER,Shime Events & Planning,shime,https://shimeeventplaning.vercel.app,live,Facebook,"Losing bookings because your form only speaks one language?

That is precisely why Shime Events & Planning exists — a full booking flow in English and Amharic, neither one an afterthought.

Same system, your brand, your sector. Message us and we will tell you straight whether this is worth it for your business.

📩 mulesoo.com/contact  ·  💬 wa.me/27688529333",361,Losing bookings because your form only speaks one language?,SHIME EVENTS,#E8B84B
2027-05-03,245,Monday,35,OFFER,Shime Events & Planning,shime,https://shimeeventplaning.vercel.app,live,TikTok,"Losing bookings because your form only speaks one language? 🎊

We already built it once — Shime Events & Planning.

Same system, your brand, your sector.

mulesoo.com

#EventPlanning #ShimeEvents #BilingualWeb #Amharic #MuleSoo",228,Losing bookings because your form only speaks one language?,SHIME EVENTS,#E8B84B
2027-05-03,245,Monday,35,OFFER,Shime Events & Planning,shime,https://shimeeventplaning.vercel.app,live,X,"Losing bookings because your form only speaks one language?

We built Shime Events & Planning for exactly this.

mulesoo.com/contact",132,Losing bookings because your form only speaks one language?,SHIME EVENTS,#E8B84B
2027-05-04,246,Tuesday,36,SPOTLIGHT,Tsedi Catering & Events,tsedi,https://tsedicatering.vercel.app,live,LinkedIn,"This is Tsedi Catering & Events, for catering & event management.

In one line: a QR code that opens a personal booking assistant — no website, no app, no forms to chase.

The part that matters — a Stripe deposit and a verification code, issued in the same conversation.

What the owner ends up with: a check-in code you scan on the day.

See it: https://tsedicatering.vercel.app

#CateringBusiness #QRBooking #TsediCatering",424,We built Tsedi Catering & Events.,TSEDI CATERING,#E8B84B
2027-05-04,246,Tuesday,36,SPOTLIGHT,Tsedi Catering & Events,tsedi,https://tsedicatering.vercel.app,live,Instagram,"🍽️ This is Tsedi Catering & Events, for catering & event management.

A QR code that opens a personal booking assistant — no website, no app, no forms to chase.

✨ a Stripe deposit and a verification code, issued in the same conversation
✅ a check-in code you scan on the day

See it: https://tsedicatering.vercel.app

#CateringBusiness #QRBooking #TsediCatering #AIAssistant #MuleSoo",385,We built Tsedi Catering & Events.,TSEDI CATERING,#E8B84B
2027-05-04,246,Tuesday,36,SPOTLIGHT,Tsedi Catering & Events,tsedi,https://tsedicatering.vercel.app,live,Facebook,"This is Tsedi Catering & Events, for catering & event management.

It is a QR code that opens a personal booking assistant — no website, no app, no forms to chase.

The thing people notice first: a Stripe deposit and a verification code, issued in the same conversation.

If you run a catering business and this sounds like your week — we should talk. mulesoo.com",363,We built Tsedi Catering & Events.,TSEDI CATERING,#E8B84B
2027-05-04,246,Tuesday,36,SPOTLIGHT,Tsedi Catering & Events,tsedi,https://tsedicatering.vercel.app,live,TikTok,"POV: you run a catering business. 🍽️

We built Tsedi Catering & Events.

It does one thing brilliantly: a Stripe deposit and a verification code, issued in the same conversation.

Full build on mulesoo.com

#CateringBusiness #QRBooking #TsediCatering #AIAssistant #MuleSoo",273,We built Tsedi Catering & Events.,TSEDI CATERING,#E8B84B
2027-05-04,246,Tuesday,36,SPOTLIGHT,Tsedi Catering & Events,tsedi,https://tsedicatering.vercel.app,live,X,"This is Tsedi Catering & Events, for catering & event management. A QR code that opens a personal booking assistant — no website, no app, no forms to chase.

https://tsedicatering.vercel.app",190,We built Tsedi Catering & Events.,TSEDI CATERING,#E8B84B
2027-05-05,247,Wednesday,36,PROBLEM,TSI AI Booking Assistant,tsi,https://mulesoo.com/services/chatbot,live,LinkedIn,"A missed enquiry is not a small loss. It is the whole booking, given to a competitor.

That was the brief behind TSI AI Booking Assistant.

We built it around one idea: it never gets tired, rude, or distracted by the lunch rush.

A reservations assistant that answers, qualifies and books, around the clock.

See it: https://mulesoo.com/services/chatbot

#AIChatbot #Hospitality #Reservations",392,"A missed enquiry is not a small loss. It is the whole booking, given to a competitor.",TSI ASSISTANT,#00C8FF
2027-05-05,247,Wednesday,36,PROBLEM,TSI AI Booking Assistant,tsi,https://mulesoo.com/services/chatbot,live,Instagram,"A missed enquiry is not a small loss. It is the whole booking, given to a competitor. 😮‍💨

So we built TSI AI Booking Assistant.

It never gets tired, rude, or distracted by the lunch rush.

See it: https://mulesoo.com/services/chatbot

#AIChatbot #Hospitality #Reservations #CustomerService #MuleSoo",302,"A missed enquiry is not a small loss. It is the whole booking, given to a competitor.",TSI ASSISTANT,#00C8FF
2027-05-05,247,Wednesday,36,PROBLEM,TSI AI Booking Assistant,tsi,https://mulesoo.com/services/chatbot,live,Facebook,"A missed enquiry is not a small loss. It is the whole booking, given to a competitor.

Every hotel or restaurant we have spoken to says a version of that sentence.

TSI AI Booking Assistant exists to end it — it never gets tired, rude, or distracted by the lunch rush.

See it: https://mulesoo.com/services/chatbot",314,"A missed enquiry is not a small loss. It is the whole booking, given to a competitor.",TSI ASSISTANT,#00C8FF
2027-05-05,247,Wednesday,36,PROBLEM,TSI AI Booking Assistant,tsi,https://mulesoo.com/services/chatbot,live,TikTok,"Tell me you run a hotel or restaurant without telling me. 👇

""A missed enquiry is not a small loss. It is the whole booking, given to a competitor.""

That is why we built TSI AI Booking Assistant — it never gets tired, rude, or distracted by the lunch rush.

mulesoo.com

#AIChatbot #Hospitality #Reservations #CustomerService #MuleSoo",336,"A missed enquiry is not a small loss. It is the whole booking, given to a competitor.",TSI ASSISTANT,#00C8FF
2027-05-05,247,Wednesday,36,PROBLEM,TSI AI Booking Assistant,tsi,https://mulesoo.com/services/chatbot,live,X,"A missed enquiry is not a small loss. It is the whole booking, given to a competitor.

So we built TSI AI Booking Assistant.

https://mulesoo.com/services/chatbot",162,"A missed enquiry is not a small loss. It is the whole booking, given to a competitor.",TSI ASSISTANT,#00C8FF
2027-05-06,248,Thursday,36,FUNNY,Sena — AI Front Desk Receptionist,sena,https://mulesoo.com/ai-automation,building,LinkedIn,"She hands the call to a human the moment she is unsure. We should all be so self-aware.

Behind the joke there is a real system: Sena — AI Front Desk Receptionist — a voice receptionist for hotels: the guest clicks Call Reception and Sena actually answers.

Humour is just the shortest way to describe a problem everyone running a hotel already has.

Still in build — follow along: mulesoo.com

#VoiceAI #HotelTech #Sena",420,She hands the call to a human the moment she is unsure. We should all be so self-aware.,SENA · IN BUILD,#7B2FFF
2027-05-06,248,Thursday,36,FUNNY,Sena — AI Front Desk Receptionist,sena,https://mulesoo.com/ai-automation,building,Instagram,"She hands the call to a human the moment she is unsure. We should all be so self-aware. 😂

(Sena — AI Front Desk Receptionist. Yes, it is real.)

Still in build — follow along: mulesoo.com

#VoiceAI #HotelTech #Sena #Hospitality #MuleSoo",238,She hands the call to a human the moment she is unsure. We should all be so self-aware.,SENA · IN BUILD,#7B2FFF
2027-05-06,248,Thursday,36,FUNNY,Sena — AI Front Desk Receptionist,sena,https://mulesoo.com/ai-automation,building,Facebook,"She hands the call to a human the moment she is unsure. We should all be so self-aware.

True story from building Sena — AI Front Desk Receptionist — a voice receptionist for hotels: the guest clicks Call Reception and Sena actually answers.

She takes payment during the call. The awkward ""so, about the deposit"" conversation is now a hyperlink.

Still in build — follow along: mulesoo.com",390,She hands the call to a human the moment she is unsure. We should all be so self-aware.,SENA · IN BUILD,#7B2FFF
2027-05-06,248,Thursday,36,FUNNY,Sena — AI Front Desk Receptionist,sena,https://mulesoo.com/ai-automation,building,TikTok,"She hands the call to a human the moment she is unsure. We should all be so self-aware. 💀

Not a joke though — Sena — AI Front Desk Receptionist actually does this.

She takes payment during the call. The awkward ""so, about the deposit"" conversation is now a hyperlink.

mulesoo.com

#VoiceAI #HotelTech #Sena #Hospitality #MuleSoo",332,She hands the call to a human the moment she is unsure. We should all be so self-aware.,SENA · IN BUILD,#7B2FFF
2027-05-06,248,Thursday,36,FUNNY,Sena — AI Front Desk Receptionist,sena,https://mulesoo.com/ai-automation,building,X,"She hands the call to a human the moment she is unsure. We should all be so self-aware.

— from building Sena",109,She hands the call to a human the moment she is unsure. We should all be so self-aware.,SENA · IN BUILD,#7B2FFF
2027-05-07,249,Friday,36,HOWTO,Yewogen Derash (ወገን ደራሽ),yewogen,https://mulesoo.com/case-studies,building,LinkedIn,"Something Yewogen Derash (ወገን ደራሽ) taught us:

Trust the webhook, never the redirect. A user can fake a success URL in about nine seconds.

Two more from the same build:

• Audit-log every admin action. The log exists to protect the honest admin, not to catch them.
• Verify identity before the first donation, not after the first complaint.

All three are in the live product, not in a slide deck. Still in build — follow along: mulesoo.com

#Crowdfunding #Ethiopia #YewogenDerash",481,"Trust the webhook, never the redirect. A user can fake a success URL in about nine seconds.",YEWOGEN DERASH · IN BUILD,#00C8FF
2027-05-07,249,Friday,36,HOWTO,Yewogen Derash (ወገን ደራሽ),yewogen,https://mulesoo.com/case-studies,building,Instagram,"Lesson from building Yewogen Derash (ወገን ደራሽ) 🤝

📌 Trust the webhook, never the redirect. A user can fake a success URL in about nine seconds.

Save this one — it applies far beyond this one project.

#Crowdfunding #Ethiopia #YewogenDerash #FinTech #MuleSoo",259,"Trust the webhook, never the redirect. A user can fake a success URL in about nine seconds.",YEWOGEN DERASH · IN BUILD,#00C8FF
2027-05-07,249,Friday,36,HOWTO,Yewogen Derash (ወገን ደራሽ),yewogen,https://mulesoo.com/case-studies,building,Facebook,"A free lesson from building Yewogen Derash (ወገን ደራሽ):

Trust the webhook, never the redirect. A user can fake a success URL in about nine seconds.

It sounds small. It is the difference between a system that works and one that quietly loses you money.

More of how we build: mulesoo.com",286,"Trust the webhook, never the redirect. A user can fake a success URL in about nine seconds.",YEWOGEN DERASH · IN BUILD,#00C8FF
2027-05-07,249,Friday,36,HOWTO,Yewogen Derash (ወገን ደራሽ),yewogen,https://mulesoo.com/case-studies,building,TikTok,"Free game from a real build 🧠

Trust the webhook, never the redirect. A user can fake a success URL in about nine seconds.

Learned it building Yewogen Derash (ወገን ደራሽ).

mulesoo.com

#Crowdfunding #Ethiopia #YewogenDerash #FinTech #MuleSoo",241,"Trust the webhook, never the redirect. A user can fake a success URL in about nine seconds.",YEWOGEN DERASH · IN BUILD,#00C8FF
2027-05-07,249,Friday,36,HOWTO,Yewogen Derash (ወገን ደራሽ),yewogen,https://mulesoo.com/case-studies,building,X,"Trust the webhook, never the redirect. A user can fake a success URL in about nine seconds.

— learned building Yewogen Derash",126,"Trust the webhook, never the redirect. A user can fake a success URL in about nine seconds.",YEWOGEN DERASH · IN BUILD,#00C8FF
2027-05-08,250,Saturday,36,PROOF,Pretoria Kidane Mihret Church Platform,church,https://mulesoo.com/portfolio,live,LinkedIn,"What Pretoria Kidane Mihret Church Platform actually does — not adjectives, features:

• one accurate place for service times, in both languages
• content the church updates itself, instantly
• a digital home that matches the institution's dignity

Live now. See it: https://mulesoo.com/portfolio

No invented statistics on this page. Open it and check for yourself.

#ChurchWebsite #Amharic #Bilingual",402,A digital home that matches the institution's dignity.,KIDANE MIHRET,#E8B84B
2027-05-08,250,Saturday,36,PROOF,Pretoria Kidane Mihret Church Platform,church,https://mulesoo.com/portfolio,live,Instagram,"⛪ Pretoria Kidane Mihret Church Platform — what you actually get:

✅ one accurate place for service times, in both languages
✅ content the church updates itself, instantly
✅ a digital home that matches the institution's dignity

Live now.

See it: https://mulesoo.com/portfolio

#ChurchWebsite #Amharic #Bilingual #Pretoria #MuleSoo",332,A digital home that matches the institution's dignity.,KIDANE MIHRET,#E8B84B
2027-05-08,250,Saturday,36,PROOF,Pretoria Kidane Mihret Church Platform,church,https://mulesoo.com/portfolio,live,Facebook,"People ask what ""Pretoria Kidane Mihret Church Platform"" really means. Plainly:

✅ one accurate place for service times, in both languages
✅ content the church updates itself, instantly
✅ a digital home that matches the institution's dignity

Live now. See it: https://mulesoo.com/portfolio",290,A digital home that matches the institution's dignity.,KIDANE MIHRET,#E8B84B
2027-05-08,250,Saturday,36,PROOF,Pretoria Kidane Mihret Church Platform,church,https://mulesoo.com/portfolio,live,TikTok,"Three things Pretoria Kidane Mihret Church Platform does that a normal church or community organisation setup cannot 👇

1. one accurate place for service times, in both languages
2. content the church updates itself, instantly
3. a digital home that matches the institution's dignity

Live now.

mulesoo.com

#ChurchWebsite #Amharic #Bilingual #Pretoria #MuleSoo",363,A digital home that matches the institution's dignity.,KIDANE MIHRET,#E8B84B
2027-05-08,250,Saturday,36,PROOF,Pretoria Kidane Mihret Church Platform,church,https://mulesoo.com/portfolio,live,X,"Pretoria Kidane Mihret Church Platform:
• one accurate place for service times, in both languages
• content the church updates itself, instantly

https://mulesoo.com/portfolio",175,A digital home that matches the institution's dignity.,KIDANE MIHRET,#E8B84B
2027-05-09,251,Sunday,36,BEHIND,DR. Hospital — AI Clinic System,drhospital,https://mulesoo.com/case-studies,building,LinkedIn,"Under the bonnet of DR. Hospital — AI Clinic System:

Audit logging is being built into the schema, not bolted on before launch.

In active development — architecture and access rules first, interface second.

None of this is visible to the client, and all of it is why the thing keeps working in month nine.

Still in build — follow along: mulesoo.com

#HealthTech #ClinicSoftware #AIIntake",391,"Audit logging is being built into the schema, not bolted on before launch.",DR. HOSPITAL · IN BUILD,#00FF88
2027-05-09,251,Sunday,36,BEHIND,DR. Hospital — AI Clinic System,drhospital,https://mulesoo.com/case-studies,building,Instagram,"Behind the build 🔧 DR. Hospital — AI Clinic System

Audit logging is being built into the schema, not bolted on before launch.

The boring decisions are the ones that hold.

#HealthTech #ClinicSoftware #AIIntake #POPIA #MuleSoo",228,"Audit logging is being built into the schema, not bolted on before launch.",DR. HOSPITAL · IN BUILD,#00FF88
2027-05-09,251,Sunday,36,BEHIND,DR. Hospital — AI Clinic System,drhospital,https://mulesoo.com/case-studies,building,Facebook,"A look behind DR. Hospital — AI Clinic System:

Audit logging is being built into the schema, not bolted on before launch.

In active development — architecture and access rules first, interface second.

We build the invisible parts properly. That is the whole difference between a demo and a system you can run a business on.",326,"Audit logging is being built into the schema, not bolted on before launch.",DR. HOSPITAL · IN BUILD,#00FF88
2027-05-09,251,Sunday,36,BEHIND,DR. Hospital — AI Clinic System,drhospital,https://mulesoo.com/case-studies,building,TikTok,"Behind the build 🔧

DR. Hospital — AI Clinic System: Audit logging is being built into the schema, not bolted on before launch.

The unglamorous decisions are the ones that save you in month nine.

mulesoo.com

#HealthTech #ClinicSoftware #AIIntake #POPIA #MuleSoo",265,"Audit logging is being built into the schema, not bolted on before launch.",DR. HOSPITAL · IN BUILD,#00FF88
2027-05-09,251,Sunday,36,BEHIND,DR. Hospital — AI Clinic System,drhospital,https://mulesoo.com/case-studies,building,X,"DR. Hospital — under the bonnet:

Audit logging is being built into the schema, not bolted on before launch.",108,"Audit logging is being built into the schema, not bolted on before launch.",DR. HOSPITAL · IN BUILD,#00FF88
2027-05-10,252,Monday,36,OFFER,MuleSoo Guides & Digital Store,guides,https://mulesoo.com/store,live,LinkedIn,"Want the process behind these builds, in writing?

We built MuleSoo Guides & Digital Store for exactly that — written from projects that are live right now, not from theory.

Same system, your brand, your sector.

Tell us what your week looks like and we will tell you honestly whether software fixes it: mulesoo.com/contact

#DigitalProducts #ClaudeCode #LearnToBuild",368,"Want the process behind these builds, in writing?",MULESOO STORE,#E8B84B
2027-05-10,252,Monday,36,OFFER,MuleSoo Guides & Digital Store,guides,https://mulesoo.com/store,live,Instagram,"Want the process behind these builds, in writing? 📘

We built MuleSoo Guides & Digital Store to solve it — you get a shelf that keeps selling after it is written.

Same system, your brand, your sector.

📩 mulesoo.com/contact
💬 wa.me/27688529333

#DigitalProducts #ClaudeCode #LearnToBuild #PassiveIncome #MuleSoo",315,"Want the process behind these builds, in writing?",MULESOO STORE,#E8B84B
2027-05-10,252,Monday,36,OFFER,MuleSoo Guides & Digital Store,guides,https://mulesoo.com/store,live,Facebook,"Want the process behind these builds, in writing?

That is precisely why MuleSoo Guides & Digital Store exists — written from projects that are live right now, not from theory.

Same system, your brand, your sector. Message us and we will tell you straight whether this is worth it for your business.

📩 mulesoo.com/contact  ·  💬 wa.me/27688529333",349,"Want the process behind these builds, in writing?",MULESOO STORE,#E8B84B
2027-05-10,252,Monday,36,OFFER,MuleSoo Guides & Digital Store,guides,https://mulesoo.com/store,live,TikTok,"Want the process behind these builds, in writing? 📘

We already built it once — MuleSoo Guides & Digital Store.

Same system, your brand, your sector.

mulesoo.com

#DigitalProducts #ClaudeCode #LearnToBuild #PassiveIncome #MuleSoo",232,"Want the process behind these builds, in writing?",MULESOO STORE,#E8B84B
2027-05-10,252,Monday,36,OFFER,MuleSoo Guides & Digital Store,guides,https://mulesoo.com/store,live,X,"Want the process behind these builds, in writing?

We built MuleSoo Guides & Digital Store for exactly this.

mulesoo.com/contact",129,"Want the process behind these builds, in writing?",MULESOO STORE,#E8B84B
2027-05-11,253,Tuesday,37,SPOTLIGHT,MuleSoo Digital Services,mulesoo,https://mulesoo.com,live,LinkedIn,"🛠️ MuleSoo Digital Services — one of ours.

In one line: the platform you are reading this from — it books its own clients, sells its own products and runs its own admin.

The part that matters — an AI assistant that walks a client end-to-end and hands them a branded PDF agreement with a QR code on it.

What the owner ends up with: lead capture with instant email + WhatsApp alerts on every enquiry.

See it: https://mulesoo.com

#MuleSoo #WebDesignPretoria #AIforBusiness",475,We built MuleSoo Digital Services.,MULESOO PLATFORM,#00C8FF
2027-05-11,253,Tuesday,37,SPOTLIGHT,MuleSoo Digital Services,mulesoo,https://mulesoo.com,live,Instagram,"🛠️ 🛠️ MuleSoo Digital Services — one of ours.

The platform you are reading this from — it books its own clients, sells its own products and runs its own admin.

✨ an AI assistant that walks a client end-to-end and hands them a branded PDF agreement with a QR code on it
✅ lead capture with instant email + WhatsApp alerts on every enquiry

See it: https://mulesoo.com

#MuleSoo #WebDesignPretoria #AIforBusiness #SouthAfricaTech #NextJS",439,We built MuleSoo Digital Services.,MULESOO PLATFORM,#00C8FF
2027-05-11,253,Tuesday,37,SPOTLIGHT,MuleSoo Digital Services,mulesoo,https://mulesoo.com,live,Facebook,"🛠️ MuleSoo Digital Services — one of ours.

It is the platform you are reading this from — it books its own clients, sells its own products and runs its own admin.

The thing people notice first: an AI assistant that walks a client end-to-end and hands them a branded PDF agreement with a QR code on it.

If you run a service business and this sounds like your week — we should talk. mulesoo.com",396,We built MuleSoo Digital Services.,MULESOO PLATFORM,#00C8FF
2027-05-11,253,Tuesday,37,SPOTLIGHT,MuleSoo Digital Services,mulesoo,https://mulesoo.com,live,TikTok,"POV: you run a service business. 🛠️

We built MuleSoo Digital Services.

It does one thing brilliantly: an AI assistant that walks a client end-to-end and hands them a branded PDF agreement with a QR code on it.

Full build on mulesoo.com

#MuleSoo #WebDesignPretoria #AIforBusiness #SouthAfricaTech #NextJS",308,We built MuleSoo Digital Services.,MULESOO PLATFORM,#00C8FF
2027-05-11,253,Tuesday,37,SPOTLIGHT,MuleSoo Digital Services,mulesoo,https://mulesoo.com,live,X,"🛠️ MuleSoo Digital Services — one of ours. The platform you are reading this from — it books its own clients, sells its own products and runs its own admin.

https://mulesoo.com",178,We built MuleSoo Digital Services.,MULESOO PLATFORM,#00C8FF
2027-05-12,254,Wednesday,37,PROBLEM,Habesha Celebration Events,habesha,https://habeshaeventsplanner.netlify.app,live,LinkedIn,"Wedding planners lose bookings at 11pm, when the couple is excited and nobody is awake to reply.

That was the brief behind Habesha Celebration Events.

We built it around one idea: a design couples actually screenshot and send to their mothers.

An elegant events platform that turns wedding dreams into confirmed bookings, 24/7.

See it: https://habeshaeventsplanner.netlify.app

#HabeshaEvents #EthiopianWedding #EventPlanner",428,"Wedding planners lose bookings at 11pm, when the couple is excited and nobody is awake to reply.",HABESHA EVENTS,#7B2FFF
2027-05-12,254,Wednesday,37,PROBLEM,Habesha Celebration Events,habesha,https://habeshaeventsplanner.netlify.app,live,Instagram,"Wedding planners lose bookings at 11pm, when the couple is excited and nobody is awake to reply. 😮‍💨

So we built Habesha Celebration Events.

A design couples actually screenshot and send to their mothers.

See it: https://habeshaeventsplanner.netlify.app

#HabeshaEvents #EthiopianWedding #EventPlanner #WeddingSA #MuleSoo",326,"Wedding planners lose bookings at 11pm, when the couple is excited and nobody is awake to reply.",HABESHA EVENTS,#7B2FFF
2027-05-12,254,Wednesday,37,PROBLEM,Habesha Celebration Events,habesha,https://habeshaeventsplanner.netlify.app,live,Facebook,"Wedding planners lose bookings at 11pm, when the couple is excited and nobody is awake to reply.

Every wedding & events business we have spoken to says a version of that sentence.

Habesha Celebration Events exists to end it — a design couples actually screenshot and send to their mothers.

See it: https://habeshaeventsplanner.netlify.app",341,"Wedding planners lose bookings at 11pm, when the couple is excited and nobody is awake to reply.",HABESHA EVENTS,#7B2FFF
2027-05-12,254,Wednesday,37,PROBLEM,Habesha Celebration Events,habesha,https://habeshaeventsplanner.netlify.app,live,TikTok,"Tell me you run a wedding & events business without telling me. 👇

""Wedding planners lose bookings at 11pm, when the couple is excited and nobody is awake to reply.""

That is why we built Habesha Celebration Events — a design couples actually screenshot and send to their mothers.

mulesoo.com

#HabeshaEvents #EthiopianWedding #EventPlanner #WeddingSA #MuleSoo",362,"Wedding planners lose bookings at 11pm, when the couple is excited and nobody is awake to reply.",HABESHA EVENTS,#7B2FFF
2027-05-12,254,Wednesday,37,PROBLEM,Habesha Celebration Events,habesha,https://habeshaeventsplanner.netlify.app,live,X,"Wedding planners lose bookings at 11pm, when the couple is excited and nobody is awake to reply.

So we built Habesha Celebration Events.

https://habeshaeventsplanner.netlify.app",179,"Wedding planners lose bookings at 11pm, when the couple is excited and nobody is awake to reply.",HABESHA EVENTS,#7B2FFF
2027-05-13,255,Thursday,37,FUNNY,YoYo Gym — AI Membership Platform,yoyogym,https://yoyogym.vercel.app,live,LinkedIn,"We wrote sixteen database tables so nobody has to write in a book with a chewed pen again.

Behind the joke there is a real system: YoYo Gym — AI Membership Platform — a full gym membership, booking and check-in system that runs the floor on autopilot.

Humour is just the shortest way to describe a problem everyone running a gym already has.

See it: https://yoyogym.vercel.app

#GymSoftware #FitnessBusiness #YoYoGym",419,We wrote sixteen database tables so nobody has to write in a book with a chewed pen again.,YOYO GYM,#00FF88
2027-05-13,255,Thursday,37,FUNNY,YoYo Gym — AI Membership Platform,yoyogym,https://yoyogym.vercel.app,live,Instagram,"We wrote sixteen database tables so nobody has to write in a book with a chewed pen again. 😂

(YoYo Gym — AI Membership Platform. Yes, it is real.)

See it: https://yoyogym.vercel.app

#GymSoftware #FitnessBusiness #YoYoGym #MembershipSystem #MuleSoo",251,We wrote sixteen database tables so nobody has to write in a book with a chewed pen again.,YOYO GYM,#00FF88
2027-05-13,255,Thursday,37,FUNNY,YoYo Gym — AI Membership Platform,yoyogym,https://yoyogym.vercel.app,live,Facebook,"We wrote sixteen database tables so nobody has to write in a book with a chewed pen again.

True story from building YoYo Gym — AI Membership Platform — a full gym membership, booking and check-in system that runs the floor on autopilot.

The gym owner asked for a system stronger than his members. We delivered.

See it: https://yoyogym.vercel.app",348,We wrote sixteen database tables so nobody has to write in a book with a chewed pen again.,YOYO GYM,#00FF88
2027-05-13,255,Thursday,37,FUNNY,YoYo Gym — AI Membership Platform,yoyogym,https://yoyogym.vercel.app,live,TikTok,"We wrote sixteen database tables so nobody has to write in a book with a chewed pen again. 💀

Not a joke though — YoYo Gym — AI Membership Platform actually does this.

The gym owner asked for a system stronger than his members. We delivered.

mulesoo.com

#GymSoftware #FitnessBusiness #YoYoGym #MembershipSystem #MuleSoo",323,We wrote sixteen database tables so nobody has to write in a book with a chewed pen again.,YOYO GYM,#00FF88
2027-05-13,255,Thursday,37,FUNNY,YoYo Gym — AI Membership Platform,yoyogym,https://yoyogym.vercel.app,live,X,"We wrote sixteen database tables so nobody has to write in a book with a chewed pen again.

— from building YoYo Gym",116,We wrote sixteen database tables so nobody has to write in a book with a chewed pen again.,YOYO GYM,#00FF88
2027-05-14,256,Friday,37,HOWTO,X-Boss Photography Studio,xboss,https://xbossphotography.vercel.app,live,LinkedIn,"Something X-Boss Photography Studio taught us:

A printed QR code beside the till still outperforms most paid ads for a local business.

Two more from the same build:

• JWT in an httpOnly cookie beats a token in localStorage every single time.
• Send the confirmation as a document, not a message. Documents get saved; messages get scrolled past.

All three are in the live product, not in a slide deck. See it: https://xbossphotography.vercel.app

#PhotographyBusiness #StudioBooking #XBoss",492,A printed QR code beside the till still outperforms most paid ads for a local business.,X-BOSS PHOTOGRAPHY,#E8B84B
2027-05-14,256,Friday,37,HOWTO,X-Boss Photography Studio,xboss,https://xbossphotography.vercel.app,live,Instagram,"Lesson from building X-Boss Photography Studio 📸

📌 A printed QR code beside the till still outperforms most paid ads for a local business.

Save this one — it applies far beyond this one project.

#PhotographyBusiness #StudioBooking #XBoss #BookingSystem #MuleSoo",266,A printed QR code beside the till still outperforms most paid ads for a local business.,X-BOSS PHOTOGRAPHY,#E8B84B
2027-05-14,256,Friday,37,HOWTO,X-Boss Photography Studio,xboss,https://xbossphotography.vercel.app,live,Facebook,"A free lesson from building X-Boss Photography Studio:

A printed QR code beside the till still outperforms most paid ads for a local business.

It sounds small. It is the difference between a system that works and one that quietly loses you money.

More of how we build: mulesoo.com",283,A printed QR code beside the till still outperforms most paid ads for a local business.,X-BOSS PHOTOGRAPHY,#E8B84B
2027-05-14,256,Friday,37,HOWTO,X-Boss Photography Studio,xboss,https://xbossphotography.vercel.app,live,TikTok,"Free game from a real build 🧠

A printed QR code beside the till still outperforms most paid ads for a local business.

Learned it building X-Boss Photography Studio.

mulesoo.com

#PhotographyBusiness #StudioBooking #XBoss #BookingSystem #MuleSoo",248,A printed QR code beside the till still outperforms most paid ads for a local business.,X-BOSS PHOTOGRAPHY,#E8B84B
2027-05-14,256,Friday,37,HOWTO,X-Boss Photography Studio,xboss,https://xbossphotography.vercel.app,live,X,"A printed QR code beside the till still outperforms most paid ads for a local business.

— learned building X-Boss Photography Studio",133,A printed QR code beside the till still outperforms most paid ads for a local business.,X-BOSS PHOTOGRAPHY,#E8B84B
2027-05-15,257,Saturday,37,PROOF,Shime Events & Planning,shime,https://shimeeventplaning.vercel.app,live,LinkedIn,"What Shime Events & Planning actually does — not adjectives, features:

• clients booking in the language they actually think in
• deposits collected without a single awkward phone call
• a signed contract in the client's inbox before they close the tab

Live now. See it: https://shimeeventplaning.vercel.app

No invented statistics on this page. Open it and check for yourself.

#EventPlanning #ShimeEvents #BilingualWeb",422,Clients booking in the language they actually think in.,SHIME EVENTS,#E8B84B
2027-05-15,257,Saturday,37,PROOF,Shime Events & Planning,shime,https://shimeeventplaning.vercel.app,live,Instagram,"🎊 Shime Events & Planning — what you actually get:

✅ clients booking in the language they actually think in
✅ deposits collected without a single awkward phone call
✅ a signed contract in the client's inbox before they close the tab

Live now.

See it: https://shimeeventplaning.vercel.app

#EventPlanning #ShimeEvents #BilingualWeb #Amharic #MuleSoo",352,Clients booking in the language they actually think in.,SHIME EVENTS,#E8B84B
2027-05-15,257,Saturday,37,PROOF,Shime Events & Planning,shime,https://shimeeventplaning.vercel.app,live,Facebook,"People ask what ""Shime Events & Planning"" really means. Plainly:

✅ clients booking in the language they actually think in
✅ deposits collected without a single awkward phone call
✅ a signed contract in the client's inbox before they close the tab

Live now. See it: https://shimeeventplaning.vercel.app",303,Clients booking in the language they actually think in.,SHIME EVENTS,#E8B84B
2027-05-15,257,Saturday,37,PROOF,Shime Events & Planning,shime,https://shimeeventplaning.vercel.app,live,TikTok,"Three things Shime Events & Planning does that a normal event planning business setup cannot 👇

1. clients booking in the language they actually think in
2. deposits collected without a single awkward phone call
3. a signed contract in the client's inbox before they close the tab

Live now.

mulesoo.com

#EventPlanning #ShimeEvents #BilingualWeb #Amharic #MuleSoo",366,Clients booking in the language they actually think in.,SHIME EVENTS,#E8B84B
2027-05-15,257,Saturday,37,PROOF,Shime Events & Planning,shime,https://shimeeventplaning.vercel.app,live,X,"Shime Events & Planning:
• clients booking in the language they actually think in
• deposits collected without a single awkward phone call

https://shimeeventplaning.vercel.app",176,Clients booking in the language they actually think in.,SHIME EVENTS,#E8B84B
2027-05-16,258,Sunday,37,BEHIND,Tsedi Catering & Events,tsedi,https://tsedicatering.vercel.app,live,LinkedIn,"Under the bonnet of Tsedi Catering & Events:

No website at all — the QR opens the assistant straight in the phone's browser.

Google Calendar for availability, Stripe for the deposit, all inside one conversation.

None of this is visible to the client, and all of it is why the thing keeps working in month nine.

See it: https://tsedicatering.vercel.app

#CateringBusiness #QRBooking #TsediCatering",400,No website at all — the QR opens the assistant straight in the phone's browser.,TSEDI CATERING,#E8B84B
2027-05-16,258,Sunday,37,BEHIND,Tsedi Catering & Events,tsedi,https://tsedicatering.vercel.app,live,Instagram,"Behind the build 🔧 Tsedi Catering & Events

No website at all — the QR opens the assistant straight in the phone's browser.

The boring decisions are the ones that hold.

#CateringBusiness #QRBooking #TsediCatering #AIAssistant #MuleSoo",237,No website at all — the QR opens the assistant straight in the phone's browser.,TSEDI CATERING,#E8B84B
2027-05-16,258,Sunday,37,BEHIND,Tsedi Catering & Events,tsedi,https://tsedicatering.vercel.app,live,Facebook,"A look behind Tsedi Catering & Events:

No website at all — the QR opens the assistant straight in the phone's browser.

Google Calendar for availability, Stripe for the deposit, all inside one conversation.

We build the invisible parts properly. That is the whole difference between a demo and a system you can run a business on.",331,No website at all — the QR opens the assistant straight in the phone's browser.,TSEDI CATERING,#E8B84B
2027-05-16,258,Sunday,37,BEHIND,Tsedi Catering & Events,tsedi,https://tsedicatering.vercel.app,live,TikTok,"Behind the build 🔧

Tsedi Catering & Events: No website at all — the QR opens the assistant straight in the phone's browser.

The unglamorous decisions are the ones that save you in month nine.

mulesoo.com

#CateringBusiness #QRBooking #TsediCatering #AIAssistant #MuleSoo",274,No website at all — the QR opens the assistant straight in the phone's browser.,TSEDI CATERING,#E8B84B
2027-05-16,258,Sunday,37,BEHIND,Tsedi Catering & Events,tsedi,https://tsedicatering.vercel.app,live,X,"Tsedi Catering & Events — under the bonnet:

No website at all — the QR opens the assistant straight in the phone's browser.",124,No website at all — the QR opens the assistant straight in the phone's browser.,TSEDI CATERING,#E8B84B
2027-05-17,259,Monday,37,OFFER,TSI AI Booking Assistant,tsi,https://mulesoo.com/services/chatbot,live,LinkedIn,"How many enquiries went unanswered last night?

We built TSI AI Booking Assistant for exactly that — it captures name, contact and intent before it hands anything to a human.

Same system, your brand, your sector.

Tell us what your week looks like and we will tell you honestly whether software fixes it: mulesoo.com/contact

#AIChatbot #Hospitality #Reservations",364,How many enquiries went unanswered last night?,TSI ASSISTANT,#00C8FF
2027-05-17,259,Monday,37,OFFER,TSI AI Booking Assistant,tsi,https://mulesoo.com/services/chatbot,live,Instagram,"How many enquiries went unanswered last night? 🤖

We built TSI AI Booking Assistant to solve it — you get every after-hours enquiry answered instead of lost.

Same system, your brand, your sector.

📩 mulesoo.com/contact
💬 wa.me/27688529333

#AIChatbot #Hospitality #Reservations #CustomerService #MuleSoo",307,How many enquiries went unanswered last night?,TSI ASSISTANT,#00C8FF
2027-05-17,259,Monday,37,OFFER,TSI AI Booking Assistant,tsi,https://mulesoo.com/services/chatbot,live,Facebook,"How many enquiries went unanswered last night?

That is precisely why TSI AI Booking Assistant exists — it captures name, contact and intent before it hands anything to a human.

Same system, your brand, your sector. Message us and we will tell you straight whether this is worth it for your business.

📩 mulesoo.com/contact  ·  💬 wa.me/27688529333",350,How many enquiries went unanswered last night?,TSI ASSISTANT,#00C8FF
2027-05-17,259,Monday,37,OFFER,TSI AI Booking Assistant,tsi,https://mulesoo.com/services/chatbot,live,TikTok,"How many enquiries went unanswered last night? 🤖

We already built it once — TSI AI Booking Assistant.

Same system, your brand, your sector.

mulesoo.com

#AIChatbot #Hospitality #Reservations #CustomerService #MuleSoo",220,How many enquiries went unanswered last night?,TSI ASSISTANT,#00C8FF
2027-05-17,259,Monday,37,OFFER,TSI AI Booking Assistant,tsi,https://mulesoo.com/services/chatbot,live,X,"How many enquiries went unanswered last night?

We built TSI AI Booking Assistant for exactly this.

mulesoo.com/contact",120,How many enquiries went unanswered last night?,TSI ASSISTANT,#00C8FF
2027-05-18,260,Tuesday,38,SPOTLIGHT,Sena — AI Front Desk Receptionist,sena,https://mulesoo.com/ai-automation,building,LinkedIn,"🏨 Sena — AI Front Desk Receptionist — one of ours.

In one line: a voice receptionist for hotels: the guest clicks Call Reception and Sena actually answers.

The part that matters — she says plainly that she is an AI, before anything else.

What the owner ends up with: reception answered at 3am without a night shift.

Still in build — follow along: mulesoo.com

#VoiceAI #HotelTech #Sena",390,We building Sena — AI Front Desk Receptionist.,SENA · IN BUILD,#7B2FFF
2027-05-18,260,Tuesday,38,SPOTLIGHT,Sena — AI Front Desk Receptionist,sena,https://mulesoo.com/ai-automation,building,Instagram,"🏨 🏨 Sena — AI Front Desk Receptionist — one of ours.

A voice receptionist for hotels: the guest clicks Call Reception and Sena actually answers.

✨ she says plainly that she is an AI, before anything else
✅ reception answered at 3am without a night shift

Still in build — follow along: mulesoo.com

#VoiceAI #HotelTech #Sena #Hospitality #MuleSoo",350,We building Sena — AI Front Desk Receptionist.,SENA · IN BUILD,#7B2FFF
2027-05-18,260,Tuesday,38,SPOTLIGHT,Sena — AI Front Desk Receptionist,sena,https://mulesoo.com/ai-automation,building,Facebook,"🏨 Sena — AI Front Desk Receptionist — one of ours.

It is a voice receptionist for hotels: the guest clicks Call Reception and Sena actually answers.

The thing people notice first: she says plainly that she is an AI, before anything else.

If you run a hotel and this sounds like your week — we should talk. mulesoo.com",321,We building Sena — AI Front Desk Receptionist.,SENA · IN BUILD,#7B2FFF
2027-05-18,260,Tuesday,38,SPOTLIGHT,Sena — AI Front Desk Receptionist,sena,https://mulesoo.com/ai-automation,building,TikTok,"POV: you run a hotel. 🏨

We building Sena — AI Front Desk Receptionist.

It does one thing brilliantly: she says plainly that she is an AI, before anything else.

Full build on mulesoo.com

#VoiceAI #HotelTech #Sena #Hospitality #MuleSoo",238,We building Sena — AI Front Desk Receptionist.,SENA · IN BUILD,#7B2FFF
2027-05-18,260,Tuesday,38,SPOTLIGHT,Sena — AI Front Desk Receptionist,sena,https://mulesoo.com/ai-automation,building,X,"🏨 Sena — AI Front Desk Receptionist — one of ours. A voice receptionist for hotels: the guest clicks Call Reception and Sena actually answers.

https://mulesoo.com/ai-automation",178,We building Sena — AI Front Desk Receptionist.,SENA · IN BUILD,#7B2FFF
2027-05-19,261,Wednesday,38,PROBLEM,Yewogen Derash (ወገን ደራሽ),yewogen,https://mulesoo.com/case-studies,building,LinkedIn,"People stop giving online the first time a fundraiser turns out to be nobody.

That was the brief behind Yewogen Derash (ወገን ደራሽ).

We building it around one idea: ID documents plus a live face capture plus a human admin review, before a campaign goes live.

A crowdfunding platform where every campaign owner is identity-verified and no two campaigns share a wallet.

Still in build — follow along: mulesoo.com

#Crowdfunding #Ethiopia #YewogenDerash",451,People stop giving online the first time a fundraiser turns out to be nobody.,YEWOGEN DERASH · IN BUILD,#00C8FF
2027-05-19,261,Wednesday,38,PROBLEM,Yewogen Derash (ወገን ደራሽ),yewogen,https://mulesoo.com/case-studies,building,Instagram,"People stop giving online the first time a fundraiser turns out to be nobody. 😮‍💨

So we building Yewogen Derash (ወገን ደራሽ).

ID documents plus a live face capture plus a human admin review, before a campaign goes live.

Still in build — follow along: mulesoo.com

#Crowdfunding #Ethiopia #YewogenDerash #FinTech #MuleSoo",322,People stop giving online the first time a fundraiser turns out to be nobody.,YEWOGEN DERASH · IN BUILD,#00C8FF
2027-05-19,261,Wednesday,38,PROBLEM,Yewogen Derash (ወገን ደራሽ),yewogen,https://mulesoo.com/case-studies,building,Facebook,"People stop giving online the first time a fundraiser turns out to be nobody.

Every fundraising campaign we have spoken to says a version of that sentence.

Yewogen Derash (ወገን ደራሽ) exists to end it — ID documents plus a live face capture plus a human admin review, before a campaign goes live.

Still in build — follow along: mulesoo.com",339,People stop giving online the first time a fundraiser turns out to be nobody.,YEWOGEN DERASH · IN BUILD,#00C8FF
2027-05-19,261,Wednesday,38,PROBLEM,Yewogen Derash (ወገን ደራሽ),yewogen,https://mulesoo.com/case-studies,building,TikTok,"Tell me you run a fundraising campaign without telling me. 👇

""People stop giving online the first time a fundraiser turns out to be nobody.""

That is why we building Yewogen Derash (ወገን ደራሽ) — ID documents plus a live face capture plus a human admin review, before a campaign goes live.

mulesoo.com

#Crowdfunding #Ethiopia #YewogenDerash #FinTech #MuleSoo",359,People stop giving online the first time a fundraiser turns out to be nobody.,YEWOGEN DERASH · IN BUILD,#00C8FF
2027-05-19,261,Wednesday,38,PROBLEM,Yewogen Derash (ወገን ደራሽ),yewogen,https://mulesoo.com/case-studies,building,X,"People stop giving online the first time a fundraiser turns out to be nobody.

So we building Yewogen Derash.

https://mulesoo.com/case-studies",143,People stop giving online the first time a fundraiser turns out to be nobody.,YEWOGEN DERASH · IN BUILD,#00C8FF
2027-05-20,262,Thursday,38,FUNNY,Pretoria Kidane Mihret Church Platform,church,https://mulesoo.com/portfolio,live,LinkedIn,"The admin panel means nobody has to phone a developer about a feast day at 9pm.

Behind the joke there is a real system: Pretoria Kidane Mihret Church Platform — a bilingual Amharic and English home for a parish, with the whole site editable by the church itself.

Humour is just the shortest way to describe a problem everyone running a church or community organisation already has.

See it: https://mulesoo.com/portfolio

#ChurchWebsite #Amharic #Bilingual",458,The admin panel means nobody has to phone a developer about a feast day at 9pm.,KIDANE MIHRET,#E8B84B
2027-05-20,262,Thursday,38,FUNNY,Pretoria Kidane Mihret Church Platform,church,https://mulesoo.com/portfolio,live,Instagram,"The admin panel means nobody has to phone a developer about a feast day at 9pm. 😂

(Pretoria Kidane Mihret Church Platform. Yes, it is real.)

See it: https://mulesoo.com/portfolio

#ChurchWebsite #Amharic #Bilingual #Pretoria #MuleSoo",236,The admin panel means nobody has to phone a developer about a feast day at 9pm.,KIDANE MIHRET,#E8B84B
2027-05-20,262,Thursday,38,FUNNY,Pretoria Kidane Mihret Church Platform,church,https://mulesoo.com/portfolio,live,Facebook,"The admin panel means nobody has to phone a developer about a feast day at 9pm.

True story from building Pretoria Kidane Mihret Church Platform — a bilingual Amharic and English home for a parish, with the whole site editable by the church itself.

The service times are now editable by the church. The 2019 WhatsApp forward has been retired with honours.

See it: https://mulesoo.com/portfolio",395,The admin panel means nobody has to phone a developer about a feast day at 9pm.,KIDANE MIHRET,#E8B84B
2027-05-20,262,Thursday,38,FUNNY,Pretoria Kidane Mihret Church Platform,church,https://mulesoo.com/portfolio,live,TikTok,"The admin panel means nobody has to phone a developer about a feast day at 9pm. 💀

Not a joke though — Pretoria Kidane Mihret Church Platform actually does this.

The service times are now editable by the church. The 2019 WhatsApp forward has been retired with honours.

mulesoo.com

#ChurchWebsite #Amharic #Bilingual #Pretoria #MuleSoo",338,The admin panel means nobody has to phone a developer about a feast day at 9pm.,KIDANE MIHRET,#E8B84B
2027-05-20,262,Thursday,38,FUNNY,Pretoria Kidane Mihret Church Platform,church,https://mulesoo.com/portfolio,live,X,"The admin panel means nobody has to phone a developer about a feast day at 9pm.

— from building Pretoria Kidane Mihret Church Platform",135,The admin panel means nobody has to phone a developer about a feast day at 9pm.,KIDANE MIHRET,#E8B84B
2027-05-21,263,Friday,38,HOWTO,DR. Hospital — AI Clinic System,drhospital,https://mulesoo.com/case-studies,building,LinkedIn,"Something DR. Hospital — AI Clinic System taught us:

Audit trails on patient records are not optional, and they are hard to add later.

Two more from the same build:

• Say ""in development"" when it is in development. Health clients check.
• Automate intake, never diagnosis. Know exactly where the software stops.

All three are in the live product, not in a slide deck. Still in build — follow along: mulesoo.com

#HealthTech #ClinicSoftware #AIIntake",453,"Audit trails on patient records are not optional, and they are hard to add later.",DR. HOSPITAL · IN BUILD,#00FF88
2027-05-21,263,Friday,38,HOWTO,DR. Hospital — AI Clinic System,drhospital,https://mulesoo.com/case-studies,building,Instagram,"Lesson from building DR. Hospital — AI Clinic System 🩺

📌 Audit trails on patient records are not optional, and they are hard to add later.

Save this one — it applies far beyond this one project.

#HealthTech #ClinicSoftware #AIIntake #POPIA #MuleSoo",253,"Audit trails on patient records are not optional, and they are hard to add later.",DR. HOSPITAL · IN BUILD,#00FF88
2027-05-21,263,Friday,38,HOWTO,DR. Hospital — AI Clinic System,drhospital,https://mulesoo.com/case-studies,building,Facebook,"A free lesson from building DR. Hospital — AI Clinic System:

Audit trails on patient records are not optional, and they are hard to add later.

It sounds small. It is the difference between a system that works and one that quietly loses you money.

More of how we build: mulesoo.com",283,"Audit trails on patient records are not optional, and they are hard to add later.",DR. HOSPITAL · IN BUILD,#00FF88
2027-05-21,263,Friday,38,HOWTO,DR. Hospital — AI Clinic System,drhospital,https://mulesoo.com/case-studies,building,TikTok,"Free game from a real build 🧠

Audit trails on patient records are not optional, and they are hard to add later.

Learned it building DR. Hospital — AI Clinic System.

mulesoo.com

#HealthTech #ClinicSoftware #AIIntake #POPIA #MuleSoo",235,"Audit trails on patient records are not optional, and they are hard to add later.",DR. HOSPITAL · IN BUILD,#00FF88
2027-05-21,263,Friday,38,HOWTO,DR. Hospital — AI Clinic System,drhospital,https://mulesoo.com/case-studies,building,X,"Audit trails on patient records are not optional, and they are hard to add later.

— learned building DR. Hospital",114,"Audit trails on patient records are not optional, and they are hard to add later.",DR. HOSPITAL · IN BUILD,#00FF88
2027-05-22,264,Saturday,38,PROOF,MuleSoo Guides & Digital Store,guides,https://mulesoo.com/store,live,LinkedIn,"What MuleSoo Guides & Digital Store actually does — not adjectives, features:

• the exact process behind live client builds
• instant download, no subscription
• a shelf that keeps selling after it is written

Live now. See it: https://mulesoo.com/store

No invented statistics on this page. Open it and check for yourself.

#DigitalProducts #ClaudeCode #LearnToBuild",368,The exact process behind live client builds.,MULESOO STORE,#E8B84B
2027-05-22,264,Saturday,38,PROOF,MuleSoo Guides & Digital Store,guides,https://mulesoo.com/store,live,Instagram,"📘 MuleSoo Guides & Digital Store — what you actually get:

✅ the exact process behind live client builds
✅ instant download, no subscription
✅ a shelf that keeps selling after it is written

Live now.

See it: https://mulesoo.com/store

#DigitalProducts #ClaudeCode #LearnToBuild #PassiveIncome #MuleSoo",304,The exact process behind live client builds.,MULESOO STORE,#E8B84B
2027-05-22,264,Saturday,38,PROOF,MuleSoo Guides & Digital Store,guides,https://mulesoo.com/store,live,Facebook,"People ask what ""MuleSoo Guides & Digital Store"" really means. Plainly:

✅ the exact process behind live client builds
✅ instant download, no subscription
✅ a shelf that keeps selling after it is written

Live now. See it: https://mulesoo.com/store",248,The exact process behind live client builds.,MULESOO STORE,#E8B84B
2027-05-22,264,Saturday,38,PROOF,MuleSoo Guides & Digital Store,guides,https://mulesoo.com/store,live,TikTok,"Three things MuleSoo Guides & Digital Store does that a normal knowledge business setup cannot 👇

1. the exact process behind live client builds
2. instant download, no subscription
3. a shelf that keeps selling after it is written

Live now.

mulesoo.com

#DigitalProducts #ClaudeCode #LearnToBuild #PassiveIncome #MuleSoo",324,The exact process behind live client builds.,MULESOO STORE,#E8B84B
2027-05-22,264,Saturday,38,PROOF,MuleSoo Guides & Digital Store,guides,https://mulesoo.com/store,live,X,"MuleSoo Guides & Digital Store:
• the exact process behind live client builds
• instant download, no subscription

https://mulesoo.com/store",140,The exact process behind live client builds.,MULESOO STORE,#E8B84B
2027-05-23,265,Sunday,38,BEHIND,MuleSoo Digital Services,mulesoo,https://mulesoo.com,live,LinkedIn,"Under the bonnet of MuleSoo Digital Services:

Next.js App Router, Supabase and Stripe, deployed on Vercel with a CI that refuses broken builds.

The whole admin is installable as a private PWA, so the business runs from a phone on the way to a meeting.

None of this is visible to the client, and all of it is why the thing keeps working in month nine.

See it: https://mulesoo.com

#MuleSoo #WebDesignPretoria #AIforBusiness",426,"Next.js App Router, Supabase and Stripe, deployed on Vercel with a CI that refuses broken builds.",MULESOO PLATFORM,#00C8FF
2027-05-23,265,Sunday,38,BEHIND,MuleSoo Digital Services,mulesoo,https://mulesoo.com,live,Instagram,"Behind the build 🔧 MuleSoo Digital Services

Next.js App Router, Supabase and Stripe, deployed on Vercel with a CI that refuses broken builds.

The boring decisions are the ones that hold.

#MuleSoo #WebDesignPretoria #AIforBusiness #SouthAfricaTech #NextJS",258,"Next.js App Router, Supabase and Stripe, deployed on Vercel with a CI that refuses broken builds.",MULESOO PLATFORM,#00C8FF
2027-05-23,265,Sunday,38,BEHIND,MuleSoo Digital Services,mulesoo,https://mulesoo.com,live,Facebook,"A look behind MuleSoo Digital Services:

Next.js App Router, Supabase and Stripe, deployed on Vercel with a CI that refuses broken builds.

The whole admin is installable as a private PWA, so the business runs from a phone on the way to a meeting.

We build the invisible parts properly. That is the whole difference between a demo and a system you can run a business on.",371,"Next.js App Router, Supabase and Stripe, deployed on Vercel with a CI that refuses broken builds.",MULESOO PLATFORM,#00C8FF
2027-05-23,265,Sunday,38,BEHIND,MuleSoo Digital Services,mulesoo,https://mulesoo.com,live,TikTok,"Behind the build 🔧

MuleSoo Digital Services: Next.js App Router, Supabase and Stripe, deployed on Vercel with a CI that refuses broken builds.

The unglamorous decisions are the ones that save you in month nine.

mulesoo.com

#MuleSoo #WebDesignPretoria #AIforBusiness #SouthAfricaTech #NextJS",295,"Next.js App Router, Supabase and Stripe, deployed on Vercel with a CI that refuses broken builds.",MULESOO PLATFORM,#00C8FF
2027-05-23,265,Sunday,38,BEHIND,MuleSoo Digital Services,mulesoo,https://mulesoo.com,live,X,"MuleSoo Digital Services — under the bonnet:

Next.js App Router, Supabase and Stripe, deployed on Vercel with a CI that refuses broken builds.",143,"Next.js App Router, Supabase and Stripe, deployed on Vercel with a CI that refuses broken builds.",MULESOO PLATFORM,#00C8FF
2027-05-24,266,Monday,38,OFFER,Habesha Celebration Events,habesha,https://habeshaeventsplanner.netlify.app,live,LinkedIn,"Planning weddings and still answering every enquiry by hand?

We built Habesha Celebration Events for exactly that — enquiry capture that works while the planner is mid-ceremony with no phone in hand.

Same system, your brand, your sector.

Tell us what your week looks like and we will tell you honestly whether software fixes it: mulesoo.com/contact

#HabeshaEvents #EthiopianWedding #EventPlanner",399,Planning weddings and still answering every enquiry by hand?,HABESHA EVENTS,#7B2FFF
2027-05-24,266,Monday,38,OFFER,Habesha Celebration Events,habesha,https://habeshaeventsplanner.netlify.app,live,Instagram,"Planning weddings and still answering every enquiry by hand? 💍

We built Habesha Celebration Events to solve it — you get a site that looks like the events it sells.

Same system, your brand, your sector.

📩 mulesoo.com/contact
💬 wa.me/27688529333

#HabeshaEvents #EthiopianWedding #EventPlanner #WeddingSA #MuleSoo",318,Planning weddings and still answering every enquiry by hand?,HABESHA EVENTS,#7B2FFF
2027-05-24,266,Monday,38,OFFER,Habesha Celebration Events,habesha,https://habeshaeventsplanner.netlify.app,live,Facebook,"Planning weddings and still answering every enquiry by hand?

That is precisely why Habesha Celebration Events exists — enquiry capture that works while the planner is mid-ceremony with no phone in hand.

Same system, your brand, your sector. Message us and we will tell you straight whether this is worth it for your business.

📩 mulesoo.com/contact  ·  💬 wa.me/27688529333",376,Planning weddings and still answering every enquiry by hand?,HABESHA EVENTS,#7B2FFF
2027-05-24,266,Monday,38,OFFER,Habesha Celebration Events,habesha,https://habeshaeventsplanner.netlify.app,live,TikTok,"Planning weddings and still answering every enquiry by hand? 💍

We already built it once — Habesha Celebration Events.

Same system, your brand, your sector.

mulesoo.com

#HabeshaEvents #EthiopianWedding #EventPlanner #WeddingSA #MuleSoo",239,Planning weddings and still answering every enquiry by hand?,HABESHA EVENTS,#7B2FFF
2027-05-24,266,Monday,38,OFFER,Habesha Celebration Events,habesha,https://habeshaeventsplanner.netlify.app,live,X,"Planning weddings and still answering every enquiry by hand?

We built Habesha Celebration Events for exactly this.

mulesoo.com/contact",136,Planning weddings and still answering every enquiry by hand?,HABESHA EVENTS,#7B2FFF
2027-05-25,267,Tuesday,39,SPOTLIGHT,YoYo Gym — AI Membership Platform,yoyogym,https://yoyogym.vercel.app,live,LinkedIn,"🏋️ YoYo Gym — AI Membership Platform — one of ours.

In one line: a full gym membership, booking and check-in system that runs the floor on autopilot.

The part that matters — sixteen tables of real membership logic — plans, payments, bookings, attendance.

What the owner ends up with: members, plans and payments in one place instead of three books.

See it: https://yoyogym.vercel.app

#GymSoftware #FitnessBusiness #YoYoGym",428,We built YoYo Gym — AI Membership Platform.,YOYO GYM,#00FF88
2027-05-25,267,Tuesday,39,SPOTLIGHT,YoYo Gym — AI Membership Platform,yoyogym,https://yoyogym.vercel.app,live,Instagram,"🏋️ 🏋️ YoYo Gym — AI Membership Platform — one of ours.

A full gym membership, booking and check-in system that runs the floor on autopilot.

✨ sixteen tables of real membership logic — plans, payments, bookings, attendance
✅ members, plans and payments in one place instead of three books

See it: https://yoyogym.vercel.app

#GymSoftware #FitnessBusiness #YoYoGym #MembershipSystem #MuleSoo",394,We built YoYo Gym — AI Membership Platform.,YOYO GYM,#00FF88
2027-05-25,267,Tuesday,39,SPOTLIGHT,YoYo Gym — AI Membership Platform,yoyogym,https://yoyogym.vercel.app,live,Facebook,"🏋️ YoYo Gym — AI Membership Platform — one of ours.

It is a full gym membership, booking and check-in system that runs the floor on autopilot.

The thing people notice first: sixteen tables of real membership logic — plans, payments, bookings, attendance.

If you run a gym and this sounds like your week — we should talk. mulesoo.com",336,We built YoYo Gym — AI Membership Platform.,YOYO GYM,#00FF88
2027-05-25,267,Tuesday,39,SPOTLIGHT,YoYo Gym — AI Membership Platform,yoyogym,https://yoyogym.vercel.app,live,TikTok,"POV: you run a gym. 🏋️

We built YoYo Gym — AI Membership Platform.

It does one thing brilliantly: sixteen tables of real membership logic — plans, payments, bookings, attendance.

Full build on mulesoo.com

#GymSoftware #FitnessBusiness #YoYoGym #MembershipSystem #MuleSoo",275,We built YoYo Gym — AI Membership Platform.,YOYO GYM,#00FF88
2027-05-25,267,Tuesday,39,SPOTLIGHT,YoYo Gym — AI Membership Platform,yoyogym,https://yoyogym.vercel.app,live,X,"🏋️ YoYo Gym — AI Membership Platform — one of ours. A full gym membership, booking and check-in system that runs the floor on autopilot.

https://yoyogym.vercel.app",165,We built YoYo Gym — AI Membership Platform.,YOYO GYM,#00FF88
2027-05-26,268,Wednesday,39,PROBLEM,X-Boss Photography Studio,xboss,https://xbossphotography.vercel.app,live,LinkedIn,"A photographer answering DMs between shoots is a photographer not shooting.

That was the brief behind X-Boss Photography Studio.

We built it around one idea: a guided booking assistant with live date and time pickers, review and edit before confirming.

A dark-luxury booking system with an AI assistant, an admin dashboard and signable PDF confirmations.

See it: https://xbossphotography.vercel.app

#PhotographyBusiness #StudioBooking #XBoss",446,A photographer answering DMs between shoots is a photographer not shooting.,X-BOSS PHOTOGRAPHY,#E8B84B
2027-05-26,268,Wednesday,39,PROBLEM,X-Boss Photography Studio,xboss,https://xbossphotography.vercel.app,live,Instagram,"A photographer answering DMs between shoots is a photographer not shooting. 😮‍💨

So we built X-Boss Photography Studio.

A guided booking assistant with live date and time pickers, review and edit before confirming.

See it: https://xbossphotography.vercel.app

#PhotographyBusiness #StudioBooking #XBoss #BookingSystem #MuleSoo",330,A photographer answering DMs between shoots is a photographer not shooting.,X-BOSS PHOTOGRAPHY,#E8B84B
2027-05-26,268,Wednesday,39,PROBLEM,X-Boss Photography Studio,xboss,https://xbossphotography.vercel.app,live,Facebook,"A photographer answering DMs between shoots is a photographer not shooting.

Every photography studio we have spoken to says a version of that sentence.

X-Boss Photography Studio exists to end it — a guided booking assistant with live date and time pickers, review and edit before confirming.

See it: https://xbossphotography.vercel.app",338,A photographer answering DMs between shoots is a photographer not shooting.,X-BOSS PHOTOGRAPHY,#E8B84B
2027-05-26,268,Wednesday,39,PROBLEM,X-Boss Photography Studio,xboss,https://xbossphotography.vercel.app,live,TikTok,"Tell me you run a photography studio without telling me. 👇

""A photographer answering DMs between shoots is a photographer not shooting.""

That is why we built X-Boss Photography Studio — a guided booking assistant with live date and time pickers, review and edit before confirming.

mulesoo.com

#PhotographyBusiness #StudioBooking #XBoss #BookingSystem #MuleSoo",364,A photographer answering DMs between shoots is a photographer not shooting.,X-BOSS PHOTOGRAPHY,#E8B84B
2027-05-26,268,Wednesday,39,PROBLEM,X-Boss Photography Studio,xboss,https://xbossphotography.vercel.app,live,X,"A photographer answering DMs between shoots is a photographer not shooting.

So we built X-Boss Photography Studio.

https://xbossphotography.vercel.app",152,A photographer answering DMs between shoots is a photographer not shooting.,X-BOSS PHOTOGRAPHY,#E8B84B
2027-05-27,269,Thursday,39,FUNNY,Shime Events & Planning,shime,https://shimeeventplaning.vercel.app,live,LinkedIn,"We priced the deposits by package tier so nobody has to have the awkward money conversation twice.

Behind the joke there is a real system: Shime Events & Planning — a bilingual booking assistant that walks a client through seventeen steps and ends with a signed PDF contract.

Humour is just the shortest way to describe a problem everyone running an event planning business already has.

See it: https://shimeeventplaning.vercel.app

#EventPlanning #ShimeEvents #BilingualWeb",477,We priced the deposits by package tier so nobody has to have the awkward money conversation twice.,SHIME EVENTS,#E8B84B
2027-05-27,269,Thursday,39,FUNNY,Shime Events & Planning,shime,https://shimeeventplaning.vercel.app,live,Instagram,"We priced the deposits by package tier so nobody has to have the awkward money conversation twice. 😂

(Shime Events & Planning. Yes, it is real.)

See it: https://shimeeventplaning.vercel.app

#EventPlanning #ShimeEvents #BilingualWeb #Amharic #MuleSoo",253,We priced the deposits by package tier so nobody has to have the awkward money conversation twice.,SHIME EVENTS,#E8B84B
2027-05-27,269,Thursday,39,FUNNY,Shime Events & Planning,shime,https://shimeeventplaning.vercel.app,live,Facebook,"We priced the deposits by package tier so nobody has to have the awkward money conversation twice.

True story from building Shime Events & Planning — a bilingual booking assistant that walks a client through seventeen steps and ends with a signed PDF contract.

Seventeen steps sounds like a lot until you meet an event client with a spreadsheet.

See it: https://shimeeventplaning.vercel.app",393,We priced the deposits by package tier so nobody has to have the awkward money conversation twice.,SHIME EVENTS,#E8B84B
2027-05-27,269,Thursday,39,FUNNY,Shime Events & Planning,shime,https://shimeeventplaning.vercel.app,live,TikTok,"We priced the deposits by package tier so nobody has to have the awkward money conversation twice. 💀

Not a joke though — Shime Events & Planning actually does this.

Seventeen steps sounds like a lot until you meet an event client with a spreadsheet.

mulesoo.com

#EventPlanning #ShimeEvents #BilingualWeb #Amharic #MuleSoo",326,We priced the deposits by package tier so nobody has to have the awkward money conversation twice.,SHIME EVENTS,#E8B84B
2027-05-27,269,Thursday,39,FUNNY,Shime Events & Planning,shime,https://shimeeventplaning.vercel.app,live,X,"We priced the deposits by package tier so nobody has to have the awkward money conversation twice.

— from building Shime Events & Planning",139,We priced the deposits by package tier so nobody has to have the awkward money conversation twice.,SHIME EVENTS,#E8B84B
2027-05-28,270,Friday,39,HOWTO,Tsedi Catering & Events,tsedi,https://tsedicatering.vercel.app,live,LinkedIn,"Something Tsedi Catering & Events taught us:

Issue a verification code at booking, then scan it on the day. Cheap, offline-proof, unforgeable.

Two more from the same build:

• Ask for dietary needs up front. It is a service detail that quietly closes the sale.
• Take a deposit inside the conversation. A booking without money attached is a rehearsal.

All three are in the live product, not in a slide deck. See it: https://tsedicatering.vercel.app

#CateringBusiness #QRBooking #TsediCatering",496,"Issue a verification code at booking, then scan it on the day. Cheap, offline-proof, unforgeable.",TSEDI CATERING,#E8B84B
2027-05-28,270,Friday,39,HOWTO,Tsedi Catering & Events,tsedi,https://tsedicatering.vercel.app,live,Instagram,"Lesson from building Tsedi Catering & Events 🍽️

📌 Issue a verification code at booking, then scan it on the day. Cheap, offline-proof, unforgeable.

Save this one — it applies far beyond this one project.

#CateringBusiness #QRBooking #TsediCatering #AIAssistant #MuleSoo",274,"Issue a verification code at booking, then scan it on the day. Cheap, offline-proof, unforgeable.",TSEDI CATERING,#E8B84B
2027-05-28,270,Friday,39,HOWTO,Tsedi Catering & Events,tsedi,https://tsedicatering.vercel.app,live,Facebook,"A free lesson from building Tsedi Catering & Events:

Issue a verification code at booking, then scan it on the day. Cheap, offline-proof, unforgeable.

It sounds small. It is the difference between a system that works and one that quietly loses you money.

More of how we build: mulesoo.com",291,"Issue a verification code at booking, then scan it on the day. Cheap, offline-proof, unforgeable.",TSEDI CATERING,#E8B84B
2027-05-28,270,Friday,39,HOWTO,Tsedi Catering & Events,tsedi,https://tsedicatering.vercel.app,live,TikTok,"Free game from a real build 🧠

Issue a verification code at booking, then scan it on the day. Cheap, offline-proof, unforgeable.

Learned it building Tsedi Catering & Events.

mulesoo.com

#CateringBusiness #QRBooking #TsediCatering #AIAssistant #MuleSoo",255,"Issue a verification code at booking, then scan it on the day. Cheap, offline-proof, unforgeable.",TSEDI CATERING,#E8B84B
2027-05-28,270,Friday,39,HOWTO,Tsedi Catering & Events,tsedi,https://tsedicatering.vercel.app,live,X,"Issue a verification code at booking, then scan it on the day. Cheap, offline-proof, unforgeable.

— learned building Tsedi Catering & Events",141,"Issue a verification code at booking, then scan it on the day. Cheap, offline-proof, unforgeable.",TSEDI CATERING,#E8B84B
2027-05-29,271,Saturday,39,PROOF,TSI AI Booking Assistant,tsi,https://mulesoo.com/services/chatbot,live,LinkedIn,"What TSI AI Booking Assistant actually does — not adjectives, features:

• every after-hours enquiry answered instead of lost
• leads arriving with name, contact and intent already captured
• your team freed from repeating the same six answers

Live now. See it: https://mulesoo.com/services/chatbot

No invented statistics on this page. Open it and check for yourself.

#AIChatbot #Hospitality #Reservations",408,Every after-hours enquiry answered instead of lost.,TSI ASSISTANT,#00C8FF
2027-05-29,271,Saturday,39,PROOF,TSI AI Booking Assistant,tsi,https://mulesoo.com/services/chatbot,live,Instagram,"🤖 TSI AI Booking Assistant — what you actually get:

✅ every after-hours enquiry answered instead of lost
✅ leads arriving with name, contact and intent already captured
✅ your team freed from repeating the same six answers

Live now.

See it: https://mulesoo.com/services/chatbot

#AIChatbot #Hospitality #Reservations #CustomerService #MuleSoo",346,Every after-hours enquiry answered instead of lost.,TSI ASSISTANT,#00C8FF
2027-05-29,271,Saturday,39,PROOF,TSI AI Booking Assistant,tsi,https://mulesoo.com/services/chatbot,live,Facebook,"People ask what ""TSI AI Booking Assistant"" really means. Plainly:

✅ every after-hours enquiry answered instead of lost
✅ leads arriving with name, contact and intent already captured
✅ your team freed from repeating the same six answers

Live now. See it: https://mulesoo.com/services/chatbot",293,Every after-hours enquiry answered instead of lost.,TSI ASSISTANT,#00C8FF
2027-05-29,271,Saturday,39,PROOF,TSI AI Booking Assistant,tsi,https://mulesoo.com/services/chatbot,live,TikTok,"Three things TSI AI Booking Assistant does that a normal hotel or restaurant setup cannot 👇

1. every after-hours enquiry answered instead of lost
2. leads arriving with name, contact and intent already captured
3. your team freed from repeating the same six answers

Live now.

mulesoo.com

#AIChatbot #Hospitality #Reservations #CustomerService #MuleSoo",356,Every after-hours enquiry answered instead of lost.,TSI ASSISTANT,#00C8FF
2027-05-29,271,Saturday,39,PROOF,TSI AI Booking Assistant,tsi,https://mulesoo.com/services/chatbot,live,X,"TSI AI Booking Assistant:
• every after-hours enquiry answered instead of lost
• leads arriving with name, contact and intent already captured

https://mulesoo.com/services/chatbot",180,Every after-hours enquiry answered instead of lost.,TSI ASSISTANT,#00C8FF
2027-05-30,272,Sunday,39,BEHIND,Sena — AI Front Desk Receptionist,sena,https://mulesoo.com/ai-automation,building,LinkedIn,"Under the bonnet of Sena — AI Front Desk Receptionist:

LiveKit carries the audio, faster-whisper listens, Piper speaks and Claude thinks — all self-hosted.

The Paystack webhook is hardened for signature, underpayment and idempotency before anything is confirmed.

None of this is visible to the client, and all of it is why the thing keeps working in month nine.

Still in build — follow along: mulesoo.com

#VoiceAI #HotelTech #Sena",435,"LiveKit carries the audio, faster-whisper listens, Piper speaks and Claude thinks — all self-hosted.",SENA · IN BUILD,#7B2FFF
2027-05-30,272,Sunday,39,BEHIND,Sena — AI Front Desk Receptionist,sena,https://mulesoo.com/ai-automation,building,Instagram,"Behind the build 🔧 Sena — AI Front Desk Receptionist

LiveKit carries the audio, faster-whisper listens, Piper speaks and Claude thinks — all self-hosted.

The boring decisions are the ones that hold.

#VoiceAI #HotelTech #Sena #Hospitality #MuleSoo",250,"LiveKit carries the audio, faster-whisper listens, Piper speaks and Claude thinks — all self-hosted.",SENA · IN BUILD,#7B2FFF
2027-05-30,272,Sunday,39,BEHIND,Sena — AI Front Desk Receptionist,sena,https://mulesoo.com/ai-automation,building,Facebook,"A look behind Sena — AI Front Desk Receptionist:

LiveKit carries the audio, faster-whisper listens, Piper speaks and Claude thinks — all self-hosted.

The Paystack webhook is hardened for signature, underpayment and idempotency before anything is confirmed.

We build the invisible parts properly. That is the whole difference between a demo and a system you can run a business on.",382,"LiveKit carries the audio, faster-whisper listens, Piper speaks and Claude thinks — all self-hosted.",SENA · IN BUILD,#7B2FFF
2027-05-30,272,Sunday,39,BEHIND,Sena — AI Front Desk Receptionist,sena,https://mulesoo.com/ai-automation,building,TikTok,"Behind the build 🔧

Sena — AI Front Desk Receptionist: LiveKit carries the audio, faster-whisper listens, Piper speaks and Claude thinks — all self-hosted.

The unglamorous decisions are the ones that save you in month nine.

mulesoo.com

#VoiceAI #HotelTech #Sena #Hospitality #MuleSoo",287,"LiveKit carries the audio, faster-whisper listens, Piper speaks and Claude thinks — all self-hosted.",SENA · IN BUILD,#7B2FFF
2027-05-30,272,Sunday,39,BEHIND,Sena — AI Front Desk Receptionist,sena,https://mulesoo.com/ai-automation,building,X,"Sena — under the bonnet:

LiveKit carries the audio, faster-whisper listens, Piper speaks and Claude thinks — all self-hosted.",126,"LiveKit carries the audio, faster-whisper listens, Piper speaks and Claude thinks — all self-hosted.",SENA · IN BUILD,#7B2FFF
2027-05-31,273,Monday,39,OFFER,Yewogen Derash (ወገን ደራሽ),yewogen,https://mulesoo.com/case-studies,building,LinkedIn,"Raising funds and need donors to trust the platform first?

We building Yewogen Derash (ወገን ደራሽ) for exactly that — one campaign, one ledger, one payout summary — funds never mix.

Early partners get it first, at build pricing.

Tell us what your week looks like and we will tell you honestly whether software fixes it: mulesoo.com/contact

#Crowdfunding #Ethiopia #YewogenDerash",379,Raising funds and need donors to trust the platform first?,YEWOGEN DERASH · IN BUILD,#00C8FF
2027-05-31,273,Monday,39,OFFER,Yewogen Derash (ወገን ደራሽ),yewogen,https://mulesoo.com/case-studies,building,Instagram,"Raising funds and need donors to trust the platform first? 🤝

We building Yewogen Derash (ወገን ደራሽ) to solve it — you get donors who can see who they are giving to.

Early partners get it first, at build pricing.

📩 mulesoo.com/contact
💬 wa.me/27688529333

#Crowdfunding #Ethiopia #YewogenDerash #FinTech #MuleSoo",315,Raising funds and need donors to trust the platform first?,YEWOGEN DERASH · IN BUILD,#00C8FF
2027-05-31,273,Monday,39,OFFER,Yewogen Derash (ወገን ደራሽ),yewogen,https://mulesoo.com/case-studies,building,Facebook,"Raising funds and need donors to trust the platform first?

That is precisely why Yewogen Derash (ወገን ደራሽ) exists — one campaign, one ledger, one payout summary — funds never mix.

Early partners get it first, at build pricing. Message us and we will tell you straight whether this is worth it for your business.

📩 mulesoo.com/contact  ·  💬 wa.me/27688529333",361,Raising funds and need donors to trust the platform first?,YEWOGEN DERASH · IN BUILD,#00C8FF
2027-05-31,273,Monday,39,OFFER,Yewogen Derash (ወገን ደራሽ),yewogen,https://mulesoo.com/case-studies,building,TikTok,"Raising funds and need donors to trust the platform first? 🤝

We already building it once — Yewogen Derash (ወገን ደራሽ).

Early partners get it first, at build pricing.

mulesoo.com

#Crowdfunding #Ethiopia #YewogenDerash #FinTech #MuleSoo",237,Raising funds and need donors to trust the platform first?,YEWOGEN DERASH · IN BUILD,#00C8FF
2027-05-31,273,Monday,39,OFFER,Yewogen Derash (ወገን ደራሽ),yewogen,https://mulesoo.com/case-studies,building,X,"Raising funds and need donors to trust the platform first?

We building Yewogen Derash (ወገን ደራሽ) for exactly this.

mulesoo.com/contact",135,Raising funds and need donors to trust the platform first?,YEWOGEN DERASH · IN BUILD,#00C8FF
2027-06-01,274,Tuesday,40,SPOTLIGHT,Pretoria Kidane Mihret Church Platform,church,https://mulesoo.com/portfolio,live,LinkedIn,"⛪ Pretoria Kidane Mihret Church Platform — one of ours.

In one line: a bilingual Amharic and English home for a parish, with the whole site editable by the church itself.

The part that matters — Amharic treated as a first-class language, not a translation afterthought.

What the owner ends up with: one accurate place for service times, in both languages.

See it: https://mulesoo.com/portfolio

#ChurchWebsite #Amharic #Bilingual",433,We built Pretoria Kidane Mihret Church Platform.,KIDANE MIHRET,#E8B84B
2027-06-01,274,Tuesday,40,SPOTLIGHT,Pretoria Kidane Mihret Church Platform,church,https://mulesoo.com/portfolio,live,Instagram,"⛪ ⛪ Pretoria Kidane Mihret Church Platform — one of ours.

A bilingual Amharic and English home for a parish, with the whole site editable by the church itself.

✨ Amharic treated as a first-class language, not a translation afterthought
✅ one accurate place for service times, in both languages

See it: https://mulesoo.com/portfolio

#ChurchWebsite #Amharic #Bilingual #Pretoria #MuleSoo",389,We built Pretoria Kidane Mihret Church Platform.,KIDANE MIHRET,#E8B84B
2027-06-01,274,Tuesday,40,SPOTLIGHT,Pretoria Kidane Mihret Church Platform,church,https://mulesoo.com/portfolio,live,Facebook,"⛪ Pretoria Kidane Mihret Church Platform — one of ours.

It is a bilingual Amharic and English home for a parish, with the whole site editable by the church itself.

The thing people notice first: Amharic treated as a first-class language, not a translation afterthought.

If you run a church or community organisation and this sounds like your week — we should talk. mulesoo.com",379,We built Pretoria Kidane Mihret Church Platform.,KIDANE MIHRET,#E8B84B
2027-06-01,274,Tuesday,40,SPOTLIGHT,Pretoria Kidane Mihret Church Platform,church,https://mulesoo.com/portfolio,live,TikTok,"POV: you run a church or community organisation. ⛪

We built Pretoria Kidane Mihret Church Platform.

It does one thing brilliantly: Amharic treated as a first-class language, not a translation afterthought.

Full build on mulesoo.com

#ChurchWebsite #Amharic #Bilingual #Pretoria #MuleSoo",289,We built Pretoria Kidane Mihret Church Platform.,KIDANE MIHRET,#E8B84B
2027-06-01,274,Tuesday,40,SPOTLIGHT,Pretoria Kidane Mihret Church Platform,church,https://mulesoo.com/portfolio,live,X,"⛪ Pretoria Kidane Mihret Church Platform — one of ours. A bilingual Amharic and English home for a parish, with the whole site editable by the church itself.

https://mulesoo.com/portfolio",188,We built Pretoria Kidane Mihret Church Platform.,KIDANE MIHRET,#E8B84B
2027-06-02,275,Wednesday,40,PROBLEM,DR. Hospital — AI Clinic System,drhospital,https://mulesoo.com/case-studies,building,LinkedIn,"Clinic reception is a queue, a phone and a paper diary, all competing for one person.

That was the brief behind DR. Hospital — AI Clinic System.

We building it around one idea: AI intake that collects the routine details before the patient reaches the desk.

A clinic and hospital management system with AI intake — currently in active development.

Still in build — follow along: mulesoo.com

#HealthTech #ClinicSoftware #AIIntake",433,"Clinic reception is a queue, a phone and a paper diary, all competing for one person.",DR. HOSPITAL · IN BUILD,#00FF88
2027-06-02,275,Wednesday,40,PROBLEM,DR. Hospital — AI Clinic System,drhospital,https://mulesoo.com/case-studies,building,Instagram,"Clinic reception is a queue, a phone and a paper diary, all competing for one person. 😮‍💨

So we building DR. Hospital — AI Clinic System.

AI intake that collects the routine details before the patient reaches the desk.

Still in build — follow along: mulesoo.com

#HealthTech #ClinicSoftware #AIIntake #POPIA #MuleSoo",321,"Clinic reception is a queue, a phone and a paper diary, all competing for one person.",DR. HOSPITAL · IN BUILD,#00FF88
2027-06-02,275,Wednesday,40,PROBLEM,DR. Hospital — AI Clinic System,drhospital,https://mulesoo.com/case-studies,building,Facebook,"Clinic reception is a queue, a phone and a paper diary, all competing for one person.

Every clinic we have spoken to says a version of that sentence.

DR. Hospital — AI Clinic System exists to end it — AI intake that collects the routine details before the patient reaches the desk.

Still in build — follow along: mulesoo.com",327,"Clinic reception is a queue, a phone and a paper diary, all competing for one person.",DR. HOSPITAL · IN BUILD,#00FF88
2027-06-02,275,Wednesday,40,PROBLEM,DR. Hospital — AI Clinic System,drhospital,https://mulesoo.com/case-studies,building,TikTok,"Tell me you run a clinic without telling me. 👇

""Clinic reception is a queue, a phone and a paper diary, all competing for one person.""

That is why we building DR. Hospital — AI Clinic System — AI intake that collects the routine details before the patient reaches the desk.

mulesoo.com

#HealthTech #ClinicSoftware #AIIntake #POPIA #MuleSoo",344,"Clinic reception is a queue, a phone and a paper diary, all competing for one person.",DR. HOSPITAL · IN BUILD,#00FF88
2027-06-02,275,Wednesday,40,PROBLEM,DR. Hospital — AI Clinic System,drhospital,https://mulesoo.com/case-studies,building,X,"Clinic reception is a queue, a phone and a paper diary, all competing for one person.

So we building DR. Hospital.

https://mulesoo.com/case-studies",149,"Clinic reception is a queue, a phone and a paper diary, all competing for one person.",DR. HOSPITAL · IN BUILD,#00FF88
2027-06-03,276,Thursday,40,FUNNY,MuleSoo Guides & Digital Store,guides,https://mulesoo.com/store,live,LinkedIn,"Cheaper than one hour of most agencies' time, and considerably more useful.

Behind the joke there is a real system: MuleSoo Guides & Digital Store — the guides we wrote from real builds — bought once, downloaded instantly, used forever.

Humour is just the shortest way to describe a problem everyone running a knowledge business already has.

See it: https://mulesoo.com/store

#DigitalProducts #ClaudeCode #LearnToBuild",422,"Cheaper than one hour of most agencies' time, and considerably more useful.",MULESOO STORE,#E8B84B
2027-06-03,276,Thursday,40,FUNNY,MuleSoo Guides & Digital Store,guides,https://mulesoo.com/store,live,Instagram,"Cheaper than one hour of most agencies' time, and considerably more useful. 😂

(MuleSoo Guides & Digital Store. Yes, it is real.)

See it: https://mulesoo.com/store

#DigitalProducts #ClaudeCode #LearnToBuild #PassiveIncome #MuleSoo",233,"Cheaper than one hour of most agencies' time, and considerably more useful.",MULESOO STORE,#E8B84B
2027-06-03,276,Thursday,40,FUNNY,MuleSoo Guides & Digital Store,guides,https://mulesoo.com/store,live,Facebook,"Cheaper than one hour of most agencies' time, and considerably more useful.

True story from building MuleSoo Guides & Digital Store — the guides we wrote from real builds — bought once, downloaded instantly, used forever.

We wrote the guide we needed three years ago, which is the only honest reason to write one.

See it: https://mulesoo.com/store",350,"Cheaper than one hour of most agencies' time, and considerably more useful.",MULESOO STORE,#E8B84B
2027-06-03,276,Thursday,40,FUNNY,MuleSoo Guides & Digital Store,guides,https://mulesoo.com/store,live,TikTok,"Cheaper than one hour of most agencies' time, and considerably more useful. 💀

Not a joke though — MuleSoo Guides & Digital Store actually does this.

We wrote the guide we needed three years ago, which is the only honest reason to write one.

mulesoo.com

#DigitalProducts #ClaudeCode #LearnToBuild #PassiveIncome #MuleSoo",324,"Cheaper than one hour of most agencies' time, and considerably more useful.",MULESOO STORE,#E8B84B
2027-06-03,276,Thursday,40,FUNNY,MuleSoo Guides & Digital Store,guides,https://mulesoo.com/store,live,X,"Cheaper than one hour of most agencies' time, and considerably more useful.

— from building MuleSoo Guides & Digital Store",123,"Cheaper than one hour of most agencies' time, and considerably more useful.",MULESOO STORE,#E8B84B
2027-06-04,277,Friday,40,HOWTO,MuleSoo Digital Services,mulesoo,https://mulesoo.com,live,LinkedIn,"Something MuleSoo Digital Services taught us:

Put your prices in an editable table, not in the code. You will change them more often than you think.

Two more from the same build:

• Admin panels deserve real security. Password, email 2FA, audit log — a client list is worth stealing.
• Every enquiry should fire two notifications: email and WhatsApp. The one you check is the one that closes.

All three are in the live product, not in a slide deck. See it: https://mulesoo.com

#MuleSoo #WebDesignPretoria #AIforBusiness",523,"Put your prices in an editable table, not in the code. You will change them more often than you think.",MULESOO PLATFORM,#00C8FF
2027-06-04,277,Friday,40,HOWTO,MuleSoo Digital Services,mulesoo,https://mulesoo.com,live,Instagram,"Lesson from building MuleSoo Digital Services 🛠️

📌 Put your prices in an editable table, not in the code. You will change them more often than you think.

Save this one — it applies far beyond this one project.

#MuleSoo #WebDesignPretoria #AIforBusiness #SouthAfricaTech #NextJS",282,"Put your prices in an editable table, not in the code. You will change them more often than you think.",MULESOO PLATFORM,#00C8FF
2027-06-04,277,Friday,40,HOWTO,MuleSoo Digital Services,mulesoo,https://mulesoo.com,live,Facebook,"A free lesson from building MuleSoo Digital Services:

Put your prices in an editable table, not in the code. You will change them more often than you think.

It sounds small. It is the difference between a system that works and one that quietly loses you money.

More of how we build: mulesoo.com",297,"Put your prices in an editable table, not in the code. You will change them more often than you think.",MULESOO PLATFORM,#00C8FF
2027-06-04,277,Friday,40,HOWTO,MuleSoo Digital Services,mulesoo,https://mulesoo.com,live,TikTok,"Free game from a real build 🧠

Put your prices in an editable table, not in the code. You will change them more often than you think.

Learned it building MuleSoo Digital Services.

mulesoo.com

#MuleSoo #WebDesignPretoria #AIforBusiness #SouthAfricaTech #NextJS",263,"Put your prices in an editable table, not in the code. You will change them more often than you think.",MULESOO PLATFORM,#00C8FF
2027-06-04,277,Friday,40,HOWTO,MuleSoo Digital Services,mulesoo,https://mulesoo.com,live,X,"Put your prices in an editable table, not in the code. You will change them more often than you think.

— learned building MuleSoo Digital Services",147,"Put your prices in an editable table, not in the code. You will change them more often than you think.",MULESOO PLATFORM,#00C8FF
2027-06-05,278,Saturday,40,PROOF,Habesha Celebration Events,habesha,https://habeshaeventsplanner.netlify.app,live,LinkedIn,"What Habesha Celebration Events actually does — not adjectives, features:

• a site that looks like the events it sells
• enquiries captured around the clock, not just office hours
• one link that does the work of a hundred WhatsApp explanations

Live now. See it: https://habeshaeventsplanner.netlify.app

No invented statistics on this page. Open it and check for yourself.

#HabeshaEvents #EthiopianWedding #EventPlanner",423,A site that looks like the events it sells.,HABESHA EVENTS,#7B2FFF
2027-06-05,278,Saturday,40,PROOF,Habesha Celebration Events,habesha,https://habeshaeventsplanner.netlify.app,live,Instagram,"💍 Habesha Celebration Events — what you actually get:

✅ a site that looks like the events it sells
✅ enquiries captured around the clock, not just office hours
✅ one link that does the work of a hundred WhatsApp explanations

Live now.

See it: https://habeshaeventsplanner.netlify.app

#HabeshaEvents #EthiopianWedding #EventPlanner #WeddingSA #MuleSoo",355,A site that looks like the events it sells.,HABESHA EVENTS,#7B2FFF
2027-06-05,278,Saturday,40,PROOF,Habesha Celebration Events,habesha,https://habeshaeventsplanner.netlify.app,live,Facebook,"People ask what ""Habesha Celebration Events"" really means. Plainly:

✅ a site that looks like the events it sells
✅ enquiries captured around the clock, not just office hours
✅ one link that does the work of a hundred WhatsApp explanations

Live now. See it: https://habeshaeventsplanner.netlify.app",299,A site that looks like the events it sells.,HABESHA EVENTS,#7B2FFF
2027-06-05,278,Saturday,40,PROOF,Habesha Celebration Events,habesha,https://habeshaeventsplanner.netlify.app,live,TikTok,"Three things Habesha Celebration Events does that a normal wedding & events business setup cannot 👇

1. a site that looks like the events it sells
2. enquiries captured around the clock, not just office hours
3. one link that does the work of a hundred WhatsApp explanations

Live now.

mulesoo.com

#HabeshaEvents #EthiopianWedding #EventPlanner #WeddingSA #MuleSoo",367,A site that looks like the events it sells.,HABESHA EVENTS,#7B2FFF
2027-06-05,278,Saturday,40,PROOF,Habesha Celebration Events,habesha,https://habeshaeventsplanner.netlify.app,live,X,"Habesha Celebration Events:
• a site that looks like the events it sells
• enquiries captured around the clock, not just office hours

https://habeshaeventsplanner.netlify.app",175,A site that looks like the events it sells.,HABESHA EVENTS,#7B2FFF
2027-06-06,279,Sunday,40,BEHIND,YoYo Gym — AI Membership Platform,yoyogym,https://yoyogym.vercel.app,live,LinkedIn,"Under the bonnet of YoYo Gym — AI Membership Platform:

React + Vite on Vercel, with serverless functions in front of a Supabase Postgres schema.

Sixteen tables, seeded and live — the schema was designed before a single screen was drawn.

None of this is visible to the client, and all of it is why the thing keeps working in month nine.

See it: https://yoyogym.vercel.app

#GymSoftware #FitnessBusiness #YoYoGym",414,"React + Vite on Vercel, with serverless functions in front of a Supabase Postgres schema.",YOYO GYM,#00FF88
2027-06-06,279,Sunday,40,BEHIND,YoYo Gym — AI Membership Platform,yoyogym,https://yoyogym.vercel.app,live,Instagram,"Behind the build 🔧 YoYo Gym — AI Membership Platform

React + Vite on Vercel, with serverless functions in front of a Supabase Postgres schema.

The boring decisions are the ones that hold.

#GymSoftware #FitnessBusiness #YoYoGym #MembershipSystem #MuleSoo",257,"React + Vite on Vercel, with serverless functions in front of a Supabase Postgres schema.",YOYO GYM,#00FF88
2027-06-06,279,Sunday,40,BEHIND,YoYo Gym — AI Membership Platform,yoyogym,https://yoyogym.vercel.app,live,Facebook,"A look behind YoYo Gym — AI Membership Platform:

React + Vite on Vercel, with serverless functions in front of a Supabase Postgres schema.

Sixteen tables, seeded and live — the schema was designed before a single screen was drawn.

We build the invisible parts properly. That is the whole difference between a demo and a system you can run a business on.",356,"React + Vite on Vercel, with serverless functions in front of a Supabase Postgres schema.",YOYO GYM,#00FF88
2027-06-06,279,Sunday,40,BEHIND,YoYo Gym — AI Membership Platform,yoyogym,https://yoyogym.vercel.app,live,TikTok,"Behind the build 🔧

YoYo Gym — AI Membership Platform: React + Vite on Vercel, with serverless functions in front of a Supabase Postgres schema.

The unglamorous decisions are the ones that save you in month nine.

mulesoo.com

#GymSoftware #FitnessBusiness #YoYoGym #MembershipSystem #MuleSoo",294,"React + Vite on Vercel, with serverless functions in front of a Supabase Postgres schema.",YOYO GYM,#00FF88
2027-06-06,279,Sunday,40,BEHIND,YoYo Gym — AI Membership Platform,yoyogym,https://yoyogym.vercel.app,live,X,"YoYo Gym — under the bonnet:

React + Vite on Vercel, with serverless functions in front of a Supabase Postgres schema.",119,"React + Vite on Vercel, with serverless functions in front of a Supabase Postgres schema.",YOYO GYM,#00FF88
2027-06-07,280,Monday,40,OFFER,X-Boss Photography Studio,xboss,https://xbossphotography.vercel.app,live,LinkedIn,"Shooting all week and still booking clients by hand?

We built X-Boss Photography Studio for exactly that — a two-page signable PDF confirmation with the studio QR code, generated on demand.

Same system, your brand, your sector.

Tell us what your week looks like and we will tell you honestly whether software fixes it: mulesoo.com/contact

#PhotographyBusiness #StudioBooking #XBoss",385,Shooting all week and still booking clients by hand?,X-BOSS PHOTOGRAPHY,#E8B84B
2027-06-07,280,Monday,40,OFFER,X-Boss Photography Studio,xboss,https://xbossphotography.vercel.app,live,Instagram,"Shooting all week and still booking clients by hand? 📸

We built X-Boss Photography Studio to solve it — you get bookings taken while you are behind the camera.

Same system, your brand, your sector.

📩 mulesoo.com/contact
💬 wa.me/27688529333

#PhotographyBusiness #StudioBooking #XBoss #BookingSystem #MuleSoo",313,Shooting all week and still booking clients by hand?,X-BOSS PHOTOGRAPHY,#E8B84B
2027-06-07,280,Monday,40,OFFER,X-Boss Photography Studio,xboss,https://xbossphotography.vercel.app,live,Facebook,"Shooting all week and still booking clients by hand?

That is precisely why X-Boss Photography Studio exists — a two-page signable PDF confirmation with the studio QR code, generated on demand.

Same system, your brand, your sector. Message us and we will tell you straight whether this is worth it for your business.

📩 mulesoo.com/contact  ·  💬 wa.me/27688529333",366,Shooting all week and still booking clients by hand?,X-BOSS PHOTOGRAPHY,#E8B84B
2027-06-07,280,Monday,40,OFFER,X-Boss Photography Studio,xboss,https://xbossphotography.vercel.app,live,TikTok,"Shooting all week and still booking clients by hand? 📸

We already built it once — X-Boss Photography Studio.

Same system, your brand, your sector.

mulesoo.com

#PhotographyBusiness #StudioBooking #XBoss #BookingSystem #MuleSoo",230,Shooting all week and still booking clients by hand?,X-BOSS PHOTOGRAPHY,#E8B84B
2027-06-07,280,Monday,40,OFFER,X-Boss Photography Studio,xboss,https://xbossphotography.vercel.app,live,X,"Shooting all week and still booking clients by hand?

We built X-Boss Photography Studio for exactly this.

mulesoo.com/contact",127,Shooting all week and still booking clients by hand?,X-BOSS PHOTOGRAPHY,#E8B84B
2027-06-08,281,Tuesday,41,SPOTLIGHT,Shime Events & Planning,shime,https://shimeeventplaning.vercel.app,live,LinkedIn,"🎊 Shime Events & Planning — one of ours.

In one line: a bilingual booking assistant that walks a client through seventeen steps and ends with a signed PDF contract.

The part that matters — a full booking flow in English and Amharic, neither one an afterthought.

What the owner ends up with: clients booking in the language they actually think in.

See it: https://shimeeventplaning.vercel.app

#EventPlanning #ShimeEvents #BilingualWeb",439,We built Shime Events & Planning.,SHIME EVENTS,#E8B84B
2027-06-08,281,Tuesday,41,SPOTLIGHT,Shime Events & Planning,shime,https://shimeeventplaning.vercel.app,live,Instagram,"🎊 🎊 Shime Events & Planning — one of ours.

A bilingual booking assistant that walks a client through seventeen steps and ends with a signed PDF contract.

✨ a full booking flow in English and Amharic, neither one an afterthought
✅ clients booking in the language they actually think in

See it: https://shimeeventplaning.vercel.app

#EventPlanning #ShimeEvents #BilingualWeb #Amharic #MuleSoo",395,We built Shime Events & Planning.,SHIME EVENTS,#E8B84B
2027-06-08,281,Tuesday,41,SPOTLIGHT,Shime Events & Planning,shime,https://shimeeventplaning.vercel.app,live,Facebook,"🎊 Shime Events & Planning — one of ours.

It is a bilingual booking assistant that walks a client through seventeen steps and ends with a signed PDF contract.

The thing people notice first: a full booking flow in English and Amharic, neither one an afterthought.

If you run an event planning business and this sounds like your week — we should talk. mulesoo.com",364,We built Shime Events & Planning.,SHIME EVENTS,#E8B84B
2027-06-08,281,Tuesday,41,SPOTLIGHT,Shime Events & Planning,shime,https://shimeeventplaning.vercel.app,live,TikTok,"POV: you run an event planning business. 🎊

We built Shime Events & Planning.

It does one thing brilliantly: a full booking flow in English and Amharic, neither one an afterthought.

Full build on mulesoo.com

#EventPlanning #ShimeEvents #BilingualWeb #Amharic #MuleSoo",271,We built Shime Events & Planning.,SHIME EVENTS,#E8B84B
2027-06-08,281,Tuesday,41,SPOTLIGHT,Shime Events & Planning,shime,https://shimeeventplaning.vercel.app,live,X,"🎊 Shime Events & Planning — one of ours. A bilingual booking assistant that walks a client through seventeen steps and ends with a signed PDF contract.

https://shimeeventplaning.vercel.app",190,We built Shime Events & Planning.,SHIME EVENTS,#E8B84B
2027-06-09,282,Wednesday,41,PROBLEM,Tsedi Catering & Events,tsedi,https://tsedicatering.vercel.app,live,LinkedIn,"A caterer cannot answer the phone with both hands in a pot.

That was the brief behind Tsedi Catering & Events.

We built it around one idea: scan the code, chat, book — the client never downloads anything.

A QR code that opens a personal booking assistant — no website, no app, no forms to chase.

See it: https://tsedicatering.vercel.app

#CateringBusiness #QRBooking #TsediCatering",385,A caterer cannot answer the phone with both hands in a pot.,TSEDI CATERING,#E8B84B
2027-06-09,282,Wednesday,41,PROBLEM,Tsedi Catering & Events,tsedi,https://tsedicatering.vercel.app,live,Instagram,"A caterer cannot answer the phone with both hands in a pot. 😮‍💨

So we built Tsedi Catering & Events.

Scan the code, chat, book — the client never downloads anything.

See it: https://tsedicatering.vercel.app

#CateringBusiness #QRBooking #TsediCatering #AIAssistant #MuleSoo",278,A caterer cannot answer the phone with both hands in a pot.,TSEDI CATERING,#E8B84B
2027-06-09,282,Wednesday,41,PROBLEM,Tsedi Catering & Events,tsedi,https://tsedicatering.vercel.app,live,Facebook,"A caterer cannot answer the phone with both hands in a pot.

Every catering business we have spoken to says a version of that sentence.

Tsedi Catering & Events exists to end it — scan the code, chat, book — the client never downloads anything.

See it: https://tsedicatering.vercel.app",286,A caterer cannot answer the phone with both hands in a pot.,TSEDI CATERING,#E8B84B
2027-06-09,282,Wednesday,41,PROBLEM,Tsedi Catering & Events,tsedi,https://tsedicatering.vercel.app,live,TikTok,"Tell me you run a catering business without telling me. 👇

""A caterer cannot answer the phone with both hands in a pot.""

That is why we built Tsedi Catering & Events — scan the code, chat, book — the client never downloads anything.

mulesoo.com

#CateringBusiness #QRBooking #TsediCatering #AIAssistant #MuleSoo",314,A caterer cannot answer the phone with both hands in a pot.,TSEDI CATERING,#E8B84B
2027-06-09,282,Wednesday,41,PROBLEM,Tsedi Catering & Events,tsedi,https://tsedicatering.vercel.app,live,X,"A caterer cannot answer the phone with both hands in a pot.

So we built Tsedi Catering & Events.

https://tsedicatering.vercel.app",131,A caterer cannot answer the phone with both hands in a pot.,TSEDI CATERING,#E8B84B
2027-06-10,283,Thursday,41,FUNNY,TSI AI Booking Assistant,tsi,https://mulesoo.com/services/chatbot,live,LinkedIn,"We trained it on the real menu and the real prices, so it cannot promise things the kitchen refuses to make.

Behind the joke there is a real system: TSI AI Booking Assistant — a reservations assistant that answers, qualifies and books, around the clock.

Humour is just the shortest way to describe a problem everyone running a hotel or restaurant already has.

See it: https://mulesoo.com/services/chatbot

#AIChatbot #Hospitality #Reservations",446,"We trained it on the real menu and the real prices, so it cannot promise things the kitchen refuses to make.",TSI ASSISTANT,#00C8FF
2027-06-10,283,Thursday,41,FUNNY,TSI AI Booking Assistant,tsi,https://mulesoo.com/services/chatbot,live,Instagram,"We trained it on the real menu and the real prices, so it cannot promise things the kitchen refuses to make. 😂

(TSI AI Booking Assistant. Yes, it is real.)

See it: https://mulesoo.com/services/chatbot

#AIChatbot #Hospitality #Reservations #CustomerService #MuleSoo",268,"We trained it on the real menu and the real prices, so it cannot promise things the kitchen refuses to make.",TSI ASSISTANT,#00C8FF
2027-06-10,283,Thursday,41,FUNNY,TSI AI Booking Assistant,tsi,https://mulesoo.com/services/chatbot,live,Facebook,"We trained it on the real menu and the real prices, so it cannot promise things the kitchen refuses to make.

True story from building TSI AI Booking Assistant — a reservations assistant that answers, qualifies and books, around the clock.

It works 24/7 and has never once asked for a Saturday off.

See it: https://mulesoo.com/services/chatbot",345,"We trained it on the real menu and the real prices, so it cannot promise things the kitchen refuses to make.",TSI ASSISTANT,#00C8FF
2027-06-10,283,Thursday,41,FUNNY,TSI AI Booking Assistant,tsi,https://mulesoo.com/services/chatbot,live,TikTok,"We trained it on the real menu and the real prices, so it cannot promise things the kitchen refuses to make. 💀

Not a joke though — TSI AI Booking Assistant actually does this.

It works 24/7 and has never once asked for a Saturday off.

mulesoo.com

#AIChatbot #Hospitality #Reservations #CustomerService #MuleSoo",315,"We trained it on the real menu and the real prices, so it cannot promise things the kitchen refuses to make.",TSI ASSISTANT,#00C8FF
2027-06-10,283,Thursday,41,FUNNY,TSI AI Booking Assistant,tsi,https://mulesoo.com/services/chatbot,live,X,"We trained it on the real menu and the real prices, so it cannot promise things the kitchen refuses to make.

— from building TSI AI Booking Assistant",150,"We trained it on the real menu and the real prices, so it cannot promise things the kitchen refuses to make.",TSI ASSISTANT,#00C8FF
2027-06-11,284,Friday,41,HOWTO,Sena — AI Front Desk Receptionist,sena,https://mulesoo.com/ai-automation,building,LinkedIn,"Something Sena — AI Front Desk Receptionist taught us:

Handle underpayment and duplicate webhooks explicitly — both will happen in week one.

Two more from the same build:

• A cancellation must free the room immediately. Inventory that stays locked is revenue you burned.
• Self-hosting the voice stack removes three per-minute vendors from your unit economics.

All three are in the live product, not in a slide deck. Still in build — follow along: mulesoo.com

#VoiceAI #HotelTech #Sena",490,Handle underpayment and duplicate webhooks explicitly — both will happen in week one.,SENA · IN BUILD,#7B2FFF
2027-06-11,284,Friday,41,HOWTO,Sena — AI Front Desk Receptionist,sena,https://mulesoo.com/ai-automation,building,Instagram,"Lesson from building Sena — AI Front Desk Receptionist 🏨

📌 Handle underpayment and duplicate webhooks explicitly — both will happen in week one.

Save this one — it applies far beyond this one project.

#VoiceAI #HotelTech #Sena #Hospitality #MuleSoo",253,Handle underpayment and duplicate webhooks explicitly — both will happen in week one.,SENA · IN BUILD,#7B2FFF
2027-06-11,284,Friday,41,HOWTO,Sena — AI Front Desk Receptionist,sena,https://mulesoo.com/ai-automation,building,Facebook,"A free lesson from building Sena — AI Front Desk Receptionist:

Handle underpayment and duplicate webhooks explicitly — both will happen in week one.

It sounds small. It is the difference between a system that works and one that quietly loses you money.

More of how we build: mulesoo.com",289,Handle underpayment and duplicate webhooks explicitly — both will happen in week one.,SENA · IN BUILD,#7B2FFF
2027-06-11,284,Friday,41,HOWTO,Sena — AI Front Desk Receptionist,sena,https://mulesoo.com/ai-automation,building,TikTok,"Free game from a real build 🧠

Handle underpayment and duplicate webhooks explicitly — both will happen in week one.

Learned it building Sena — AI Front Desk Receptionist.

mulesoo.com

#VoiceAI #HotelTech #Sena #Hospitality #MuleSoo",235,Handle underpayment and duplicate webhooks explicitly — both will happen in week one.,SENA · IN BUILD,#7B2FFF
2027-06-11,284,Friday,41,HOWTO,Sena — AI Front Desk Receptionist,sena,https://mulesoo.com/ai-automation,building,X,"Handle underpayment and duplicate webhooks explicitly — both will happen in week one.

— learned building Sena",110,Handle underpayment and duplicate webhooks explicitly — both will happen in week one.,SENA · IN BUILD,#7B2FFF
2027-06-12,285,Saturday,41,PROOF,Yewogen Derash (ወገን ደራሽ),yewogen,https://mulesoo.com/case-studies,building,LinkedIn,"What Yewogen Derash (ወገን ደራሽ) actually does — not adjectives, features:

• donors who can see who they are giving to
• per-campaign ledgers that survive an audit
• payments only confirmed by verified webhooks

In active build — nothing here is launched yet. Still in build — follow along: mulesoo.com

No invented statistics on this page. Open it and check for yourself.

#Crowdfunding #Ethiopia #YewogenDerash",410,Donors who can see who they are giving to.,YEWOGEN DERASH · IN BUILD,#00C8FF
2027-06-12,285,Saturday,41,PROOF,Yewogen Derash (ወገን ደራሽ),yewogen,https://mulesoo.com/case-studies,building,Instagram,"🤝 Yewogen Derash (ወገን ደራሽ) — what you actually get:

✅ donors who can see who they are giving to
✅ per-campaign ledgers that survive an audit
✅ payments only confirmed by verified webhooks

In active build — nothing here is launched yet.

Still in build — follow along: mulesoo.com

#Crowdfunding #Ethiopia #YewogenDerash #FinTech #MuleSoo",340,Donors who can see who they are giving to.,YEWOGEN DERASH · IN BUILD,#00C8FF
2027-06-12,285,Saturday,41,PROOF,Yewogen Derash (ወገን ደራሽ),yewogen,https://mulesoo.com/case-studies,building,Facebook,"People ask what ""Yewogen Derash (ወገን ደራሽ)"" really means. Plainly:

✅ donors who can see who they are giving to
✅ per-campaign ledgers that survive an audit
✅ payments only confirmed by verified webhooks

In active build — nothing here is launched yet. Still in build — follow along: mulesoo.com",294,Donors who can see who they are giving to.,YEWOGEN DERASH · IN BUILD,#00C8FF
2027-06-12,285,Saturday,41,PROOF,Yewogen Derash (ወገን ደራሽ),yewogen,https://mulesoo.com/case-studies,building,TikTok,"Three things Yewogen Derash (ወገን ደራሽ) does that a normal fundraising campaign setup cannot 👇

1. donors who can see who they are giving to
2. per-campaign ledgers that survive an audit
3. payments only confirmed by verified webhooks

In active build — nothing here is launched yet.

mulesoo.com

#Crowdfunding #Ethiopia #YewogenDerash #FinTech #MuleSoo",353,Donors who can see who they are giving to.,YEWOGEN DERASH · IN BUILD,#00C8FF
2027-06-12,285,Saturday,41,PROOF,Yewogen Derash (ወገን ደራሽ),yewogen,https://mulesoo.com/case-studies,building,X,"Yewogen Derash (ወገን ደራሽ):
• donors who can see who they are giving to
• per-campaign ledgers that survive an audit

https://mulesoo.com/case-studies",148,Donors who can see who they are giving to.,YEWOGEN DERASH · IN BUILD,#00C8FF
2027-06-13,286,Sunday,41,BEHIND,Pretoria Kidane Mihret Church Platform,church,https://mulesoo.com/portfolio,live,LinkedIn,"Under the bonnet of Pretoria Kidane Mihret Church Platform:

Next.js and Supabase, with a bilingual content model rather than duplicated pages.

Every piece of contact and schedule information is a database row, editable from Admin → Site Content.

None of this is visible to the client, and all of it is why the thing keeps working in month nine.

See it: https://mulesoo.com/portfolio

#ChurchWebsite #Amharic #Bilingual",422,"Next.js and Supabase, with a bilingual content model rather than duplicated pages.",KIDANE MIHRET,#E8B84B
2027-06-13,286,Sunday,41,BEHIND,Pretoria Kidane Mihret Church Platform,church,https://mulesoo.com/portfolio,live,Instagram,"Behind the build 🔧 Pretoria Kidane Mihret Church Platform

Next.js and Supabase, with a bilingual content model rather than duplicated pages.

The boring decisions are the ones that hold.

#ChurchWebsite #Amharic #Bilingual #Pretoria #MuleSoo",243,"Next.js and Supabase, with a bilingual content model rather than duplicated pages.",KIDANE MIHRET,#E8B84B
2027-06-13,286,Sunday,41,BEHIND,Pretoria Kidane Mihret Church Platform,church,https://mulesoo.com/portfolio,live,Facebook,"A look behind Pretoria Kidane Mihret Church Platform:

Next.js and Supabase, with a bilingual content model rather than duplicated pages.

Every piece of contact and schedule information is a database row, editable from Admin → Site Content.

We build the invisible parts properly. That is the whole difference between a demo and a system you can run a business on.",365,"Next.js and Supabase, with a bilingual content model rather than duplicated pages.",KIDANE MIHRET,#E8B84B
2027-06-13,286,Sunday,41,BEHIND,Pretoria Kidane Mihret Church Platform,church,https://mulesoo.com/portfolio,live,TikTok,"Behind the build 🔧

Pretoria Kidane Mihret Church Platform: Next.js and Supabase, with a bilingual content model rather than duplicated pages.

The unglamorous decisions are the ones that save you in month nine.

mulesoo.com

#ChurchWebsite #Amharic #Bilingual #Pretoria #MuleSoo",280,"Next.js and Supabase, with a bilingual content model rather than duplicated pages.",KIDANE MIHRET,#E8B84B
2027-06-13,286,Sunday,41,BEHIND,Pretoria Kidane Mihret Church Platform,church,https://mulesoo.com/portfolio,live,X,"Pretoria Kidane Mihret Church Platform — under the bonnet:

Next.js and Supabase, with a bilingual content model rather than duplicated pages.",142,"Next.js and Supabase, with a bilingual content model rather than duplicated pages.",KIDANE MIHRET,#E8B84B
2027-06-14,287,Monday,41,OFFER,DR. Hospital — AI Clinic System,drhospital,https://mulesoo.com/case-studies,building,LinkedIn,"Run a clinic? We are taking early build partners now.

We building DR. Hospital — AI Clinic System for exactly that — appointments, records and follow-ups in one system instead of three.

Early partners get it first, at build pricing.

Tell us what your week looks like and we will tell you honestly whether software fixes it: mulesoo.com/contact

#HealthTech #ClinicSoftware #AIIntake",385,Run a clinic? We are taking early build partners now.,DR. HOSPITAL · IN BUILD,#00FF88
2027-06-14,287,Monday,41,OFFER,DR. Hospital — AI Clinic System,drhospital,https://mulesoo.com/case-studies,building,Instagram,"Run a clinic? We are taking early build partners now. 🩺

We building DR. Hospital — AI Clinic System to solve it — you get reception freed from the phone during consulting hours.

Early partners get it first, at build pricing.

📩 mulesoo.com/contact
💬 wa.me/27688529333

#HealthTech #ClinicSoftware #AIIntake #POPIA #MuleSoo",327,Run a clinic? We are taking early build partners now.,DR. HOSPITAL · IN BUILD,#00FF88
2027-06-14,287,Monday,41,OFFER,DR. Hospital — AI Clinic System,drhospital,https://mulesoo.com/case-studies,building,Facebook,"Run a clinic? We are taking early build partners now.

That is precisely why DR. Hospital — AI Clinic System exists — appointments, records and follow-ups in one system instead of three.

Early partners get it first, at build pricing. Message us and we will tell you straight whether this is worth it for your business.

📩 mulesoo.com/contact  ·  💬 wa.me/27688529333",368,Run a clinic? We are taking early build partners now.,DR. HOSPITAL · IN BUILD,#00FF88
2027-06-14,287,Monday,41,OFFER,DR. Hospital — AI Clinic System,drhospital,https://mulesoo.com/case-studies,building,TikTok,"Run a clinic? We are taking early build partners now. 🩺

We already building it once — DR. Hospital — AI Clinic System.

Early partners get it first, at build pricing.

mulesoo.com

#HealthTech #ClinicSoftware #AIIntake #POPIA #MuleSoo",236,Run a clinic? We are taking early build partners now.,DR. HOSPITAL · IN BUILD,#00FF88
2027-06-14,287,Monday,41,OFFER,DR. Hospital — AI Clinic System,drhospital,https://mulesoo.com/case-studies,building,X,"Run a clinic? We are taking early build partners now.

We building DR. Hospital — AI Clinic System for exactly this.

mulesoo.com/contact",137,Run a clinic? We are taking early build partners now.,DR. HOSPITAL · IN BUILD,#00FF88
2027-06-15,288,Tuesday,42,SPOTLIGHT,MuleSoo Guides & Digital Store,guides,https://mulesoo.com/store,live,LinkedIn,"📘 MuleSoo Guides & Digital Store — one of ours.

In one line: the guides we wrote from real builds — bought once, downloaded instantly, used forever.

The part that matters — written from projects that are live right now, not from theory.

What the owner ends up with: the exact process behind live client builds.

See it: https://mulesoo.com/store

#DigitalProducts #ClaudeCode #LearnToBuild",393,We built MuleSoo Guides & Digital Store.,MULESOO STORE,#E8B84B
2027-06-15,288,Tuesday,42,SPOTLIGHT,MuleSoo Guides & Digital Store,guides,https://mulesoo.com/store,live,Instagram,"📘 📘 MuleSoo Guides & Digital Store — one of ours.

The guides we wrote from real builds — bought once, downloaded instantly, used forever.

✨ written from projects that are live right now, not from theory
✅ the exact process behind live client builds

See it: https://mulesoo.com/store

#DigitalProducts #ClaudeCode #LearnToBuild #PassiveIncome #MuleSoo",355,We built MuleSoo Guides & Digital Store.,MULESOO STORE,#E8B84B
2027-06-15,288,Tuesday,42,SPOTLIGHT,MuleSoo Guides & Digital Store,guides,https://mulesoo.com/store,live,Facebook,"📘 MuleSoo Guides & Digital Store — one of ours.

It is the guides we wrote from real builds — bought once, downloaded instantly, used forever.

The thing people notice first: written from projects that are live right now, not from theory.

If you run a knowledge business and this sounds like your week — we should talk. mulesoo.com",333,We built MuleSoo Guides & Digital Store.,MULESOO STORE,#E8B84B
2027-06-15,288,Tuesday,42,SPOTLIGHT,MuleSoo Guides & Digital Store,guides,https://mulesoo.com/store,live,TikTok,"POV: you run a knowledge business. 📘

We built MuleSoo Guides & Digital Store.

It does one thing brilliantly: written from projects that are live right now, not from theory.

Full build on mulesoo.com

#DigitalProducts #ClaudeCode #LearnToBuild #PassiveIncome #MuleSoo",270,We built MuleSoo Guides & Digital Store.,MULESOO STORE,#E8B84B
2027-06-15,288,Tuesday,42,SPOTLIGHT,MuleSoo Guides & Digital Store,guides,https://mulesoo.com/store,live,X,"📘 MuleSoo Guides & Digital Store — one of ours. The guides we wrote from real builds — bought once, downloaded instantly, used forever.

https://mulesoo.com/store",163,We built MuleSoo Guides & Digital Store.,MULESOO STORE,#E8B84B
2027-06-16,289,Wednesday,42,PROBLEM,MuleSoo Digital Services,mulesoo,https://mulesoo.com,live,LinkedIn,"An agency with a pretty website and no engine behind it is a business card that loads slowly.

That was the brief behind MuleSoo Digital Services.

We built it around one idea: an AI assistant that walks a client end-to-end and hands them a branded PDF agreement with a QR code on it.

The platform you are reading this from — it books its own clients, sells its own products and runs its own admin.

See it: https://mulesoo.com

#MuleSoo #WebDesignPretoria #AIforBusiness",472,An agency with a pretty website and no engine behind it is a business card that loads slowly.,MULESOO PLATFORM,#00C8FF
2027-06-16,289,Wednesday,42,PROBLEM,MuleSoo Digital Services,mulesoo,https://mulesoo.com,live,Instagram,"An agency with a pretty website and no engine behind it is a business card that loads slowly. 😮‍💨

So we built MuleSoo Digital Services.

An AI assistant that walks a client end-to-end and hands them a branded PDF agreement with a QR code on it.

See it: https://mulesoo.com

#MuleSoo #WebDesignPretoria #AIforBusiness #SouthAfricaTech #NextJS",345,An agency with a pretty website and no engine behind it is a business card that loads slowly.,MULESOO PLATFORM,#00C8FF
2027-06-16,289,Wednesday,42,PROBLEM,MuleSoo Digital Services,mulesoo,https://mulesoo.com,live,Facebook,"An agency with a pretty website and no engine behind it is a business card that loads slowly.

Every service business we have spoken to says a version of that sentence.

MuleSoo Digital Services exists to end it — an AI assistant that walks a client end-to-end and hands them a branded PDF agreement with a QR code on it.

See it: https://mulesoo.com",350,An agency with a pretty website and no engine behind it is a business card that loads slowly.,MULESOO PLATFORM,#00C8FF
2027-06-16,289,Wednesday,42,PROBLEM,MuleSoo Digital Services,mulesoo,https://mulesoo.com,live,TikTok,"Tell me you run a service business without telling me. 👇

""An agency with a pretty website and no engine behind it is a business card that loads slowly.""

That is why we built MuleSoo Digital Services — an AI assistant that walks a client end-to-end and hands them a branded PDF agreement with a QR code on it.

mulesoo.com

#MuleSoo #WebDesignPretoria #AIforBusiness #SouthAfricaTech #NextJS",393,An agency with a pretty website and no engine behind it is a business card that loads slowly.,MULESOO PLATFORM,#00C8FF
2027-06-16,289,Wednesday,42,PROBLEM,MuleSoo Digital Services,mulesoo,https://mulesoo.com,live,X,"An agency with a pretty website and no engine behind it is a business card that loads slowly.

So we built MuleSoo Digital Services.

https://mulesoo.com",153,An agency with a pretty website and no engine behind it is a business card that loads slowly.,MULESOO PLATFORM,#00C8FF
2027-06-17,290,Thursday,42,FUNNY,Habesha Celebration Events,habesha,https://habeshaeventsplanner.netlify.app,live,LinkedIn,"A couple booked at 1:47am. The planner found out at breakfast. That is the whole product.

Behind the joke there is a real system: Habesha Celebration Events — an elegant events platform that turns wedding dreams into confirmed bookings, 24/7.

Humour is just the shortest way to describe a problem everyone running a wedding & events business already has.

See it: https://habeshaeventsplanner.netlify.app

#HabeshaEvents #EthiopianWedding #EventPlanner",454,A couple booked at 1:47am. The planner found out at breakfast. That is the whole product.,HABESHA EVENTS,#7B2FFF
2027-06-17,290,Thursday,42,FUNNY,Habesha Celebration Events,habesha,https://habeshaeventsplanner.netlify.app,live,Instagram,"A couple booked at 1:47am. The planner found out at breakfast. That is the whole product. 😂

(Habesha Celebration Events. Yes, it is real.)

See it: https://habeshaeventsplanner.netlify.app

#HabeshaEvents #EthiopianWedding #EventPlanner #WeddingSA #MuleSoo",258,A couple booked at 1:47am. The planner found out at breakfast. That is the whole product.,HABESHA EVENTS,#7B2FFF
2027-06-17,290,Thursday,42,FUNNY,Habesha Celebration Events,habesha,https://habeshaeventsplanner.netlify.app,live,Facebook,"A couple booked at 1:47am. The planner found out at breakfast. That is the whole product.

True story from building Habesha Celebration Events — an elegant events platform that turns wedding dreams into confirmed bookings, 24/7.

Ethiopian weddings run for days. The website had to load faster than the coffee ceremony.

See it: https://habeshaeventsplanner.netlify.app",369,A couple booked at 1:47am. The planner found out at breakfast. That is the whole product.,HABESHA EVENTS,#7B2FFF
2027-06-17,290,Thursday,42,FUNNY,Habesha Celebration Events,habesha,https://habeshaeventsplanner.netlify.app,live,TikTok,"A couple booked at 1:47am. The planner found out at breakfast. That is the whole product. 💀

Not a joke though — Habesha Celebration Events actually does this.

Ethiopian weddings run for days. The website had to load faster than the coffee ceremony.

mulesoo.com

#HabeshaEvents #EthiopianWedding #EventPlanner #WeddingSA #MuleSoo",332,A couple booked at 1:47am. The planner found out at breakfast. That is the whole product.,HABESHA EVENTS,#7B2FFF
2027-06-17,290,Thursday,42,FUNNY,Habesha Celebration Events,habesha,https://habeshaeventsplanner.netlify.app,live,X,"A couple booked at 1:47am. The planner found out at breakfast. That is the whole product.

— from building Habesha Celebration Events",133,A couple booked at 1:47am. The planner found out at breakfast. That is the whole product.,HABESHA EVENTS,#7B2FFF
2027-06-18,291,Friday,42,HOWTO,YoYo Gym — AI Membership Platform,yoyogym,https://yoyogym.vercel.app,live,LinkedIn,"Something YoYo Gym — AI Membership Platform taught us:

Model memberships as a ledger, not a status field. You will need the history the first time someone disputes.

Two more from the same build:

• Ship the owner a manual PDF. Software nobody can operate is software nobody renews.
• POPIA is not paperwork — member data in a public client is a real, reportable exposure.

All three are in the live product, not in a slide deck. See it: https://yoyogym.vercel.app

#GymSoftware #FitnessBusiness #YoYoGym",505,"Model memberships as a ledger, not a status field. You will need the history the first time someone disputes.",YOYO GYM,#00FF88
2027-06-18,291,Friday,42,HOWTO,YoYo Gym — AI Membership Platform,yoyogym,https://yoyogym.vercel.app,live,Instagram,"Lesson from building YoYo Gym — AI Membership Platform 🏋️

📌 Model memberships as a ledger, not a status field. You will need the history the first time someone disputes.

Save this one — it applies far beyond this one project.

#GymSoftware #FitnessBusiness #YoYoGym #MembershipSystem #MuleSoo",296,"Model memberships as a ledger, not a status field. You will need the history the first time someone disputes.",YOYO GYM,#00FF88
2027-06-18,291,Friday,42,HOWTO,YoYo Gym — AI Membership Platform,yoyogym,https://yoyogym.vercel.app,live,Facebook,"A free lesson from building YoYo Gym — AI Membership Platform:

Model memberships as a ledger, not a status field. You will need the history the first time someone disputes.

It sounds small. It is the difference between a system that works and one that quietly loses you money.

More of how we build: mulesoo.com",313,"Model memberships as a ledger, not a status field. You will need the history the first time someone disputes.",YOYO GYM,#00FF88
2027-06-18,291,Friday,42,HOWTO,YoYo Gym — AI Membership Platform,yoyogym,https://yoyogym.vercel.app,live,TikTok,"Free game from a real build 🧠

Model memberships as a ledger, not a status field. You will need the history the first time someone disputes.

Learned it building YoYo Gym — AI Membership Platform.

mulesoo.com

#GymSoftware #FitnessBusiness #YoYoGym #MembershipSystem #MuleSoo",277,"Model memberships as a ledger, not a status field. You will need the history the first time someone disputes.",YOYO GYM,#00FF88
2027-06-18,291,Friday,42,HOWTO,YoYo Gym — AI Membership Platform,yoyogym,https://yoyogym.vercel.app,live,X,"Model memberships as a ledger, not a status field. You will need the history the first time someone disputes.

— learned building YoYo Gym",138,"Model memberships as a ledger, not a status field. You will need the history the first time someone disputes.",YOYO GYM,#00FF88
2027-06-19,292,Saturday,42,PROOF,X-Boss Photography Studio,xboss,https://xbossphotography.vercel.app,live,LinkedIn,"What X-Boss Photography Studio actually does — not adjectives, features:

• bookings taken while you are behind the camera
• a branded PDF confirmation the client actually keeps
• an admin view of today, upcoming and history in one screen

Live now. See it: https://xbossphotography.vercel.app

No invented statistics on this page. Open it and check for yourself.

#PhotographyBusiness #StudioBooking #XBoss",407,Bookings taken while you are behind the camera.,X-BOSS PHOTOGRAPHY,#E8B84B
2027-06-19,292,Saturday,42,PROOF,X-Boss Photography Studio,xboss,https://xbossphotography.vercel.app,live,Instagram,"📸 X-Boss Photography Studio — what you actually get:

✅ bookings taken while you are behind the camera
✅ a branded PDF confirmation the client actually keeps
✅ an admin view of today, upcoming and history in one screen

Live now.

See it: https://xbossphotography.vercel.app

#PhotographyBusiness #StudioBooking #XBoss #BookingSystem #MuleSoo",343,Bookings taken while you are behind the camera.,X-BOSS PHOTOGRAPHY,#E8B84B
2027-06-19,292,Saturday,42,PROOF,X-Boss Photography Studio,xboss,https://xbossphotography.vercel.app,live,Facebook,"People ask what ""X-Boss Photography Studio"" really means. Plainly:

✅ bookings taken while you are behind the camera
✅ a branded PDF confirmation the client actually keeps
✅ an admin view of today, upcoming and history in one screen

Live now. See it: https://xbossphotography.vercel.app",287,Bookings taken while you are behind the camera.,X-BOSS PHOTOGRAPHY,#E8B84B
2027-06-19,292,Saturday,42,PROOF,X-Boss Photography Studio,xboss,https://xbossphotography.vercel.app,live,TikTok,"Three things X-Boss Photography Studio does that a normal photography studio setup cannot 👇

1. bookings taken while you are behind the camera
2. a branded PDF confirmation the client actually keeps
3. an admin view of today, upcoming and history in one screen

Live now.

mulesoo.com

#PhotographyBusiness #StudioBooking #XBoss #BookingSystem #MuleSoo",353,Bookings taken while you are behind the camera.,X-BOSS PHOTOGRAPHY,#E8B84B
2027-06-19,292,Saturday,42,PROOF,X-Boss Photography Studio,xboss,https://xbossphotography.vercel.app,live,X,"X-Boss Photography Studio:
• bookings taken while you are behind the camera
• a branded PDF confirmation the client actually keeps

https://xbossphotography.vercel.app",167,Bookings taken while you are behind the camera.,X-BOSS PHOTOGRAPHY,#E8B84B
2027-06-20,293,Sunday,42,BEHIND,Shime Events & Planning,shime,https://shimeeventplaning.vercel.app,live,LinkedIn,"Under the bonnet of Shime Events & Planning:

A seventeen-step conversational flow with full state, so a refresh never costs the client their answers.

Chapa hosted checkout for payment, with deposit amounts driven by the chosen package tier.

None of this is visible to the client, and all of it is why the thing keeps working in month nine.

See it: https://shimeeventplaning.vercel.app

#EventPlanning #ShimeEvents #BilingualWeb",431,"A seventeen-step conversational flow with full state, so a refresh never costs the client their answers.",SHIME EVENTS,#E8B84B
2027-06-20,293,Sunday,42,BEHIND,Shime Events & Planning,shime,https://shimeeventplaning.vercel.app,live,Instagram,"Behind the build 🔧 Shime Events & Planning

A seventeen-step conversational flow with full state, so a refresh never costs the client their answers.

The boring decisions are the ones that hold.

#EventPlanning #ShimeEvents #BilingualWeb #Amharic #MuleSoo",256,"A seventeen-step conversational flow with full state, so a refresh never costs the client their answers.",SHIME EVENTS,#E8B84B
2027-06-20,293,Sunday,42,BEHIND,Shime Events & Planning,shime,https://shimeeventplaning.vercel.app,live,Facebook,"A look behind Shime Events & Planning:

A seventeen-step conversational flow with full state, so a refresh never costs the client their answers.

Chapa hosted checkout for payment, with deposit amounts driven by the chosen package tier.

We build the invisible parts properly. That is the whole difference between a demo and a system you can run a business on.",360,"A seventeen-step conversational flow with full state, so a refresh never costs the client their answers.",SHIME EVENTS,#E8B84B
2027-06-20,293,Sunday,42,BEHIND,Shime Events & Planning,shime,https://shimeeventplaning.vercel.app,live,TikTok,"Behind the build 🔧

Shime Events & Planning: A seventeen-step conversational flow with full state, so a refresh never costs the client their answers.

The unglamorous decisions are the ones that save you in month nine.

mulesoo.com

#EventPlanning #ShimeEvents #BilingualWeb #Amharic #MuleSoo",293,"A seventeen-step conversational flow with full state, so a refresh never costs the client their answers.",SHIME EVENTS,#E8B84B
2027-06-20,293,Sunday,42,BEHIND,Shime Events & Planning,shime,https://shimeeventplaning.vercel.app,live,X,"Shime Events & Planning — under the bonnet:

A seventeen-step conversational flow with full state, so a refresh never costs the client their answers.",149,"A seventeen-step conversational flow with full state, so a refresh never costs the client their answers.",SHIME EVENTS,#E8B84B
2027-06-21,294,Monday,42,OFFER,Tsedi Catering & Events,tsedi,https://tsedicatering.vercel.app,live,LinkedIn,"Cooking for ninety and answering enquiries at the same time?

We built Tsedi Catering & Events for exactly that — it checks the calendar for availability before it agrees to a date.

Same system, your brand, your sector.

Tell us what your week looks like and we will tell you honestly whether software fixes it: mulesoo.com/contact

#CateringBusiness #QRBooking #TsediCatering",377,Cooking for ninety and answering enquiries at the same time?,TSEDI CATERING,#E8B84B
2027-06-21,294,Monday,42,OFFER,Tsedi Catering & Events,tsedi,https://tsedicatering.vercel.app,live,Instagram,"Cooking for ninety and answering enquiries at the same time? 🍽️

We built Tsedi Catering & Events to solve it — you get bookings taken with both hands still in the kitchen.

Same system, your brand, your sector.

📩 mulesoo.com/contact
💬 wa.me/27688529333

#CateringBusiness #QRBooking #TsediCatering #AIAssistant #MuleSoo",324,Cooking for ninety and answering enquiries at the same time?,TSEDI CATERING,#E8B84B
2027-06-21,294,Monday,42,OFFER,Tsedi Catering & Events,tsedi,https://tsedicatering.vercel.app,live,Facebook,"Cooking for ninety and answering enquiries at the same time?

That is precisely why Tsedi Catering & Events exists — it checks the calendar for availability before it agrees to a date.

Same system, your brand, your sector. Message us and we will tell you straight whether this is worth it for your business.

📩 mulesoo.com/contact  ·  💬 wa.me/27688529333",357,Cooking for ninety and answering enquiries at the same time?,TSEDI CATERING,#E8B84B
2027-06-21,294,Monday,42,OFFER,Tsedi Catering & Events,tsedi,https://tsedicatering.vercel.app,live,TikTok,"Cooking for ninety and answering enquiries at the same time? 🍽️

We already built it once — Tsedi Catering & Events.

Same system, your brand, your sector.

mulesoo.com

#CateringBusiness #QRBooking #TsediCatering #AIAssistant #MuleSoo",236,Cooking for ninety and answering enquiries at the same time?,TSEDI CATERING,#E8B84B
2027-06-21,294,Monday,42,OFFER,Tsedi Catering & Events,tsedi,https://tsedicatering.vercel.app,live,X,"Cooking for ninety and answering enquiries at the same time?

We built Tsedi Catering & Events for exactly this.

mulesoo.com/contact",133,Cooking for ninety and answering enquiries at the same time?,TSEDI CATERING,#E8B84B
2027-06-22,295,Tuesday,43,SPOTLIGHT,TSI AI Booking Assistant,tsi,https://mulesoo.com/services/chatbot,live,LinkedIn,"🤖 TSI AI Booking Assistant — one of ours.

In one line: a reservations assistant that answers, qualifies and books, around the clock.

The part that matters — it answers instantly, at 2am, in full sentences.

What the owner ends up with: every after-hours enquiry answered instead of lost.

See it: https://mulesoo.com/services/chatbot

#AIChatbot #Hospitality #Reservations",375,We built TSI AI Booking Assistant.,TSI ASSISTANT,#00C8FF
2027-06-22,295,Tuesday,43,SPOTLIGHT,TSI AI Booking Assistant,tsi,https://mulesoo.com/services/chatbot,live,Instagram,"🤖 🤖 TSI AI Booking Assistant — one of ours.

A reservations assistant that answers, qualifies and books, around the clock.

✨ it answers instantly, at 2am, in full sentences
✅ every after-hours enquiry answered instead of lost

See it: https://mulesoo.com/services/chatbot

#AIChatbot #Hospitality #Reservations #CustomerService #MuleSoo",339,We built TSI AI Booking Assistant.,TSI ASSISTANT,#00C8FF
2027-06-22,295,Tuesday,43,SPOTLIGHT,TSI AI Booking Assistant,tsi,https://mulesoo.com/services/chatbot,live,Facebook,"🤖 TSI AI Booking Assistant — one of ours.

It is a reservations assistant that answers, qualifies and books, around the clock.

The thing people notice first: it answers instantly, at 2am, in full sentences.

If you run a hotel or restaurant and this sounds like your week — we should talk. mulesoo.com",303,We built TSI AI Booking Assistant.,TSI ASSISTANT,#00C8FF
2027-06-22,295,Tuesday,43,SPOTLIGHT,TSI AI Booking Assistant,tsi,https://mulesoo.com/services/chatbot,live,TikTok,"POV: you run a hotel or restaurant. 🤖

We built TSI AI Booking Assistant.

It does one thing brilliantly: it answers instantly, at 2am, in full sentences.

Full build on mulesoo.com

#AIChatbot #Hospitality #Reservations #CustomerService #MuleSoo",247,We built TSI AI Booking Assistant.,TSI ASSISTANT,#00C8FF
2027-06-22,295,Tuesday,43,SPOTLIGHT,TSI AI Booking Assistant,tsi,https://mulesoo.com/services/chatbot,live,X,"🤖 TSI AI Booking Assistant — one of ours. A reservations assistant that answers, qualifies and books, around the clock.

https://mulesoo.com/services/chatbot",158,We built TSI AI Booking Assistant.,TSI ASSISTANT,#00C8FF
2027-06-23,296,Wednesday,43,PROBLEM,Sena — AI Front Desk Receptionist,sena,https://mulesoo.com/ai-automation,building,LinkedIn,"A hotel front desk is unstaffed at exactly the hour a traveller needs it most.

That was the brief behind Sena — AI Front Desk Receptionist.

We building it around one idea: she says plainly that she is an AI, before anything else.

A voice receptionist for hotels: the guest clicks Call Reception and Sena actually answers.

Still in build — follow along: mulesoo.com

#VoiceAI #HotelTech #Sena",395,A hotel front desk is unstaffed at exactly the hour a traveller needs it most.,SENA · IN BUILD,#7B2FFF
2027-06-23,296,Wednesday,43,PROBLEM,Sena — AI Front Desk Receptionist,sena,https://mulesoo.com/ai-automation,building,Instagram,"A hotel front desk is unstaffed at exactly the hour a traveller needs it most. 😮‍💨

So we building Sena — AI Front Desk Receptionist.

She says plainly that she is an AI, before anything else.

Still in build — follow along: mulesoo.com

#VoiceAI #HotelTech #Sena #Hospitality #MuleSoo",287,A hotel front desk is unstaffed at exactly the hour a traveller needs it most.,SENA · IN BUILD,#7B2FFF
2027-06-23,296,Wednesday,43,PROBLEM,Sena — AI Front Desk Receptionist,sena,https://mulesoo.com/ai-automation,building,Facebook,"A hotel front desk is unstaffed at exactly the hour a traveller needs it most.

Every hotel we have spoken to says a version of that sentence.

Sena — AI Front Desk Receptionist exists to end it — she says plainly that she is an AI, before anything else.

Still in build — follow along: mulesoo.com",298,A hotel front desk is unstaffed at exactly the hour a traveller needs it most.,SENA · IN BUILD,#7B2FFF
2027-06-23,296,Wednesday,43,PROBLEM,Sena — AI Front Desk Receptionist,sena,https://mulesoo.com/ai-automation,building,TikTok,"Tell me you run a hotel without telling me. 👇

""A hotel front desk is unstaffed at exactly the hour a traveller needs it most.""

That is why we building Sena — AI Front Desk Receptionist — she says plainly that she is an AI, before anything else.

mulesoo.com

#VoiceAI #HotelTech #Sena #Hospitality #MuleSoo",309,A hotel front desk is unstaffed at exactly the hour a traveller needs it most.,SENA · IN BUILD,#7B2FFF
2027-06-23,296,Wednesday,43,PROBLEM,Sena — AI Front Desk Receptionist,sena,https://mulesoo.com/ai-automation,building,X,"A hotel front desk is unstaffed at exactly the hour a traveller needs it most.

So we building Sena.

https://mulesoo.com/ai-automation",135,A hotel front desk is unstaffed at exactly the hour a traveller needs it most.,SENA · IN BUILD,#7B2FFF
2027-06-24,297,Thursday,43,FUNNY,Yewogen Derash (ወገን ደራሽ),yewogen,https://mulesoo.com/case-studies,building,LinkedIn,"Every admin action is audit-logged, including the ones the admin regrets.

Behind the joke there is a real system: Yewogen Derash (ወገን ደራሽ) — a crowdfunding platform where every campaign owner is identity-verified and no two campaigns share a wallet.

Humour is just the shortest way to describe a problem everyone running a fundraising campaign already has.

Still in build — follow along: mulesoo.com

#Crowdfunding #Ethiopia #YewogenDerash",442,"Every admin action is audit-logged, including the ones the admin regrets.",YEWOGEN DERASH · IN BUILD,#00C8FF
2027-06-24,297,Thursday,43,FUNNY,Yewogen Derash (ወገን ደራሽ),yewogen,https://mulesoo.com/case-studies,building,Instagram,"Every admin action is audit-logged, including the ones the admin regrets. 😂

(Yewogen Derash (ወገን ደራሽ). Yes, it is real.)

Still in build — follow along: mulesoo.com

#Crowdfunding #Ethiopia #YewogenDerash #FinTech #MuleSoo",224,"Every admin action is audit-logged, including the ones the admin regrets.",YEWOGEN DERASH · IN BUILD,#00C8FF
2027-06-24,297,Thursday,43,FUNNY,Yewogen Derash (ወገን ደራሽ),yewogen,https://mulesoo.com/case-studies,building,Facebook,"Every admin action is audit-logged, including the ones the admin regrets.

True story from building Yewogen Derash (ወገን ደራሽ) — a crowdfunding platform where every campaign owner is identity-verified and no two campaigns share a wallet.

Every campaign owner is identity-verified. Yes, that is slower. That is the feature.

Still in build — follow along: mulesoo.com",365,"Every admin action is audit-logged, including the ones the admin regrets.",YEWOGEN DERASH · IN BUILD,#00C8FF
2027-06-24,297,Thursday,43,FUNNY,Yewogen Derash (ወገን ደራሽ),yewogen,https://mulesoo.com/case-studies,building,TikTok,"Every admin action is audit-logged, including the ones the admin regrets. 💀

Not a joke though — Yewogen Derash (ወገን ደራሽ) actually does this.

Every campaign owner is identity-verified. Yes, that is slower. That is the feature.

mulesoo.com

#Crowdfunding #Ethiopia #YewogenDerash #FinTech #MuleSoo",299,"Every admin action is audit-logged, including the ones the admin regrets.",YEWOGEN DERASH · IN BUILD,#00C8FF
2027-06-24,297,Thursday,43,FUNNY,Yewogen Derash (ወገን ደራሽ),yewogen,https://mulesoo.com/case-studies,building,X,"Every admin action is audit-logged, including the ones the admin regrets.

— from building Yewogen Derash",105,"Every admin action is audit-logged, including the ones the admin regrets.",YEWOGEN DERASH · IN BUILD,#00C8FF
2027-06-25,298,Friday,43,HOWTO,Pretoria Kidane Mihret Church Platform,church,https://mulesoo.com/portfolio,live,LinkedIn,"Something Pretoria Kidane Mihret Church Platform taught us:

Dignity in design is mostly subtraction. Remove the animation that is drawing attention to itself.

Two more from the same build:

• Community sites live on phones with modest data. Optimise for that, not for your laptop.
• Give institutions an admin panel. Any content that needs a developer will be wrong within a month.

All three are in the live product, not in a slide deck. See it: https://mulesoo.com/portfolio

#ChurchWebsite #Amharic #Bilingual",514,Dignity in design is mostly subtraction. Remove the animation that is drawing attention to itself.,KIDANE MIHRET,#E8B84B
2027-06-25,298,Friday,43,HOWTO,Pretoria Kidane Mihret Church Platform,church,https://mulesoo.com/portfolio,live,Instagram,"Lesson from building Pretoria Kidane Mihret Church Platform ⛪

📌 Dignity in design is mostly subtraction. Remove the animation that is drawing attention to itself.

Save this one — it applies far beyond this one project.

#ChurchWebsite #Amharic #Bilingual #Pretoria #MuleSoo",276,Dignity in design is mostly subtraction. Remove the animation that is drawing attention to itself.,KIDANE MIHRET,#E8B84B
2027-06-25,298,Friday,43,HOWTO,Pretoria Kidane Mihret Church Platform,church,https://mulesoo.com/portfolio,live,Facebook,"A free lesson from building Pretoria Kidane Mihret Church Platform:

Dignity in design is mostly subtraction. Remove the animation that is drawing attention to itself.

It sounds small. It is the difference between a system that works and one that quietly loses you money.

More of how we build: mulesoo.com",307,Dignity in design is mostly subtraction. Remove the animation that is drawing attention to itself.,KIDANE MIHRET,#E8B84B
2027-06-25,298,Friday,43,HOWTO,Pretoria Kidane Mihret Church Platform,church,https://mulesoo.com/portfolio,live,TikTok,"Free game from a real build 🧠

Dignity in design is mostly subtraction. Remove the animation that is drawing attention to itself.

Learned it building Pretoria Kidane Mihret Church Platform.

mulesoo.com

#ChurchWebsite #Amharic #Bilingual #Pretoria #MuleSoo",259,Dignity in design is mostly subtraction. Remove the animation that is drawing attention to itself.,KIDANE MIHRET,#E8B84B
2027-06-25,298,Friday,43,HOWTO,Pretoria Kidane Mihret Church Platform,church,https://mulesoo.com/portfolio,live,X,"Dignity in design is mostly subtraction. Remove the animation that is drawing attention to itself.

— learned building Pretoria Kidane Mihret Church Platform",157,Dignity in design is mostly subtraction. Remove the animation that is drawing attention to itself.,KIDANE MIHRET,#E8B84B
2027-06-26,299,Saturday,43,PROOF,DR. Hospital — AI Clinic System,drhospital,https://mulesoo.com/case-studies,building,LinkedIn,"What DR. Hospital — AI Clinic System actually does — not adjectives, features:

• reception freed from the phone during consulting hours
• intake completed before the patient arrives
• one system for appointments, records and follow-up

In active build — nothing here is launched yet. Still in build — follow along: mulesoo.com

No invented statistics on this page. Open it and check for yourself.

#HealthTech #ClinicSoftware #AIIntake",436,Reception freed from the phone during consulting hours.,DR. HOSPITAL · IN BUILD,#00FF88
2027-06-26,299,Saturday,43,PROOF,DR. Hospital — AI Clinic System,drhospital,https://mulesoo.com/case-studies,building,Instagram,"🩺 DR. Hospital — AI Clinic System — what you actually get:

✅ reception freed from the phone during consulting hours
✅ intake completed before the patient arrives
✅ one system for appointments, records and follow-up

In active build — nothing here is launched yet.

Still in build — follow along: mulesoo.com

#HealthTech #ClinicSoftware #AIIntake #POPIA #MuleSoo",364,Reception freed from the phone during consulting hours.,DR. HOSPITAL · IN BUILD,#00FF88
2027-06-26,299,Saturday,43,PROOF,DR. Hospital — AI Clinic System,drhospital,https://mulesoo.com/case-studies,building,Facebook,"People ask what ""DR. Hospital — AI Clinic System"" really means. Plainly:

✅ reception freed from the phone during consulting hours
✅ intake completed before the patient arrives
✅ one system for appointments, records and follow-up

In active build — nothing here is launched yet. Still in build — follow along: mulesoo.com",321,Reception freed from the phone during consulting hours.,DR. HOSPITAL · IN BUILD,#00FF88
2027-06-26,299,Saturday,43,PROOF,DR. Hospital — AI Clinic System,drhospital,https://mulesoo.com/case-studies,building,TikTok,"Three things DR. Hospital — AI Clinic System does that a normal clinic setup cannot 👇

1. reception freed from the phone during consulting hours
2. intake completed before the patient arrives
3. one system for appointments, records and follow-up

In active build — nothing here is launched yet.

mulesoo.com

#HealthTech #ClinicSoftware #AIIntake #POPIA #MuleSoo",363,Reception freed from the phone during consulting hours.,DR. HOSPITAL · IN BUILD,#00FF88
2027-06-26,299,Saturday,43,PROOF,DR. Hospital — AI Clinic System,drhospital,https://mulesoo.com/case-studies,building,X,"DR. Hospital — AI Clinic System:
• reception freed from the phone during consulting hours
• intake completed before the patient arrives

https://mulesoo.com/case-studies",169,Reception freed from the phone during consulting hours.,DR. HOSPITAL · IN BUILD,#00FF88
2027-06-27,300,Sunday,43,BEHIND,MuleSoo Guides & Digital Store,guides,https://mulesoo.com/store,live,LinkedIn,"Under the bonnet of MuleSoo Guides & Digital Store:

Every guide is generated from the same toolchain we use for client documents.

Stripe handles checkout in Rand; delivery is instant and the receipt is automatic.

None of this is visible to the client, and all of it is why the thing keeps working in month nine.

See it: https://mulesoo.com/store

#DigitalProducts #ClaudeCode #LearnToBuild",393,Every guide is generated from the same toolchain we use for client documents.,MULESOO STORE,#E8B84B
2027-06-27,300,Sunday,43,BEHIND,MuleSoo Guides & Digital Store,guides,https://mulesoo.com/store,live,Instagram,"Behind the build 🔧 MuleSoo Guides & Digital Store

Every guide is generated from the same toolchain we use for client documents.

The boring decisions are the ones that hold.

#DigitalProducts #ClaudeCode #LearnToBuild #PassiveIncome #MuleSoo",243,Every guide is generated from the same toolchain we use for client documents.,MULESOO STORE,#E8B84B
2027-06-27,300,Sunday,43,BEHIND,MuleSoo Guides & Digital Store,guides,https://mulesoo.com/store,live,Facebook,"A look behind MuleSoo Guides & Digital Store:

Every guide is generated from the same toolchain we use for client documents.

Stripe handles checkout in Rand; delivery is instant and the receipt is automatic.

We build the invisible parts properly. That is the whole difference between a demo and a system you can run a business on.",332,Every guide is generated from the same toolchain we use for client documents.,MULESOO STORE,#E8B84B
2027-06-27,300,Sunday,43,BEHIND,MuleSoo Guides & Digital Store,guides,https://mulesoo.com/store,live,TikTok,"Behind the build 🔧

MuleSoo Guides & Digital Store: Every guide is generated from the same toolchain we use for client documents.

The unglamorous decisions are the ones that save you in month nine.

mulesoo.com

#DigitalProducts #ClaudeCode #LearnToBuild #PassiveIncome #MuleSoo",280,Every guide is generated from the same toolchain we use for client documents.,MULESOO STORE,#E8B84B
2027-06-27,300,Sunday,43,BEHIND,MuleSoo Guides & Digital Store,guides,https://mulesoo.com/store,live,X,"MuleSoo Guides & Digital Store — under the bonnet:

Every guide is generated from the same toolchain we use for client documents.",129,Every guide is generated from the same toolchain we use for client documents.,MULESOO STORE,#E8B84B
2027-06-28,301,Monday,43,OFFER,MuleSoo Digital Services,mulesoo,https://mulesoo.com,live,LinkedIn,"Want the same engine under your own brand?

We built MuleSoo Digital Services for exactly that — a full admin panel — leads pipeline, bookings, analytics, portfolio, pricing, testimonials — all editable without a developer.

Same system, your brand, your sector.

Tell us what your week looks like and we will tell you honestly whether software fixes it: mulesoo.com/contact

#MuleSoo #WebDesignPretoria #AIforBusiness",418,Want the same engine under your own brand?,MULESOO PLATFORM,#00C8FF
2027-06-28,301,Monday,43,OFFER,MuleSoo Digital Services,mulesoo,https://mulesoo.com,live,Instagram,"Want the same engine under your own brand? 🛠️

We built MuleSoo Digital Services to solve it — you get lead capture with instant email + WhatsApp alerts on every enquiry.

Same system, your brand, your sector.

📩 mulesoo.com/contact
💬 wa.me/27688529333

#MuleSoo #WebDesignPretoria #AIforBusiness #SouthAfricaTech #NextJS",324,Want the same engine under your own brand?,MULESOO PLATFORM,#00C8FF
2027-06-28,301,Monday,43,OFFER,MuleSoo Digital Services,mulesoo,https://mulesoo.com,live,Facebook,"Want the same engine under your own brand?

That is precisely why MuleSoo Digital Services exists — a full admin panel — leads pipeline, bookings, analytics, portfolio, pricing, testimonials — all editable without a developer.

Same system, your brand, your sector. Message us and we will tell you straight whether this is worth it for your business.

📩 mulesoo.com/contact  ·  💬 wa.me/27688529333",399,Want the same engine under your own brand?,MULESOO PLATFORM,#00C8FF
2027-06-28,301,Monday,43,OFFER,MuleSoo Digital Services,mulesoo,https://mulesoo.com,live,TikTok,"Want the same engine under your own brand? 🛠️

We already built it once — MuleSoo Digital Services.

Same system, your brand, your sector.

mulesoo.com

#MuleSoo #WebDesignPretoria #AIforBusiness #SouthAfricaTech #NextJS",221,Want the same engine under your own brand?,MULESOO PLATFORM,#00C8FF
2027-06-28,301,Monday,43,OFFER,MuleSoo Digital Services,mulesoo,https://mulesoo.com,live,X,"Want the same engine under your own brand?

We built MuleSoo Digital Services for exactly this.

mulesoo.com/contact",116,Want the same engine under your own brand?,MULESOO PLATFORM,#00C8FF
2027-06-29,302,Tuesday,44,SPOTLIGHT,Habesha Celebration Events,habesha,https://habeshaeventsplanner.netlify.app,live,LinkedIn,"💍 Habesha Celebration Events — one of ours.

In one line: an elegant events platform that turns wedding dreams into confirmed bookings, 24/7.

The part that matters — a design couples actually screenshot and send to their mothers.

What the owner ends up with: a site that looks like the events it sells.

See it: https://habeshaeventsplanner.netlify.app

#HabeshaEvents #EthiopianWedding #EventPlanner",403,We built Habesha Celebration Events.,HABESHA EVENTS,#7B2FFF
2027-06-29,302,Tuesday,44,SPOTLIGHT,Habesha Celebration Events,habesha,https://habeshaeventsplanner.netlify.app,live,Instagram,"💍 💍 Habesha Celebration Events — one of ours.

An elegant events platform that turns wedding dreams into confirmed bookings, 24/7.

✨ a design couples actually screenshot and send to their mothers
✅ a site that looks like the events it sells

See it: https://habeshaeventsplanner.netlify.app

#HabeshaEvents #EthiopianWedding #EventPlanner #WeddingSA #MuleSoo",361,We built Habesha Celebration Events.,HABESHA EVENTS,#7B2FFF
2027-06-29,302,Tuesday,44,SPOTLIGHT,Habesha Celebration Events,habesha,https://habeshaeventsplanner.netlify.app,live,Facebook,"💍 Habesha Celebration Events — one of ours.

It is an elegant events platform that turns wedding dreams into confirmed bookings, 24/7.

The thing people notice first: a design couples actually screenshot and send to their mothers.

If you run a wedding & events business and this sounds like your week — we should talk. mulesoo.com",332,We built Habesha Celebration Events.,HABESHA EVENTS,#7B2FFF
2027-06-29,302,Tuesday,44,SPOTLIGHT,Habesha Celebration Events,habesha,https://habeshaeventsplanner.netlify.app,live,TikTok,"POV: you run a wedding & events business. 💍

We built Habesha Celebration Events.

It does one thing brilliantly: a design couples actually screenshot and send to their mothers.

Full build on mulesoo.com

#HabeshaEvents #EthiopianWedding #EventPlanner #WeddingSA #MuleSoo",273,We built Habesha Celebration Events.,HABESHA EVENTS,#7B2FFF
2027-06-29,302,Tuesday,44,SPOTLIGHT,Habesha Celebration Events,habesha,https://habeshaeventsplanner.netlify.app,live,X,"💍 Habesha Celebration Events — one of ours. An elegant events platform that turns wedding dreams into confirmed bookings, 24/7.

https://habeshaeventsplanner.netlify.app",170,We built Habesha Celebration Events.,HABESHA EVENTS,#7B2FFF
2027-06-30,303,Wednesday,44,PROBLEM,YoYo Gym — AI Membership Platform,yoyogym,https://yoyogym.vercel.app,live,LinkedIn,"A gym run on a paper register loses money to expired memberships nobody noticed.

That was the brief behind YoYo Gym — AI Membership Platform.

We built it around one idea: sixteen tables of real membership logic — plans, payments, bookings, attendance.

A full gym membership, booking and check-in system that runs the floor on autopilot.

See it: https://yoyogym.vercel.app

#GymSoftware #FitnessBusiness #YoYoGym",415,A gym run on a paper register loses money to expired memberships nobody noticed.,YOYO GYM,#00FF88
2027-06-30,303,Wednesday,44,PROBLEM,YoYo Gym — AI Membership Platform,yoyogym,https://yoyogym.vercel.app,live,Instagram,"A gym run on a paper register loses money to expired memberships nobody noticed. 😮‍💨

So we built YoYo Gym — AI Membership Platform.

Sixteen tables of real membership logic — plans, payments, bookings, attendance.

See it: https://yoyogym.vercel.app

#GymSoftware #FitnessBusiness #YoYoGym #MembershipSystem #MuleSoo",319,A gym run on a paper register loses money to expired memberships nobody noticed.,YOYO GYM,#00FF88
2027-06-30,303,Wednesday,44,PROBLEM,YoYo Gym — AI Membership Platform,yoyogym,https://yoyogym.vercel.app,live,Facebook,"A gym run on a paper register loses money to expired memberships nobody noticed.

Every gym we have spoken to says a version of that sentence.

YoYo Gym — AI Membership Platform exists to end it — sixteen tables of real membership logic — plans, payments, bookings, attendance.

See it: https://yoyogym.vercel.app",313,A gym run on a paper register loses money to expired memberships nobody noticed.,YOYO GYM,#00FF88
2027-06-30,303,Wednesday,44,PROBLEM,YoYo Gym — AI Membership Platform,yoyogym,https://yoyogym.vercel.app,live,TikTok,"Tell me you run a gym without telling me. 👇

""A gym run on a paper register loses money to expired memberships nobody noticed.""

That is why we built YoYo Gym — AI Membership Platform — sixteen tables of real membership logic — plans, payments, bookings, attendance.

mulesoo.com

#GymSoftware #FitnessBusiness #YoYoGym #MembershipSystem #MuleSoo",347,A gym run on a paper register loses money to expired memberships nobody noticed.,YOYO GYM,#00FF88
2027-06-30,303,Wednesday,44,PROBLEM,YoYo Gym — AI Membership Platform,yoyogym,https://yoyogym.vercel.app,live,X,"A gym run on a paper register loses money to expired memberships nobody noticed.

So we built YoYo Gym.

https://yoyogym.vercel.app",131,A gym run on a paper register loses money to expired memberships nobody noticed.,YOYO GYM,#00FF88
2027-07-01,304,Thursday,44,FUNNY,X-Boss Photography Studio,xboss,https://xbossphotography.vercel.app,live,LinkedIn,"Booking used to happen in the DMs, between a meme and a wedding enquiry. Now it happens in a system.

Behind the joke there is a real system: X-Boss Photography Studio — a dark-luxury booking system with an AI assistant, an admin dashboard and signable PDF confirmations.

Humour is just the shortest way to describe a problem everyone running a photography studio already has.

See it: https://xbossphotography.vercel.app

#PhotographyBusiness #StudioBooking #XBoss",466,"Booking used to happen in the DMs, between a meme and a wedding enquiry. Now it happens in a system.",X-BOSS PHOTOGRAPHY,#E8B84B
2027-07-01,304,Thursday,44,FUNNY,X-Boss Photography Studio,xboss,https://xbossphotography.vercel.app,live,Instagram,"Booking used to happen in the DMs, between a meme and a wedding enquiry. Now it happens in a system. 😂

(X-Boss Photography Studio. Yes, it is real.)

See it: https://xbossphotography.vercel.app

#PhotographyBusiness #StudioBooking #XBoss #BookingSystem #MuleSoo",263,"Booking used to happen in the DMs, between a meme and a wedding enquiry. Now it happens in a system.",X-BOSS PHOTOGRAPHY,#E8B84B
2027-07-01,304,Thursday,44,FUNNY,X-Boss Photography Studio,xboss,https://xbossphotography.vercel.app,live,Facebook,"Booking used to happen in the DMs, between a meme and a wedding enquiry. Now it happens in a system.

True story from building X-Boss Photography Studio — a dark-luxury booking system with an AI assistant, an admin dashboard and signable PDF confirmations.

The studio now gets bookings while the photographer is lying on the floor for a better angle.

See it: https://xbossphotography.vercel.app",396,"Booking used to happen in the DMs, between a meme and a wedding enquiry. Now it happens in a system.",X-BOSS PHOTOGRAPHY,#E8B84B
2027-07-01,304,Thursday,44,FUNNY,X-Boss Photography Studio,xboss,https://xbossphotography.vercel.app,live,TikTok,"Booking used to happen in the DMs, between a meme and a wedding enquiry. Now it happens in a system. 💀

Not a joke though — X-Boss Photography Studio actually does this.

The studio now gets bookings while the photographer is lying on the floor for a better angle.

mulesoo.com

#PhotographyBusiness #StudioBooking #XBoss #BookingSystem #MuleSoo",346,"Booking used to happen in the DMs, between a meme and a wedding enquiry. Now it happens in a system.",X-BOSS PHOTOGRAPHY,#E8B84B
2027-07-01,304,Thursday,44,FUNNY,X-Boss Photography Studio,xboss,https://xbossphotography.vercel.app,live,X,"Booking used to happen in the DMs, between a meme and a wedding enquiry. Now it happens in a system.

— from building X-Boss Photography Studio",143,"Booking used to happen in the DMs, between a meme and a wedding enquiry. Now it happens in a system.",X-BOSS PHOTOGRAPHY,#E8B84B
2027-07-02,305,Friday,44,HOWTO,Shime Events & Planning,shime,https://shimeeventplaning.vercel.app,live,LinkedIn,"Something Shime Events & Planning taught us:

Terms acceptance must be a recorded event with a timestamp, not a checkbox that vanishes.

Two more from the same build:

• Long forms are fine. Long forms with no progress indicator are not.
• Check availability live, inside the flow. Confirming a date you cannot honour is the costliest bug you can ship.

All three are in the live product, not in a slide deck. See it: https://shimeeventplaning.vercel.app

#EventPlanning #ShimeEvents #BilingualWeb",497,"Terms acceptance must be a recorded event with a timestamp, not a checkbox that vanishes.",SHIME EVENTS,#E8B84B
2027-07-02,305,Friday,44,HOWTO,Shime Events & Planning,shime,https://shimeeventplaning.vercel.app,live,Instagram,"Lesson from building Shime Events & Planning 🎊

📌 Terms acceptance must be a recorded event with a timestamp, not a checkbox that vanishes.

Save this one — it applies far beyond this one project.

#EventPlanning #ShimeEvents #BilingualWeb #Amharic #MuleSoo",259,"Terms acceptance must be a recorded event with a timestamp, not a checkbox that vanishes.",SHIME EVENTS,#E8B84B
2027-07-02,305,Friday,44,HOWTO,Shime Events & Planning,shime,https://shimeeventplaning.vercel.app,live,Facebook,"A free lesson from building Shime Events & Planning:

Terms acceptance must be a recorded event with a timestamp, not a checkbox that vanishes.

It sounds small. It is the difference between a system that works and one that quietly loses you money.

More of how we build: mulesoo.com",283,"Terms acceptance must be a recorded event with a timestamp, not a checkbox that vanishes.",SHIME EVENTS,#E8B84B
2027-07-02,305,Friday,44,HOWTO,Shime Events & Planning,shime,https://shimeeventplaning.vercel.app,live,TikTok,"Free game from a real build 🧠

Terms acceptance must be a recorded event with a timestamp, not a checkbox that vanishes.

Learned it building Shime Events & Planning.

mulesoo.com

#EventPlanning #ShimeEvents #BilingualWeb #Amharic #MuleSoo",241,"Terms acceptance must be a recorded event with a timestamp, not a checkbox that vanishes.",SHIME EVENTS,#E8B84B
2027-07-02,305,Friday,44,HOWTO,Shime Events & Planning,shime,https://shimeeventplaning.vercel.app,live,X,"Terms acceptance must be a recorded event with a timestamp, not a checkbox that vanishes.

— learned building Shime Events & Planning",133,"Terms acceptance must be a recorded event with a timestamp, not a checkbox that vanishes.",SHIME EVENTS,#E8B84B
2027-07-03,306,Saturday,44,PROOF,Tsedi Catering & Events,tsedi,https://tsedicatering.vercel.app,live,LinkedIn,"What Tsedi Catering & Events actually does — not adjectives, features:

• bookings taken with both hands still in the kitchen
• deposits paid before you buy a single ingredient
• a check-in code you scan on the day

Live now. See it: https://tsedicatering.vercel.app

No invented statistics on this page. Open it and check for yourself.

#CateringBusiness #QRBooking #TsediCatering",381,Bookings taken with both hands still in the kitchen.,TSEDI CATERING,#E8B84B
2027-07-03,306,Saturday,44,PROOF,Tsedi Catering & Events,tsedi,https://tsedicatering.vercel.app,live,Instagram,"🍽️ Tsedi Catering & Events — what you actually get:

✅ bookings taken with both hands still in the kitchen
✅ deposits paid before you buy a single ingredient
✅ a check-in code you scan on the day

Live now.

See it: https://tsedicatering.vercel.app

#CateringBusiness #QRBooking #TsediCatering #AIAssistant #MuleSoo",316,Bookings taken with both hands still in the kitchen.,TSEDI CATERING,#E8B84B
2027-07-03,306,Saturday,44,PROOF,Tsedi Catering & Events,tsedi,https://tsedicatering.vercel.app,live,Facebook,"People ask what ""Tsedi Catering & Events"" really means. Plainly:

✅ bookings taken with both hands still in the kitchen
✅ deposits paid before you buy a single ingredient
✅ a check-in code you scan on the day

Live now. See it: https://tsedicatering.vercel.app",260,Bookings taken with both hands still in the kitchen.,TSEDI CATERING,#E8B84B
2027-07-03,306,Saturday,44,PROOF,Tsedi Catering & Events,tsedi,https://tsedicatering.vercel.app,live,TikTok,"Three things Tsedi Catering & Events does that a normal catering business setup cannot 👇

1. bookings taken with both hands still in the kitchen
2. deposits paid before you buy a single ingredient
3. a check-in code you scan on the day

Live now.

mulesoo.com

#CateringBusiness #QRBooking #TsediCatering #AIAssistant #MuleSoo",327,Bookings taken with both hands still in the kitchen.,TSEDI CATERING,#E8B84B
2027-07-03,306,Saturday,44,PROOF,Tsedi Catering & Events,tsedi,https://tsedicatering.vercel.app,live,X,"Tsedi Catering & Events:
• bookings taken with both hands still in the kitchen
• deposits paid before you buy a single ingredient

https://tsedicatering.vercel.app",163,Bookings taken with both hands still in the kitchen.,TSEDI CATERING,#E8B84B
2027-07-04,307,Sunday,44,BEHIND,TSI AI Booking Assistant,tsi,https://mulesoo.com/services/chatbot,live,LinkedIn,"Under the bonnet of TSI AI Booking Assistant:

Grounded strictly in the client's real services and prices — it is forbidden from inventing anything.

Escalates to a human the moment it is unsure, rather than guessing confidently.

None of this is visible to the client, and all of it is why the thing keeps working in month nine.

See it: https://mulesoo.com/services/chatbot

#AIChatbot #Hospitality #Reservations",414,Grounded strictly in the client's real services and prices — it is forbidden from inventing anything.,TSI ASSISTANT,#00C8FF
2027-07-04,307,Sunday,44,BEHIND,TSI AI Booking Assistant,tsi,https://mulesoo.com/services/chatbot,live,Instagram,"Behind the build 🔧 TSI AI Booking Assistant

Grounded strictly in the client's real services and prices — it is forbidden from inventing anything.

The boring decisions are the ones that hold.

#AIChatbot #Hospitality #Reservations #CustomerService #MuleSoo",258,Grounded strictly in the client's real services and prices — it is forbidden from inventing anything.,TSI ASSISTANT,#00C8FF
2027-07-04,307,Sunday,44,BEHIND,TSI AI Booking Assistant,tsi,https://mulesoo.com/services/chatbot,live,Facebook,"A look behind TSI AI Booking Assistant:

Grounded strictly in the client's real services and prices — it is forbidden from inventing anything.

Escalates to a human the moment it is unsure, rather than guessing confidently.

We build the invisible parts properly. That is the whole difference between a demo and a system you can run a business on.",347,Grounded strictly in the client's real services and prices — it is forbidden from inventing anything.,TSI ASSISTANT,#00C8FF
2027-07-04,307,Sunday,44,BEHIND,TSI AI Booking Assistant,tsi,https://mulesoo.com/services/chatbot,live,TikTok,"Behind the build 🔧

TSI AI Booking Assistant: Grounded strictly in the client's real services and prices — it is forbidden from inventing anything.

The unglamorous decisions are the ones that save you in month nine.

mulesoo.com

#AIChatbot #Hospitality #Reservations #CustomerService #MuleSoo",295,Grounded strictly in the client's real services and prices — it is forbidden from inventing anything.,TSI ASSISTANT,#00C8FF
2027-07-04,307,Sunday,44,BEHIND,TSI AI Booking Assistant,tsi,https://mulesoo.com/services/chatbot,live,X,"TSI AI Booking Assistant — under the bonnet:

Grounded strictly in the client's real services and prices — it is forbidden from inventing anything.",147,Grounded strictly in the client's real services and prices — it is forbidden from inventing anything.,TSI ASSISTANT,#00C8FF
2027-07-05,308,Monday,44,OFFER,Sena — AI Front Desk Receptionist,sena,https://mulesoo.com/ai-automation,building,LinkedIn,"Run a hotel? This one is nearly ready — early partners welcome.

We building Sena — AI Front Desk Receptionist for exactly that — she checks live availability, quotes real rates and sends the payment link during the call.

Early partners get it first, at build pricing.

Tell us what your week looks like and we will tell you honestly whether software fixes it: mulesoo.com/contact

#VoiceAI #HotelTech #Sena",408,Run a hotel? This one is nearly ready — early partners welcome.,SENA · IN BUILD,#7B2FFF
2027-07-05,308,Monday,44,OFFER,Sena — AI Front Desk Receptionist,sena,https://mulesoo.com/ai-automation,building,Instagram,"Run a hotel? This one is nearly ready — early partners welcome. 🏨

We building Sena — AI Front Desk Receptionist to solve it — you get reception answered at 3am without a night shift.

Early partners get it first, at build pricing.

📩 mulesoo.com/contact
💬 wa.me/27688529333

#VoiceAI #HotelTech #Sena #Hospitality #MuleSoo",326,Run a hotel? This one is nearly ready — early partners welcome.,SENA · IN BUILD,#7B2FFF
2027-07-05,308,Monday,44,OFFER,Sena — AI Front Desk Receptionist,sena,https://mulesoo.com/ai-automation,building,Facebook,"Run a hotel? This one is nearly ready — early partners welcome.

That is precisely why Sena — AI Front Desk Receptionist exists — she checks live availability, quotes real rates and sends the payment link during the call.

Early partners get it first, at build pricing. Message us and we will tell you straight whether this is worth it for your business.

📩 mulesoo.com/contact  ·  💬 wa.me/27688529333",403,Run a hotel? This one is nearly ready — early partners welcome.,SENA · IN BUILD,#7B2FFF
2027-07-05,308,Monday,44,OFFER,Sena — AI Front Desk Receptionist,sena,https://mulesoo.com/ai-automation,building,TikTok,"Run a hotel? This one is nearly ready — early partners welcome. 🏨

We already building it once — Sena — AI Front Desk Receptionist.

Early partners get it first, at build pricing.

mulesoo.com

#VoiceAI #HotelTech #Sena #Hospitality #MuleSoo",242,Run a hotel? This one is nearly ready — early partners welcome.,SENA · IN BUILD,#7B2FFF
2027-07-05,308,Monday,44,OFFER,Sena — AI Front Desk Receptionist,sena,https://mulesoo.com/ai-automation,building,X,"Run a hotel? This one is nearly ready — early partners welcome.

We building Sena — AI Front Desk Receptionist for exactly this.

mulesoo.com/contact",149,Run a hotel? This one is nearly ready — early partners welcome.,SENA · IN BUILD,#7B2FFF
2027-07-06,309,Tuesday,45,SPOTLIGHT,Yewogen Derash (ወገን ደራሽ),yewogen,https://mulesoo.com/case-studies,building,LinkedIn,"🤝 Yewogen Derash (ወገን ደራሽ) — one of ours.

In one line: a crowdfunding platform where every campaign owner is identity-verified and no two campaigns share a wallet.

The part that matters — ID documents plus a live face capture plus a human admin review, before a campaign goes live.

What the owner ends up with: donors who can see who they are giving to.

Still in build — follow along: mulesoo.com

#Crowdfunding #Ethiopia #YewogenDerash",441,We building Yewogen Derash (ወገን ደራሽ).,YEWOGEN DERASH · IN BUILD,#00C8FF
2027-07-06,309,Tuesday,45,SPOTLIGHT,Yewogen Derash (ወገን ደራሽ),yewogen,https://mulesoo.com/case-studies,building,Instagram,"🤝 🤝 Yewogen Derash (ወገን ደራሽ) — one of ours.

A crowdfunding platform where every campaign owner is identity-verified and no two campaigns share a wallet.

✨ ID documents plus a live face capture plus a human admin review, before a campaign goes live
✅ donors who can see who they are giving to

Still in build — follow along: mulesoo.com

#Crowdfunding #Ethiopia #YewogenDerash #FinTech #MuleSoo",397,We building Yewogen Derash (ወገን ደራሽ).,YEWOGEN DERASH · IN BUILD,#00C8FF
2027-07-06,309,Tuesday,45,SPOTLIGHT,Yewogen Derash (ወገን ደራሽ),yewogen,https://mulesoo.com/case-studies,building,Facebook,"🤝 Yewogen Derash (ወገን ደራሽ) — one of ours.

It is a crowdfunding platform where every campaign owner is identity-verified and no two campaigns share a wallet.

The thing people notice first: ID documents plus a live face capture plus a human admin review, before a campaign goes live.

If you run a fundraising campaign and this sounds like your week — we should talk. mulesoo.com",380,We building Yewogen Derash (ወገን ደራሽ).,YEWOGEN DERASH · IN BUILD,#00C8FF
2027-07-06,309,Tuesday,45,SPOTLIGHT,Yewogen Derash (ወገን ደራሽ),yewogen,https://mulesoo.com/case-studies,building,TikTok,"POV: you run a fundraising campaign. 🤝

We building Yewogen Derash (ወገን ደራሽ).

It does one thing brilliantly: ID documents plus a live face capture plus a human admin review, before a campaign goes live.

Full build on mulesoo.com

#Crowdfunding #Ethiopia #YewogenDerash #FinTech #MuleSoo",289,We building Yewogen Derash (ወገን ደራሽ).,YEWOGEN DERASH · IN BUILD,#00C8FF
2027-07-06,309,Tuesday,45,SPOTLIGHT,Yewogen Derash (ወገን ደራሽ),yewogen,https://mulesoo.com/case-studies,building,X,"🤝 Yewogen Derash (ወገን ደራሽ) — one of ours. A crowdfunding platform where every campaign owner is identity-verified and no two campaigns share a wallet.

https://mulesoo.com/case-studies",185,We building Yewogen Derash (ወገን ደራሽ).,YEWOGEN DERASH · IN BUILD,#00C8FF
2027-07-07,310,Wednesday,45,PROBLEM,Pretoria Kidane Mihret Church Platform,church,https://mulesoo.com/portfolio,live,LinkedIn,"Congregations get their service times from a WhatsApp forward from 2019.

That was the brief behind Pretoria Kidane Mihret Church Platform.

We built it around one idea: Amharic treated as a first-class language, not a translation afterthought.

A bilingual Amharic and English home for a parish, with the whole site editable by the church itself.

See it: https://mulesoo.com/portfolio

#ChurchWebsite #Amharic #Bilingual",422,Congregations get their service times from a WhatsApp forward from 2019.,KIDANE MIHRET,#E8B84B
2027-07-07,310,Wednesday,45,PROBLEM,Pretoria Kidane Mihret Church Platform,church,https://mulesoo.com/portfolio,live,Instagram,"Congregations get their service times from a WhatsApp forward from 2019. 😮‍💨

So we built Pretoria Kidane Mihret Church Platform.

Amharic treated as a first-class language, not a translation afterthought.

See it: https://mulesoo.com/portfolio

#ChurchWebsite #Amharic #Bilingual #Pretoria #MuleSoo",301,Congregations get their service times from a WhatsApp forward from 2019.,KIDANE MIHRET,#E8B84B
2027-07-07,310,Wednesday,45,PROBLEM,Pretoria Kidane Mihret Church Platform,church,https://mulesoo.com/portfolio,live,Facebook,"Congregations get their service times from a WhatsApp forward from 2019.

Every church or community organisation we have spoken to says a version of that sentence.

Pretoria Kidane Mihret Church Platform exists to end it — Amharic treated as a first-class language, not a translation afterthought.

See it: https://mulesoo.com/portfolio",336,Congregations get their service times from a WhatsApp forward from 2019.,KIDANE MIHRET,#E8B84B
2027-07-07,310,Wednesday,45,PROBLEM,Pretoria Kidane Mihret Church Platform,church,https://mulesoo.com/portfolio,live,TikTok,"Tell me you run a church or community organisation without telling me. 👇

""Congregations get their service times from a WhatsApp forward from 2019.""

That is why we built Pretoria Kidane Mihret Church Platform — Amharic treated as a first-class language, not a translation afterthought.

mulesoo.com

#ChurchWebsite #Amharic #Bilingual #Pretoria #MuleSoo",355,Congregations get their service times from a WhatsApp forward from 2019.,KIDANE MIHRET,#E8B84B
2027-07-07,310,Wednesday,45,PROBLEM,Pretoria Kidane Mihret Church Platform,church,https://mulesoo.com/portfolio,live,X,"Congregations get their service times from a WhatsApp forward from 2019.

So we built Pretoria Kidane Mihret Church Platform.

https://mulesoo.com/portfolio",156,Congregations get their service times from a WhatsApp forward from 2019.,KIDANE MIHRET,#E8B84B
2027-07-08,311,Thursday,45,FUNNY,DR. Hospital — AI Clinic System,drhospital,https://mulesoo.com/case-studies,building,LinkedIn,"Health data means the security review comes before the colour palette. Genuinely.

Behind the joke there is a real system: DR. Hospital — AI Clinic System — a clinic and hospital management system with AI intake — currently in active development.

Humour is just the shortest way to describe a problem everyone running a clinic already has.

Still in build — follow along: mulesoo.com

#HealthTech #ClinicSoftware #AIIntake",423,Health data means the security review comes before the colour palette. Genuinely.,DR. HOSPITAL · IN BUILD,#00FF88
2027-07-08,311,Thursday,45,FUNNY,DR. Hospital — AI Clinic System,drhospital,https://mulesoo.com/case-studies,building,Instagram,"Health data means the security review comes before the colour palette. Genuinely. 😂

(DR. Hospital — AI Clinic System. Yes, it is real.)

Still in build — follow along: mulesoo.com

#HealthTech #ClinicSoftware #AIIntake #POPIA #MuleSoo",236,Health data means the security review comes before the colour palette. Genuinely.,DR. HOSPITAL · IN BUILD,#00FF88
2027-07-08,311,Thursday,45,FUNNY,DR. Hospital — AI Clinic System,drhospital,https://mulesoo.com/case-studies,building,Facebook,"Health data means the security review comes before the colour palette. Genuinely.

True story from building DR. Hospital — AI Clinic System — a clinic and hospital management system with AI intake — currently in active development.

We are building it properly rather than quickly, which in healthcare is the only acceptable order.

Still in build — follow along: mulesoo.com",375,Health data means the security review comes before the colour palette. Genuinely.,DR. HOSPITAL · IN BUILD,#00FF88
2027-07-08,311,Thursday,45,FUNNY,DR. Hospital — AI Clinic System,drhospital,https://mulesoo.com/case-studies,building,TikTok,"Health data means the security review comes before the colour palette. Genuinely. 💀

Not a joke though — DR. Hospital — AI Clinic System actually does this.

We are building it properly rather than quickly, which in healthcare is the only acceptable order.

mulesoo.com

#HealthTech #ClinicSoftware #AIIntake #POPIA #MuleSoo",325,Health data means the security review comes before the colour palette. Genuinely.,DR. HOSPITAL · IN BUILD,#00FF88
2027-07-08,311,Thursday,45,FUNNY,DR. Hospital — AI Clinic System,drhospital,https://mulesoo.com/case-studies,building,X,"Health data means the security review comes before the colour palette. Genuinely.

— from building DR. Hospital",111,Health data means the security review comes before the colour palette. Genuinely.,DR. HOSPITAL · IN BUILD,#00FF88
2027-07-09,312,Friday,45,HOWTO,MuleSoo Guides & Digital Store,guides,https://mulesoo.com/store,live,LinkedIn,"Something MuleSoo Guides & Digital Store taught us:

Price for volume in your own market, not for a currency your buyers do not earn in.

Two more from the same build:

• One guide sells the next. Build a shelf, not a bestseller.
• Digital products are the only part of an agency that earns while you sleep.

All three are in the live product, not in a slide deck. See it: https://mulesoo.com/store

#DigitalProducts #ClaudeCode #LearnToBuild",442,"Price for volume in your own market, not for a currency your buyers do not earn in.",MULESOO STORE,#E8B84B
2027-07-09,312,Friday,45,HOWTO,MuleSoo Guides & Digital Store,guides,https://mulesoo.com/store,live,Instagram,"Lesson from building MuleSoo Guides & Digital Store 📘

📌 Price for volume in your own market, not for a currency your buyers do not earn in.

Save this one — it applies far beyond this one project.

#DigitalProducts #ClaudeCode #LearnToBuild #PassiveIncome #MuleSoo",267,"Price for volume in your own market, not for a currency your buyers do not earn in.",MULESOO STORE,#E8B84B
2027-07-09,312,Friday,45,HOWTO,MuleSoo Guides & Digital Store,guides,https://mulesoo.com/store,live,Facebook,"A free lesson from building MuleSoo Guides & Digital Store:

Price for volume in your own market, not for a currency your buyers do not earn in.

It sounds small. It is the difference between a system that works and one that quietly loses you money.

More of how we build: mulesoo.com",284,"Price for volume in your own market, not for a currency your buyers do not earn in.",MULESOO STORE,#E8B84B
2027-07-09,312,Friday,45,HOWTO,MuleSoo Guides & Digital Store,guides,https://mulesoo.com/store,live,TikTok,"Free game from a real build 🧠

Price for volume in your own market, not for a currency your buyers do not earn in.

Learned it building MuleSoo Guides & Digital Store.

mulesoo.com

#DigitalProducts #ClaudeCode #LearnToBuild #PassiveIncome #MuleSoo",249,"Price for volume in your own market, not for a currency your buyers do not earn in.",MULESOO STORE,#E8B84B
2027-07-09,312,Friday,45,HOWTO,MuleSoo Guides & Digital Store,guides,https://mulesoo.com/store,live,X,"Price for volume in your own market, not for a currency your buyers do not earn in.

— learned building MuleSoo Guides & Digital Store",134,"Price for volume in your own market, not for a currency your buyers do not earn in.",MULESOO STORE,#E8B84B
2027-07-10,313,Saturday,45,PROOF,MuleSoo Digital Services,mulesoo,https://mulesoo.com,live,LinkedIn,"What MuleSoo Digital Services actually does — not adjectives, features:

• lead capture with instant email + WhatsApp alerts on every enquiry
• a Stripe store that takes card payments for digital products
• one secure command centre: leads, bookings, content, pricing, payments

Live now. See it: https://mulesoo.com

No invented statistics on this page. Open it and check for yourself.

#MuleSoo #WebDesignPretoria #AIforBusiness",430,Lead capture with instant email + WhatsApp alerts on every enquiry.,MULESOO PLATFORM,#00C8FF
2027-07-10,313,Saturday,45,PROOF,MuleSoo Digital Services,mulesoo,https://mulesoo.com,live,Instagram,"🛠️ MuleSoo Digital Services — what you actually get:

✅ lead capture with instant email + WhatsApp alerts on every enquiry
✅ a Stripe store that takes card payments for digital products
✅ one secure command centre: leads, bookings, content, pricing, payments

Live now.

See it: https://mulesoo.com

#MuleSoo #WebDesignPretoria #AIforBusiness #SouthAfricaTech #NextJS",368,Lead capture with instant email + WhatsApp alerts on every enquiry.,MULESOO PLATFORM,#00C8FF
2027-07-10,313,Saturday,45,PROOF,MuleSoo Digital Services,mulesoo,https://mulesoo.com,live,Facebook,"People ask what ""MuleSoo Digital Services"" really means. Plainly:

✅ lead capture with instant email + WhatsApp alerts on every enquiry
✅ a Stripe store that takes card payments for digital products
✅ one secure command centre: leads, bookings, content, pricing, payments

Live now. See it: https://mulesoo.com",310,Lead capture with instant email + WhatsApp alerts on every enquiry.,MULESOO PLATFORM,#00C8FF
2027-07-10,313,Saturday,45,PROOF,MuleSoo Digital Services,mulesoo,https://mulesoo.com,live,TikTok,"Three things MuleSoo Digital Services does that a normal service business setup cannot 👇

1. lead capture with instant email + WhatsApp alerts on every enquiry
2. a Stripe store that takes card payments for digital products
3. one secure command centre: leads, bookings, content, pricing, payments

Live now.

mulesoo.com

#MuleSoo #WebDesignPretoria #AIforBusiness #SouthAfricaTech #NextJS",391,Lead capture with instant email + WhatsApp alerts on every enquiry.,MULESOO PLATFORM,#00C8FF
2027-07-10,313,Saturday,45,PROOF,MuleSoo Digital Services,mulesoo,https://mulesoo.com,live,X,"MuleSoo Digital Services:
• lead capture with instant email + WhatsApp alerts on every enquiry
• a Stripe store that takes card payments for digital products

https://mulesoo.com",178,Lead capture with instant email + WhatsApp alerts on every enquiry.,MULESOO PLATFORM,#00C8FF
2027-07-11,314,Sunday,45,BEHIND,Habesha Celebration Events,habesha,https://habeshaeventsplanner.netlify.app,live,LinkedIn,"Under the bonnet of Habesha Celebration Events:

React and Framer Motion on Netlify — the animation budget went entirely into the gallery.

Every image is sized for a phone first; the desktop version is the afterthought, deliberately.

None of this is visible to the client, and all of it is why the thing keeps working in month nine.

See it: https://habeshaeventsplanner.netlify.app

#HabeshaEvents #EthiopianWedding #EventPlanner",432,React and Framer Motion on Netlify — the animation budget went entirely into the gallery.,HABESHA EVENTS,#7B2FFF
2027-07-11,314,Sunday,45,BEHIND,Habesha Celebration Events,habesha,https://habeshaeventsplanner.netlify.app,live,Instagram,"Behind the build 🔧 Habesha Celebration Events

React and Framer Motion on Netlify — the animation budget went entirely into the gallery.

The boring decisions are the ones that hold.

#HabeshaEvents #EthiopianWedding #EventPlanner #WeddingSA #MuleSoo",251,React and Framer Motion on Netlify — the animation budget went entirely into the gallery.,HABESHA EVENTS,#7B2FFF
2027-07-11,314,Sunday,45,BEHIND,Habesha Celebration Events,habesha,https://habeshaeventsplanner.netlify.app,live,Facebook,"A look behind Habesha Celebration Events:

React and Framer Motion on Netlify — the animation budget went entirely into the gallery.

Every image is sized for a phone first; the desktop version is the afterthought, deliberately.

We build the invisible parts properly. That is the whole difference between a demo and a system you can run a business on.",352,React and Framer Motion on Netlify — the animation budget went entirely into the gallery.,HABESHA EVENTS,#7B2FFF
2027-07-11,314,Sunday,45,BEHIND,Habesha Celebration Events,habesha,https://habeshaeventsplanner.netlify.app,live,TikTok,"Behind the build 🔧

Habesha Celebration Events: React and Framer Motion on Netlify — the animation budget went entirely into the gallery.

The unglamorous decisions are the ones that save you in month nine.

mulesoo.com

#HabeshaEvents #EthiopianWedding #EventPlanner #WeddingSA #MuleSoo",288,React and Framer Motion on Netlify — the animation budget went entirely into the gallery.,HABESHA EVENTS,#7B2FFF
2027-07-11,314,Sunday,45,BEHIND,Habesha Celebration Events,habesha,https://habeshaeventsplanner.netlify.app,live,X,"Habesha Celebration Events — under the bonnet:

React and Framer Motion on Netlify — the animation budget went entirely into the gallery.",137,React and Framer Motion on Netlify — the animation budget went entirely into the gallery.,HABESHA EVENTS,#7B2FFF
2027-07-12,315,Monday,45,OFFER,YoYo Gym — AI Membership Platform,yoyogym,https://yoyogym.vercel.app,live,LinkedIn,"Running a gym off a register book and a good memory?

We built YoYo Gym — AI Membership Platform for exactly that — QR check-in, so the front desk becomes a scanner instead of a bottleneck.

Same system, your brand, your sector.

Tell us what your week looks like and we will tell you honestly whether software fixes it: mulesoo.com/contact

#GymSoftware #FitnessBusiness #YoYoGym",380,Running a gym off a register book and a good memory?,YOYO GYM,#00FF88
2027-07-12,315,Monday,45,OFFER,YoYo Gym — AI Membership Platform,yoyogym,https://yoyogym.vercel.app,live,Instagram,"Running a gym off a register book and a good memory? 🏋️

We built YoYo Gym — AI Membership Platform to solve it — you get members, plans and payments in one place instead of three books.

Same system, your brand, your sector.

📩 mulesoo.com/contact
💬 wa.me/27688529333

#GymSoftware #FitnessBusiness #YoYoGym #MembershipSystem #MuleSoo",338,Running a gym off a register book and a good memory?,YOYO GYM,#00FF88
2027-07-12,315,Monday,45,OFFER,YoYo Gym — AI Membership Platform,yoyogym,https://yoyogym.vercel.app,live,Facebook,"Running a gym off a register book and a good memory?

That is precisely why YoYo Gym — AI Membership Platform exists — QR check-in, so the front desk becomes a scanner instead of a bottleneck.

Same system, your brand, your sector. Message us and we will tell you straight whether this is worth it for your business.

📩 mulesoo.com/contact  ·  💬 wa.me/27688529333",365,Running a gym off a register book and a good memory?,YOYO GYM,#00FF88
2027-07-12,315,Monday,45,OFFER,YoYo Gym — AI Membership Platform,yoyogym,https://yoyogym.vercel.app,live,TikTok,"Running a gym off a register book and a good memory? 🏋️

We already built it once — YoYo Gym — AI Membership Platform.

Same system, your brand, your sector.

mulesoo.com

#GymSoftware #FitnessBusiness #YoYoGym #MembershipSystem #MuleSoo",238,Running a gym off a register book and a good memory?,YOYO GYM,#00FF88
2027-07-12,315,Monday,45,OFFER,YoYo Gym — AI Membership Platform,yoyogym,https://yoyogym.vercel.app,live,X,"Running a gym off a register book and a good memory?

We built YoYo Gym — AI Membership Platform for exactly this.

mulesoo.com/contact",135,Running a gym off a register book and a good memory?,YOYO GYM,#00FF88
2027-07-13,316,Tuesday,46,SPOTLIGHT,X-Boss Photography Studio,xboss,https://xbossphotography.vercel.app,live,LinkedIn,"📸 X-Boss Photography Studio — one of ours.

In one line: a dark-luxury booking system with an AI assistant, an admin dashboard and signable PDF confirmations.

The part that matters — a guided booking assistant with live date and time pickers, review and edit before confirming.

What the owner ends up with: bookings taken while you are behind the camera.

See it: https://xbossphotography.vercel.app

#PhotographyBusiness #StudioBooking #XBoss",446,We built X-Boss Photography Studio.,X-BOSS PHOTOGRAPHY,#E8B84B
2027-07-13,316,Tuesday,46,SPOTLIGHT,X-Boss Photography Studio,xboss,https://xbossphotography.vercel.app,live,Instagram,"📸 📸 X-Boss Photography Studio — one of ours.

A dark-luxury booking system with an AI assistant, an admin dashboard and signable PDF confirmations.

✨ a guided booking assistant with live date and time pickers, review and edit before confirming
✅ bookings taken while you are behind the camera

See it: https://xbossphotography.vercel.app

#PhotographyBusiness #StudioBooking #XBoss #BookingSystem #MuleSoo",408,We built X-Boss Photography Studio.,X-BOSS PHOTOGRAPHY,#E8B84B
2027-07-13,316,Tuesday,46,SPOTLIGHT,X-Boss Photography Studio,xboss,https://xbossphotography.vercel.app,live,Facebook,"📸 X-Boss Photography Studio — one of ours.

It is a dark-luxury booking system with an AI assistant, an admin dashboard and signable PDF confirmations.

The thing people notice first: a guided booking assistant with live date and time pickers, review and edit before confirming.

If you run a photography studio and this sounds like your week — we should talk. mulesoo.com",373,We built X-Boss Photography Studio.,X-BOSS PHOTOGRAPHY,#E8B84B
2027-07-13,316,Tuesday,46,SPOTLIGHT,X-Boss Photography Studio,xboss,https://xbossphotography.vercel.app,live,TikTok,"POV: you run a photography studio. 📸

We built X-Boss Photography Studio.

It does one thing brilliantly: a guided booking assistant with live date and time pickers, review and edit before confirming.

Full build on mulesoo.com

#PhotographyBusiness #StudioBooking #XBoss #BookingSystem #MuleSoo",296,We built X-Boss Photography Studio.,X-BOSS PHOTOGRAPHY,#E8B84B
2027-07-13,316,Tuesday,46,SPOTLIGHT,X-Boss Photography Studio,xboss,https://xbossphotography.vercel.app,live,X,"📸 X-Boss Photography Studio — one of ours. A dark-luxury booking system with an AI assistant, an admin dashboard and signable PDF confirmations.

https://xbossphotography.vercel.app",182,We built X-Boss Photography Studio.,X-BOSS PHOTOGRAPHY,#E8B84B
2027-07-14,317,Wednesday,46,PROBLEM,Shime Events & Planning,shime,https://shimeeventplaning.vercel.app,live,LinkedIn,"Half your clients think in Amharic and your booking form only speaks English. That is half your market.

That was the brief behind Shime Events & Planning.

We built it around one idea: a full booking flow in English and Amharic, neither one an afterthought.

A bilingual booking assistant that walks a client through seventeen steps and ends with a signed PDF contract.

See it: https://shimeeventplaning.vercel.app

#EventPlanning #ShimeEvents #BilingualWeb",459,Half your clients think in Amharic and your booking form only speaks English. That is half your market.,SHIME EVENTS,#E8B84B
2027-07-14,317,Wednesday,46,PROBLEM,Shime Events & Planning,shime,https://shimeeventplaning.vercel.app,live,Instagram,"Half your clients think in Amharic and your booking form only speaks English. That is half your market. 😮‍💨

So we built Shime Events & Planning.

A full booking flow in English and Amharic, neither one an afterthought.

See it: https://shimeeventplaning.vercel.app

#EventPlanning #ShimeEvents #BilingualWeb #Amharic #MuleSoo",328,Half your clients think in Amharic and your booking form only speaks English. That is half your market.,SHIME EVENTS,#E8B84B
2027-07-14,317,Wednesday,46,PROBLEM,Shime Events & Planning,shime,https://shimeeventplaning.vercel.app,live,Facebook,"Half your clients think in Amharic and your booking form only speaks English. That is half your market.

Every event planning business we have spoken to says a version of that sentence.

Shime Events & Planning exists to end it — a full booking flow in English and Amharic, neither one an afterthought.

See it: https://shimeeventplaning.vercel.app",348,Half your clients think in Amharic and your booking form only speaks English. That is half your market.,SHIME EVENTS,#E8B84B
2027-07-14,317,Wednesday,46,PROBLEM,Shime Events & Planning,shime,https://shimeeventplaning.vercel.app,live,TikTok,"Tell me you run an event planning business without telling me. 👇

""Half your clients think in Amharic and your booking form only speaks English. That is half your market.""

That is why we built Shime Events & Planning — a full booking flow in English and Amharic, neither one an afterthought.

mulesoo.com

#EventPlanning #ShimeEvents #BilingualWeb #Amharic #MuleSoo",367,Half your clients think in Amharic and your booking form only speaks English. That is half your market.,SHIME EVENTS,#E8B84B
2027-07-14,317,Wednesday,46,PROBLEM,Shime Events & Planning,shime,https://shimeeventplaning.vercel.app,live,X,"Half your clients think in Amharic and your booking form only speaks English. That is half your market.

So we built Shime Events & Planning.

https://shimeeventplaning.vercel.app",179,Half your clients think in Amharic and your booking form only speaks English. That is half your market.,SHIME EVENTS,#E8B84B
2027-07-15,318,Thursday,46,FUNNY,Tsedi Catering & Events,tsedi,https://tsedicatering.vercel.app,live,LinkedIn,"It asks about dietary requirements before the deposit, which is more than most caterers manage.

Behind the joke there is a real system: Tsedi Catering & Events — a QR code that opens a personal booking assistant — no website, no app, no forms to chase.

Humour is just the shortest way to describe a problem everyone running a catering business already has.

See it: https://tsedicatering.vercel.app

#CateringBusiness #QRBooking #TsediCatering",445,"It asks about dietary requirements before the deposit, which is more than most caterers manage.",TSEDI CATERING,#E8B84B
2027-07-15,318,Thursday,46,FUNNY,Tsedi Catering & Events,tsedi,https://tsedicatering.vercel.app,live,Instagram,"It asks about dietary requirements before the deposit, which is more than most caterers manage. 😂

(Tsedi Catering & Events. Yes, it is real.)

See it: https://tsedicatering.vercel.app

#CateringBusiness #QRBooking #TsediCatering #AIAssistant #MuleSoo",252,"It asks about dietary requirements before the deposit, which is more than most caterers manage.",TSEDI CATERING,#E8B84B
2027-07-15,318,Thursday,46,FUNNY,Tsedi Catering & Events,tsedi,https://tsedicatering.vercel.app,live,Facebook,"It asks about dietary requirements before the deposit, which is more than most caterers manage.

True story from building Tsedi Catering & Events — a QR code that opens a personal booking assistant — no website, no app, no forms to chase.

Tsedi has no website. It has a QR code with a better work ethic than most websites.

See it: https://tsedicatering.vercel.app",365,"It asks about dietary requirements before the deposit, which is more than most caterers manage.",TSEDI CATERING,#E8B84B
2027-07-15,318,Thursday,46,FUNNY,Tsedi Catering & Events,tsedi,https://tsedicatering.vercel.app,live,TikTok,"It asks about dietary requirements before the deposit, which is more than most caterers manage. 💀

Not a joke though — Tsedi Catering & Events actually does this.

Tsedi has no website. It has a QR code with a better work ethic than most websites.

mulesoo.com

#CateringBusiness #QRBooking #TsediCatering #AIAssistant #MuleSoo",328,"It asks about dietary requirements before the deposit, which is more than most caterers manage.",TSEDI CATERING,#E8B84B
2027-07-15,318,Thursday,46,FUNNY,Tsedi Catering & Events,tsedi,https://tsedicatering.vercel.app,live,X,"It asks about dietary requirements before the deposit, which is more than most caterers manage.

— from building Tsedi Catering & Events",136,"It asks about dietary requirements before the deposit, which is more than most caterers manage.",TSEDI CATERING,#E8B84B
2027-07-16,319,Friday,46,HOWTO,TSI AI Booking Assistant,tsi,https://mulesoo.com/services/chatbot,live,LinkedIn,"Something TSI AI Booking Assistant taught us:

Give it a clear escalation rule. ""I do not know, here is a human"" is a feature, not a failure.

Two more from the same build:

• Log every conversation. Your FAQ page should be written from what people actually ask.
• Always capture contact details before answering the deep question — that is the whole lead.

All three are in the live product, not in a slide deck. See it: https://mulesoo.com/services/chatbot

#AIChatbot #Hospitality #Reservations",497,"Give it a clear escalation rule. ""I do not know, here is a human"" is a feature, not a failure.",TSI ASSISTANT,#00C8FF
2027-07-16,319,Friday,46,HOWTO,TSI AI Booking Assistant,tsi,https://mulesoo.com/services/chatbot,live,Instagram,"Lesson from building TSI AI Booking Assistant 🤖

📌 Give it a clear escalation rule. ""I do not know, here is a human"" is a feature, not a failure.

Save this one — it applies far beyond this one project.

#AIChatbot #Hospitality #Reservations #CustomerService #MuleSoo",269,"Give it a clear escalation rule. ""I do not know, here is a human"" is a feature, not a failure.",TSI ASSISTANT,#00C8FF
2027-07-16,319,Friday,46,HOWTO,TSI AI Booking Assistant,tsi,https://mulesoo.com/services/chatbot,live,Facebook,"A free lesson from building TSI AI Booking Assistant:

Give it a clear escalation rule. ""I do not know, here is a human"" is a feature, not a failure.

It sounds small. It is the difference between a system that works and one that quietly loses you money.

More of how we build: mulesoo.com",289,"Give it a clear escalation rule. ""I do not know, here is a human"" is a feature, not a failure.",TSI ASSISTANT,#00C8FF
2027-07-16,319,Friday,46,HOWTO,TSI AI Booking Assistant,tsi,https://mulesoo.com/services/chatbot,live,TikTok,"Free game from a real build 🧠

Give it a clear escalation rule. ""I do not know, here is a human"" is a feature, not a failure.

Learned it building TSI AI Booking Assistant.

mulesoo.com

#AIChatbot #Hospitality #Reservations #CustomerService #MuleSoo",251,"Give it a clear escalation rule. ""I do not know, here is a human"" is a feature, not a failure.",TSI ASSISTANT,#00C8FF
2027-07-16,319,Friday,46,HOWTO,TSI AI Booking Assistant,tsi,https://mulesoo.com/services/chatbot,live,X,"Give it a clear escalation rule. ""I do not know, here is a human"" is a feature, not a failure.

— learned building TSI AI Booking Assistant",139,"Give it a clear escalation rule. ""I do not know, here is a human"" is a feature, not a failure.",TSI ASSISTANT,#00C8FF
2027-07-17,320,Saturday,46,PROOF,Sena — AI Front Desk Receptionist,sena,https://mulesoo.com/ai-automation,building,LinkedIn,"What Sena — AI Front Desk Receptionist actually does — not adjectives, features:

• reception answered at 3am without a night shift
• payment collected during the call, not chased afterwards
• a single-use QR guest ID scanned at the door

In active build — nothing here is launched yet. Still in build — follow along: mulesoo.com

No invented statistics on this page. Open it and check for yourself.

#VoiceAI #HotelTech #Sena",426,Reception answered at 3am without a night shift.,SENA · IN BUILD,#7B2FFF
2027-07-17,320,Saturday,46,PROOF,Sena — AI Front Desk Receptionist,sena,https://mulesoo.com/ai-automation,building,Instagram,"🏨 Sena — AI Front Desk Receptionist — what you actually get:

✅ reception answered at 3am without a night shift
✅ payment collected during the call, not chased afterwards
✅ a single-use QR guest ID scanned at the door

In active build — nothing here is launched yet.

Still in build — follow along: mulesoo.com

#VoiceAI #HotelTech #Sena #Hospitality #MuleSoo",360,Reception answered at 3am without a night shift.,SENA · IN BUILD,#7B2FFF
2027-07-17,320,Saturday,46,PROOF,Sena — AI Front Desk Receptionist,sena,https://mulesoo.com/ai-automation,building,Facebook,"People ask what ""Sena — AI Front Desk Receptionist"" really means. Plainly:

✅ reception answered at 3am without a night shift
✅ payment collected during the call, not chased afterwards
✅ a single-use QR guest ID scanned at the door

In active build — nothing here is launched yet. Still in build — follow along: mulesoo.com",323,Reception answered at 3am without a night shift.,SENA · IN BUILD,#7B2FFF
2027-07-17,320,Saturday,46,PROOF,Sena — AI Front Desk Receptionist,sena,https://mulesoo.com/ai-automation,building,TikTok,"Three things Sena — AI Front Desk Receptionist does that a normal hotel setup cannot 👇

1. reception answered at 3am without a night shift
2. payment collected during the call, not chased afterwards
3. a single-use QR guest ID scanned at the door

In active build — nothing here is launched yet.

mulesoo.com

#VoiceAI #HotelTech #Sena #Hospitality #MuleSoo",358,Reception answered at 3am without a night shift.,SENA · IN BUILD,#7B2FFF
2027-07-17,320,Saturday,46,PROOF,Sena — AI Front Desk Receptionist,sena,https://mulesoo.com/ai-automation,building,X,"Sena — AI Front Desk Receptionist:
• reception answered at 3am without a night shift
• payment collected during the call, not chased afterwards

https://mulesoo.com/ai-automation",178,Reception answered at 3am without a night shift.,SENA · IN BUILD,#7B2FFF
2027-07-18,321,Sunday,46,BEHIND,Yewogen Derash (ወገን ደራሽ),yewogen,https://mulesoo.com/case-studies,building,LinkedIn,"Under the bonnet of Yewogen Derash (ወገን ደራሽ):

Next.js and Prisma over Supabase Postgres, with Auth.js RBAC for donor, owner and admin.

Chapa handles payment and nothing is trusted until its webhook is verified server-side.

None of this is visible to the client, and all of it is why the thing keeps working in month nine.

Still in build — follow along: mulesoo.com

#Crowdfunding #Ethiopia #YewogenDerash",408,"Next.js and Prisma over Supabase Postgres, with Auth.js RBAC for donor, owner and admin.",YEWOGEN DERASH · IN BUILD,#00C8FF
2027-07-18,321,Sunday,46,BEHIND,Yewogen Derash (ወገን ደራሽ),yewogen,https://mulesoo.com/case-studies,building,Instagram,"Behind the build 🔧 Yewogen Derash (ወገን ደራሽ)

Next.js and Prisma over Supabase Postgres, with Auth.js RBAC for donor, owner and admin.

The boring decisions are the ones that hold.

#Crowdfunding #Ethiopia #YewogenDerash #FinTech #MuleSoo",238,"Next.js and Prisma over Supabase Postgres, with Auth.js RBAC for donor, owner and admin.",YEWOGEN DERASH · IN BUILD,#00C8FF
2027-07-18,321,Sunday,46,BEHIND,Yewogen Derash (ወገን ደራሽ),yewogen,https://mulesoo.com/case-studies,building,Facebook,"A look behind Yewogen Derash (ወገን ደራሽ):

Next.js and Prisma over Supabase Postgres, with Auth.js RBAC for donor, owner and admin.

Chapa handles payment and nothing is trusted until its webhook is verified server-side.

We build the invisible parts properly. That is the whole difference between a demo and a system you can run a business on.",342,"Next.js and Prisma over Supabase Postgres, with Auth.js RBAC for donor, owner and admin.",YEWOGEN DERASH · IN BUILD,#00C8FF
2027-07-18,321,Sunday,46,BEHIND,Yewogen Derash (ወገን ደራሽ),yewogen,https://mulesoo.com/case-studies,building,TikTok,"Behind the build 🔧

Yewogen Derash (ወገን ደራሽ): Next.js and Prisma over Supabase Postgres, with Auth.js RBAC for donor, owner and admin.

The unglamorous decisions are the ones that save you in month nine.

mulesoo.com

#Crowdfunding #Ethiopia #YewogenDerash #FinTech #MuleSoo",275,"Next.js and Prisma over Supabase Postgres, with Auth.js RBAC for donor, owner and admin.",YEWOGEN DERASH · IN BUILD,#00C8FF
2027-07-18,321,Sunday,46,BEHIND,Yewogen Derash (ወገን ደራሽ),yewogen,https://mulesoo.com/case-studies,building,X,"Yewogen Derash — under the bonnet:

Next.js and Prisma over Supabase Postgres, with Auth.js RBAC for donor, owner and admin.",124,"Next.js and Prisma over Supabase Postgres, with Auth.js RBAC for donor, owner and admin.",YEWOGEN DERASH · IN BUILD,#00C8FF
2027-07-19,322,Monday,46,OFFER,Pretoria Kidane Mihret Church Platform,church,https://mulesoo.com/portfolio,live,LinkedIn,"Does your organisation need to speak two languages properly?

We built Pretoria Kidane Mihret Church Platform for exactly that — service times, priest, address and contact all editable from an admin panel, no code touched.

Same system, your brand, your sector.

Tell us what your week looks like and we will tell you honestly whether software fixes it: mulesoo.com/contact

#ChurchWebsite #Amharic #Bilingual",409,Does your organisation need to speak two languages properly?,KIDANE MIHRET,#E8B84B
2027-07-19,322,Monday,46,OFFER,Pretoria Kidane Mihret Church Platform,church,https://mulesoo.com/portfolio,live,Instagram,"Does your organisation need to speak two languages properly? ⛪

We built Pretoria Kidane Mihret Church Platform to solve it — you get one accurate place for service times, in both languages.

Same system, your brand, your sector.

📩 mulesoo.com/contact
💬 wa.me/27688529333

#ChurchWebsite #Amharic #Bilingual #Pretoria #MuleSoo",329,Does your organisation need to speak two languages properly?,KIDANE MIHRET,#E8B84B
2027-07-19,322,Monday,46,OFFER,Pretoria Kidane Mihret Church Platform,church,https://mulesoo.com/portfolio,live,Facebook,"Does your organisation need to speak two languages properly?

That is precisely why Pretoria Kidane Mihret Church Platform exists — service times, priest, address and contact all editable from an admin panel, no code touched.

Same system, your brand, your sector. Message us and we will tell you straight whether this is worth it for your business.

📩 mulesoo.com/contact  ·  💬 wa.me/27688529333",398,Does your organisation need to speak two languages properly?,KIDANE MIHRET,#E8B84B
2027-07-19,322,Monday,46,OFFER,Pretoria Kidane Mihret Church Platform,church,https://mulesoo.com/portfolio,live,TikTok,"Does your organisation need to speak two languages properly? ⛪

We already built it once — Pretoria Kidane Mihret Church Platform.

Same system, your brand, your sector.

mulesoo.com

#ChurchWebsite #Amharic #Bilingual #Pretoria #MuleSoo",237,Does your organisation need to speak two languages properly?,KIDANE MIHRET,#E8B84B
2027-07-19,322,Monday,46,OFFER,Pretoria Kidane Mihret Church Platform,church,https://mulesoo.com/portfolio,live,X,"Does your organisation need to speak two languages properly?

We built Pretoria Kidane Mihret Church Platform for exactly this.

mulesoo.com/contact",148,Does your organisation need to speak two languages properly?,KIDANE MIHRET,#E8B84B
2027-07-20,323,Tuesday,47,SPOTLIGHT,DR. Hospital — AI Clinic System,drhospital,https://mulesoo.com/case-studies,building,LinkedIn,"🩺 DR. Hospital — AI Clinic System — one of ours.

In one line: a clinic and hospital management system with AI intake — currently in active development.

The part that matters — AI intake that collects the routine details before the patient reaches the desk.

What the owner ends up with: reception freed from the phone during consulting hours.

Still in build — follow along: mulesoo.com

#HealthTech #ClinicSoftware #AIIntake",428,We building DR. Hospital — AI Clinic System.,DR. HOSPITAL · IN BUILD,#00FF88
2027-07-20,323,Tuesday,47,SPOTLIGHT,DR. Hospital — AI Clinic System,drhospital,https://mulesoo.com/case-studies,building,Instagram,"🩺 🩺 DR. Hospital — AI Clinic System — one of ours.

A clinic and hospital management system with AI intake — currently in active development.

✨ AI intake that collects the routine details before the patient reaches the desk
✅ reception freed from the phone during consulting hours

Still in build — follow along: mulesoo.com

#HealthTech #ClinicSoftware #AIIntake #POPIA #MuleSoo",382,We building DR. Hospital — AI Clinic System.,DR. HOSPITAL · IN BUILD,#00FF88
2027-07-20,323,Tuesday,47,SPOTLIGHT,DR. Hospital — AI Clinic System,drhospital,https://mulesoo.com/case-studies,building,Facebook,"🩺 DR. Hospital — AI Clinic System — one of ours.

It is a clinic and hospital management system with AI intake — currently in active development.

The thing people notice first: AI intake that collects the routine details before the patient reaches the desk.

If you run a clinic and this sounds like your week — we should talk. mulesoo.com",341,We building DR. Hospital — AI Clinic System.,DR. HOSPITAL · IN BUILD,#00FF88
2027-07-20,323,Tuesday,47,SPOTLIGHT,DR. Hospital — AI Clinic System,drhospital,https://mulesoo.com/case-studies,building,TikTok,"POV: you run a clinic. 🩺

We building DR. Hospital — AI Clinic System.

It does one thing brilliantly: AI intake that collects the routine details before the patient reaches the desk.

Full build on mulesoo.com

#HealthTech #ClinicSoftware #AIIntake #POPIA #MuleSoo",266,We building DR. Hospital — AI Clinic System.,DR. HOSPITAL · IN BUILD,#00FF88
2027-07-20,323,Tuesday,47,SPOTLIGHT,DR. Hospital — AI Clinic System,drhospital,https://mulesoo.com/case-studies,building,X,"🩺 DR. Hospital — AI Clinic System — one of ours. A clinic and hospital management system with AI intake — currently in active development.

https://mulesoo.com/case-studies",173,We building DR. Hospital — AI Clinic System.,DR. HOSPITAL · IN BUILD,#00FF88
2027-07-21,324,Wednesday,47,PROBLEM,MuleSoo Guides & Digital Store,guides,https://mulesoo.com/store,live,LinkedIn,"Most ""learn to build"" content is written by people who have never shipped for a paying client.

That was the brief behind MuleSoo Guides & Digital Store.

We built it around one idea: written from projects that are live right now, not from theory.

The guides we wrote from real builds — bought once, downloaded instantly, used forever.

See it: https://mulesoo.com/store

#DigitalProducts #ClaudeCode #LearnToBuild",415,"Most ""learn to build"" content is written by people who have never shipped for a paying client.",MULESOO STORE,#E8B84B
2027-07-21,324,Wednesday,47,PROBLEM,MuleSoo Guides & Digital Store,guides,https://mulesoo.com/store,live,Instagram,"Most ""learn to build"" content is written by people who have never shipped for a paying client. 😮‍💨

So we built MuleSoo Guides & Digital Store.

Written from projects that are live right now, not from theory.

See it: https://mulesoo.com/store

#DigitalProducts #ClaudeCode #LearnToBuild #PassiveIncome #MuleSoo",313,"Most ""learn to build"" content is written by people who have never shipped for a paying client.",MULESOO STORE,#E8B84B
2027-07-21,324,Wednesday,47,PROBLEM,MuleSoo Guides & Digital Store,guides,https://mulesoo.com/store,live,Facebook,"Most ""learn to build"" content is written by people who have never shipped for a paying client.

Every knowledge business we have spoken to says a version of that sentence.

MuleSoo Guides & Digital Store exists to end it — written from projects that are live right now, not from theory.

See it: https://mulesoo.com/store",321,"Most ""learn to build"" content is written by people who have never shipped for a paying client.",MULESOO STORE,#E8B84B
2027-07-21,324,Wednesday,47,PROBLEM,MuleSoo Guides & Digital Store,guides,https://mulesoo.com/store,live,TikTok,"Tell me you run a knowledge business without telling me. 👇

""Most ""learn to build"" content is written by people who have never shipped for a paying client.""

That is why we built MuleSoo Guides & Digital Store — written from projects that are live right now, not from theory.

mulesoo.com

#DigitalProducts #ClaudeCode #LearnToBuild #PassiveIncome #MuleSoo",357,"Most ""learn to build"" content is written by people who have never shipped for a paying client.",MULESOO STORE,#E8B84B
2027-07-21,324,Wednesday,47,PROBLEM,MuleSoo Guides & Digital Store,guides,https://mulesoo.com/store,live,X,"Most ""learn to build"" content is written by people who have never shipped for a paying client.

So we built MuleSoo Guides & Digital Store.

https://mulesoo.com/store",166,"Most ""learn to build"" content is written by people who have never shipped for a paying client.",MULESOO STORE,#E8B84B
2027-07-22,325,Thursday,47,FUNNY,MuleSoo Digital Services,mulesoo,https://mulesoo.com,live,LinkedIn,"Someone asked if the site was a template. It has a lead pipeline, a store and 2FA. It is a small bank with animations.

Behind the joke there is a real system: MuleSoo Digital Services — the platform you are reading this from — it books its own clients, sells its own products and runs its own admin.

Humour is just the shortest way to describe a problem everyone running a service business already has.

See it: https://mulesoo.com

#MuleSoo #WebDesignPretoria #AIforBusiness",477,"Someone asked if the site was a template. It has a lead pipeline, a store and 2FA. It is a small bank with animations.",MULESOO PLATFORM,#00C8FF
2027-07-22,325,Thursday,47,FUNNY,MuleSoo Digital Services,mulesoo,https://mulesoo.com,live,Instagram,"Someone asked if the site was a template. It has a lead pipeline, a store and 2FA. It is a small bank with animations. 😂

(MuleSoo Digital Services. Yes, it is real.)

See it: https://mulesoo.com

#MuleSoo #WebDesignPretoria #AIforBusiness #SouthAfricaTech #NextJS",265,"Someone asked if the site was a template. It has a lead pipeline, a store and 2FA. It is a small bank with animations.",MULESOO PLATFORM,#00C8FF
2027-07-22,325,Thursday,47,FUNNY,MuleSoo Digital Services,mulesoo,https://mulesoo.com,live,Facebook,"Someone asked if the site was a template. It has a lead pipeline, a store and 2FA. It is a small bank with animations.

True story from building MuleSoo Digital Services — the platform you are reading this from — it books its own clients, sells its own products and runs its own admin.

Our website books clients while we sleep. We have started sleeping competitively.

See it: https://mulesoo.com",397,"Someone asked if the site was a template. It has a lead pipeline, a store and 2FA. It is a small bank with animations.",MULESOO PLATFORM,#00C8FF
2027-07-22,325,Thursday,47,FUNNY,MuleSoo Digital Services,mulesoo,https://mulesoo.com,live,TikTok,"Someone asked if the site was a template. It has a lead pipeline, a store and 2FA. It is a small bank with animations. 💀

Not a joke though — MuleSoo Digital Services actually does this.

Our website books clients while we sleep. We have started sleeping competitively.

mulesoo.com

#MuleSoo #WebDesignPretoria #AIforBusiness #SouthAfricaTech #NextJS",352,"Someone asked if the site was a template. It has a lead pipeline, a store and 2FA. It is a small bank with animations.",MULESOO PLATFORM,#00C8FF
2027-07-22,325,Thursday,47,FUNNY,MuleSoo Digital Services,mulesoo,https://mulesoo.com,live,X,"Someone asked if the site was a template. It has a lead pipeline, a store and 2FA. It is a small bank with animations.

— from building MuleSoo Digital Services",160,"Someone asked if the site was a template. It has a lead pipeline, a store and 2FA. It is a small bank with animations.",MULESOO PLATFORM,#00C8FF
2027-07-23,326,Friday,47,HOWTO,Habesha Celebration Events,habesha,https://habeshaeventsplanner.netlify.app,live,LinkedIn,"Something Habesha Celebration Events taught us:

Cultural detail is a conversion feature. A site that understands the ceremony wins the family.

Two more from the same build:

• Your enquiry form should ask the date first. Everything else is negotiable; the date is not.
• Couples browse on phones at night. Design for a dark room and a thumb, not a desktop at noon.

All three are in the live product, not in a slide deck. See it: https://habeshaeventsplanner.netlify.app

#HabeshaEvents #EthiopianWedding #EventPlanner",520,Cultural detail is a conversion feature. A site that understands the ceremony wins the family.,HABESHA EVENTS,#7B2FFF
2027-07-23,326,Friday,47,HOWTO,Habesha Celebration Events,habesha,https://habeshaeventsplanner.netlify.app,live,Instagram,"Lesson from building Habesha Celebration Events 💍

📌 Cultural detail is a conversion feature. A site that understands the ceremony wins the family.

Save this one — it applies far beyond this one project.

#HabeshaEvents #EthiopianWedding #EventPlanner #WeddingSA #MuleSoo",274,Cultural detail is a conversion feature. A site that understands the ceremony wins the family.,HABESHA EVENTS,#7B2FFF
2027-07-23,326,Friday,47,HOWTO,Habesha Celebration Events,habesha,https://habeshaeventsplanner.netlify.app,live,Facebook,"A free lesson from building Habesha Celebration Events:

Cultural detail is a conversion feature. A site that understands the ceremony wins the family.

It sounds small. It is the difference between a system that works and one that quietly loses you money.

More of how we build: mulesoo.com",291,Cultural detail is a conversion feature. A site that understands the ceremony wins the family.,HABESHA EVENTS,#7B2FFF
2027-07-23,326,Friday,47,HOWTO,Habesha Celebration Events,habesha,https://habeshaeventsplanner.netlify.app,live,TikTok,"Free game from a real build 🧠

Cultural detail is a conversion feature. A site that understands the ceremony wins the family.

Learned it building Habesha Celebration Events.

mulesoo.com

#HabeshaEvents #EthiopianWedding #EventPlanner #WeddingSA #MuleSoo",256,Cultural detail is a conversion feature. A site that understands the ceremony wins the family.,HABESHA EVENTS,#7B2FFF
2027-07-23,326,Friday,47,HOWTO,Habesha Celebration Events,habesha,https://habeshaeventsplanner.netlify.app,live,X,"Cultural detail is a conversion feature. A site that understands the ceremony wins the family.

— learned building Habesha Celebration Events",141,Cultural detail is a conversion feature. A site that understands the ceremony wins the family.,HABESHA EVENTS,#7B2FFF
2027-07-24,327,Saturday,47,PROOF,YoYo Gym — AI Membership Platform,yoyogym,https://yoyogym.vercel.app,live,LinkedIn,"What YoYo Gym — AI Membership Platform actually does — not adjectives, features:

• members, plans and payments in one place instead of three books
• QR check-in that clears the morning queue
• an owner dashboard that answers ""who is behind on payment"" in one look

Live now. See it: https://yoyogym.vercel.app

No invented statistics on this page. Open it and check for yourself.

#GymSoftware #FitnessBusiness #YoYoGym",420,"Members, plans and payments in one place instead of three books.",YOYO GYM,#00FF88
2027-07-24,327,Saturday,47,PROOF,YoYo Gym — AI Membership Platform,yoyogym,https://yoyogym.vercel.app,live,Instagram,"🏋️ YoYo Gym — AI Membership Platform — what you actually get:

✅ members, plans and payments in one place instead of three books
✅ QR check-in that clears the morning queue
✅ an owner dashboard that answers ""who is behind on payment"" in one look

Live now.

See it: https://yoyogym.vercel.app

#GymSoftware #FitnessBusiness #YoYoGym #MembershipSystem #MuleSoo",360,"Members, plans and payments in one place instead of three books.",YOYO GYM,#00FF88
2027-07-24,327,Saturday,47,PROOF,YoYo Gym — AI Membership Platform,yoyogym,https://yoyogym.vercel.app,live,Facebook,"People ask what ""YoYo Gym — AI Membership Platform"" really means. Plainly:

✅ members, plans and payments in one place instead of three books
✅ QR check-in that clears the morning queue
✅ an owner dashboard that answers ""who is behind on payment"" in one look

Live now. See it: https://yoyogym.vercel.app",304,"Members, plans and payments in one place instead of three books.",YOYO GYM,#00FF88
2027-07-24,327,Saturday,47,PROOF,YoYo Gym — AI Membership Platform,yoyogym,https://yoyogym.vercel.app,live,TikTok,"Three things YoYo Gym — AI Membership Platform does that a normal gym setup cannot 👇

1. members, plans and payments in one place instead of three books
2. QR check-in that clears the morning queue
3. an owner dashboard that answers ""who is behind on payment"" in one look

Live now.

mulesoo.com

#GymSoftware #FitnessBusiness #YoYoGym #MembershipSystem #MuleSoo",363,"Members, plans and payments in one place instead of three books.",YOYO GYM,#00FF88
2027-07-24,327,Saturday,47,PROOF,YoYo Gym — AI Membership Platform,yoyogym,https://yoyogym.vercel.app,live,X,"YoYo Gym — AI Membership Platform:
• members, plans and payments in one place instead of three books
• QR check-in that clears the morning queue

https://yoyogym.vercel.app",172,"Members, plans and payments in one place instead of three books.",YOYO GYM,#00FF88
2027-07-25,328,Sunday,47,BEHIND,X-Boss Photography Studio,xboss,https://xbossphotography.vercel.app,live,LinkedIn,"Under the bonnet of X-Boss Photography Studio:

Next.js 16 with React 19, Supabase behind it, and @react-pdf/renderer producing the confirmation.

Session is a jose-signed JWT cookie — no token sitting in localStorage waiting to be stolen.

None of this is visible to the client, and all of it is why the thing keeps working in month nine.

See it: https://xbossphotography.vercel.app

#PhotographyBusiness #StudioBooking #XBoss",428,"Next.js 16 with React 19, Supabase behind it, and @react-pdf/renderer producing the confirmation.",X-BOSS PHOTOGRAPHY,#E8B84B
2027-07-25,328,Sunday,47,BEHIND,X-Boss Photography Studio,xboss,https://xbossphotography.vercel.app,live,Instagram,"Behind the build 🔧 X-Boss Photography Studio

Next.js 16 with React 19, Supabase behind it, and @react-pdf/renderer producing the confirmation.

The boring decisions are the ones that hold.

#PhotographyBusiness #StudioBooking #XBoss #BookingSystem #MuleSoo",258,"Next.js 16 with React 19, Supabase behind it, and @react-pdf/renderer producing the confirmation.",X-BOSS PHOTOGRAPHY,#E8B84B
2027-07-25,328,Sunday,47,BEHIND,X-Boss Photography Studio,xboss,https://xbossphotography.vercel.app,live,Facebook,"A look behind X-Boss Photography Studio:

Next.js 16 with React 19, Supabase behind it, and @react-pdf/renderer producing the confirmation.

Session is a jose-signed JWT cookie — no token sitting in localStorage waiting to be stolen.

We build the invisible parts properly. That is the whole difference between a demo and a system you can run a business on.",357,"Next.js 16 with React 19, Supabase behind it, and @react-pdf/renderer producing the confirmation.",X-BOSS PHOTOGRAPHY,#E8B84B
2027-07-25,328,Sunday,47,BEHIND,X-Boss Photography Studio,xboss,https://xbossphotography.vercel.app,live,TikTok,"Behind the build 🔧

X-Boss Photography Studio: Next.js 16 with React 19, Supabase behind it, and @react-pdf/renderer producing the confirmation.

The unglamorous decisions are the ones that save you in month nine.

mulesoo.com

#PhotographyBusiness #StudioBooking #XBoss #BookingSystem #MuleSoo",295,"Next.js 16 with React 19, Supabase behind it, and @react-pdf/renderer producing the confirmation.",X-BOSS PHOTOGRAPHY,#E8B84B
2027-07-25,328,Sunday,47,BEHIND,X-Boss Photography Studio,xboss,https://xbossphotography.vercel.app,live,X,"X-Boss Photography Studio — under the bonnet:

Next.js 16 with React 19, Supabase behind it, and @react-pdf/renderer producing the confirmation.",144,"Next.js 16 with React 19, Supabase behind it, and @react-pdf/renderer producing the confirmation.",X-BOSS PHOTOGRAPHY,#E8B84B
2027-07-26,329,Monday,47,OFFER,Shime Events & Planning,shime,https://shimeeventplaning.vercel.app,live,LinkedIn,"Losing bookings because your form only speaks one language?

We built Shime Events & Planning for exactly that — real-time date and time availability, so two clients never book the same Saturday.

Same system, your brand, your sector.

Tell us what your week looks like and we will tell you honestly whether software fixes it: mulesoo.com/contact

#EventPlanning #ShimeEvents #BilingualWeb",389,Losing bookings because your form only speaks one language?,SHIME EVENTS,#E8B84B
2027-07-26,329,Monday,47,OFFER,Shime Events & Planning,shime,https://shimeeventplaning.vercel.app,live,Instagram,"Losing bookings because your form only speaks one language? 🎊

We built Shime Events & Planning to solve it — you get clients booking in the language they actually think in.

Same system, your brand, your sector.

📩 mulesoo.com/contact
💬 wa.me/27688529333

#EventPlanning #ShimeEvents #BilingualWeb #Amharic #MuleSoo",319,Losing bookings because your form only speaks one language?,SHIME EVENTS,#E8B84B
2027-07-26,329,Monday,47,OFFER,Shime Events & Planning,shime,https://shimeeventplaning.vercel.app,live,Facebook,"Losing bookings because your form only speaks one language?

That is precisely why Shime Events & Planning exists — real-time date and time availability, so two clients never book the same Saturday.

Same system, your brand, your sector. Message us and we will tell you straight whether this is worth it for your business.

📩 mulesoo.com/contact  ·  💬 wa.me/27688529333",371,Losing bookings because your form only speaks one language?,SHIME EVENTS,#E8B84B
2027-07-26,329,Monday,47,OFFER,Shime Events & Planning,shime,https://shimeeventplaning.vercel.app,live,TikTok,"Losing bookings because your form only speaks one language? 🎊

We already built it once — Shime Events & Planning.

Same system, your brand, your sector.

mulesoo.com

#EventPlanning #ShimeEvents #BilingualWeb #Amharic #MuleSoo",228,Losing bookings because your form only speaks one language?,SHIME EVENTS,#E8B84B
2027-07-26,329,Monday,47,OFFER,Shime Events & Planning,shime,https://shimeeventplaning.vercel.app,live,X,"Losing bookings because your form only speaks one language?

We built Shime Events & Planning for exactly this.

mulesoo.com/contact",132,Losing bookings because your form only speaks one language?,SHIME EVENTS,#E8B84B
2027-07-27,330,Tuesday,48,SPOTLIGHT,Tsedi Catering & Events,tsedi,https://tsedicatering.vercel.app,live,LinkedIn,"🍽️ Tsedi Catering & Events — one of ours.

In one line: a QR code that opens a personal booking assistant — no website, no app, no forms to chase.

The part that matters — scan the code, chat, book — the client never downloads anything.

What the owner ends up with: bookings taken with both hands still in the kitchen.

See it: https://tsedicatering.vercel.app

#CateringBusiness #QRBooking #TsediCatering",407,We built Tsedi Catering & Events.,TSEDI CATERING,#E8B84B
2027-07-27,330,Tuesday,48,SPOTLIGHT,Tsedi Catering & Events,tsedi,https://tsedicatering.vercel.app,live,Instagram,"🍽️ 🍽️ Tsedi Catering & Events — one of ours.

A QR code that opens a personal booking assistant — no website, no app, no forms to chase.

✨ scan the code, chat, book — the client never downloads anything
✅ bookings taken with both hands still in the kitchen

See it: https://tsedicatering.vercel.app

#CateringBusiness #QRBooking #TsediCatering #AIAssistant #MuleSoo",368,We built Tsedi Catering & Events.,TSEDI CATERING,#E8B84B
2027-07-27,330,Tuesday,48,SPOTLIGHT,Tsedi Catering & Events,tsedi,https://tsedicatering.vercel.app,live,Facebook,"🍽️ Tsedi Catering & Events — one of ours.

It is a QR code that opens a personal booking assistant — no website, no app, no forms to chase.

The thing people notice first: scan the code, chat, book — the client never downloads anything.

If you run a catering business and this sounds like your week — we should talk. mulesoo.com",330,We built Tsedi Catering & Events.,TSEDI CATERING,#E8B84B
2027-07-27,330,Tuesday,48,SPOTLIGHT,Tsedi Catering & Events,tsedi,https://tsedicatering.vercel.app,live,TikTok,"POV: you run a catering business. 🍽️

We built Tsedi Catering & Events.

It does one thing brilliantly: scan the code, chat, book — the client never downloads anything.

Full build on mulesoo.com

#CateringBusiness #QRBooking #TsediCatering #AIAssistant #MuleSoo",263,We built Tsedi Catering & Events.,TSEDI CATERING,#E8B84B
2027-07-27,330,Tuesday,48,SPOTLIGHT,Tsedi Catering & Events,tsedi,https://tsedicatering.vercel.app,live,X,"🍽️ Tsedi Catering & Events — one of ours. A QR code that opens a personal booking assistant — no website, no app, no forms to chase.

https://tsedicatering.vercel.app",167,We built Tsedi Catering & Events.,TSEDI CATERING,#E8B84B
2027-07-28,331,Wednesday,48,PROBLEM,TSI AI Booking Assistant,tsi,https://mulesoo.com/services/chatbot,live,LinkedIn,"Most reservation enquiries arrive after closing time and are answered the next morning, to nobody.

That was the brief behind TSI AI Booking Assistant.

We built it around one idea: it answers instantly, at 2am, in full sentences.

A reservations assistant that answers, qualifies and books, around the clock.

See it: https://mulesoo.com/services/chatbot

#AIChatbot #Hospitality #Reservations",394,"Most reservation enquiries arrive after closing time and are answered the next morning, to nobody.",TSI ASSISTANT,#00C8FF
2027-07-28,331,Wednesday,48,PROBLEM,TSI AI Booking Assistant,tsi,https://mulesoo.com/services/chatbot,live,Instagram,"Most reservation enquiries arrive after closing time and are answered the next morning, to nobody. 😮‍💨

So we built TSI AI Booking Assistant.

It answers instantly, at 2am, in full sentences.

See it: https://mulesoo.com/services/chatbot

#AIChatbot #Hospitality #Reservations #CustomerService #MuleSoo",304,"Most reservation enquiries arrive after closing time and are answered the next morning, to nobody.",TSI ASSISTANT,#00C8FF
2027-07-28,331,Wednesday,48,PROBLEM,TSI AI Booking Assistant,tsi,https://mulesoo.com/services/chatbot,live,Facebook,"Most reservation enquiries arrive after closing time and are answered the next morning, to nobody.

Every hotel or restaurant we have spoken to says a version of that sentence.

TSI AI Booking Assistant exists to end it — it answers instantly, at 2am, in full sentences.

See it: https://mulesoo.com/services/chatbot",316,"Most reservation enquiries arrive after closing time and are answered the next morning, to nobody.",TSI ASSISTANT,#00C8FF
2027-07-28,331,Wednesday,48,PROBLEM,TSI AI Booking Assistant,tsi,https://mulesoo.com/services/chatbot,live,TikTok,"Tell me you run a hotel or restaurant without telling me. 👇

""Most reservation enquiries arrive after closing time and are answered the next morning, to nobody.""

That is why we built TSI AI Booking Assistant — it answers instantly, at 2am, in full sentences.

mulesoo.com

#AIChatbot #Hospitality #Reservations #CustomerService #MuleSoo",338,"Most reservation enquiries arrive after closing time and are answered the next morning, to nobody.",TSI ASSISTANT,#00C8FF
2027-07-28,331,Wednesday,48,PROBLEM,TSI AI Booking Assistant,tsi,https://mulesoo.com/services/chatbot,live,X,"Most reservation enquiries arrive after closing time and are answered the next morning, to nobody.

So we built TSI AI Booking Assistant.

https://mulesoo.com/services/chatbot",175,"Most reservation enquiries arrive after closing time and are answered the next morning, to nobody.",TSI ASSISTANT,#00C8FF
2027-07-29,332,Thursday,48,FUNNY,Sena — AI Front Desk Receptionist,sena,https://mulesoo.com/ai-automation,building,LinkedIn,"No Vapi, no ElevenLabs, no Twilio. Three invoices we simply declined to receive.

Behind the joke there is a real system: Sena — AI Front Desk Receptionist — a voice receptionist for hotels: the guest clicks Call Reception and Sena actually answers.

Humour is just the shortest way to describe a problem everyone running a hotel already has.

Still in build — follow along: mulesoo.com

#VoiceAI #HotelTech #Sena",413,"No Vapi, no ElevenLabs, no Twilio. Three invoices we simply declined to receive.",SENA · IN BUILD,#7B2FFF
2027-07-29,332,Thursday,48,FUNNY,Sena — AI Front Desk Receptionist,sena,https://mulesoo.com/ai-automation,building,Instagram,"No Vapi, no ElevenLabs, no Twilio. Three invoices we simply declined to receive. 😂

(Sena — AI Front Desk Receptionist. Yes, it is real.)

Still in build — follow along: mulesoo.com

#VoiceAI #HotelTech #Sena #Hospitality #MuleSoo",231,"No Vapi, no ElevenLabs, no Twilio. Three invoices we simply declined to receive.",SENA · IN BUILD,#7B2FFF
2027-07-29,332,Thursday,48,FUNNY,Sena — AI Front Desk Receptionist,sena,https://mulesoo.com/ai-automation,building,Facebook,"No Vapi, no ElevenLabs, no Twilio. Three invoices we simply declined to receive.

True story from building Sena — AI Front Desk Receptionist — a voice receptionist for hotels: the guest clicks Call Reception and Sena actually answers.

Sena tells every guest she is an AI in the first ten seconds. Radical honesty, at reception.

Still in build — follow along: mulesoo.com",372,"No Vapi, no ElevenLabs, no Twilio. Three invoices we simply declined to receive.",SENA · IN BUILD,#7B2FFF
2027-07-29,332,Thursday,48,FUNNY,Sena — AI Front Desk Receptionist,sena,https://mulesoo.com/ai-automation,building,TikTok,"No Vapi, no ElevenLabs, no Twilio. Three invoices we simply declined to receive. 💀

Not a joke though — Sena — AI Front Desk Receptionist actually does this.

Sena tells every guest she is an AI in the first ten seconds. Radical honesty, at reception.

mulesoo.com

#VoiceAI #HotelTech #Sena #Hospitality #MuleSoo",314,"No Vapi, no ElevenLabs, no Twilio. Three invoices we simply declined to receive.",SENA · IN BUILD,#7B2FFF
2027-07-29,332,Thursday,48,FUNNY,Sena — AI Front Desk Receptionist,sena,https://mulesoo.com/ai-automation,building,X,"No Vapi, no ElevenLabs, no Twilio. Three invoices we simply declined to receive.

— from building Sena",102,"No Vapi, no ElevenLabs, no Twilio. Three invoices we simply declined to receive.",SENA · IN BUILD,#7B2FFF
2027-07-30,333,Friday,48,HOWTO,Yewogen Derash (ወገን ደራሽ),yewogen,https://mulesoo.com/case-studies,building,LinkedIn,"Something Yewogen Derash (ወገን ደራሽ) taught us:

Audit-log every admin action. The log exists to protect the honest admin, not to catch them.

Two more from the same build:

• A QR that opens exactly one campaign removes the biggest drop-off in donation flows: searching.
• One campaign, one ledger. Commingled funds cannot be audited, only apologised for.

All three are in the live product, not in a slide deck. Still in build — follow along: mulesoo.com

#Crowdfunding #Ethiopia #YewogenDerash",494,"Audit-log every admin action. The log exists to protect the honest admin, not to catch them.",YEWOGEN DERASH · IN BUILD,#00C8FF
2027-07-30,333,Friday,48,HOWTO,Yewogen Derash (ወገን ደራሽ),yewogen,https://mulesoo.com/case-studies,building,Instagram,"Lesson from building Yewogen Derash (ወገን ደራሽ) 🤝

📌 Audit-log every admin action. The log exists to protect the honest admin, not to catch them.

Save this one — it applies far beyond this one project.

#Crowdfunding #Ethiopia #YewogenDerash #FinTech #MuleSoo",260,"Audit-log every admin action. The log exists to protect the honest admin, not to catch them.",YEWOGEN DERASH · IN BUILD,#00C8FF
2027-07-30,333,Friday,48,HOWTO,Yewogen Derash (ወገን ደራሽ),yewogen,https://mulesoo.com/case-studies,building,Facebook,"A free lesson from building Yewogen Derash (ወገን ደራሽ):

Audit-log every admin action. The log exists to protect the honest admin, not to catch them.

It sounds small. It is the difference between a system that works and one that quietly loses you money.

More of how we build: mulesoo.com",287,"Audit-log every admin action. The log exists to protect the honest admin, not to catch them.",YEWOGEN DERASH · IN BUILD,#00C8FF
2027-07-30,333,Friday,48,HOWTO,Yewogen Derash (ወገን ደራሽ),yewogen,https://mulesoo.com/case-studies,building,TikTok,"Free game from a real build 🧠

Audit-log every admin action. The log exists to protect the honest admin, not to catch them.

Learned it building Yewogen Derash (ወገን ደራሽ).

mulesoo.com

#Crowdfunding #Ethiopia #YewogenDerash #FinTech #MuleSoo",242,"Audit-log every admin action. The log exists to protect the honest admin, not to catch them.",YEWOGEN DERASH · IN BUILD,#00C8FF
2027-07-30,333,Friday,48,HOWTO,Yewogen Derash (ወገን ደራሽ),yewogen,https://mulesoo.com/case-studies,building,X,"Audit-log every admin action. The log exists to protect the honest admin, not to catch them.

— learned building Yewogen Derash",127,"Audit-log every admin action. The log exists to protect the honest admin, not to catch them.",YEWOGEN DERASH · IN BUILD,#00C8FF
2027-07-31,334,Saturday,48,PROOF,Pretoria Kidane Mihret Church Platform,church,https://mulesoo.com/portfolio,live,LinkedIn,"What Pretoria Kidane Mihret Church Platform actually does — not adjectives, features:

• one accurate place for service times, in both languages
• content the church updates itself, instantly
• a digital home that matches the institution's dignity

Live now. See it: https://mulesoo.com/portfolio

No invented statistics on this page. Open it and check for yourself.

#ChurchWebsite #Amharic #Bilingual",402,"One accurate place for service times, in both languages.",KIDANE MIHRET,#E8B84B
2027-07-31,334,Saturday,48,PROOF,Pretoria Kidane Mihret Church Platform,church,https://mulesoo.com/portfolio,live,Instagram,"⛪ Pretoria Kidane Mihret Church Platform — what you actually get:

✅ one accurate place for service times, in both languages
✅ content the church updates itself, instantly
✅ a digital home that matches the institution's dignity

Live now.

See it: https://mulesoo.com/portfolio

#ChurchWebsite #Amharic #Bilingual #Pretoria #MuleSoo",332,"One accurate place for service times, in both languages.",KIDANE MIHRET,#E8B84B
2027-07-31,334,Saturday,48,PROOF,Pretoria Kidane Mihret Church Platform,church,https://mulesoo.com/portfolio,live,Facebook,"People ask what ""Pretoria Kidane Mihret Church Platform"" really means. Plainly:

✅ one accurate place for service times, in both languages
✅ content the church updates itself, instantly
✅ a digital home that matches the institution's dignity

Live now. See it: https://mulesoo.com/portfolio",290,"One accurate place for service times, in both languages.",KIDANE MIHRET,#E8B84B
2027-07-31,334,Saturday,48,PROOF,Pretoria Kidane Mihret Church Platform,church,https://mulesoo.com/portfolio,live,TikTok,"Three things Pretoria Kidane Mihret Church Platform does that a normal church or community organisation setup cannot 👇

1. one accurate place for service times, in both languages
2. content the church updates itself, instantly
3. a digital home that matches the institution's dignity

Live now.

mulesoo.com

#ChurchWebsite #Amharic #Bilingual #Pretoria #MuleSoo",363,"One accurate place for service times, in both languages.",KIDANE MIHRET,#E8B84B
2027-07-31,334,Saturday,48,PROOF,Pretoria Kidane Mihret Church Platform,church,https://mulesoo.com/portfolio,live,X,"Pretoria Kidane Mihret Church Platform:
• one accurate place for service times, in both languages
• content the church updates itself, instantly

https://mulesoo.com/portfolio",175,"One accurate place for service times, in both languages.",KIDANE MIHRET,#E8B84B
2027-08-01,335,Sunday,48,BEHIND,DR. Hospital — AI Clinic System,drhospital,https://mulesoo.com/case-studies,building,LinkedIn,"Under the bonnet of DR. Hospital — AI Clinic System:

In active development — architecture and access rules first, interface second.

Every patient-facing automation stops well short of clinical advice, by design.

None of this is visible to the client, and all of it is why the thing keeps working in month nine.

Still in build — follow along: mulesoo.com

#HealthTech #ClinicSoftware #AIIntake",396,"In active development — architecture and access rules first, interface second.",DR. HOSPITAL · IN BUILD,#00FF88
2027-08-01,335,Sunday,48,BEHIND,DR. Hospital — AI Clinic System,drhospital,https://mulesoo.com/case-studies,building,Instagram,"Behind the build 🔧 DR. Hospital — AI Clinic System

In active development — architecture and access rules first, interface second.

The boring decisions are the ones that hold.

#HealthTech #ClinicSoftware #AIIntake #POPIA #MuleSoo",232,"In active development — architecture and access rules first, interface second.",DR. HOSPITAL · IN BUILD,#00FF88
2027-08-01,335,Sunday,48,BEHIND,DR. Hospital — AI Clinic System,drhospital,https://mulesoo.com/case-studies,building,Facebook,"A look behind DR. Hospital — AI Clinic System:

In active development — architecture and access rules first, interface second.

Every patient-facing automation stops well short of clinical advice, by design.

We build the invisible parts properly. That is the whole difference between a demo and a system you can run a business on.",331,"In active development — architecture and access rules first, interface second.",DR. HOSPITAL · IN BUILD,#00FF88
2027-08-01,335,Sunday,48,BEHIND,DR. Hospital — AI Clinic System,drhospital,https://mulesoo.com/case-studies,building,TikTok,"Behind the build 🔧

DR. Hospital — AI Clinic System: In active development — architecture and access rules first, interface second.

The unglamorous decisions are the ones that save you in month nine.

mulesoo.com

#HealthTech #ClinicSoftware #AIIntake #POPIA #MuleSoo",269,"In active development — architecture and access rules first, interface second.",DR. HOSPITAL · IN BUILD,#00FF88
2027-08-01,335,Sunday,48,BEHIND,DR. Hospital — AI Clinic System,drhospital,https://mulesoo.com/case-studies,building,X,"DR. Hospital — under the bonnet:

In active development — architecture and access rules first, interface second.",112,"In active development — architecture and access rules first, interface second.",DR. HOSPITAL · IN BUILD,#00FF88
2027-08-02,336,Monday,48,OFFER,MuleSoo Guides & Digital Store,guides,https://mulesoo.com/store,live,LinkedIn,"Want the process behind these builds, in writing?

We built MuleSoo Guides & Digital Store for exactly that — instant download after a secure card payment.

Same system, your brand, your sector.

Tell us what your week looks like and we will tell you honestly whether software fixes it: mulesoo.com/contact

#DigitalProducts #ClaudeCode #LearnToBuild",350,"Want the process behind these builds, in writing?",MULESOO STORE,#E8B84B
2027-08-02,336,Monday,48,OFFER,MuleSoo Guides & Digital Store,guides,https://mulesoo.com/store,live,Instagram,"Want the process behind these builds, in writing? 📘

We built MuleSoo Guides & Digital Store to solve it — you get the exact process behind live client builds.

Same system, your brand, your sector.

📩 mulesoo.com/contact
💬 wa.me/27688529333

#DigitalProducts #ClaudeCode #LearnToBuild #PassiveIncome #MuleSoo",312,"Want the process behind these builds, in writing?",MULESOO STORE,#E8B84B
2027-08-02,336,Monday,48,OFFER,MuleSoo Guides & Digital Store,guides,https://mulesoo.com/store,live,Facebook,"Want the process behind these builds, in writing?

That is precisely why MuleSoo Guides & Digital Store exists — instant download after a secure card payment.

Same system, your brand, your sector. Message us and we will tell you straight whether this is worth it for your business.

📩 mulesoo.com/contact  ·  💬 wa.me/27688529333",331,"Want the process behind these builds, in writing?",MULESOO STORE,#E8B84B
2027-08-02,336,Monday,48,OFFER,MuleSoo Guides & Digital Store,guides,https://mulesoo.com/store,live,TikTok,"Want the process behind these builds, in writing? 📘

We already built it once — MuleSoo Guides & Digital Store.

Same system, your brand, your sector.

mulesoo.com

#DigitalProducts #ClaudeCode #LearnToBuild #PassiveIncome #MuleSoo",232,"Want the process behind these builds, in writing?",MULESOO STORE,#E8B84B
2027-08-02,336,Monday,48,OFFER,MuleSoo Guides & Digital Store,guides,https://mulesoo.com/store,live,X,"Want the process behind these builds, in writing?

We built MuleSoo Guides & Digital Store for exactly this.

mulesoo.com/contact",129,"Want the process behind these builds, in writing?",MULESOO STORE,#E8B84B
2027-08-03,337,Tuesday,49,SPOTLIGHT,MuleSoo Digital Services,mulesoo,https://mulesoo.com,live,LinkedIn,"Let me show you MuleSoo Digital Services.

In one line: the platform you are reading this from — it books its own clients, sells its own products and runs its own admin.

The part that matters — a full admin panel — leads pipeline, bookings, analytics, portfolio, pricing, testimonials — all editable without a developer.

What the owner ends up with: a Stripe store that takes card payments for digital products.

See it: https://mulesoo.com

#MuleSoo #WebDesignPretoria #AIforBusiness",486,We built MuleSoo Digital Services.,MULESOO PLATFORM,#00C8FF
2027-08-03,337,Tuesday,49,SPOTLIGHT,MuleSoo Digital Services,mulesoo,https://mulesoo.com,live,Instagram,"🛠️ Let me show you MuleSoo Digital Services.

The platform you are reading this from — it books its own clients, sells its own products and runs its own admin.

✨ a full admin panel — leads pipeline, bookings, analytics, portfolio, pricing, testimonials — all editable without a developer
✅ a Stripe store that takes card payments for digital products

See it: https://mulesoo.com

#MuleSoo #WebDesignPretoria #AIforBusiness #SouthAfricaTech #NextJS",450,We built MuleSoo Digital Services.,MULESOO PLATFORM,#00C8FF
2027-08-03,337,Tuesday,49,SPOTLIGHT,MuleSoo Digital Services,mulesoo,https://mulesoo.com,live,Facebook,"Let me show you MuleSoo Digital Services.

It is the platform you are reading this from — it books its own clients, sells its own products and runs its own admin.

The thing people notice first: a full admin panel — leads pipeline, bookings, analytics, portfolio, pricing, testimonials — all editable without a developer.

If you run a service business and this sounds like your week — we should talk. mulesoo.com",413,We built MuleSoo Digital Services.,MULESOO PLATFORM,#00C8FF
2027-08-03,337,Tuesday,49,SPOTLIGHT,MuleSoo Digital Services,mulesoo,https://mulesoo.com,live,TikTok,"POV: you run a service business. 🛠️

We built MuleSoo Digital Services.

It does one thing brilliantly: a full admin panel — leads pipeline, bookings, analytics, portfolio, pricing, testimonials — all editable without a developer.

Full build on mulesoo.com

#MuleSoo #WebDesignPretoria #AIforBusiness #SouthAfricaTech #NextJS",327,We built MuleSoo Digital Services.,MULESOO PLATFORM,#00C8FF
2027-08-03,337,Tuesday,49,SPOTLIGHT,MuleSoo Digital Services,mulesoo,https://mulesoo.com,live,X,"Let me show you MuleSoo Digital Services. The platform you are reading this from — it books its own clients, sells its own products and runs its own admin.

https://mulesoo.com",176,We built MuleSoo Digital Services.,MULESOO PLATFORM,#00C8FF
2027-08-04,338,Wednesday,49,PROBLEM,Habesha Celebration Events,habesha,https://habeshaeventsplanner.netlify.app,live,LinkedIn,"A wedding business judged on beauty cannot afford a website that looks like a 2011 flyer.

That was the brief behind Habesha Celebration Events.

We built it around one idea: enquiry capture that works while the planner is mid-ceremony with no phone in hand.

An elegant events platform that turns wedding dreams into confirmed bookings, 24/7.

See it: https://habeshaeventsplanner.netlify.app

#HabeshaEvents #EthiopianWedding #EventPlanner",441,A wedding business judged on beauty cannot afford a website that looks like a 2011 flyer.,HABESHA EVENTS,#7B2FFF
2027-08-04,338,Wednesday,49,PROBLEM,Habesha Celebration Events,habesha,https://habeshaeventsplanner.netlify.app,live,Instagram,"A wedding business judged on beauty cannot afford a website that looks like a 2011 flyer. 😮‍💨

So we built Habesha Celebration Events.

Enquiry capture that works while the planner is mid-ceremony with no phone in hand.

See it: https://habeshaeventsplanner.netlify.app

#HabeshaEvents #EthiopianWedding #EventPlanner #WeddingSA #MuleSoo",339,A wedding business judged on beauty cannot afford a website that looks like a 2011 flyer.,HABESHA EVENTS,#7B2FFF
2027-08-04,338,Wednesday,49,PROBLEM,Habesha Celebration Events,habesha,https://habeshaeventsplanner.netlify.app,live,Facebook,"A wedding business judged on beauty cannot afford a website that looks like a 2011 flyer.

Every wedding & events business we have spoken to says a version of that sentence.

Habesha Celebration Events exists to end it — enquiry capture that works while the planner is mid-ceremony with no phone in hand.

See it: https://habeshaeventsplanner.netlify.app",354,A wedding business judged on beauty cannot afford a website that looks like a 2011 flyer.,HABESHA EVENTS,#7B2FFF
2027-08-04,338,Wednesday,49,PROBLEM,Habesha Celebration Events,habesha,https://habeshaeventsplanner.netlify.app,live,TikTok,"Tell me you run a wedding & events business without telling me. 👇

""A wedding business judged on beauty cannot afford a website that looks like a 2011 flyer.""

That is why we built Habesha Celebration Events — enquiry capture that works while the planner is mid-ceremony with no phone in hand.

mulesoo.com

#HabeshaEvents #EthiopianWedding #EventPlanner #WeddingSA #MuleSoo",375,A wedding business judged on beauty cannot afford a website that looks like a 2011 flyer.,HABESHA EVENTS,#7B2FFF
2027-08-04,338,Wednesday,49,PROBLEM,Habesha Celebration Events,habesha,https://habeshaeventsplanner.netlify.app,live,X,"A wedding business judged on beauty cannot afford a website that looks like a 2011 flyer.

So we built Habesha Celebration Events.

https://habeshaeventsplanner.netlify.app",172,A wedding business judged on beauty cannot afford a website that looks like a 2011 flyer.,HABESHA EVENTS,#7B2FFF
2027-08-05,339,Thursday,49,FUNNY,YoYo Gym — AI Membership Platform,yoyogym,https://yoyogym.vercel.app,live,LinkedIn,"The owner manual is a PDF. It is shorter than most gym contracts, which was the point.

Behind the joke there is a real system: YoYo Gym — AI Membership Platform — a full gym membership, booking and check-in system that runs the floor on autopilot.

Humour is just the shortest way to describe a problem everyone running a gym already has.

See it: https://yoyogym.vercel.app

#GymSoftware #FitnessBusiness #YoYoGym",415,"The owner manual is a PDF. It is shorter than most gym contracts, which was the point.",YOYO GYM,#00FF88
2027-08-05,339,Thursday,49,FUNNY,YoYo Gym — AI Membership Platform,yoyogym,https://yoyogym.vercel.app,live,Instagram,"The owner manual is a PDF. It is shorter than most gym contracts, which was the point. 😂

(YoYo Gym — AI Membership Platform. Yes, it is real.)

See it: https://yoyogym.vercel.app

#GymSoftware #FitnessBusiness #YoYoGym #MembershipSystem #MuleSoo",247,"The owner manual is a PDF. It is shorter than most gym contracts, which was the point.",YOYO GYM,#00FF88
2027-08-05,339,Thursday,49,FUNNY,YoYo Gym — AI Membership Platform,yoyogym,https://yoyogym.vercel.app,live,Facebook,"The owner manual is a PDF. It is shorter than most gym contracts, which was the point.

True story from building YoYo Gym — AI Membership Platform — a full gym membership, booking and check-in system that runs the floor on autopilot.

Check-in went from a queue to a beep. The receptionist now has time to judge your form.

See it: https://yoyogym.vercel.app",358,"The owner manual is a PDF. It is shorter than most gym contracts, which was the point.",YOYO GYM,#00FF88
2027-08-05,339,Thursday,49,FUNNY,YoYo Gym — AI Membership Platform,yoyogym,https://yoyogym.vercel.app,live,TikTok,"The owner manual is a PDF. It is shorter than most gym contracts, which was the point. 💀

Not a joke though — YoYo Gym — AI Membership Platform actually does this.

Check-in went from a queue to a beep. The receptionist now has time to judge your form.

mulesoo.com

#GymSoftware #FitnessBusiness #YoYoGym #MembershipSystem #MuleSoo",333,"The owner manual is a PDF. It is shorter than most gym contracts, which was the point.",YOYO GYM,#00FF88
2027-08-05,339,Thursday,49,FUNNY,YoYo Gym — AI Membership Platform,yoyogym,https://yoyogym.vercel.app,live,X,"The owner manual is a PDF. It is shorter than most gym contracts, which was the point.

— from building YoYo Gym",112,"The owner manual is a PDF. It is shorter than most gym contracts, which was the point.",YOYO GYM,#00FF88
2027-08-06,340,Friday,49,HOWTO,X-Boss Photography Studio,xboss,https://xbossphotography.vercel.app,live,LinkedIn,"Something X-Boss Photography Studio taught us:

JWT in an httpOnly cookie beats a token in localStorage every single time.

Two more from the same build:

• Booking flows should let people edit before confirming. Every un-editable form is an abandoned form.
• Rate-limit your public booking endpoints on day one, not after the first bot finds them.

All three are in the live product, not in a slide deck. See it: https://xbossphotography.vercel.app

#PhotographyBusiness #StudioBooking #XBoss",493,JWT in an httpOnly cookie beats a token in localStorage every single time.,X-BOSS PHOTOGRAPHY,#E8B84B
2027-08-06,340,Friday,49,HOWTO,X-Boss Photography Studio,xboss,https://xbossphotography.vercel.app,live,Instagram,"Lesson from building X-Boss Photography Studio 📸

📌 JWT in an httpOnly cookie beats a token in localStorage every single time.

Save this one — it applies far beyond this one project.

#PhotographyBusiness #StudioBooking #XBoss #BookingSystem #MuleSoo",253,JWT in an httpOnly cookie beats a token in localStorage every single time.,X-BOSS PHOTOGRAPHY,#E8B84B
2027-08-06,340,Friday,49,HOWTO,X-Boss Photography Studio,xboss,https://xbossphotography.vercel.app,live,Facebook,"A free lesson from building X-Boss Photography Studio:

JWT in an httpOnly cookie beats a token in localStorage every single time.

It sounds small. It is the difference between a system that works and one that quietly loses you money.

More of how we build: mulesoo.com",270,JWT in an httpOnly cookie beats a token in localStorage every single time.,X-BOSS PHOTOGRAPHY,#E8B84B
2027-08-06,340,Friday,49,HOWTO,X-Boss Photography Studio,xboss,https://xbossphotography.vercel.app,live,TikTok,"Free game from a real build 🧠

JWT in an httpOnly cookie beats a token in localStorage every single time.

Learned it building X-Boss Photography Studio.

mulesoo.com

#PhotographyBusiness #StudioBooking #XBoss #BookingSystem #MuleSoo",235,JWT in an httpOnly cookie beats a token in localStorage every single time.,X-BOSS PHOTOGRAPHY,#E8B84B
2027-08-06,340,Friday,49,HOWTO,X-Boss Photography Studio,xboss,https://xbossphotography.vercel.app,live,X,"JWT in an httpOnly cookie beats a token in localStorage every single time.

— learned building X-Boss Photography Studio",120,JWT in an httpOnly cookie beats a token in localStorage every single time.,X-BOSS PHOTOGRAPHY,#E8B84B
2027-08-07,341,Saturday,49,PROOF,Shime Events & Planning,shime,https://shimeeventplaning.vercel.app,live,LinkedIn,"What Shime Events & Planning actually does — not adjectives, features:

• clients booking in the language they actually think in
• deposits collected without a single awkward phone call
• a signed contract in the client's inbox before they close the tab

Live now. See it: https://shimeeventplaning.vercel.app

No invented statistics on this page. Open it and check for yourself.

#EventPlanning #ShimeEvents #BilingualWeb",422,Deposits collected without a single awkward phone call.,SHIME EVENTS,#E8B84B
2027-08-07,341,Saturday,49,PROOF,Shime Events & Planning,shime,https://shimeeventplaning.vercel.app,live,Instagram,"🎊 Shime Events & Planning — what you actually get:

✅ clients booking in the language they actually think in
✅ deposits collected without a single awkward phone call
✅ a signed contract in the client's inbox before they close the tab

Live now.

See it: https://shimeeventplaning.vercel.app

#EventPlanning #ShimeEvents #BilingualWeb #Amharic #MuleSoo",352,Deposits collected without a single awkward phone call.,SHIME EVENTS,#E8B84B
2027-08-07,341,Saturday,49,PROOF,Shime Events & Planning,shime,https://shimeeventplaning.vercel.app,live,Facebook,"People ask what ""Shime Events & Planning"" really means. Plainly:

✅ clients booking in the language they actually think in
✅ deposits collected without a single awkward phone call
✅ a signed contract in the client's inbox before they close the tab

Live now. See it: https://shimeeventplaning.vercel.app",303,Deposits collected without a single awkward phone call.,SHIME EVENTS,#E8B84B
2027-08-07,341,Saturday,49,PROOF,Shime Events & Planning,shime,https://shimeeventplaning.vercel.app,live,TikTok,"Three things Shime Events & Planning does that a normal event planning business setup cannot 👇

1. clients booking in the language they actually think in
2. deposits collected without a single awkward phone call
3. a signed contract in the client's inbox before they close the tab

Live now.

mulesoo.com

#EventPlanning #ShimeEvents #BilingualWeb #Amharic #MuleSoo",366,Deposits collected without a single awkward phone call.,SHIME EVENTS,#E8B84B
2027-08-07,341,Saturday,49,PROOF,Shime Events & Planning,shime,https://shimeeventplaning.vercel.app,live,X,"Shime Events & Planning:
• clients booking in the language they actually think in
• deposits collected without a single awkward phone call

https://shimeeventplaning.vercel.app",176,Deposits collected without a single awkward phone call.,SHIME EVENTS,#E8B84B
2027-08-08,342,Sunday,49,BEHIND,Tsedi Catering & Events,tsedi,https://tsedicatering.vercel.app,live,LinkedIn,"Under the bonnet of Tsedi Catering & Events:

Google Calendar for availability, Stripe for the deposit, all inside one conversation.

Warm red, gold and cream. Catering brands should look like food, not like software.

None of this is visible to the client, and all of it is why the thing keeps working in month nine.

See it: https://tsedicatering.vercel.app

#CateringBusiness #QRBooking #TsediCatering",404,"Google Calendar for availability, Stripe for the deposit, all inside one conversation.",TSEDI CATERING,#E8B84B
2027-08-08,342,Sunday,49,BEHIND,Tsedi Catering & Events,tsedi,https://tsedicatering.vercel.app,live,Instagram,"Behind the build 🔧 Tsedi Catering & Events

Google Calendar for availability, Stripe for the deposit, all inside one conversation.

The boring decisions are the ones that hold.

#CateringBusiness #QRBooking #TsediCatering #AIAssistant #MuleSoo",244,"Google Calendar for availability, Stripe for the deposit, all inside one conversation.",TSEDI CATERING,#E8B84B
2027-08-08,342,Sunday,49,BEHIND,Tsedi Catering & Events,tsedi,https://tsedicatering.vercel.app,live,Facebook,"A look behind Tsedi Catering & Events:

Google Calendar for availability, Stripe for the deposit, all inside one conversation.

Warm red, gold and cream. Catering brands should look like food, not like software.

We build the invisible parts properly. That is the whole difference between a demo and a system you can run a business on.",335,"Google Calendar for availability, Stripe for the deposit, all inside one conversation.",TSEDI CATERING,#E8B84B
2027-08-08,342,Sunday,49,BEHIND,Tsedi Catering & Events,tsedi,https://tsedicatering.vercel.app,live,TikTok,"Behind the build 🔧

Tsedi Catering & Events: Google Calendar for availability, Stripe for the deposit, all inside one conversation.

The unglamorous decisions are the ones that save you in month nine.

mulesoo.com

#CateringBusiness #QRBooking #TsediCatering #AIAssistant #MuleSoo",281,"Google Calendar for availability, Stripe for the deposit, all inside one conversation.",TSEDI CATERING,#E8B84B
2027-08-08,342,Sunday,49,BEHIND,Tsedi Catering & Events,tsedi,https://tsedicatering.vercel.app,live,X,"Tsedi Catering & Events — under the bonnet:

Google Calendar for availability, Stripe for the deposit, all inside one conversation.",131,"Google Calendar for availability, Stripe for the deposit, all inside one conversation.",TSEDI CATERING,#E8B84B
2027-08-09,343,Monday,49,OFFER,TSI AI Booking Assistant,tsi,https://mulesoo.com/services/chatbot,live,LinkedIn,"How many enquiries went unanswered last night?

We built TSI AI Booking Assistant for exactly that — it never gets tired, rude, or distracted by the lunch rush.

Same system, your brand, your sector.

Tell us what your week looks like and we will tell you honestly whether software fixes it: mulesoo.com/contact

#AIChatbot #Hospitality #Reservations",350,How many enquiries went unanswered last night?,TSI ASSISTANT,#00C8FF
2027-08-09,343,Monday,49,OFFER,TSI AI Booking Assistant,tsi,https://mulesoo.com/services/chatbot,live,Instagram,"How many enquiries went unanswered last night? 🤖

We built TSI AI Booking Assistant to solve it — you get leads arriving with name, contact and intent already captured.

Same system, your brand, your sector.

📩 mulesoo.com/contact
💬 wa.me/27688529333

#AIChatbot #Hospitality #Reservations #CustomerService #MuleSoo",318,How many enquiries went unanswered last night?,TSI ASSISTANT,#00C8FF
2027-08-09,343,Monday,49,OFFER,TSI AI Booking Assistant,tsi,https://mulesoo.com/services/chatbot,live,Facebook,"How many enquiries went unanswered last night?

That is precisely why TSI AI Booking Assistant exists — it never gets tired, rude, or distracted by the lunch rush.

Same system, your brand, your sector. Message us and we will tell you straight whether this is worth it for your business.

📩 mulesoo.com/contact  ·  💬 wa.me/27688529333",336,How many enquiries went unanswered last night?,TSI ASSISTANT,#00C8FF
2027-08-09,343,Monday,49,OFFER,TSI AI Booking Assistant,tsi,https://mulesoo.com/services/chatbot,live,TikTok,"How many enquiries went unanswered last night? 🤖

We already built it once — TSI AI Booking Assistant.

Same system, your brand, your sector.

mulesoo.com

#AIChatbot #Hospitality #Reservations #CustomerService #MuleSoo",220,How many enquiries went unanswered last night?,TSI ASSISTANT,#00C8FF
2027-08-09,343,Monday,49,OFFER,TSI AI Booking Assistant,tsi,https://mulesoo.com/services/chatbot,live,X,"How many enquiries went unanswered last night?

We built TSI AI Booking Assistant for exactly this.

mulesoo.com/contact",120,How many enquiries went unanswered last night?,TSI ASSISTANT,#00C8FF
2027-08-10,344,Tuesday,50,SPOTLIGHT,Sena — AI Front Desk Receptionist,sena,https://mulesoo.com/ai-automation,building,LinkedIn,"Let me show you Sena — AI Front Desk Receptionist.

In one line: a voice receptionist for hotels: the guest clicks Call Reception and Sena actually answers.

The part that matters — she checks live availability, quotes real rates and sends the payment link during the call.

What the owner ends up with: payment collected during the call, not chased afterwards.

Still in build — follow along: mulesoo.com

#VoiceAI #HotelTech #Sena",432,We building Sena — AI Front Desk Receptionist.,SENA · IN BUILD,#7B2FFF
2027-08-10,344,Tuesday,50,SPOTLIGHT,Sena — AI Front Desk Receptionist,sena,https://mulesoo.com/ai-automation,building,Instagram,"🏨 Let me show you Sena — AI Front Desk Receptionist.

A voice receptionist for hotels: the guest clicks Call Reception and Sena actually answers.

✨ she checks live availability, quotes real rates and sends the payment link during the call
✅ payment collected during the call, not chased afterwards

Still in build — follow along: mulesoo.com

#VoiceAI #HotelTech #Sena #Hospitality #MuleSoo",392,We building Sena — AI Front Desk Receptionist.,SENA · IN BUILD,#7B2FFF
2027-08-10,344,Tuesday,50,SPOTLIGHT,Sena — AI Front Desk Receptionist,sena,https://mulesoo.com/ai-automation,building,Facebook,"Let me show you Sena — AI Front Desk Receptionist.

It is a voice receptionist for hotels: the guest clicks Call Reception and Sena actually answers.

The thing people notice first: she checks live availability, quotes real rates and sends the payment link during the call.

If you run a hotel and this sounds like your week — we should talk. mulesoo.com",354,We building Sena — AI Front Desk Receptionist.,SENA · IN BUILD,#7B2FFF
2027-08-10,344,Tuesday,50,SPOTLIGHT,Sena — AI Front Desk Receptionist,sena,https://mulesoo.com/ai-automation,building,TikTok,"POV: you run a hotel. 🏨

We building Sena — AI Front Desk Receptionist.

It does one thing brilliantly: she checks live availability, quotes real rates and sends the payment link during the call.

Full build on mulesoo.com

#VoiceAI #HotelTech #Sena #Hospitality #MuleSoo",272,We building Sena — AI Front Desk Receptionist.,SENA · IN BUILD,#7B2FFF
2027-08-10,344,Tuesday,50,SPOTLIGHT,Sena — AI Front Desk Receptionist,sena,https://mulesoo.com/ai-automation,building,X,"Let me show you Sena — AI Front Desk Receptionist. A voice receptionist for hotels: the guest clicks Call Reception and Sena actually answers.

https://mulesoo.com/ai-automation",177,We building Sena — AI Front Desk Receptionist.,SENA · IN BUILD,#7B2FFF
2027-08-11,345,Wednesday,50,PROBLEM,Yewogen Derash (ወገን ደራሽ),yewogen,https://mulesoo.com/case-studies,building,LinkedIn,"When donations to different causes land in one pot, nobody can prove where the money went.

That was the brief behind Yewogen Derash (ወገን ደራሽ).

We building it around one idea: one campaign, one ledger, one payout summary — funds never mix.

A crowdfunding platform where every campaign owner is identity-verified and no two campaigns share a wallet.

Still in build — follow along: mulesoo.com

#Crowdfunding #Ethiopia #YewogenDerash",434,"When donations to different causes land in one pot, nobody can prove where the money went.",YEWOGEN DERASH · IN BUILD,#00C8FF
2027-08-11,345,Wednesday,50,PROBLEM,Yewogen Derash (ወገን ደራሽ),yewogen,https://mulesoo.com/case-studies,building,Instagram,"When donations to different causes land in one pot, nobody can prove where the money went. 😮‍💨

So we building Yewogen Derash (ወገን ደራሽ).

One campaign, one ledger, one payout summary — funds never mix.

Still in build — follow along: mulesoo.com

#Crowdfunding #Ethiopia #YewogenDerash #FinTech #MuleSoo",305,"When donations to different causes land in one pot, nobody can prove where the money went.",YEWOGEN DERASH · IN BUILD,#00C8FF
2027-08-11,345,Wednesday,50,PROBLEM,Yewogen Derash (ወገን ደራሽ),yewogen,https://mulesoo.com/case-studies,building,Facebook,"When donations to different causes land in one pot, nobody can prove where the money went.

Every fundraising campaign we have spoken to says a version of that sentence.

Yewogen Derash (ወገን ደራሽ) exists to end it — one campaign, one ledger, one payout summary — funds never mix.

Still in build — follow along: mulesoo.com",322,"When donations to different causes land in one pot, nobody can prove where the money went.",YEWOGEN DERASH · IN BUILD,#00C8FF
2027-08-11,345,Wednesday,50,PROBLEM,Yewogen Derash (ወገን ደራሽ),yewogen,https://mulesoo.com/case-studies,building,TikTok,"Tell me you run a fundraising campaign without telling me. 👇

""When donations to different causes land in one pot, nobody can prove where the money went.""

That is why we building Yewogen Derash (ወገን ደራሽ) — one campaign, one ledger, one payout summary — funds never mix.

mulesoo.com

#Crowdfunding #Ethiopia #YewogenDerash #FinTech #MuleSoo",342,"When donations to different causes land in one pot, nobody can prove where the money went.",YEWOGEN DERASH · IN BUILD,#00C8FF
2027-08-11,345,Wednesday,50,PROBLEM,Yewogen Derash (ወገን ደራሽ),yewogen,https://mulesoo.com/case-studies,building,X,"When donations to different causes land in one pot, nobody can prove where the money went.

So we building Yewogen Derash.

https://mulesoo.com/case-studies",156,"When donations to different causes land in one pot, nobody can prove where the money went.",YEWOGEN DERASH · IN BUILD,#00C8FF
2027-08-12,346,Thursday,50,FUNNY,Pretoria Kidane Mihret Church Platform,church,https://mulesoo.com/portfolio,live,LinkedIn,"We were asked for ""dignified"". We removed every animation that was showing off.

Behind the joke there is a real system: Pretoria Kidane Mihret Church Platform — a bilingual Amharic and English home for a parish, with the whole site editable by the church itself.

Humour is just the shortest way to describe a problem everyone running a church or community organisation already has.

See it: https://mulesoo.com/portfolio

#ChurchWebsite #Amharic #Bilingual",458,"We were asked for ""dignified"". We removed every animation that was showing off.",KIDANE MIHRET,#E8B84B
2027-08-12,346,Thursday,50,FUNNY,Pretoria Kidane Mihret Church Platform,church,https://mulesoo.com/portfolio,live,Instagram,"We were asked for ""dignified"". We removed every animation that was showing off. 😂

(Pretoria Kidane Mihret Church Platform. Yes, it is real.)

See it: https://mulesoo.com/portfolio

#ChurchWebsite #Amharic #Bilingual #Pretoria #MuleSoo",236,"We were asked for ""dignified"". We removed every animation that was showing off.",KIDANE MIHRET,#E8B84B
2027-08-12,346,Thursday,50,FUNNY,Pretoria Kidane Mihret Church Platform,church,https://mulesoo.com/portfolio,live,Facebook,"We were asked for ""dignified"". We removed every animation that was showing off.

True story from building Pretoria Kidane Mihret Church Platform — a bilingual Amharic and English home for a parish, with the whole site editable by the church itself.

Amharic first, English second. The font rendering alone was a spiritual exercise.

See it: https://mulesoo.com/portfolio",370,"We were asked for ""dignified"". We removed every animation that was showing off.",KIDANE MIHRET,#E8B84B
2027-08-12,346,Thursday,50,FUNNY,Pretoria Kidane Mihret Church Platform,church,https://mulesoo.com/portfolio,live,TikTok,"We were asked for ""dignified"". We removed every animation that was showing off. 💀

Not a joke though — Pretoria Kidane Mihret Church Platform actually does this.

Amharic first, English second. The font rendering alone was a spiritual exercise.

mulesoo.com

#ChurchWebsite #Amharic #Bilingual #Pretoria #MuleSoo",313,"We were asked for ""dignified"". We removed every animation that was showing off.",KIDANE MIHRET,#E8B84B
2027-08-12,346,Thursday,50,FUNNY,Pretoria Kidane Mihret Church Platform,church,https://mulesoo.com/portfolio,live,X,"We were asked for ""dignified"". We removed every animation that was showing off.

— from building Pretoria Kidane Mihret Church Platform",135,"We were asked for ""dignified"". We removed every animation that was showing off.",KIDANE MIHRET,#E8B84B
2027-08-13,347,Friday,50,HOWTO,DR. Hospital — AI Clinic System,drhospital,https://mulesoo.com/case-studies,building,LinkedIn,"Something DR. Hospital — AI Clinic System taught us:

Say ""in development"" when it is in development. Health clients check.

Two more from the same build:

• In healthcare, design the data model and the access rules before the first screen.
• Reminders reduce no-shows more than any redesign of your booking page will.

All three are in the live product, not in a slide deck. Still in build — follow along: mulesoo.com

#HealthTech #ClinicSoftware #AIIntake",457,"Say ""in development"" when it is in development. Health clients check.",DR. HOSPITAL · IN BUILD,#00FF88
2027-08-13,347,Friday,50,HOWTO,DR. Hospital — AI Clinic System,drhospital,https://mulesoo.com/case-studies,building,Instagram,"Lesson from building DR. Hospital — AI Clinic System 🩺

📌 Say ""in development"" when it is in development. Health clients check.

Save this one — it applies far beyond this one project.

#HealthTech #ClinicSoftware #AIIntake #POPIA #MuleSoo",241,"Say ""in development"" when it is in development. Health clients check.",DR. HOSPITAL · IN BUILD,#00FF88
2027-08-13,347,Friday,50,HOWTO,DR. Hospital — AI Clinic System,drhospital,https://mulesoo.com/case-studies,building,Facebook,"A free lesson from building DR. Hospital — AI Clinic System:

Say ""in development"" when it is in development. Health clients check.

It sounds small. It is the difference between a system that works and one that quietly loses you money.

More of how we build: mulesoo.com",271,"Say ""in development"" when it is in development. Health clients check.",DR. HOSPITAL · IN BUILD,#00FF88
2027-08-13,347,Friday,50,HOWTO,DR. Hospital — AI Clinic System,drhospital,https://mulesoo.com/case-studies,building,TikTok,"Free game from a real build 🧠

Say ""in development"" when it is in development. Health clients check.

Learned it building DR. Hospital — AI Clinic System.

mulesoo.com

#HealthTech #ClinicSoftware #AIIntake #POPIA #MuleSoo",223,"Say ""in development"" when it is in development. Health clients check.",DR. HOSPITAL · IN BUILD,#00FF88
2027-08-13,347,Friday,50,HOWTO,DR. Hospital — AI Clinic System,drhospital,https://mulesoo.com/case-studies,building,X,"Say ""in development"" when it is in development. Health clients check.

— learned building DR. Hospital",102,"Say ""in development"" when it is in development. Health clients check.",DR. HOSPITAL · IN BUILD,#00FF88
2027-08-14,348,Saturday,50,PROOF,MuleSoo Guides & Digital Store,guides,https://mulesoo.com/store,live,LinkedIn,"What MuleSoo Guides & Digital Store actually does — not adjectives, features:

• the exact process behind live client builds
• instant download, no subscription
• a shelf that keeps selling after it is written

Live now. See it: https://mulesoo.com/store

No invented statistics on this page. Open it and check for yourself.

#DigitalProducts #ClaudeCode #LearnToBuild",368,"Instant download, no subscription.",MULESOO STORE,#E8B84B
2027-08-14,348,Saturday,50,PROOF,MuleSoo Guides & Digital Store,guides,https://mulesoo.com/store,live,Instagram,"📘 MuleSoo Guides & Digital Store — what you actually get:

✅ the exact process behind live client builds
✅ instant download, no subscription
✅ a shelf that keeps selling after it is written

Live now.

See it: https://mulesoo.com/store

#DigitalProducts #ClaudeCode #LearnToBuild #PassiveIncome #MuleSoo",304,"Instant download, no subscription.",MULESOO STORE,#E8B84B
2027-08-14,348,Saturday,50,PROOF,MuleSoo Guides & Digital Store,guides,https://mulesoo.com/store,live,Facebook,"People ask what ""MuleSoo Guides & Digital Store"" really means. Plainly:

✅ the exact process behind live client builds
✅ instant download, no subscription
✅ a shelf that keeps selling after it is written

Live now. See it: https://mulesoo.com/store",248,"Instant download, no subscription.",MULESOO STORE,#E8B84B
2027-08-14,348,Saturday,50,PROOF,MuleSoo Guides & Digital Store,guides,https://mulesoo.com/store,live,TikTok,"Three things MuleSoo Guides & Digital Store does that a normal knowledge business setup cannot 👇

1. the exact process behind live client builds
2. instant download, no subscription
3. a shelf that keeps selling after it is written

Live now.

mulesoo.com

#DigitalProducts #ClaudeCode #LearnToBuild #PassiveIncome #MuleSoo",324,"Instant download, no subscription.",MULESOO STORE,#E8B84B
2027-08-14,348,Saturday,50,PROOF,MuleSoo Guides & Digital Store,guides,https://mulesoo.com/store,live,X,"MuleSoo Guides & Digital Store:
• the exact process behind live client builds
• instant download, no subscription

https://mulesoo.com/store",140,"Instant download, no subscription.",MULESOO STORE,#E8B84B
2027-08-15,349,Sunday,50,BEHIND,MuleSoo Digital Services,mulesoo,https://mulesoo.com,live,LinkedIn,"Under the bonnet of MuleSoo Digital Services:

The whole admin is installable as a private PWA, so the business runs from a phone on the way to a meeting.

Face login runs through a QR handshake to your phone camera — the laptop never handles the biometric.

None of this is visible to the client, and all of it is why the thing keeps working in month nine.

See it: https://mulesoo.com

#MuleSoo #WebDesignPretoria #AIforBusiness",430,"The whole admin is installable as a private PWA, so the business runs from a phone on the way to a meeting.",MULESOO PLATFORM,#00C8FF
2027-08-15,349,Sunday,50,BEHIND,MuleSoo Digital Services,mulesoo,https://mulesoo.com,live,Instagram,"Behind the build 🔧 MuleSoo Digital Services

The whole admin is installable as a private PWA, so the business runs from a phone on the way to a meeting.

The boring decisions are the ones that hold.

#MuleSoo #WebDesignPretoria #AIforBusiness #SouthAfricaTech #NextJS",268,"The whole admin is installable as a private PWA, so the business runs from a phone on the way to a meeting.",MULESOO PLATFORM,#00C8FF
2027-08-15,349,Sunday,50,BEHIND,MuleSoo Digital Services,mulesoo,https://mulesoo.com,live,Facebook,"A look behind MuleSoo Digital Services:

The whole admin is installable as a private PWA, so the business runs from a phone on the way to a meeting.

Face login runs through a QR handshake to your phone camera — the laptop never handles the biometric.

We build the invisible parts properly. That is the whole difference between a demo and a system you can run a business on.",375,"The whole admin is installable as a private PWA, so the business runs from a phone on the way to a meeting.",MULESOO PLATFORM,#00C8FF
2027-08-15,349,Sunday,50,BEHIND,MuleSoo Digital Services,mulesoo,https://mulesoo.com,live,TikTok,"Behind the build 🔧

MuleSoo Digital Services: The whole admin is installable as a private PWA, so the business runs from a phone on the way to a meeting.

The unglamorous decisions are the ones that save you in month nine.

mulesoo.com

#MuleSoo #WebDesignPretoria #AIforBusiness #SouthAfricaTech #NextJS",305,"The whole admin is installable as a private PWA, so the business runs from a phone on the way to a meeting.",MULESOO PLATFORM,#00C8FF
2027-08-15,349,Sunday,50,BEHIND,MuleSoo Digital Services,mulesoo,https://mulesoo.com,live,X,"MuleSoo Digital Services — under the bonnet:

The whole admin is installable as a private PWA, so the business runs from a phone on the way to a meeting.",153,"The whole admin is installable as a private PWA, so the business runs from a phone on the way to a meeting.",MULESOO PLATFORM,#00C8FF
2027-08-16,350,Monday,50,OFFER,Habesha Celebration Events,habesha,https://habeshaeventsplanner.netlify.app,live,LinkedIn,"Planning weddings and still answering every enquiry by hand?

We built Habesha Celebration Events for exactly that — a brand presence that makes a family trust you with the biggest day of their life.

Same system, your brand, your sector.

Tell us what your week looks like and we will tell you honestly whether software fixes it: mulesoo.com/contact

#HabeshaEvents #EthiopianWedding #EventPlanner",398,Planning weddings and still answering every enquiry by hand?,HABESHA EVENTS,#7B2FFF
2027-08-16,350,Monday,50,OFFER,Habesha Celebration Events,habesha,https://habeshaeventsplanner.netlify.app,live,Instagram,"Planning weddings and still answering every enquiry by hand? 💍

We built Habesha Celebration Events to solve it — you get enquiries captured around the clock, not just office hours.

Same system, your brand, your sector.

📩 mulesoo.com/contact
💬 wa.me/27688529333

#HabeshaEvents #EthiopianWedding #EventPlanner #WeddingSA #MuleSoo",334,Planning weddings and still answering every enquiry by hand?,HABESHA EVENTS,#7B2FFF
2027-08-16,350,Monday,50,OFFER,Habesha Celebration Events,habesha,https://habeshaeventsplanner.netlify.app,live,Facebook,"Planning weddings and still answering every enquiry by hand?

That is precisely why Habesha Celebration Events exists — a brand presence that makes a family trust you with the biggest day of their life.

Same system, your brand, your sector. Message us and we will tell you straight whether this is worth it for your business.

📩 mulesoo.com/contact  ·  💬 wa.me/27688529333",375,Planning weddings and still answering every enquiry by hand?,HABESHA EVENTS,#7B2FFF
2027-08-16,350,Monday,50,OFFER,Habesha Celebration Events,habesha,https://habeshaeventsplanner.netlify.app,live,TikTok,"Planning weddings and still answering every enquiry by hand? 💍

We already built it once — Habesha Celebration Events.

Same system, your brand, your sector.

mulesoo.com

#HabeshaEvents #EthiopianWedding #EventPlanner #WeddingSA #MuleSoo",239,Planning weddings and still answering every enquiry by hand?,HABESHA EVENTS,#7B2FFF
2027-08-16,350,Monday,50,OFFER,Habesha Celebration Events,habesha,https://habeshaeventsplanner.netlify.app,live,X,"Planning weddings and still answering every enquiry by hand?

We built Habesha Celebration Events for exactly this.

mulesoo.com/contact",136,Planning weddings and still answering every enquiry by hand?,HABESHA EVENTS,#7B2FFF
2027-08-17,351,Tuesday,51,SPOTLIGHT,YoYo Gym — AI Membership Platform,yoyogym,https://yoyogym.vercel.app,live,LinkedIn,"Let me show you YoYo Gym — AI Membership Platform.

In one line: a full gym membership, booking and check-in system that runs the floor on autopilot.

The part that matters — QR check-in, so the front desk becomes a scanner instead of a bottleneck.

What the owner ends up with: QR check-in that clears the morning queue.

See it: https://yoyogym.vercel.app

#GymSoftware #FitnessBusiness #YoYoGym",397,We built YoYo Gym — AI Membership Platform.,YOYO GYM,#00FF88
2027-08-17,351,Tuesday,51,SPOTLIGHT,YoYo Gym — AI Membership Platform,yoyogym,https://yoyogym.vercel.app,live,Instagram,"🏋️ Let me show you YoYo Gym — AI Membership Platform.

A full gym membership, booking and check-in system that runs the floor on autopilot.

✨ QR check-in, so the front desk becomes a scanner instead of a bottleneck
✅ QR check-in that clears the morning queue

See it: https://yoyogym.vercel.app

#GymSoftware #FitnessBusiness #YoYoGym #MembershipSystem #MuleSoo",363,We built YoYo Gym — AI Membership Platform.,YOYO GYM,#00FF88
2027-08-17,351,Tuesday,51,SPOTLIGHT,YoYo Gym — AI Membership Platform,yoyogym,https://yoyogym.vercel.app,live,Facebook,"Let me show you YoYo Gym — AI Membership Platform.

It is a full gym membership, booking and check-in system that runs the floor on autopilot.

The thing people notice first: QR check-in, so the front desk becomes a scanner instead of a bottleneck.

If you run a gym and this sounds like your week — we should talk. mulesoo.com",327,We built YoYo Gym — AI Membership Platform.,YOYO GYM,#00FF88
2027-08-17,351,Tuesday,51,SPOTLIGHT,YoYo Gym — AI Membership Platform,yoyogym,https://yoyogym.vercel.app,live,TikTok,"POV: you run a gym. 🏋️

We built YoYo Gym — AI Membership Platform.

It does one thing brilliantly: QR check-in, so the front desk becomes a scanner instead of a bottleneck.

Full build on mulesoo.com

#GymSoftware #FitnessBusiness #YoYoGym #MembershipSystem #MuleSoo",268,We built YoYo Gym — AI Membership Platform.,YOYO GYM,#00FF88
2027-08-17,351,Tuesday,51,SPOTLIGHT,YoYo Gym — AI Membership Platform,yoyogym,https://yoyogym.vercel.app,live,X,"Let me show you YoYo Gym — AI Membership Platform. A full gym membership, booking and check-in system that runs the floor on autopilot.

https://yoyogym.vercel.app",163,We built YoYo Gym — AI Membership Platform.,YOYO GYM,#00FF88
2027-08-18,352,Wednesday,51,PROBLEM,X-Boss Photography Studio,xboss,https://xbossphotography.vercel.app,live,LinkedIn,"""Are you free on the 14th?"" asked forty times a week is a job, and nobody is paying for it.

That was the brief behind X-Boss Photography Studio.

We built it around one idea: a two-page signable PDF confirmation with the studio QR code, generated on demand.

A dark-luxury booking system with an AI assistant, an admin dashboard and signable PDF confirmations.

See it: https://xbossphotography.vercel.app

#PhotographyBusiness #StudioBooking #XBoss",450,"""Are you free on the 14th?"" asked forty times a week is a job, and nobody is paying for it.",X-BOSS PHOTOGRAPHY,#E8B84B
2027-08-18,352,Wednesday,51,PROBLEM,X-Boss Photography Studio,xboss,https://xbossphotography.vercel.app,live,Instagram,"""Are you free on the 14th?"" asked forty times a week is a job, and nobody is paying for it. 😮‍💨

So we built X-Boss Photography Studio.

A two-page signable PDF confirmation with the studio QR code, generated on demand.

See it: https://xbossphotography.vercel.app

#PhotographyBusiness #StudioBooking #XBoss #BookingSystem #MuleSoo",334,"""Are you free on the 14th?"" asked forty times a week is a job, and nobody is paying for it.",X-BOSS PHOTOGRAPHY,#E8B84B
2027-08-18,352,Wednesday,51,PROBLEM,X-Boss Photography Studio,xboss,https://xbossphotography.vercel.app,live,Facebook,"""Are you free on the 14th?"" asked forty times a week is a job, and nobody is paying for it.

Every photography studio we have spoken to says a version of that sentence.

X-Boss Photography Studio exists to end it — a two-page signable PDF confirmation with the studio QR code, generated on demand.

See it: https://xbossphotography.vercel.app",342,"""Are you free on the 14th?"" asked forty times a week is a job, and nobody is paying for it.",X-BOSS PHOTOGRAPHY,#E8B84B
2027-08-18,352,Wednesday,51,PROBLEM,X-Boss Photography Studio,xboss,https://xbossphotography.vercel.app,live,TikTok,"Tell me you run a photography studio without telling me. 👇

""""Are you free on the 14th?"" asked forty times a week is a job, and nobody is paying for it.""

That is why we built X-Boss Photography Studio — a two-page signable PDF confirmation with the studio QR code, generated on demand.

mulesoo.com

#PhotographyBusiness #StudioBooking #XBoss #BookingSystem #MuleSoo",368,"""Are you free on the 14th?"" asked forty times a week is a job, and nobody is paying for it.",X-BOSS PHOTOGRAPHY,#E8B84B
2027-08-18,352,Wednesday,51,PROBLEM,X-Boss Photography Studio,xboss,https://xbossphotography.vercel.app,live,X,"""Are you free on the 14th?"" asked forty times a week is a job, and nobody is paying for it.

So we built X-Boss Photography Studio.

https://xbossphotography.vercel.app",168,"""Are you free on the 14th?"" asked forty times a week is a job, and nobody is paying for it.",X-BOSS PHOTOGRAPHY,#E8B84B
2027-08-19,353,Thursday,51,FUNNY,Shime Events & Planning,shime,https://shimeeventplaning.vercel.app,live,LinkedIn,"Navy and gold. Because ""luxury event planning"" in default blue is a crime scene.

Behind the joke there is a real system: Shime Events & Planning — a bilingual booking assistant that walks a client through seventeen steps and ends with a signed PDF contract.

Humour is just the shortest way to describe a problem everyone running an event planning business already has.

See it: https://shimeeventplaning.vercel.app

#EventPlanning #ShimeEvents #BilingualWeb",459,"Navy and gold. Because ""luxury event planning"" in default blue is a crime scene.",SHIME EVENTS,#E8B84B
2027-08-19,353,Thursday,51,FUNNY,Shime Events & Planning,shime,https://shimeeventplaning.vercel.app,live,Instagram,"Navy and gold. Because ""luxury event planning"" in default blue is a crime scene. 😂

(Shime Events & Planning. Yes, it is real.)

See it: https://shimeeventplaning.vercel.app

#EventPlanning #ShimeEvents #BilingualWeb #Amharic #MuleSoo",235,"Navy and gold. Because ""luxury event planning"" in default blue is a crime scene.",SHIME EVENTS,#E8B84B
2027-08-19,353,Thursday,51,FUNNY,Shime Events & Planning,shime,https://shimeeventplaning.vercel.app,live,Facebook,"Navy and gold. Because ""luxury event planning"" in default blue is a crime scene.

True story from building Shime Events & Planning — a bilingual booking assistant that walks a client through seventeen steps and ends with a signed PDF contract.

It speaks Amharic and English. It still cannot explain why the cake is late.

See it: https://shimeeventplaning.vercel.app",367,"Navy and gold. Because ""luxury event planning"" in default blue is a crime scene.",SHIME EVENTS,#E8B84B
2027-08-19,353,Thursday,51,FUNNY,Shime Events & Planning,shime,https://shimeeventplaning.vercel.app,live,TikTok,"Navy and gold. Because ""luxury event planning"" in default blue is a crime scene. 💀

Not a joke though — Shime Events & Planning actually does this.

It speaks Amharic and English. It still cannot explain why the cake is late.

mulesoo.com

#EventPlanning #ShimeEvents #BilingualWeb #Amharic #MuleSoo",300,"Navy and gold. Because ""luxury event planning"" in default blue is a crime scene.",SHIME EVENTS,#E8B84B
2027-08-19,353,Thursday,51,FUNNY,Shime Events & Planning,shime,https://shimeeventplaning.vercel.app,live,X,"Navy and gold. Because ""luxury event planning"" in default blue is a crime scene.

— from building Shime Events & Planning",121,"Navy and gold. Because ""luxury event planning"" in default blue is a crime scene.",SHIME EVENTS,#E8B84B
2027-08-20,354,Friday,51,HOWTO,Tsedi Catering & Events,tsedi,https://tsedicatering.vercel.app,live,LinkedIn,"Something Tsedi Catering & Events taught us:

Ask for dietary needs up front. It is a service detail that quietly closes the sale.

Two more from the same build:

• You do not always need a website. Sometimes you need one QR code that finishes the job.
• Check the calendar before you confirm, not after. Double-booking is how caterers lose reputations.

All three are in the live product, not in a slide deck. See it: https://tsedicatering.vercel.app

#CateringBusiness #QRBooking #TsediCatering",496,Ask for dietary needs up front. It is a service detail that quietly closes the sale.,TSEDI CATERING,#E8B84B
2027-08-20,354,Friday,51,HOWTO,Tsedi Catering & Events,tsedi,https://tsedicatering.vercel.app,live,Instagram,"Lesson from building Tsedi Catering & Events 🍽️

📌 Ask for dietary needs up front. It is a service detail that quietly closes the sale.

Save this one — it applies far beyond this one project.

#CateringBusiness #QRBooking #TsediCatering #AIAssistant #MuleSoo",261,Ask for dietary needs up front. It is a service detail that quietly closes the sale.,TSEDI CATERING,#E8B84B
2027-08-20,354,Friday,51,HOWTO,Tsedi Catering & Events,tsedi,https://tsedicatering.vercel.app,live,Facebook,"A free lesson from building Tsedi Catering & Events:

Ask for dietary needs up front. It is a service detail that quietly closes the sale.

It sounds small. It is the difference between a system that works and one that quietly loses you money.

More of how we build: mulesoo.com",278,Ask for dietary needs up front. It is a service detail that quietly closes the sale.,TSEDI CATERING,#E8B84B
2027-08-20,354,Friday,51,HOWTO,Tsedi Catering & Events,tsedi,https://tsedicatering.vercel.app,live,TikTok,"Free game from a real build 🧠

Ask for dietary needs up front. It is a service detail that quietly closes the sale.

Learned it building Tsedi Catering & Events.

mulesoo.com

#CateringBusiness #QRBooking #TsediCatering #AIAssistant #MuleSoo",242,Ask for dietary needs up front. It is a service detail that quietly closes the sale.,TSEDI CATERING,#E8B84B
2027-08-20,354,Friday,51,HOWTO,Tsedi Catering & Events,tsedi,https://tsedicatering.vercel.app,live,X,"Ask for dietary needs up front. It is a service detail that quietly closes the sale.

— learned building Tsedi Catering & Events",128,Ask for dietary needs up front. It is a service detail that quietly closes the sale.,TSEDI CATERING,#E8B84B
2027-08-21,355,Saturday,51,PROOF,TSI AI Booking Assistant,tsi,https://mulesoo.com/services/chatbot,live,LinkedIn,"What TSI AI Booking Assistant actually does — not adjectives, features:

• every after-hours enquiry answered instead of lost
• leads arriving with name, contact and intent already captured
• your team freed from repeating the same six answers

Live now. See it: https://mulesoo.com/services/chatbot

No invented statistics on this page. Open it and check for yourself.

#AIChatbot #Hospitality #Reservations",408,"Leads arriving with name, contact and intent already captured.",TSI ASSISTANT,#00C8FF
2027-08-21,355,Saturday,51,PROOF,TSI AI Booking Assistant,tsi,https://mulesoo.com/services/chatbot,live,Instagram,"🤖 TSI AI Booking Assistant — what you actually get:

✅ every after-hours enquiry answered instead of lost
✅ leads arriving with name, contact and intent already captured
✅ your team freed from repeating the same six answers

Live now.

See it: https://mulesoo.com/services/chatbot

#AIChatbot #Hospitality #Reservations #CustomerService #MuleSoo",346,"Leads arriving with name, contact and intent already captured.",TSI ASSISTANT,#00C8FF
2027-08-21,355,Saturday,51,PROOF,TSI AI Booking Assistant,tsi,https://mulesoo.com/services/chatbot,live,Facebook,"People ask what ""TSI AI Booking Assistant"" really means. Plainly:

✅ every after-hours enquiry answered instead of lost
✅ leads arriving with name, contact and intent already captured
✅ your team freed from repeating the same six answers

Live now. See it: https://mulesoo.com/services/chatbot",293,"Leads arriving with name, contact and intent already captured.",TSI ASSISTANT,#00C8FF
2027-08-21,355,Saturday,51,PROOF,TSI AI Booking Assistant,tsi,https://mulesoo.com/services/chatbot,live,TikTok,"Three things TSI AI Booking Assistant does that a normal hotel or restaurant setup cannot 👇

1. every after-hours enquiry answered instead of lost
2. leads arriving with name, contact and intent already captured
3. your team freed from repeating the same six answers

Live now.

mulesoo.com

#AIChatbot #Hospitality #Reservations #CustomerService #MuleSoo",356,"Leads arriving with name, contact and intent already captured.",TSI ASSISTANT,#00C8FF
2027-08-21,355,Saturday,51,PROOF,TSI AI Booking Assistant,tsi,https://mulesoo.com/services/chatbot,live,X,"TSI AI Booking Assistant:
• every after-hours enquiry answered instead of lost
• leads arriving with name, contact and intent already captured

https://mulesoo.com/services/chatbot",180,"Leads arriving with name, contact and intent already captured.",TSI ASSISTANT,#00C8FF
2027-08-22,356,Sunday,51,BEHIND,Sena — AI Front Desk Receptionist,sena,https://mulesoo.com/ai-automation,building,LinkedIn,"Under the bonnet of Sena — AI Front Desk Receptionist:

The Paystack webhook is hardened for signature, underpayment and idempotency before anything is confirmed.

Scheduled jobs expire holds and handle arrivals, each one idempotent against the ledger.

None of this is visible to the client, and all of it is why the thing keeps working in month nine.

Still in build — follow along: mulesoo.com

#VoiceAI #HotelTech #Sena",423,"The Paystack webhook is hardened for signature, underpayment and idempotency before anything is confirmed.",SENA · IN BUILD,#7B2FFF
2027-08-22,356,Sunday,51,BEHIND,Sena — AI Front Desk Receptionist,sena,https://mulesoo.com/ai-automation,building,Instagram,"Behind the build 🔧 Sena — AI Front Desk Receptionist

The Paystack webhook is hardened for signature, underpayment and idempotency before anything is confirmed.

The boring decisions are the ones that hold.

#VoiceAI #HotelTech #Sena #Hospitality #MuleSoo",256,"The Paystack webhook is hardened for signature, underpayment and idempotency before anything is confirmed.",SENA · IN BUILD,#7B2FFF
2027-08-22,356,Sunday,51,BEHIND,Sena — AI Front Desk Receptionist,sena,https://mulesoo.com/ai-automation,building,Facebook,"A look behind Sena — AI Front Desk Receptionist:

The Paystack webhook is hardened for signature, underpayment and idempotency before anything is confirmed.

Scheduled jobs expire holds and handle arrivals, each one idempotent against the ledger.

We build the invisible parts properly. That is the whole difference between a demo and a system you can run a business on.",370,"The Paystack webhook is hardened for signature, underpayment and idempotency before anything is confirmed.",SENA · IN BUILD,#7B2FFF
2027-08-22,356,Sunday,51,BEHIND,Sena — AI Front Desk Receptionist,sena,https://mulesoo.com/ai-automation,building,TikTok,"Behind the build 🔧

Sena — AI Front Desk Receptionist: The Paystack webhook is hardened for signature, underpayment and idempotency before anything is confirmed.

The unglamorous decisions are the ones that save you in month nine.

mulesoo.com

#VoiceAI #HotelTech #Sena #Hospitality #MuleSoo",293,"The Paystack webhook is hardened for signature, underpayment and idempotency before anything is confirmed.",SENA · IN BUILD,#7B2FFF
2027-08-22,356,Sunday,51,BEHIND,Sena — AI Front Desk Receptionist,sena,https://mulesoo.com/ai-automation,building,X,"Sena — under the bonnet:

The Paystack webhook is hardened for signature, underpayment and idempotency before anything is confirmed.",132,"The Paystack webhook is hardened for signature, underpayment and idempotency before anything is confirmed.",SENA · IN BUILD,#7B2FFF
2027-08-23,357,Monday,51,OFFER,Yewogen Derash (ወገን ደራሽ),yewogen,https://mulesoo.com/case-studies,building,LinkedIn,"Raising funds and need donors to trust the platform first?

We building Yewogen Derash (ወገን ደራሽ) for exactly that — no payment is marked successful until the gateway webhook verifies it.

Early partners get it first, at build pricing.

Tell us what your week looks like and we will tell you honestly whether software fixes it: mulesoo.com/contact

#Crowdfunding #Ethiopia #YewogenDerash",386,Raising funds and need donors to trust the platform first?,YEWOGEN DERASH · IN BUILD,#00C8FF
2027-08-23,357,Monday,51,OFFER,Yewogen Derash (ወገን ደራሽ),yewogen,https://mulesoo.com/case-studies,building,Instagram,"Raising funds and need donors to trust the platform first? 🤝

We building Yewogen Derash (ወገን ደራሽ) to solve it — you get per-campaign ledgers that survive an audit.

Early partners get it first, at build pricing.

📩 mulesoo.com/contact
💬 wa.me/27688529333

#Crowdfunding #Ethiopia #YewogenDerash #FinTech #MuleSoo",316,Raising funds and need donors to trust the platform first?,YEWOGEN DERASH · IN BUILD,#00C8FF
2027-08-23,357,Monday,51,OFFER,Yewogen Derash (ወገን ደራሽ),yewogen,https://mulesoo.com/case-studies,building,Facebook,"Raising funds and need donors to trust the platform first?

That is precisely why Yewogen Derash (ወገን ደራሽ) exists — no payment is marked successful until the gateway webhook verifies it.

Early partners get it first, at build pricing. Message us and we will tell you straight whether this is worth it for your business.

📩 mulesoo.com/contact  ·  💬 wa.me/27688529333",368,Raising funds and need donors to trust the platform first?,YEWOGEN DERASH · IN BUILD,#00C8FF
2027-08-23,357,Monday,51,OFFER,Yewogen Derash (ወገን ደራሽ),yewogen,https://mulesoo.com/case-studies,building,TikTok,"Raising funds and need donors to trust the platform first? 🤝

We already building it once — Yewogen Derash (ወገን ደራሽ).

Early partners get it first, at build pricing.

mulesoo.com

#Crowdfunding #Ethiopia #YewogenDerash #FinTech #MuleSoo",237,Raising funds and need donors to trust the platform first?,YEWOGEN DERASH · IN BUILD,#00C8FF
2027-08-23,357,Monday,51,OFFER,Yewogen Derash (ወገን ደራሽ),yewogen,https://mulesoo.com/case-studies,building,X,"Raising funds and need donors to trust the platform first?

We building Yewogen Derash (ወገን ደራሽ) for exactly this.

mulesoo.com/contact",135,Raising funds and need donors to trust the platform first?,YEWOGEN DERASH · IN BUILD,#00C8FF
2027-08-24,358,Tuesday,52,SPOTLIGHT,Pretoria Kidane Mihret Church Platform,church,https://mulesoo.com/portfolio,live,LinkedIn,"Let me show you Pretoria Kidane Mihret Church Platform.

In one line: a bilingual Amharic and English home for a parish, with the whole site editable by the church itself.

The part that matters — service times, priest, address and contact all editable from an admin panel, no code touched.

What the owner ends up with: content the church updates itself, instantly.

See it: https://mulesoo.com/portfolio

#ChurchWebsite #Amharic #Bilingual",441,We built Pretoria Kidane Mihret Church Platform.,KIDANE MIHRET,#E8B84B
2027-08-24,358,Tuesday,52,SPOTLIGHT,Pretoria Kidane Mihret Church Platform,church,https://mulesoo.com/portfolio,live,Instagram,"⛪ Let me show you Pretoria Kidane Mihret Church Platform.

A bilingual Amharic and English home for a parish, with the whole site editable by the church itself.

✨ service times, priest, address and contact all editable from an admin panel, no code touched
✅ content the church updates itself, instantly

See it: https://mulesoo.com/portfolio

#ChurchWebsite #Amharic #Bilingual #Pretoria #MuleSoo",397,We built Pretoria Kidane Mihret Church Platform.,KIDANE MIHRET,#E8B84B
2027-08-24,358,Tuesday,52,SPOTLIGHT,Pretoria Kidane Mihret Church Platform,church,https://mulesoo.com/portfolio,live,Facebook,"Let me show you Pretoria Kidane Mihret Church Platform.

It is a bilingual Amharic and English home for a parish, with the whole site editable by the church itself.

The thing people notice first: service times, priest, address and contact all editable from an admin panel, no code touched.

If you run a church or community organisation and this sounds like your week — we should talk. mulesoo.com",398,We built Pretoria Kidane Mihret Church Platform.,KIDANE MIHRET,#E8B84B
2027-08-24,358,Tuesday,52,SPOTLIGHT,Pretoria Kidane Mihret Church Platform,church,https://mulesoo.com/portfolio,live,TikTok,"POV: you run a church or community organisation. ⛪

We built Pretoria Kidane Mihret Church Platform.

It does one thing brilliantly: service times, priest, address and contact all editable from an admin panel, no code touched.

Full build on mulesoo.com

#ChurchWebsite #Amharic #Bilingual #Pretoria #MuleSoo",308,We built Pretoria Kidane Mihret Church Platform.,KIDANE MIHRET,#E8B84B
2027-08-24,358,Tuesday,52,SPOTLIGHT,Pretoria Kidane Mihret Church Platform,church,https://mulesoo.com/portfolio,live,X,"Let me show you Pretoria Kidane Mihret Church Platform. A bilingual Amharic and English home for a parish, with the whole site editable by the church itself.

https://mulesoo.com/portfolio",188,We built Pretoria Kidane Mihret Church Platform.,KIDANE MIHRET,#E8B84B
2027-08-25,359,Wednesday,52,PROBLEM,DR. Hospital — AI Clinic System,drhospital,https://mulesoo.com/case-studies,building,LinkedIn,"Patients phone during consulting hours because there is no other way to book.

That was the brief behind DR. Hospital — AI Clinic System.

We building it around one idea: appointments, records and follow-ups in one system instead of three.

A clinic and hospital management system with AI intake — currently in active development.

Still in build — follow along: mulesoo.com

#HealthTech #ClinicSoftware #AIIntake",413,Patients phone during consulting hours because there is no other way to book.,DR. HOSPITAL · IN BUILD,#00FF88
2027-08-25,359,Wednesday,52,PROBLEM,DR. Hospital — AI Clinic System,drhospital,https://mulesoo.com/case-studies,building,Instagram,"Patients phone during consulting hours because there is no other way to book. 😮‍💨

So we building DR. Hospital — AI Clinic System.

Appointments, records and follow-ups in one system instead of three.

Still in build — follow along: mulesoo.com

#HealthTech #ClinicSoftware #AIIntake #POPIA #MuleSoo",301,Patients phone during consulting hours because there is no other way to book.,DR. HOSPITAL · IN BUILD,#00FF88
2027-08-25,359,Wednesday,52,PROBLEM,DR. Hospital — AI Clinic System,drhospital,https://mulesoo.com/case-studies,building,Facebook,"Patients phone during consulting hours because there is no other way to book.

Every clinic we have spoken to says a version of that sentence.

DR. Hospital — AI Clinic System exists to end it — appointments, records and follow-ups in one system instead of three.

Still in build — follow along: mulesoo.com",307,Patients phone during consulting hours because there is no other way to book.,DR. HOSPITAL · IN BUILD,#00FF88
2027-08-25,359,Wednesday,52,PROBLEM,DR. Hospital — AI Clinic System,drhospital,https://mulesoo.com/case-studies,building,TikTok,"Tell me you run a clinic without telling me. 👇

""Patients phone during consulting hours because there is no other way to book.""

That is why we building DR. Hospital — AI Clinic System — appointments, records and follow-ups in one system instead of three.

mulesoo.com

#HealthTech #ClinicSoftware #AIIntake #POPIA #MuleSoo",324,Patients phone during consulting hours because there is no other way to book.,DR. HOSPITAL · IN BUILD,#00FF88
2027-08-25,359,Wednesday,52,PROBLEM,DR. Hospital — AI Clinic System,drhospital,https://mulesoo.com/case-studies,building,X,"Patients phone during consulting hours because there is no other way to book.

So we building DR. Hospital.

https://mulesoo.com/case-studies",141,Patients phone during consulting hours because there is no other way to book.,DR. HOSPITAL · IN BUILD,#00FF88
2027-08-26,360,Thursday,52,FUNNY,MuleSoo Guides & Digital Store,guides,https://mulesoo.com/store,live,LinkedIn,"Buy once. No seat licence, no annual renewal, no email asking you to upgrade.

Behind the joke there is a real system: MuleSoo Guides & Digital Store — the guides we wrote from real builds — bought once, downloaded instantly, used forever.

Humour is just the shortest way to describe a problem everyone running a knowledge business already has.

See it: https://mulesoo.com/store

#DigitalProducts #ClaudeCode #LearnToBuild",424,"Buy once. No seat licence, no annual renewal, no email asking you to upgrade.",MULESOO STORE,#E8B84B
2027-08-26,360,Thursday,52,FUNNY,MuleSoo Guides & Digital Store,guides,https://mulesoo.com/store,live,Instagram,"Buy once. No seat licence, no annual renewal, no email asking you to upgrade. 😂

(MuleSoo Guides & Digital Store. Yes, it is real.)

See it: https://mulesoo.com/store

#DigitalProducts #ClaudeCode #LearnToBuild #PassiveIncome #MuleSoo",235,"Buy once. No seat licence, no annual renewal, no email asking you to upgrade.",MULESOO STORE,#E8B84B
2027-08-26,360,Thursday,52,FUNNY,MuleSoo Guides & Digital Store,guides,https://mulesoo.com/store,live,Facebook,"Buy once. No seat licence, no annual renewal, no email asking you to upgrade.

True story from building MuleSoo Guides & Digital Store — the guides we wrote from real builds — bought once, downloaded instantly, used forever.

It is a PDF. It works offline, on a cracked phone, with no subscription. Revolutionary.

See it: https://mulesoo.com/store",348,"Buy once. No seat licence, no annual renewal, no email asking you to upgrade.",MULESOO STORE,#E8B84B
2027-08-26,360,Thursday,52,FUNNY,MuleSoo Guides & Digital Store,guides,https://mulesoo.com/store,live,TikTok,"Buy once. No seat licence, no annual renewal, no email asking you to upgrade. 💀

Not a joke though — MuleSoo Guides & Digital Store actually does this.

It is a PDF. It works offline, on a cracked phone, with no subscription. Revolutionary.

mulesoo.com

#DigitalProducts #ClaudeCode #LearnToBuild #PassiveIncome #MuleSoo",322,"Buy once. No seat licence, no annual renewal, no email asking you to upgrade.",MULESOO STORE,#E8B84B
2027-08-26,360,Thursday,52,FUNNY,MuleSoo Guides & Digital Store,guides,https://mulesoo.com/store,live,X,"Buy once. No seat licence, no annual renewal, no email asking you to upgrade.

— from building MuleSoo Guides & Digital Store",125,"Buy once. No seat licence, no annual renewal, no email asking you to upgrade.",MULESOO STORE,#E8B84B
2027-08-27,361,Friday,52,HOWTO,MuleSoo Digital Services,mulesoo,https://mulesoo.com,live,LinkedIn,"Something MuleSoo Digital Services taught us:

Admin panels deserve real security. Password, email 2FA, audit log — a client list is worth stealing.

Two more from the same build:

• If your site cannot tell you where last month's enquiries came from, it is decoration, not infrastructure.
• A booking is not finished until the client is holding a document. Generate the PDF in the same breath as the confirmation.

All three are in the live product, not in a slide deck. See it: https://mulesoo.com

#MuleSoo #WebDesignPretoria #AIforBusiness",543,"Admin panels deserve real security. Password, email 2FA, audit log — a client list is worth stealing.",MULESOO PLATFORM,#00C8FF
2027-08-27,361,Friday,52,HOWTO,MuleSoo Digital Services,mulesoo,https://mulesoo.com,live,Instagram,"Lesson from building MuleSoo Digital Services 🛠️

📌 Admin panels deserve real security. Password, email 2FA, audit log — a client list is worth stealing.

Save this one — it applies far beyond this one project.

#MuleSoo #WebDesignPretoria #AIforBusiness #SouthAfricaTech #NextJS",281,"Admin panels deserve real security. Password, email 2FA, audit log — a client list is worth stealing.",MULESOO PLATFORM,#00C8FF
2027-08-27,361,Friday,52,HOWTO,MuleSoo Digital Services,mulesoo,https://mulesoo.com,live,Facebook,"A free lesson from building MuleSoo Digital Services:

Admin panels deserve real security. Password, email 2FA, audit log — a client list is worth stealing.

It sounds small. It is the difference between a system that works and one that quietly loses you money.

More of how we build: mulesoo.com",296,"Admin panels deserve real security. Password, email 2FA, audit log — a client list is worth stealing.",MULESOO PLATFORM,#00C8FF
2027-08-27,361,Friday,52,HOWTO,MuleSoo Digital Services,mulesoo,https://mulesoo.com,live,TikTok,"Free game from a real build 🧠

Admin panels deserve real security. Password, email 2FA, audit log — a client list is worth stealing.

Learned it building MuleSoo Digital Services.

mulesoo.com

#MuleSoo #WebDesignPretoria #AIforBusiness #SouthAfricaTech #NextJS",262,"Admin panels deserve real security. Password, email 2FA, audit log — a client list is worth stealing.",MULESOO PLATFORM,#00C8FF
2027-08-27,361,Friday,52,HOWTO,MuleSoo Digital Services,mulesoo,https://mulesoo.com,live,X,"Admin panels deserve real security. Password, email 2FA, audit log — a client list is worth stealing.

— learned building MuleSoo Digital Services",146,"Admin panels deserve real security. Password, email 2FA, audit log — a client list is worth stealing.",MULESOO PLATFORM,#00C8FF
2027-08-28,362,Saturday,52,PROOF,Habesha Celebration Events,habesha,https://habeshaeventsplanner.netlify.app,live,LinkedIn,"What Habesha Celebration Events actually does — not adjectives, features:

• a site that looks like the events it sells
• enquiries captured around the clock, not just office hours
• one link that does the work of a hundred WhatsApp explanations

Live now. See it: https://habeshaeventsplanner.netlify.app

No invented statistics on this page. Open it and check for yourself.

#HabeshaEvents #EthiopianWedding #EventPlanner",423,"Enquiries captured around the clock, not just office hours.",HABESHA EVENTS,#7B2FFF
2027-08-28,362,Saturday,52,PROOF,Habesha Celebration Events,habesha,https://habeshaeventsplanner.netlify.app,live,Instagram,"💍 Habesha Celebration Events — what you actually get:

✅ a site that looks like the events it sells
✅ enquiries captured around the clock, not just office hours
✅ one link that does the work of a hundred WhatsApp explanations

Live now.

See it: https://habeshaeventsplanner.netlify.app

#HabeshaEvents #EthiopianWedding #EventPlanner #WeddingSA #MuleSoo",355,"Enquiries captured around the clock, not just office hours.",HABESHA EVENTS,#7B2FFF
2027-08-28,362,Saturday,52,PROOF,Habesha Celebration Events,habesha,https://habeshaeventsplanner.netlify.app,live,Facebook,"People ask what ""Habesha Celebration Events"" really means. Plainly:

✅ a site that looks like the events it sells
✅ enquiries captured around the clock, not just office hours
✅ one link that does the work of a hundred WhatsApp explanations

Live now. See it: https://habeshaeventsplanner.netlify.app",299,"Enquiries captured around the clock, not just office hours.",HABESHA EVENTS,#7B2FFF
2027-08-28,362,Saturday,52,PROOF,Habesha Celebration Events,habesha,https://habeshaeventsplanner.netlify.app,live,TikTok,"Three things Habesha Celebration Events does that a normal wedding & events business setup cannot 👇

1. a site that looks like the events it sells
2. enquiries captured around the clock, not just office hours
3. one link that does the work of a hundred WhatsApp explanations

Live now.

mulesoo.com

#HabeshaEvents #EthiopianWedding #EventPlanner #WeddingSA #MuleSoo",367,"Enquiries captured around the clock, not just office hours.",HABESHA EVENTS,#7B2FFF
2027-08-28,362,Saturday,52,PROOF,Habesha Celebration Events,habesha,https://habeshaeventsplanner.netlify.app,live,X,"Habesha Celebration Events:
• a site that looks like the events it sells
• enquiries captured around the clock, not just office hours

https://habeshaeventsplanner.netlify.app",175,"Enquiries captured around the clock, not just office hours.",HABESHA EVENTS,#7B2FFF
2027-08-29,363,Sunday,52,BEHIND,YoYo Gym — AI Membership Platform,yoyogym,https://yoyogym.vercel.app,live,LinkedIn,"Under the bonnet of YoYo Gym — AI Membership Platform:

Sixteen tables, seeded and live — the schema was designed before a single screen was drawn.

The service-role key never leaves the server. That single rule shaped the whole architecture.

None of this is visible to the client, and all of it is why the thing keeps working in month nine.

See it: https://yoyogym.vercel.app

#GymSoftware #FitnessBusiness #YoYoGym",418,"Sixteen tables, seeded and live — the schema was designed before a single screen was drawn.",YOYO GYM,#00FF88
2027-08-29,363,Sunday,52,BEHIND,YoYo Gym — AI Membership Platform,yoyogym,https://yoyogym.vercel.app,live,Instagram,"Behind the build 🔧 YoYo Gym — AI Membership Platform

Sixteen tables, seeded and live — the schema was designed before a single screen was drawn.

The boring decisions are the ones that hold.

#GymSoftware #FitnessBusiness #YoYoGym #MembershipSystem #MuleSoo",259,"Sixteen tables, seeded and live — the schema was designed before a single screen was drawn.",YOYO GYM,#00FF88
2027-08-29,363,Sunday,52,BEHIND,YoYo Gym — AI Membership Platform,yoyogym,https://yoyogym.vercel.app,live,Facebook,"A look behind YoYo Gym — AI Membership Platform:

Sixteen tables, seeded and live — the schema was designed before a single screen was drawn.

The service-role key never leaves the server. That single rule shaped the whole architecture.

We build the invisible parts properly. That is the whole difference between a demo and a system you can run a business on.",360,"Sixteen tables, seeded and live — the schema was designed before a single screen was drawn.",YOYO GYM,#00FF88
2027-08-29,363,Sunday,52,BEHIND,YoYo Gym — AI Membership Platform,yoyogym,https://yoyogym.vercel.app,live,TikTok,"Behind the build 🔧

YoYo Gym — AI Membership Platform: Sixteen tables, seeded and live — the schema was designed before a single screen was drawn.

The unglamorous decisions are the ones that save you in month nine.

mulesoo.com

#GymSoftware #FitnessBusiness #YoYoGym #MembershipSystem #MuleSoo",296,"Sixteen tables, seeded and live — the schema was designed before a single screen was drawn.",YOYO GYM,#00FF88
2027-08-29,363,Sunday,52,BEHIND,YoYo Gym — AI Membership Platform,yoyogym,https://yoyogym.vercel.app,live,X,"YoYo Gym — under the bonnet:

Sixteen tables, seeded and live — the schema was designed before a single screen was drawn.",121,"Sixteen tables, seeded and live — the schema was designed before a single screen was drawn.",YOYO GYM,#00FF88
2027-08-30,364,Monday,52,OFFER,X-Boss Photography Studio,xboss,https://xbossphotography.vercel.app,live,LinkedIn,"Shooting all week and still booking clients by hand?

We built X-Boss Photography Studio for exactly that — WhatsApp notification to the studio the moment a booking lands.

Same system, your brand, your sector.

Tell us what your week looks like and we will tell you honestly whether software fixes it: mulesoo.com/contact

#PhotographyBusiness #StudioBooking #XBoss",366,Shooting all week and still booking clients by hand?,X-BOSS PHOTOGRAPHY,#E8B84B
2027-08-30,364,Monday,52,OFFER,X-Boss Photography Studio,xboss,https://xbossphotography.vercel.app,live,Instagram,"Shooting all week and still booking clients by hand? 📸

We built X-Boss Photography Studio to solve it — you get a branded PDF confirmation the client actually keeps.

Same system, your brand, your sector.

📩 mulesoo.com/contact
💬 wa.me/27688529333

#PhotographyBusiness #StudioBooking #XBoss #BookingSystem #MuleSoo",319,Shooting all week and still booking clients by hand?,X-BOSS PHOTOGRAPHY,#E8B84B
2027-08-30,364,Monday,52,OFFER,X-Boss Photography Studio,xboss,https://xbossphotography.vercel.app,live,Facebook,"Shooting all week and still booking clients by hand?

That is precisely why X-Boss Photography Studio exists — WhatsApp notification to the studio the moment a booking lands.

Same system, your brand, your sector. Message us and we will tell you straight whether this is worth it for your business.

📩 mulesoo.com/contact  ·  💬 wa.me/27688529333",347,Shooting all week and still booking clients by hand?,X-BOSS PHOTOGRAPHY,#E8B84B
2027-08-30,364,Monday,52,OFFER,X-Boss Photography Studio,xboss,https://xbossphotography.vercel.app,live,TikTok,"Shooting all week and still booking clients by hand? 📸

We already built it once — X-Boss Photography Studio.

Same system, your brand, your sector.

mulesoo.com

#PhotographyBusiness #StudioBooking #XBoss #BookingSystem #MuleSoo",230,Shooting all week and still booking clients by hand?,X-BOSS PHOTOGRAPHY,#E8B84B
2027-08-30,364,Monday,52,OFFER,X-Boss Photography Studio,xboss,https://xbossphotography.vercel.app,live,X,"Shooting all week and still booking clients by hand?

We built X-Boss Photography Studio for exactly this.

mulesoo.com/contact",127,Shooting all week and still booking clients by hand?,X-BOSS PHOTOGRAPHY,#E8B84B
2027-08-31,365,Tuesday,53,SPOTLIGHT,Shime Events & Planning,shime,https://shimeeventplaning.vercel.app,live,LinkedIn,"Let me show you Shime Events & Planning.

In one line: a bilingual booking assistant that walks a client through seventeen steps and ends with a signed PDF contract.

The part that matters — real-time date and time availability, so two clients never book the same Saturday.

What the owner ends up with: deposits collected without a single awkward phone call.

See it: https://shimeeventplaning.vercel.app

#EventPlanning #ShimeEvents #BilingualWeb",448,We built Shime Events & Planning.,SHIME EVENTS,#E8B84B
2027-08-31,365,Tuesday,53,SPOTLIGHT,Shime Events & Planning,shime,https://shimeeventplaning.vercel.app,live,Instagram,"🎊 Let me show you Shime Events & Planning.

A bilingual booking assistant that walks a client through seventeen steps and ends with a signed PDF contract.

✨ real-time date and time availability, so two clients never book the same Saturday
✅ deposits collected without a single awkward phone call

See it: https://shimeeventplaning.vercel.app

#EventPlanning #ShimeEvents #BilingualWeb #Amharic #MuleSoo",404,We built Shime Events & Planning.,SHIME EVENTS,#E8B84B
2027-08-31,365,Tuesday,53,SPOTLIGHT,Shime Events & Planning,shime,https://shimeeventplaning.vercel.app,live,Facebook,"Let me show you Shime Events & Planning.

It is a bilingual booking assistant that walks a client through seventeen steps and ends with a signed PDF contract.

The thing people notice first: real-time date and time availability, so two clients never book the same Saturday.

If you run an event planning business and this sounds like your week — we should talk. mulesoo.com",373,We built Shime Events & Planning.,SHIME EVENTS,#E8B84B
2027-08-31,365,Tuesday,53,SPOTLIGHT,Shime Events & Planning,shime,https://shimeeventplaning.vercel.app,live,TikTok,"POV: you run an event planning business. 🎊

We built Shime Events & Planning.

It does one thing brilliantly: real-time date and time availability, so two clients never book the same Saturday.

Full build on mulesoo.com

#EventPlanning #ShimeEvents #BilingualWeb #Amharic #MuleSoo",281,We built Shime Events & Planning.,SHIME EVENTS,#E8B84B
2027-08-31,365,Tuesday,53,SPOTLIGHT,Shime Events & Planning,shime,https://shimeeventplaning.vercel.app,live,X,"Let me show you Shime Events & Planning. A bilingual booking assistant that walks a client through seventeen steps and ends with a signed PDF contract.

https://shimeeventplaning.vercel.app",189,We built Shime Events & Planning.,SHIME EVENTS,#E8B84B