date,day_of_week,day_number,platform,pillar,needs_real_result,characters,over_limit,post_text
"2026-01-01","Thu","1","LinkedIn","PROBLEM","","133","","ድረ-ገጽዎ ለመከፈት 6 ሰከንድ ይወስዳል።

ግማሾቹ ጎብኚዎች ሳይጠብቁ ወጥተዋል። ፍጥነት ቅንጦት አይደለም፤ የሱቅዎ በር ነው።

ዛሬውኑ ያናግሩን፦ wa.me/27688529333

#MuleSoo #ሀበሻ #ኢትዮጵያ"
"2026-01-01","Thu","1","Instagram","PROBLEM","","154","","የንግድዎ ኢሜይል በ gmail ይጨርሳል።

ትልልቅ ደንበኞች ያስተውላሉ። ምንም አይሉም — ዝም ብለው መልስ አይሰጡም።

ነጻ የ30 ደቂቃ ምክክር ይያዙ፦ mulesoo.com

#MuleSoo #ሀበሻ #ኢትዮጵያ #ንግድ #ቴክኖሎጂ #ዲጂታል #ቢዝነስ"
"2026-01-01","Thu","1","Facebook","PROBLEM","","105","","የቀጠሮ መዝገብዎ ደብተር ነው።

አንድ የጠፋ ገጽ አንድ የጠፋ ወር ነው።

በ WhatsApp ይጻፉልን፦ wa.me/27688529333

#MuleSoo #ሀበሻ #ኢትዮጵያ"
"2026-01-01","Thu","1","TikTok","PROBLEM","","113","","ድረ-ገጽዎ በላፕቶፕዎ ላይ ያምራል።
ከ10 ደንበኞችዎ 9ኙ ግን በስልክ ነው የሚያዩት።

ሙሉውን በመገለጫችን ሊንክ ያገኙታል።

#MuleSoo #ሀበሻ #ኢትዮጵያ #ንግድ #ቴክኖሎጂ"
"2026-01-01","Thu","1","X","PROBLEM","","90","","ጉግል ላይ አይገኙም።
ትንሽ ስለሆኑ አይደለም — ገጾችዎ መኖራቸውን ለጉግል ማንም ስላልነገረው ነው።

mulesoo.com #MuleSoo #ሀበሻ"
"2026-01-02","Fri","2","LinkedIn","EDUCATE","","132","","የመነሻ ገጽዎ አንድ ስራ ብቻ አለው።

ምን እንደሚሰሩ፣ ለማን እንደሆነ፣ የት እንደሚጫኑ ይንገሩ። ቀሪው ሁሉ ጌጥ ነው።

ነጻ የ30 ደቂቃ ምክክር ይያዙ፦ mulesoo.com

#MuleSoo #ሀበሻ #ኢትዮጵያ"
"2026-01-02","Fri","2","Instagram","EDUCATE","","154","","ከሎጎ በፊት ዶሜይን ይግዙ።

ስሞች ይቀየራሉ። መጀመሪያ .com ወይም .co.za ያዙ፤ ከዚያ ዙሪያውን ይንደፉ።

በ WhatsApp ይጻፉልን፦ wa.me/27688529333

#MuleSoo #ሀበሻ #ኢትዮጵያ #ንግድ #ቴክኖሎጂ #ዲጂታል #ቢዝነስ"
"2026-01-02","Fri","2","Facebook","EDUCATE","","114","","ቻትቦት የሮቦት ተቀባይ አይደለም።

ማጣሪያ ነው። ቀላሉን 70% ይይዛል፤ የሚከፍለው 30% ለሰው ይደርሳል።

ተጨማሪ ለማወቅ፦ mulesoo.com

#MuleSoo #ሀበሻ #ኢትዮጵያ"
"2026-01-02","Fri","2","TikTok","EDUCATE","","137","","ፍጥነት የሚመጣው ከማይጫኑት ነገር ነው።
ከባድ ምስሎች፣ ስላይደሮች፣ የቪዲዮ ጀርባዎች — መጀመሪያ ይሰርዙ፤ ከዚያ ያሻሽሉ።

ሙሉውን በመገለጫችን ሊንክ ያገኙታል።

#MuleSoo #ሀበሻ #ኢትዮጵያ #ንግድ #ቴክኖሎጂ"
"2026-01-02","Fri","2","X","EDUCATE","","71","","ዋጋዎን ይጻፉ።
መደበቅ አያሳንሰውም፤ እርግጠኛ እንዳልሆኑ ያስመስላል።

mulesoo.com #MuleSoo #ሀበሻ"
"2026-01-03","Sat","3","LinkedIn","PROOF","yes","161","","በዚህ ወር የሰራነው፦

[እውነተኛ የደንበኛ ውጤት እዚህ ያስገቡ — ለምሳሌ፦ «የእገሌ ንግድ ቀጠሮዎች በ40% ጨመሩ»። እውነተኛ ውጤት ብቻ፤ በጭራሽ አይፈጠሩ።]

በ WhatsApp ይጻፉልን፦ wa.me/27688529333

#MuleSoo #ሀበሻ #ኢትዮጵያ"
"2026-01-03","Sat","3","Instagram","PROOF","yes","172","","በዚህ ወር የሰራነው፦

[እውነተኛ የደንበኛ ውጤት እዚህ ያስገቡ — ለምሳሌ፦ «የእገሌ ንግድ ቀጠሮዎች በ40% ጨመሩ»። እውነተኛ ውጤት ብቻ፤ በጭራሽ አይፈጠሩ።]

ተጨማሪ ለማወቅ፦ mulesoo.com

#MuleSoo #ሀበሻ #ኢትዮጵያ #ንግድ #ቴክኖሎጂ #ዲጂታል #ቢዝነስ"
"2026-01-03","Sat","3","Facebook","PROOF","yes","155","","በዚህ ወር የሰራነው፦

[እውነተኛ የደንበኛ ውጤት እዚህ ያስገቡ — ለምሳሌ፦ «የእገሌ ንግድ ቀጠሮዎች በ40% ጨመሩ»። እውነተኛ ውጤት ብቻ፤ በጭራሽ አይፈጠሩ።]

ዛሬውኑ ያናግሩን፦ wa.me/27688529333

#MuleSoo #ሀበሻ #ኢትዮጵያ"
"2026-01-03","Sat","3","TikTok","PROOF","yes","133","","በዚህ ወር የሰራነው፦
[እውነተኛ የደንበኛ ውጤት እዚህ ያስገቡ — ለምሳሌ፦ «የእገሌ ንግድ ቀጠሮዎች በ40% ጨመሩ»።

ሙሉውን በመገለጫችን ሊንክ ያገኙታል።

#MuleSoo #ሀበሻ #ኢትዮጵያ #ንግድ #ቴክኖሎጂ"
"2026-01-03","Sat","3","X","PROOF","yes","128","","በዚህ ወር የሰራነው፦
[እውነተኛ የደንበኛ ውጤት እዚህ ያስገቡ — ለምሳሌ፦ «የእገሌ ንግድ ቀጠሮዎች በ40% ጨመሩ»። እውነተኛ ውጤት ብቻ፤ በጭራሽ አይፈጠሩ።]

mulesoo.com #MuleSoo #ሀበሻ"
"2026-01-04","Sun","4","LinkedIn","MYTH","","147","","ብዙ ጊዜ የሚባል ነገር፦ «ለትንሽ ንግድ ድረ-ገጽ አያስፈልግም።»

እውነታው፦ ደንበኛዎ ግን መጀመሪያ ጉግል ላይ ይፈልግዎታል። እዚያ ከሌሉ፣ ለሌላው ይደውላል።

ተጨማሪ ለማወቅ፦ mulesoo.com

#MuleSoo #ሀበሻ #ኢትዮጵያ"
"2026-01-04","Sun","4","Instagram","MYTH","","192","","ብዙ ጊዜ የሚባል ነገር፦ «ድረ-ገጽ አንዴ ተሰርቶ ያበቃል።»

እውነታው፦ ድረ-ገጽ እንደ ሱቅ ነው — መስታወቱ ሁልጊዜ ንጹህ መሆን አለበት። ትንሽ እንክብካቤ ትልቅ ልዩነት ያመጣል።

ዛሬውኑ ያናግሩን፦ wa.me/27688529333

#MuleSoo #ሀበሻ #ኢትዮጵያ #ንግድ #ቴክኖሎጂ #ዲጂታል #ቢዝነስ"
"2026-01-04","Sun","4","Facebook","MYTH","","165","","ብዙ ጊዜ የሚባል ነገር፦ «ማህበራዊ ሚዲያ ካለኝ ድረ-ገጽ አያስፈልገኝም።»

እውነታው፦ ያ ገጽ የእርስዎ አይደለም፤ ተከራይተውታል። ህጎቹ ሲቀየሩ ንግድዎም አብሮ ይናወጣል።

ነጻ የ30 ደቂቃ ምክክር ይያዙ፦ mulesoo.com

#MuleSoo #ሀበሻ #ኢትዮጵያ"
"2026-01-04","Sun","4","TikTok","MYTH","","156","","ብዙ ጊዜ የሚባል ነገር፦ «ደንበኞቼ ኢንተርኔት አይጠቀሙም።»
እውነታው፦ ልጆቻቸው ግን ይጠቀማሉ — እና የቤተሰቡን ውሳኔ ብዙ ጊዜ የሚመሩት እነሱ ናቸው።

ሙሉውን በመገለጫችን ሊንክ ያገኙታል።

#MuleSoo #ሀበሻ #ኢትዮጵያ #ንግድ #ቴክኖሎጂ"
"2026-01-04","Sun","4","X","MYTH","","122","","ብዙ ጊዜ የሚባል ነገር፦ «አውቶሜሽን ሰራተኞችን ያስወግዳል።»
እውነታው፦ አይደለም — አሰልቺውን ስራ ይወስዳል። ሰዎችዎ ለሚከፍለው ስራ ጊዜ ያገኛሉ።

mulesoo.com #MuleSoo #ሀበሻ"
"2026-01-05","Mon","5","LinkedIn","BEHIND","","148","","ዛሬ ከአዲስ ደንበኛ ጋር የመጀመሪያ ስብሰባ ነበረን።

አንድም ጊዜ ስለ ቴክኖሎጂ አልተነጋገርንም — ስለ ንግዱ ብቻ። ኮዱ የሚመጣው ከዚያ በኋላ ነው።

ዛሬውኑ ያናግሩን፦ wa.me/27688529333

#MuleSoo #ሀበሻ #ኢትዮጵያ"
"2026-01-05","Mon","5","Instagram","BEHIND","","139","","ከመጨመራችን በፊት እንቀንሳለን።

የመጀመሪያው ስራችን ደንበኛው የማይፈልገውን ማስወገድ ነው።

ነጻ የ30 ደቂቃ ምክክር ይያዙ፦ mulesoo.com

#MuleSoo #ሀበሻ #ኢትዮጵያ #ንግድ #ቴክኖሎጂ #ዲጂታል #ቢዝነስ"
"2026-01-05","Mon","5","Facebook","BEHIND","","122","","የእኛ ስብሰባዎች 30 ደቂቃ ናቸው።

ከዚያ በላይ ከወሰደ፣ ችግሩ አጀንዳው ሳይሆን ዝግጅታችን ነው።

በ WhatsApp ይጻፉልን፦ wa.me/27688529333

#MuleSoo #ሀበሻ #ኢትዮጵያ"
"2026-01-05","Mon","5","TikTok","BEHIND","","106","","ኮድ ከመጻፍ በፊት እንቆጥራለን።
ስንት ጎብኚ፣ ስንት ጥያቄ፣ ስንት ሽያጭ።

ሙሉውን በመገለጫችን ሊንክ ያገኙታል።

#MuleSoo #ሀበሻ #ኢትዮጵያ #ንግድ #ቴክኖሎጂ"
"2026-01-05","Mon","5","X","BEHIND","","98","","አዲስ ሰው ስንቀጥር የመጀመሪያ ጥያቄያችን፦ «ማስረዳት ይችላሉ?»
ኮድ መጻፍ ይማራል፤ ግልጽነት ግን ባህሪ ነው።

mulesoo.com #MuleSoo #ሀበሻ"
"2026-01-06","Tue","6","LinkedIn","PROMO","","120","","ድረ-ገጽ ይፈልጋሉ?

ጎብኚን ወደ ከፋይ ደንበኛ የሚቀይር ድረ-ገጽ እንሰራለን። ከ R3,500 ጀምሮ።

ነጻ የ30 ደቂቃ ምክክር ይያዙ፦ mulesoo.com

#MuleSoo #ሀበሻ #ኢትዮጵያ"
"2026-01-06","Tue","6","Instagram","PROMO","","147","","ሎጎዎ ማን እንደሆኑ ይናገራል?

በአንድ እይታ የሚታወስ የምርት መለያ እንሰራለን። ከ R800 ጀምሮ።

በ WhatsApp ይጻፉልን፦ wa.me/27688529333

#MuleSoo #ሀበሻ #ኢትዮጵያ #ንግድ #ቴክኖሎጂ #ዲጂታል #ቢዝነስ"
"2026-01-06","Tue","6","Facebook","PROMO","","114","","ገና በ gmail ነው የሚሰሩት?

የ @yourbusiness ኢሜይል ያሳምራል፤ ያሳምናል። ከ R400 ጀምሮ።

ተጨማሪ ለማወቅ፦ mulesoo.com

#MuleSoo #ሀበሻ #ኢትዮጵያ"
"2026-01-06","Tue","6","TikTok","PROMO","","135","","አሰልቺው የቢሮ ስራ ራሱን ይስራ።
የ AI አውቶሜሽን ስርዓቶቻችን ደረሰኝ ይልካሉ፣ ቀጠሮ ያስይዛሉ፣ ደንበኛ ይከታተላሉ።

ሙሉውን በመገለጫችን ሊንክ ያገኙታል።

#MuleSoo #ሀበሻ #ኢትዮጵያ #ንግድ #ቴክኖሎጂ"
"2026-01-06","Tue","6","X","PROMO","","90","","ድረ-ገጽ ይፈልጋሉ?
ጎብኚን ወደ ከፋይ ደንበኛ የሚቀይር ድረ-ገጽ እንሰራለን። ከ R3,500 ጀምሮ።

mulesoo.com #MuleSoo #ሀበሻ"
"2026-01-07","Wed","7","LinkedIn","HUMAN","","147","","የሰማነው፦ «እንደ Apple ድረ-ገጽ ይሁን — ግን ብዙ ነገር ጨምሩበት።»

ይህ ዓረፍተ ነገር ራሱን ይቃረናል። ፈገግ ብለን እናስረዳለን።

በ WhatsApp ይጻፉልን፦ wa.me/27688529333

#MuleSoo #ሀበሻ #ኢትዮጵያ"
"2026-01-07","Wed","7","Instagram","HUMAN","","139","","የሰማነው፦ «ትንሽ ለውጥ ነው» የሚለው ዓረፍተ ነገር…

በአማካይ ሶስት ቀን ይወስዳል። ግን እንወደዋለን። 😅

ተጨማሪ ለማወቅ፦ mulesoo.com

#MuleSoo #ሀበሻ #ኢትዮጵያ #ንግድ #ቴክኖሎጂ #ዲጂታል #ቢዝነስ"
"2026-01-07","Wed","7","Facebook","HUMAN","","107","","በበዓል ቀንም «ድረ-ገጹ ደህና ነው?» ብለን እንፈትሻለን።

አዎ፣ እንደዚህ ነን። 🙈

ዛሬውኑ ያናግሩን፦ wa.me/27688529333

#MuleSoo #ሀበሻ #ኢትዮጵያ"
"2026-01-07","Wed","7","TikTok","HUMAN","","103","","ሁለት አይነት ንግድ አለ፦
ድረ-ገጽ ያለውና «በኋላ እሰራለሁ» የሚል።

ሙሉውን በመገለጫችን ሊንክ ያገኙታል።

#MuleSoo #ሀበሻ #ኢትዮጵያ #ንግድ #ቴክኖሎጂ"
"2026-01-07","Wed","7","X","HUMAN","","95","","እኛ ስንተኛ ስልካችን ጸጥ ይላል ብለን እናስባለን።
ቻትቦታችን ግን በዚያው ሌሊት ሶስት ቀጠሮ ይዞ ያድራል።

mulesoo.com #MuleSoo #ሀበሻ"
"2026-01-08","Thu","8","LinkedIn","PROBLEM","","120","","አንድ ጥያቄ በሳምንት 30 ጊዜ በዋትስአፕ ይመልሳሉ።

ያ የደንበኛ አገልግሎት አይደለም፤ ገና ያልተሰራ ቻትቦት ነው።

ተጨማሪ ለማወቅ፦ mulesoo.com

#MuleSoo #ሀበሻ #ኢትዮጵያ"
"2026-01-08","Thu","8","Instagram","PROBLEM","","136","","ሎጎዎ በ Word የተሰራ ነው።

በትልቅ ባነር ላይ ይታወቃል። በንግድ ካርድ ላይም ይታወቃል።

ዛሬውኑ ያናግሩን፦ wa.me/27688529333

#MuleSoo #ሀበሻ #ኢትዮጵያ #ንግድ #ቴክኖሎጂ #ዲጂታል #ቢዝነስ"
"2026-01-08","Thu","8","Facebook","PROBLEM","","113","","ከምሽቱ 1 ሰዓት በኋላ ደንበኞች ያመልጡዎታል።

የተፎካካሪዎ ቻትቦት ግን ነቅቶ ይመልሳል።

ነጻ የ30 ደቂቃ ምክክር ይያዙ፦ mulesoo.com

#MuleSoo #ሀበሻ #ኢትዮጵያ"
"2026-01-08","Thu","8","TikTok","PROBLEM","","93","","ዋጋ ማቅረቢያ በእጅ ይሰራሉ።
በሳምንት 4 ሰዓት ነው።

ሙሉውን በመገለጫችን ሊንክ ያገኙታል።

#MuleSoo #ሀበሻ #ኢትዮጵያ #ንግድ #ቴክኖሎጂ"
"2026-01-08","Thu","8","X","PROBLEM","","87","","ደረሰኞችዎ ዘግይተው ይወጣሉ።
የገንዘብ ፍሰት የሂሳብ ችግር አይደለም፤ የአስተዳደር ችግር ነው።

mulesoo.com #MuleSoo #ሀበሻ"
"2026-01-09","Fri","9","LinkedIn","EDUCATE","","116","","ሰዎች አያነቡም፤ በዓይን ይቃኛሉ።

አጫጭር አንቀጾች። ግልጽ ርዕሶች። በአንድ ስክሪን አንድ ሀሳብ።

ዛሬውኑ ያናግሩን፦ wa.me/27688529333

#MuleSoo #ሀበሻ #ኢትዮጵያ"
"2026-01-09","Fri","9","Instagram","EDUCATE","","139","","ምርጥ ሻጭዎ የ FAQ ገጽ ነው።

ደንበኛው በአክብሮት ያልጠየቀውን ጥያቄ አስቀድሞ ይመልሳል።

ነጻ የ30 ደቂቃ ምክክር ይያዙ፦ mulesoo.com

#MuleSoo #ሀበሻ #ኢትዮጵያ #ንግድ #ቴክኖሎጂ #ዲጂታል #ቢዝነስ"
"2026-01-09","Fri","9","Facebook","EDUCATE","","128","","አንድ ግልጽ ጥሪ ከአምስት ይሻላል።

እያንዳንዱ ተጨማሪ ቁልፍ ውሳኔ ነው፤ እያንዳንዱ ውሳኔ ሰዎችን ያሸሻል።

በ WhatsApp ይጻፉልን፦ wa.me/27688529333

#MuleSoo #ሀበሻ #ኢትዮጵያ"
"2026-01-09","Fri","9","TikTok","EDUCATE","","122","","የገዙት ኮድ የእርስዎ ይሁን።
ገንቢው ሲጠፋ ድረ-ገጽዎም አብሮ ከጠፋ፣ አልገዙትም — ተከራይተውታል።

ሙሉውን በመገለጫችን ሊንክ ያገኙታል።

#MuleSoo #ሀበሻ #ኢትዮጵያ #ንግድ #ቴክኖሎጂ"
"2026-01-09","Fri","9","X","EDUCATE","","97","","እያንዳንዱ የቅጽ መስክ ደንበኛ ያስከፍላል።
ለመመለስ የሚያስፈልገውን ብቻ ይጠይቁ። ሌላው ሁሉ መጠበቅ ይችላል።

mulesoo.com #MuleSoo #ሀበሻ"
"2026-01-10","Sat","10","LinkedIn","PROOF","yes","158","","በዚህ ወር የሰራነው፦

[እውነተኛ የደንበኛ ውጤት እዚህ ያስገቡ — ለምሳሌ፦ «የእገሌ ንግድ ቀጠሮዎች በ40% ጨመሩ»። እውነተኛ ውጤት ብቻ፤ በጭራሽ አይፈጠሩ።]

ነጻ የ30 ደቂቃ ምክክር ይያዙ፦ mulesoo.com

#MuleSoo #ሀበሻ #ኢትዮጵያ"
"2026-01-10","Sat","10","Instagram","PROOF","yes","185","","በዚህ ወር የሰራነው፦

[እውነተኛ የደንበኛ ውጤት እዚህ ያስገቡ — ለምሳሌ፦ «የእገሌ ንግድ ቀጠሮዎች በ40% ጨመሩ»። እውነተኛ ውጤት ብቻ፤ በጭራሽ አይፈጠሩ።]

በ WhatsApp ይጻፉልን፦ wa.me/27688529333

#MuleSoo #ሀበሻ #ኢትዮጵያ #ንግድ #ቴክኖሎጂ #ዲጂታል #ቢዝነስ"
"2026-01-10","Sat","10","Facebook","PROOF","yes","148","","በዚህ ወር የሰራነው፦

[እውነተኛ የደንበኛ ውጤት እዚህ ያስገቡ — ለምሳሌ፦ «የእገሌ ንግድ ቀጠሮዎች በ40% ጨመሩ»። እውነተኛ ውጤት ብቻ፤ በጭራሽ አይፈጠሩ።]

ተጨማሪ ለማወቅ፦ mulesoo.com

#MuleSoo #ሀበሻ #ኢትዮጵያ"
"2026-01-10","Sat","10","TikTok","PROOF","yes","133","","በዚህ ወር የሰራነው፦
[እውነተኛ የደንበኛ ውጤት እዚህ ያስገቡ — ለምሳሌ፦ «የእገሌ ንግድ ቀጠሮዎች በ40% ጨመሩ»።

ሙሉውን በመገለጫችን ሊንክ ያገኙታል።

#MuleSoo #ሀበሻ #ኢትዮጵያ #ንግድ #ቴክኖሎጂ"
"2026-01-10","Sat","10","X","PROOF","yes","128","","በዚህ ወር የሰራነው፦
[እውነተኛ የደንበኛ ውጤት እዚህ ያስገቡ — ለምሳሌ፦ «የእገሌ ንግድ ቀጠሮዎች በ40% ጨመሩ»። እውነተኛ ውጤት ብቻ፤ በጭራሽ አይፈጠሩ።]

mulesoo.com #MuleSoo #ሀበሻ"
"2026-01-11","Sun","11","LinkedIn","MYTH","","168","","ብዙ ጊዜ የሚባል ነገር፦ «ቻትቦት ደንበኞችን ያስቀይማል።»

እውነታው፦ የሚያስቀይመው መልስ አለማግኘት ነው። ጥሩ ቻትቦት በሰከንድ ይመልሳል፤ ሰው ሲያስፈልግ ያስተላልፋል።

በ WhatsApp ይጻፉልን፦ wa.me/27688529333

#MuleSoo #ሀበሻ #ኢትዮጵያ"
"2026-01-11","Sun","11","Instagram","MYTH","","183","","ብዙ ጊዜ የሚባል ነገር፦ «AI ውድ ነው፤ ለትልልቅ ኩባንያዎች ብቻ ነው።»

እውነታው፦ ዛሬ ቻትቦት ከአንድ ሰራተኛ ወርሃዊ ደመወዝ ባነሰ ዋጋ ይሰራል — እና እረፍት አይጠይቅም።

ተጨማሪ ለማወቅ፦ mulesoo.com

#MuleSoo #ሀበሻ #ኢትዮጵያ #ንግድ #ቴክኖሎጂ #ዲጂታል #ቢዝነስ"
"2026-01-11","Sun","11","Facebook","MYTH","","143","","ብዙ ጊዜ የሚባል ነገር፦ «ሎጎ ማንኛውም ሰው መስራት ይችላል።»

እውነታው፦ ሎጎ ስዕል ብቻ አይደለም፤ በመጀመሪያ እይታ የሚቀር ማህተም ነው።

ዛሬውኑ ያናግሩን፦ wa.me/27688529333

#MuleSoo #ሀበሻ #ኢትዮጵያ"
"2026-01-11","Sun","11","TikTok","MYTH","","119","","ብዙ ጊዜ የሚባል ነገር፦ «ውድ ድረ-ገጽ ጥሩ ድረ-ገጽ ነው።»
እውነታው፦ ዋጋ ጥራት አይደለም።

ሙሉውን በመገለጫችን ሊንክ ያገኙታል።

#MuleSoo #ሀበሻ #ኢትዮጵያ #ንግድ #ቴክኖሎጂ"
"2026-01-11","Sun","11","X","MYTH","","121","","ብዙ ጊዜ የሚባል ነገር፦ «QR ኮድ ጊዜው አልፎበታል።»
እውነታው፦ ዛሬ በሁሉም ጠረጴዛ ላይ ነው። ትክክለኛው ጥያቄ፦ ስንት ሰው እንደቃኘው ያውቃሉ?

mulesoo.com #MuleSoo #ሀበሻ"
"2026-01-12","Mon","12","LinkedIn","BEHIND","","113","","እያንዳንዱን ድረ-ገጽ በትንሹ ስክሪን ላይ እንፈትሻለን።

በትንሹ ስልክ ላይ ከሰራ፣ በሁሉም ላይ ይሰራል።

ተጨማሪ ለማወቅ፦ mulesoo.com

#MuleSoo #ሀበሻ #ኢትዮጵያ"
"2026-01-12","Mon","12","Instagram","BEHIND","","135","","ዛሬ አንድ ፕሮጀክት አልተቀበልንም።

ትክክለኛው ስራ ካልሆነ፣ ገንዘቡም ትክክለኛ አይደለም።

ዛሬውኑ ያናግሩን፦ wa.me/27688529333

#MuleSoo #ሀበሻ #ኢትዮጵያ #ንግድ #ቴክኖሎጂ #ዲጂታል #ቢዝነስ"
"2026-01-12","Mon","12","Facebook","BEHIND","","143","","ደንበኛ «ትንሽ ለውጥ» ሲል እንሳቀቅ ነበር።

አሁን ግን እያንዳንዱ ደንበኛ ራሱ የሚያስተካክልበት አድሚን ፓነል እንሰጣለን። ሰላም ሆነ።

ነጻ የ30 ደቂቃ ምክክር ይያዙ፦ mulesoo.com

#MuleSoo #ሀበሻ #ኢትዮጵያ"
"2026-01-12","Mon","12","TikTok","BEHIND","","122","","የደንበኞቻችንን ድረ-ገጾች በየቀኑ እንቃኛለን።
ችግርን ከደንበኛው በፊት ማየት የስራችን አካል ነው።

ሙሉውን በመገለጫችን ሊንክ ያገኙታል።

#MuleSoo #ሀበሻ #ኢትዮጵያ #ንግድ #ቴክኖሎጂ"
"2026-01-12","Mon","12","X","BEHIND","","117","","ትልቁ ደስታችን ደንበኛ «ራሴ አስተካከልኩት» ሲለን ነው።
ስርዓቱ የእሱ ነውና። እኛ የሰራነው መሳሪያውን ነው፤ ንግዱን የሚያሳድገው እሱ ነው።

mulesoo.com #MuleSoo #ሀበሻ"
"2026-01-13","Tue","13","LinkedIn","PROMO","","132","","ሌሊት የሚመልስ ሰራተኛ ይፈልጋሉ?

ቻትቦታችን በሌሊትም ይመልሳል — እርስዎ ይተኛሉ፣ ንግድዎ ይሰራል። ከ R2,500 ጀምሮ።

ዛሬውኑ ያናግሩን፦ wa.me/27688529333

#MuleSoo #ሀበሻ #ኢትዮጵያ"
"2026-01-13","Tue","13","Instagram","PROMO","","171","","ወረቀት ላይ ያለ ተራ QR ኮድ በቂ አይደለም።

ማን፣ መቼ፣ ስንት ጊዜ እንደቃኘው የሚነግርዎ የምርትዎን ቀለም የያዘ ኮድ — ከ R300 ጀምሮ።

ነጻ የ30 ደቂቃ ምክክር ይያዙ፦ mulesoo.com

#MuleSoo #ሀበሻ #ኢትዮጵያ #ንግድ #ቴክኖሎጂ #ዲጂታል #ቢዝነስ"
"2026-01-13","Tue","13","Facebook","PROMO","","145","","ቀጠሮ፣ ክፍያ፣ ማስታወሻ — ሁሉም በራሱ ይስራ።

የ Auto Pilot ስርዓታችን ንግድዎን በእንቅልፍዎም ያንቀሳቅሳል። ዋጋ በፕሮጀክት።

በ WhatsApp ይጻፉልን፦ wa.me/27688529333

#MuleSoo #ሀበሻ #ኢትዮጵያ"
"2026-01-13","Tue","13","TikTok","PROMO","","119","","ንግድዎ የሚፈልገው መተግበሪያ ገበያ ላይ የለም?
እንሰራዋለን — ልክ ለእርስዎ አሰራር የተሰፋ።

ሙሉውን በመገለጫችን ሊንክ ያገኙታል።

#MuleSoo #ሀበሻ #ኢትዮጵያ #ንግድ #ቴክኖሎጂ"
"2026-01-13","Tue","13","X","PROMO","","105","","ሌሊት የሚመልስ ሰራተኛ ይፈልጋሉ?
ቻትቦታችን በሌሊትም ይመልሳል — እርስዎ ይተኛሉ፣ ንግድዎ ይሰራል። ከ R2,500 ጀምሮ።

mulesoo.com #MuleSoo #ሀበሻ"
"2026-01-14","Wed","14","LinkedIn","HUMAN","","121","","እያንዳንዱ የሎጎ ማስተካከያ ጥያቄ የሚመጣው እኩለ ሌሊት ላይ ነው።

ለምን እንደሆነ መጠየቅ አቁመናል።

ነጻ የ30 ደቂቃ ምክክር ይያዙ፦ mulesoo.com

#MuleSoo #ሀበሻ #ኢትዮጵያ"
"2026-01-14","Wed","14","Instagram","HUMAN","","145","","ስንት ቡና እንደጠጣን አንቆጥርም።

የደንበኞቻችን ሽያጭ ግን ይቆጠራል። ቅድሚያችን ግልጽ ነው። ☕

በ WhatsApp ይጻፉልን፦ wa.me/27688529333

#MuleSoo #ሀበሻ #ኢትዮጵያ #ንግድ #ቴክኖሎጂ #ዲጂታል #ቢዝነስ"
"2026-01-14","Wed","14","Facebook","HUMAN","","121","","ደንበኛ፦ «መቼ ይደርሳል?» እኛ፦ «ነገ።»

ነገ ማለታችን ግን በእውነት ነገ ነው። ያልተለመደ መሆኑን እናውቃለን። 😄

ተጨማሪ ለማወቅ፦ mulesoo.com

#MuleSoo #ሀበሻ #ኢትዮጵያ"
"2026-01-14","Wed","14","TikTok","HUMAN","","106","","በስብሰባ ላይ በጣም የምንጠነቀቅበት ቃል፦
«የአክስቴ ልጅ ዲዛይን ያውቃል።

ሙሉውን በመገለጫችን ሊንክ ያገኙታል።

#MuleSoo #ሀበሻ #ኢትዮጵያ #ንግድ #ቴክኖሎጂ"
"2026-01-14","Wed","14","X","HUMAN","","81","","WiFi ሲጠፋ የቢሮአችን ድምጽ፦ ጸጥታ።
ከዚያ ሁሉም ወደ ስልክ ዳታ። ስራ አይቆምም።

mulesoo.com #MuleSoo #ሀበሻ"
"2026-01-15","Thu","15","LinkedIn","PROBLEM","","133","","የንግድዎ ኢሜይል በ gmail ይጨርሳል።

ትልልቅ ደንበኞች ያስተውላሉ። ምንም አይሉም — ዝም ብለው መልስ አይሰጡም።

በ WhatsApp ይጻፉልን፦ wa.me/27688529333

#MuleSoo #ሀበሻ #ኢትዮጵያ"
"2026-01-15","Thu","15","Instagram","PROBLEM","","116","","የቀጠሮ መዝገብዎ ደብተር ነው።

አንድ የጠፋ ገጽ አንድ የጠፋ ወር ነው።

ተጨማሪ ለማወቅ፦ mulesoo.com

#MuleSoo #ሀበሻ #ኢትዮጵያ #ንግድ #ቴክኖሎጂ #ዲጂታል #ቢዝነስ"
"2026-01-15","Thu","15","Facebook","PROBLEM","","121","","ድረ-ገጽዎ በላፕቶፕዎ ላይ ያምራል።

ከ10 ደንበኞችዎ 9ኙ ግን በስልክ ነው የሚያዩት። በስልክ አይተውታል?

ዛሬውኑ ያናግሩን፦ wa.me/27688529333

#MuleSoo #ሀበሻ #ኢትዮጵያ"
"2026-01-15","Thu","15","TikTok","PROBLEM","","122","","ጉግል ላይ አይገኙም።
ትንሽ ስለሆኑ አይደለም — ገጾችዎ መኖራቸውን ለጉግል ማንም ስላልነገረው ነው።

ሙሉውን በመገለጫችን ሊንክ ያገኙታል።

#MuleSoo #ሀበሻ #ኢትዮጵያ #ንግድ #ቴክኖሎጂ"
"2026-01-15","Thu","15","X","PROBLEM","","74","","ዋጋዎ ድረ-ገጽዎ ላይ የለም።
ሰዎች «ውድ ይሆናል» ብለው ገምተው ይሄዳሉ።

mulesoo.com #MuleSoo #ሀበሻ"
"2026-01-16","Fri","16","LinkedIn","EDUCATE","","117","","ከሎጎ በፊት ዶሜይን ይግዙ።

ስሞች ይቀየራሉ። መጀመሪያ .com ወይም .co.za ያዙ፤ ከዚያ ዙሪያውን ይንደፉ።

ተጨማሪ ለማወቅ፦ mulesoo.com

#MuleSoo #ሀበሻ #ኢትዮጵያ"
"2026-01-16","Fri","16","Instagram","EDUCATE","","145","","ቻትቦት የሮቦት ተቀባይ አይደለም።

ማጣሪያ ነው። ቀላሉን 70% ይይዛል፤ የሚከፍለው 30% ለሰው ይደርሳል።

ዛሬውኑ ያናግሩን፦ wa.me/27688529333

#MuleSoo #ሀበሻ #ኢትዮጵያ #ንግድ #ቴክኖሎጂ #ዲጂታል #ቢዝነስ"
"2026-01-16","Fri","16","Facebook","EDUCATE","","135","","ፍጥነት የሚመጣው ከማይጫኑት ነገር ነው።

ከባድ ምስሎች፣ ስላይደሮች፣ የቪዲዮ ጀርባዎች — መጀመሪያ ይሰርዙ፤ ከዚያ ያሻሽሉ።

ነጻ የ30 ደቂቃ ምክክር ይያዙ፦ mulesoo.com

#MuleSoo #ሀበሻ #ኢትዮጵያ"
"2026-01-16","Fri","16","TikTok","EDUCATE","","103","","ዋጋዎን ይጻፉ።
መደበቅ አያሳንሰውም፤ እርግጠኛ እንዳልሆኑ ያስመስላል።

ሙሉውን በመገለጫችን ሊንክ ያገኙታል።

#MuleSoo #ሀበሻ #ኢትዮጵያ #ንግድ #ቴክኖሎጂ"
"2026-01-16","Fri","16","X","EDUCATE","","82","","ምስሎችዎን ያሳንሱ።
4MB የሆነ ምስል የሆስቲንግ ችግር አይደለም፤ የምስል ችግር ነው።

mulesoo.com #MuleSoo #ሀበሻ"
"2026-01-17","Sat","17","LinkedIn","PROOF","yes","155","","በዚህ ወር የሰራነው፦

[እውነተኛ የደንበኛ ውጤት እዚህ ያስገቡ — ለምሳሌ፦ «የእገሌ ንግድ ቀጠሮዎች በ40% ጨመሩ»። እውነተኛ ውጤት ብቻ፤ በጭራሽ አይፈጠሩ።]

ዛሬውኑ ያናግሩን፦ wa.me/27688529333

#MuleSoo #ሀበሻ #ኢትዮጵያ"
"2026-01-17","Sat","17","Instagram","PROOF","yes","182","","በዚህ ወር የሰራነው፦

[እውነተኛ የደንበኛ ውጤት እዚህ ያስገቡ — ለምሳሌ፦ «የእገሌ ንግድ ቀጠሮዎች በ40% ጨመሩ»። እውነተኛ ውጤት ብቻ፤ በጭራሽ አይፈጠሩ።]

ነጻ የ30 ደቂቃ ምክክር ይያዙ፦ mulesoo.com

#MuleSoo #ሀበሻ #ኢትዮጵያ #ንግድ #ቴክኖሎጂ #ዲጂታል #ቢዝነስ"
"2026-01-17","Sat","17","Facebook","PROOF","yes","161","","በዚህ ወር የሰራነው፦

[እውነተኛ የደንበኛ ውጤት እዚህ ያስገቡ — ለምሳሌ፦ «የእገሌ ንግድ ቀጠሮዎች በ40% ጨመሩ»። እውነተኛ ውጤት ብቻ፤ በጭራሽ አይፈጠሩ።]

በ WhatsApp ይጻፉልን፦ wa.me/27688529333

#MuleSoo #ሀበሻ #ኢትዮጵያ"
"2026-01-17","Sat","17","TikTok","PROOF","yes","133","","በዚህ ወር የሰራነው፦
[እውነተኛ የደንበኛ ውጤት እዚህ ያስገቡ — ለምሳሌ፦ «የእገሌ ንግድ ቀጠሮዎች በ40% ጨመሩ»።

ሙሉውን በመገለጫችን ሊንክ ያገኙታል።

#MuleSoo #ሀበሻ #ኢትዮጵያ #ንግድ #ቴክኖሎጂ"
"2026-01-17","Sat","17","X","PROOF","yes","128","","በዚህ ወር የሰራነው፦
[እውነተኛ የደንበኛ ውጤት እዚህ ያስገቡ — ለምሳሌ፦ «የእገሌ ንግድ ቀጠሮዎች በ40% ጨመሩ»። እውነተኛ ውጤት ብቻ፤ በጭራሽ አይፈጠሩ።]

mulesoo.com #MuleSoo #ሀበሻ"
"2026-01-18","Sun","18","LinkedIn","MYTH","","171","","ብዙ ጊዜ የሚባል ነገር፦ «ድረ-ገጽ አንዴ ተሰርቶ ያበቃል።»

እውነታው፦ ድረ-ገጽ እንደ ሱቅ ነው — መስታወቱ ሁልጊዜ ንጹህ መሆን አለበት። ትንሽ እንክብካቤ ትልቅ ልዩነት ያመጣል።

ነጻ የ30 ደቂቃ ምክክር ይያዙ፦ mulesoo.com

#MuleSoo #ሀበሻ #ኢትዮጵያ"
"2026-01-18","Sun","18","Instagram","MYTH","","192","","ብዙ ጊዜ የሚባል ነገር፦ «ማህበራዊ ሚዲያ ካለኝ ድረ-ገጽ አያስፈልገኝም።»

እውነታው፦ ያ ገጽ የእርስዎ አይደለም፤ ተከራይተውታል። ህጎቹ ሲቀየሩ ንግድዎም አብሮ ይናወጣል።

በ WhatsApp ይጻፉልን፦ wa.me/27688529333

#MuleSoo #ሀበሻ #ኢትዮጵያ #ንግድ #ቴክኖሎጂ #ዲጂታል #ቢዝነስ"
"2026-01-18","Sun","18","Facebook","MYTH","","144","","ብዙ ጊዜ የሚባል ነገር፦ «ደንበኞቼ ኢንተርኔት አይጠቀሙም።»

እውነታው፦ ልጆቻቸው ግን ይጠቀማሉ — እና የቤተሰቡን ውሳኔ ብዙ ጊዜ የሚመሩት እነሱ ናቸው።

ተጨማሪ ለማወቅ፦ mulesoo.com

#MuleSoo #ሀበሻ #ኢትዮጵያ"
"2026-01-18","Sun","18","TikTok","MYTH","","130","","ብዙ ጊዜ የሚባል ነገር፦ «አውቶሜሽን ሰራተኞችን ያስወግዳል።»
እውነታው፦ አይደለም — አሰልቺውን ስራ ይወስዳል።

ሙሉውን በመገለጫችን ሊንክ ያገኙታል።

#MuleSoo #ሀበሻ #ኢትዮጵያ #ንግድ #ቴክኖሎጂ"
"2026-01-18","Sun","18","X","MYTH","","127","","ብዙ ጊዜ የሚባል ነገር፦ «ለትንሽ ንግድ ድረ-ገጽ አያስፈልግም።»
እውነታው፦ ደንበኛዎ ግን መጀመሪያ ጉግል ላይ ይፈልግዎታል። እዚያ ከሌሉ፣ ለሌላው ይደውላል።

mulesoo.com #MuleSoo #ሀበሻ"
"2026-01-19","Mon","19","LinkedIn","BEHIND","","118","","ከመጨመራችን በፊት እንቀንሳለን።

የመጀመሪያው ስራችን ደንበኛው የማይፈልገውን ማስወገድ ነው።

በ WhatsApp ይጻፉልን፦ wa.me/27688529333

#MuleSoo #ሀበሻ #ኢትዮጵያ"
"2026-01-19","Mon","19","Instagram","BEHIND","","133","","የእኛ ስብሰባዎች 30 ደቂቃ ናቸው።

ከዚያ በላይ ከወሰደ፣ ችግሩ አጀንዳው ሳይሆን ዝግጅታችን ነው።

ተጨማሪ ለማወቅ፦ mulesoo.com

#MuleSoo #ሀበሻ #ኢትዮጵያ #ንግድ #ቴክኖሎጂ #ዲጂታል #ቢዝነስ"
"2026-01-19","Mon","19","Facebook","BEHIND","","126","","ኮድ ከመጻፍ በፊት እንቆጥራለን።

ስንት ጎብኚ፣ ስንት ጥያቄ፣ ስንት ሽያጭ። ቁጥር የሌለው ዲዛይን ግምት ብቻ ነው።

ዛሬውኑ ያናግሩን፦ wa.me/27688529333

#MuleSoo #ሀበሻ #ኢትዮጵያ"
"2026-01-19","Mon","19","TikTok","BEHIND","","130","","አዲስ ሰው ስንቀጥር የመጀመሪያ ጥያቄያችን፦ «ማስረዳት ይችላሉ?»
ኮድ መጻፍ ይማራል፤ ግልጽነት ግን ባህሪ ነው።

ሙሉውን በመገለጫችን ሊንክ ያገኙታል።

#MuleSoo #ሀበሻ #ኢትዮጵያ #ንግድ #ቴክኖሎጂ"
"2026-01-19","Mon","19","X","BEHIND","","121","","ዛሬ ከአዲስ ደንበኛ ጋር የመጀመሪያ ስብሰባ ነበረን።
አንድም ጊዜ ስለ ቴክኖሎጂ አልተነጋገርንም — ስለ ንግዱ ብቻ። ኮዱ የሚመጣው ከዚያ በኋላ ነው።

mulesoo.com #MuleSoo #ሀበሻ"
"2026-01-20","Tue","20","LinkedIn","PROMO","","110","","ሎጎዎ ማን እንደሆኑ ይናገራል?

በአንድ እይታ የሚታወስ የምርት መለያ እንሰራለን። ከ R800 ጀምሮ።

ተጨማሪ ለማወቅ፦ mulesoo.com

#MuleSoo #ሀበሻ #ኢትዮጵያ"
"2026-01-20","Tue","20","Instagram","PROMO","","145","","ገና በ gmail ነው የሚሰሩት?

የ @yourbusiness ኢሜይል ያሳምራል፤ ያሳምናል። ከ R400 ጀምሮ።

ዛሬውኑ ያናግሩን፦ wa.me/27688529333

#MuleSoo #ሀበሻ #ኢትዮጵያ #ንግድ #ቴክኖሎጂ #ዲጂታል #ቢዝነስ"
"2026-01-20","Tue","20","Facebook","PROMO","","133","","አሰልቺው የቢሮ ስራ ራሱን ይስራ።

የ AI አውቶሜሽን ስርዓቶቻችን ደረሰኝ ይልካሉ፣ ቀጠሮ ያስይዛሉ፣ ደንበኛ ይከታተላሉ።

ነጻ የ30 ደቂቃ ምክክር ይያዙ፦ mulesoo.com

#MuleSoo #ሀበሻ #ኢትዮጵያ"
"2026-01-20","Tue","20","TikTok","PROMO","","108","","ድረ-ገጽ ይፈልጋሉ?
ጎብኚን ወደ ከፋይ ደንበኛ የሚቀይር ድረ-ገጽ እንሰራለን።

ሙሉውን በመገለጫችን ሊንክ ያገኙታል።

#MuleSoo #ሀበሻ #ኢትዮጵያ #ንግድ #ቴክኖሎጂ"
"2026-01-20","Tue","20","X","PROMO","","90","","ሎጎዎ ማን እንደሆኑ ይናገራል?
በአንድ እይታ የሚታወስ የምርት መለያ እንሰራለን። ከ R800 ጀምሮ።

mulesoo.com #MuleSoo #ሀበሻ"
"2026-01-21","Wed","21","LinkedIn","HUMAN","","120","","የሰማነው፦ «ትንሽ ለውጥ ነው» የሚለው ዓረፍተ ነገር…

በአማካይ ሶስት ቀን ይወስዳል። ግን እንወደዋለን።

ዛሬውኑ ያናግሩን፦ wa.me/27688529333

#MuleSoo #ሀበሻ #ኢትዮጵያ"
"2026-01-21","Wed","21","Instagram","HUMAN","","134","","በበዓል ቀንም «ድረ-ገጹ ደህና ነው?» ብለን እንፈትሻለን።

አዎ፣ እንደዚህ ነን። 🙈

ነጻ የ30 ደቂቃ ምክክር ይያዙ፦ mulesoo.com

#MuleSoo #ሀበሻ #ኢትዮጵያ #ንግድ #ቴክኖሎጂ #ዲጂታል #ቢዝነስ"
"2026-01-21","Wed","21","Facebook","HUMAN","","134","","ሁለት አይነት ንግድ አለ፦

ድረ-ገጽ ያለውና «በኋላ እሰራለሁ» የሚል። ሁለተኛው የመጀመሪያውን ደንበኛ ያበረክትለታል።

በ WhatsApp ይጻፉልን፦ wa.me/27688529333

#MuleSoo #ሀበሻ #ኢትዮጵያ"
"2026-01-21","Wed","21","TikTok","HUMAN","","127","","እኛ ስንተኛ ስልካችን ጸጥ ይላል ብለን እናስባለን።
ቻትቦታችን ግን በዚያው ሌሊት ሶስት ቀጠሮ ይዞ ያድራል።

ሙሉውን በመገለጫችን ሊንክ ያገኙታል።

#MuleSoo #ሀበሻ #ኢትዮጵያ #ንግድ #ቴክኖሎጂ"
"2026-01-21","Wed","21","X","HUMAN","","87","","ልጆቻችን ስራችንን ሲጠየቁ፦ «ኮምፒውተር ይነካካሉ» ይላሉ።
ትክክል ናቸው። በጣም እንነካካለን።

mulesoo.com #MuleSoo #ሀበሻ"
"2026-01-22","Thu","22","LinkedIn","PROBLEM","","115","","ሎጎዎ በ Word የተሰራ ነው።

በትልቅ ባነር ላይ ይታወቃል። በንግድ ካርድ ላይም ይታወቃል።

ነጻ የ30 ደቂቃ ምክክር ይያዙ፦ mulesoo.com

#MuleSoo #ሀበሻ #ኢትዮጵያ"
"2026-01-22","Thu","22","Instagram","PROBLEM","","140","","ከምሽቱ 1 ሰዓት በኋላ ደንበኞች ያመልጡዎታል።

የተፎካካሪዎ ቻትቦት ግን ነቅቶ ይመልሳል።

በ WhatsApp ይጻፉልን፦ wa.me/27688529333

#MuleSoo #ሀበሻ #ኢትዮጵያ #ንግድ #ቴክኖሎጂ #ዲጂታል #ቢዝነስ"
"2026-01-22","Thu","22","Facebook","PROBLEM","","108","","ዋጋ ማቅረቢያ በእጅ ይሰራሉ።

በሳምንት 4 ሰዓት ነው። በዓመት አምስት የስራ ሳምንት ማለት ነው።

ተጨማሪ ለማወቅ፦ mulesoo.com

#MuleSoo #ሀበሻ #ኢትዮጵያ"
"2026-01-22","Thu","22","TikTok","PROBLEM","","119","","ደረሰኞችዎ ዘግይተው ይወጣሉ።
የገንዘብ ፍሰት የሂሳብ ችግር አይደለም፤ የአስተዳደር ችግር ነው።

ሙሉውን በመገለጫችን ሊንክ ያገኙታል።

#MuleSoo #ሀበሻ #ኢትዮጵያ #ንግድ #ቴክኖሎጂ"
"2026-01-22","Thu","22","X","PROBLEM","","85","","ለጥያቄ መልስ የሚሰጡት በሁለት ቀን ነው።
ስራውን ያገኘው ግን በሁለት ሰዓት የመለሰው ነው።

mulesoo.com #MuleSoo #ሀበሻ"
"2026-01-23","Fri","23","LinkedIn","EDUCATE","","118","","ምርጥ ሻጭዎ የ FAQ ገጽ ነው።

ደንበኛው በአክብሮት ያልጠየቀውን ጥያቄ አስቀድሞ ይመልሳል።

በ WhatsApp ይጻፉልን፦ wa.me/27688529333

#MuleSoo #ሀበሻ #ኢትዮጵያ"
"2026-01-23","Fri","23","Instagram","EDUCATE","","139","","አንድ ግልጽ ጥሪ ከአምስት ይሻላል።

እያንዳንዱ ተጨማሪ ቁልፍ ውሳኔ ነው፤ እያንዳንዱ ውሳኔ ሰዎችን ያሸሻል።

ተጨማሪ ለማወቅ፦ mulesoo.com

#MuleSoo #ሀበሻ #ኢትዮጵያ #ንግድ #ቴክኖሎጂ #ዲጂታል #ቢዝነስ"
"2026-01-23","Fri","23","Facebook","EDUCATE","","117","","የገዙት ኮድ የእርስዎ ይሁን።

ገንቢው ሲጠፋ ድረ-ገጽዎም አብሮ ከጠፋ፣ አልገዙትም — ተከራይተውታል።

ዛሬውኑ ያናግሩን፦ wa.me/27688529333

#MuleSoo #ሀበሻ #ኢትዮጵያ"
"2026-01-23","Fri","23","TikTok","EDUCATE","","111","","እያንዳንዱ የቅጽ መስክ ደንበኛ ያስከፍላል።
ለመመለስ የሚያስፈልገውን ብቻ ይጠይቁ።

ሙሉውን በመገለጫችን ሊንክ ያገኙታል።

#MuleSoo #ሀበሻ #ኢትዮጵያ #ንግድ #ቴክኖሎጂ"
"2026-01-23","Fri","23","X","EDUCATE","","101","","ግምገማዎችዎ የእርስዎ SEO ናቸው።
እውነተኛ ግምገማ ያለው የጉግል ቢዝነስ ፕሮፋይል ከቆንጆ ድረ-ገጽ በላይ ይወጣል።

mulesoo.com #MuleSoo #ሀበሻ"
"2026-01-24","Sat","24","LinkedIn","PROOF","yes","148","","በዚህ ወር የሰራነው፦

[እውነተኛ የደንበኛ ውጤት እዚህ ያስገቡ — ለምሳሌ፦ «የእገሌ ንግድ ቀጠሮዎች በ40% ጨመሩ»። እውነተኛ ውጤት ብቻ፤ በጭራሽ አይፈጠሩ።]

ተጨማሪ ለማወቅ፦ mulesoo.com

#MuleSoo #ሀበሻ #ኢትዮጵያ"
"2026-01-24","Sat","24","Instagram","PROOF","yes","179","","በዚህ ወር የሰራነው፦

[እውነተኛ የደንበኛ ውጤት እዚህ ያስገቡ — ለምሳሌ፦ «የእገሌ ንግድ ቀጠሮዎች በ40% ጨመሩ»። እውነተኛ ውጤት ብቻ፤ በጭራሽ አይፈጠሩ።]

ዛሬውኑ ያናግሩን፦ wa.me/27688529333

#MuleSoo #ሀበሻ #ኢትዮጵያ #ንግድ #ቴክኖሎጂ #ዲጂታል #ቢዝነስ"
"2026-01-24","Sat","24","Facebook","PROOF","yes","158","","በዚህ ወር የሰራነው፦

[እውነተኛ የደንበኛ ውጤት እዚህ ያስገቡ — ለምሳሌ፦ «የእገሌ ንግድ ቀጠሮዎች በ40% ጨመሩ»። እውነተኛ ውጤት ብቻ፤ በጭራሽ አይፈጠሩ።]

ነጻ የ30 ደቂቃ ምክክር ይያዙ፦ mulesoo.com

#MuleSoo #ሀበሻ #ኢትዮጵያ"
"2026-01-24","Sat","24","TikTok","PROOF","yes","133","","በዚህ ወር የሰራነው፦
[እውነተኛ የደንበኛ ውጤት እዚህ ያስገቡ — ለምሳሌ፦ «የእገሌ ንግድ ቀጠሮዎች በ40% ጨመሩ»።

ሙሉውን በመገለጫችን ሊንክ ያገኙታል።

#MuleSoo #ሀበሻ #ኢትዮጵያ #ንግድ #ቴክኖሎጂ"
"2026-01-24","Sat","24","X","PROOF","yes","128","","በዚህ ወር የሰራነው፦
[እውነተኛ የደንበኛ ውጤት እዚህ ያስገቡ — ለምሳሌ፦ «የእገሌ ንግድ ቀጠሮዎች በ40% ጨመሩ»። እውነተኛ ውጤት ብቻ፤ በጭራሽ አይፈጠሩ።]

mulesoo.com #MuleSoo #ሀበሻ"
"2026-01-25","Sun","25","LinkedIn","MYTH","","166","","ብዙ ጊዜ የሚባል ነገር፦ «AI ውድ ነው፤ ለትልልቅ ኩባንያዎች ብቻ ነው።»

እውነታው፦ ዛሬ ቻትቦት ከአንድ ሰራተኛ ወርሃዊ ደመወዝ ባነሰ ዋጋ ይሰራል — እና እረፍት አይጠይቅም።

ዛሬውኑ ያናግሩን፦ wa.me/27688529333

#MuleSoo #ሀበሻ #ኢትዮጵያ"
"2026-01-25","Sun","25","Instagram","MYTH","","170","","ብዙ ጊዜ የሚባል ነገር፦ «ሎጎ ማንኛውም ሰው መስራት ይችላል።»

እውነታው፦ ሎጎ ስዕል ብቻ አይደለም፤ በመጀመሪያ እይታ የሚቀር ማህተም ነው።

ነጻ የ30 ደቂቃ ምክክር ይያዙ፦ mulesoo.com

#MuleSoo #ሀበሻ #ኢትዮጵያ #ንግድ #ቴክኖሎጂ #ዲጂታል #ቢዝነስ"
"2026-01-25","Sun","25","Facebook","MYTH","","148","","ብዙ ጊዜ የሚባል ነገር፦ «ውድ ድረ-ገጽ ጥሩ ድረ-ገጽ ነው።»

እውነታው፦ ዋጋ ጥራት አይደለም። ድረ-ገጽ የሚለካው በሚያመጣው ደንበኛ ነው።

በ WhatsApp ይጻፉልን፦ wa.me/27688529333

#MuleSoo #ሀበሻ #ኢትዮጵያ"
"2026-01-25","Sun","25","TikTok","MYTH","","121","","ብዙ ጊዜ የሚባል ነገር፦ «QR ኮድ ጊዜው አልፎበታል።»
እውነታው፦ ዛሬ በሁሉም ጠረጴዛ ላይ ነው።

ሙሉውን በመገለጫችን ሊንክ ያገኙታል።

#MuleSoo #ሀበሻ #ኢትዮጵያ #ንግድ #ቴክኖሎጂ"
"2026-01-25","Sun","25","X","MYTH","","135","","ብዙ ጊዜ የሚባል ነገር፦ «ቻትቦት ደንበኞችን ያስቀይማል።»
እውነታው፦ የሚያስቀይመው መልስ አለማግኘት ነው። ጥሩ ቻትቦት በሰከንድ ይመልሳል፤ ሰው ሲያስፈልግ ያስተላልፋል።

mulesoo.com #MuleSoo #ሀበሻ"
"2026-01-26","Mon","26","LinkedIn","BEHIND","","114","","ዛሬ አንድ ፕሮጀክት አልተቀበልንም።

ትክክለኛው ስራ ካልሆነ፣ ገንዘቡም ትክክለኛ አይደለም።

ነጻ የ30 ደቂቃ ምክክር ይያዙ፦ mulesoo.com

#MuleSoo #ሀበሻ #ኢትዮጵያ"
"2026-01-26","Mon","26","Instagram","BEHIND","","170","","ደንበኛ «ትንሽ ለውጥ» ሲል እንሳቀቅ ነበር።

አሁን ግን እያንዳንዱ ደንበኛ ራሱ የሚያስተካክልበት አድሚን ፓነል እንሰጣለን። ሰላም ሆነ።

በ WhatsApp ይጻፉልን፦ wa.me/27688529333

#MuleSoo #ሀበሻ #ኢትዮጵያ #ንግድ #ቴክኖሎጂ #ዲጂታል #ቢዝነስ"
"2026-01-26","Mon","26","Facebook","BEHIND","","110","","የደንበኞቻችንን ድረ-ገጾች በየቀኑ እንቃኛለን።

ችግርን ከደንበኛው በፊት ማየት የስራችን አካል ነው።

ተጨማሪ ለማወቅ፦ mulesoo.com

#MuleSoo #ሀበሻ #ኢትዮጵያ"
"2026-01-26","Mon","26","TikTok","BEHIND","","109","","ትልቁ ደስታችን ደንበኛ «ራሴ አስተካከልኩት» ሲለን ነው።
ስርዓቱ የእሱ ነውና።

ሙሉውን በመገለጫችን ሊንክ ያገኙታል።

#MuleSoo #ሀበሻ #ኢትዮጵያ #ንግድ #ቴክኖሎጂ"
"2026-01-26","Mon","26","X","BEHIND","","93","","እያንዳንዱን ድረ-ገጽ በትንሹ ስክሪን ላይ እንፈትሻለን።
በትንሹ ስልክ ላይ ከሰራ፣ በሁሉም ላይ ይሰራል።

mulesoo.com #MuleSoo #ሀበሻ"
"2026-01-27","Tue","27","LinkedIn","PROMO","","150","","ወረቀት ላይ ያለ ተራ QR ኮድ በቂ አይደለም።

ማን፣ መቼ፣ ስንት ጊዜ እንደቃኘው የሚነግርዎ የምርትዎን ቀለም የያዘ ኮድ — ከ R300 ጀምሮ።

በ WhatsApp ይጻፉልን፦ wa.me/27688529333

#MuleSoo #ሀበሻ #ኢትዮጵያ"
"2026-01-27","Tue","27","Instagram","PROMO","","156","","ቀጠሮ፣ ክፍያ፣ ማስታወሻ — ሁሉም በራሱ ይስራ።

የ Auto Pilot ስርዓታችን ንግድዎን በእንቅልፍዎም ያንቀሳቅሳል። ዋጋ በፕሮጀክት።

ተጨማሪ ለማወቅ፦ mulesoo.com

#MuleSoo #ሀበሻ #ኢትዮጵያ #ንግድ #ቴክኖሎጂ #ዲጂታል #ቢዝነስ"
"2026-01-27","Tue","27","Facebook","PROMO","","114","","ንግድዎ የሚፈልገው መተግበሪያ ገበያ ላይ የለም?

እንሰራዋለን — ልክ ለእርስዎ አሰራር የተሰፋ።

ዛሬውኑ ያናግሩን፦ wa.me/27688529333

#MuleSoo #ሀበሻ #ኢትዮጵያ"
"2026-01-27","Tue","27","TikTok","PROMO","","123","","ሌሊት የሚመልስ ሰራተኛ ይፈልጋሉ?
ቻትቦታችን በሌሊትም ይመልሳል — እርስዎ ይተኛሉ፣ ንግድዎ ይሰራል።

ሙሉውን በመገለጫችን ሊንክ ያገኙታል።

#MuleSoo #ሀበሻ #ኢትዮጵያ #ንግድ #ቴክኖሎጂ"
"2026-01-27","Tue","27","X","PROMO","","117","","ወረቀት ላይ ያለ ተራ QR ኮድ በቂ አይደለም።
ማን፣ መቼ፣ ስንት ጊዜ እንደቃኘው የሚነግርዎ የምርትዎን ቀለም የያዘ ኮድ — ከ R300 ጀምሮ።

mulesoo.com #MuleSoo #ሀበሻ"
"2026-01-28","Wed","28","LinkedIn","HUMAN","","106","","ስንት ቡና እንደጠጣን አንቆጥርም።

የደንበኞቻችን ሽያጭ ግን ይቆጠራል። ቅድሚያችን ግልጽ ነው።

ተጨማሪ ለማወቅ፦ mulesoo.com

#MuleSoo #ሀበሻ #ኢትዮጵያ"
"2026-01-28","Wed","28","Instagram","HUMAN","","152","","ደንበኛ፦ «መቼ ይደርሳል?» እኛ፦ «ነገ።»

ነገ ማለታችን ግን በእውነት ነገ ነው። ያልተለመደ መሆኑን እናውቃለን። 😄

ዛሬውኑ ያናግሩን፦ wa.me/27688529333

#MuleSoo #ሀበሻ #ኢትዮጵያ #ንግድ #ቴክኖሎጂ #ዲጂታል #ቢዝነስ"
"2026-01-28","Wed","28","Facebook","HUMAN","","136","","በስብሰባ ላይ በጣም የምንጠነቀቅበት ቃል፦

«የአክስቴ ልጅ ዲዛይን ያውቃል።» — እናዳምጣለን፤ አንዳንዴ በእውነት ያውቃል። 😂

ነጻ የ30 ደቂቃ ምክክር ይያዙ፦ mulesoo.com

#MuleSoo #ሀበሻ #ኢትዮጵያ"
"2026-01-28","Wed","28","TikTok","HUMAN","","103","","WiFi ሲጠፋ የቢሮአችን ድምጽ፦ ጸጥታ።
ከዚያ ሁሉም ወደ ስልክ ዳታ።

ሙሉውን በመገለጫችን ሊንክ ያገኙታል።

#MuleSoo #ሀበሻ #ኢትዮጵያ #ንግድ #ቴክኖሎጂ"
"2026-01-28","Wed","28","X","HUMAN","","104","","በሳምንት አንድ ጊዜ ራሳችንን እንጠይቃለን፦
«ይህን ደንበኛው በራሱ ማድረግ ይችላል?» መልሱ አዎ ከሆነ፣ እናስተምረዋለን።

mulesoo.com #MuleSoo #ሀበሻ"
"2026-01-29","Thu","29","LinkedIn","PROBLEM","","99","","የቀጠሮ መዝገብዎ ደብተር ነው።

አንድ የጠፋ ገጽ አንድ የጠፋ ወር ነው።

ዛሬውኑ ያናግሩን፦ wa.me/27688529333

#MuleSoo #ሀበሻ #ኢትዮጵያ"
"2026-01-29","Thu","29","Instagram","PROBLEM","","148","","ድረ-ገጽዎ በላፕቶፕዎ ላይ ያምራል።

ከ10 ደንበኞችዎ 9ኙ ግን በስልክ ነው የሚያዩት። በስልክ አይተውታል?

ነጻ የ30 ደቂቃ ምክክር ይያዙ፦ mulesoo.com

#MuleSoo #ሀበሻ #ኢትዮጵያ #ንግድ #ቴክኖሎጂ #ዲጂታል #ቢዝነስ"
"2026-01-29","Thu","29","Facebook","PROBLEM","","123","","ጉግል ላይ አይገኙም።

ትንሽ ስለሆኑ አይደለም — ገጾችዎ መኖራቸውን ለጉግል ማንም ስላልነገረው ነው።

በ WhatsApp ይጻፉልን፦ wa.me/27688529333

#MuleSoo #ሀበሻ #ኢትዮጵያ"
"2026-01-29","Thu","29","TikTok","PROBLEM","","106","","ዋጋዎ ድረ-ገጽዎ ላይ የለም።
ሰዎች «ውድ ይሆናል» ብለው ገምተው ይሄዳሉ።

ሙሉውን በመገለጫችን ሊንክ ያገኙታል።

#MuleSoo #ሀበሻ #ኢትዮጵያ #ንግድ #ቴክኖሎጂ"
"2026-01-29","Thu","29","X","PROBLEM","","103","","ማስተካከል የማይችሉት ድረ-ገጽ እየከፈሉበት ነው።
እያንዳንዱ የጽሁፍ ለውጥ አንድ የስልክ ጥሪና ሶስት ቀን ያስወጣዎታል።

mulesoo.com #MuleSoo #ሀበሻ"
"2026-01-30","Fri","30","LinkedIn","EDUCATE","","124","","ቻትቦት የሮቦት ተቀባይ አይደለም።

ማጣሪያ ነው። ቀላሉን 70% ይይዛል፤ የሚከፍለው 30% ለሰው ይደርሳል።

ነጻ የ30 ደቂቃ ምክክር ይያዙ፦ mulesoo.com

#MuleSoo #ሀበሻ #ኢትዮጵያ"
"2026-01-30","Fri","30","Instagram","EDUCATE","","162","","ፍጥነት የሚመጣው ከማይጫኑት ነገር ነው።

ከባድ ምስሎች፣ ስላይደሮች፣ የቪዲዮ ጀርባዎች — መጀመሪያ ይሰርዙ፤ ከዚያ ያሻሽሉ።

በ WhatsApp ይጻፉልን፦ wa.me/27688529333

#MuleSoo #ሀበሻ #ኢትዮጵያ #ንግድ #ቴክኖሎጂ #ዲጂታል #ቢዝነስ"
"2026-01-30","Fri","30","Facebook","EDUCATE","","91","","ዋጋዎን ይጻፉ።

መደበቅ አያሳንሰውም፤ እርግጠኛ እንዳልሆኑ ያስመስላል።

ተጨማሪ ለማወቅ፦ mulesoo.com

#MuleSoo #ሀበሻ #ኢትዮጵያ"
"2026-01-30","Fri","30","TikTok","EDUCATE","","114","","ምስሎችዎን ያሳንሱ።
4MB የሆነ ምስል የሆስቲንግ ችግር አይደለም፤ የምስል ችግር ነው።

ሙሉውን በመገለጫችን ሊንክ ያገኙታል።

#MuleSoo #ሀበሻ #ኢትዮጵያ #ንግድ #ቴክኖሎጂ"
"2026-01-30","Fri","30","X","EDUCATE","","87","","አንድ ቁጥር ብቻ ይለኩ።
በሳምንት የሚመጡ ጥያቄዎች። ያንን የማያንቀሳቅስ ነገር ሁሉ ጌጥ ነው።

mulesoo.com #MuleSoo #ሀበሻ"
"2026-01-31","Sat","31","LinkedIn","PROOF","yes","161","","በዚህ ወር የሰራነው፦

[እውነተኛ የደንበኛ ውጤት እዚህ ያስገቡ — ለምሳሌ፦ «የእገሌ ንግድ ቀጠሮዎች በ40% ጨመሩ»። እውነተኛ ውጤት ብቻ፤ በጭራሽ አይፈጠሩ።]

በ WhatsApp ይጻፉልን፦ wa.me/27688529333

#MuleSoo #ሀበሻ #ኢትዮጵያ"
"2026-01-31","Sat","31","Instagram","PROOF","yes","172","","በዚህ ወር የሰራነው፦

[እውነተኛ የደንበኛ ውጤት እዚህ ያስገቡ — ለምሳሌ፦ «የእገሌ ንግድ ቀጠሮዎች በ40% ጨመሩ»። እውነተኛ ውጤት ብቻ፤ በጭራሽ አይፈጠሩ።]

ተጨማሪ ለማወቅ፦ mulesoo.com

#MuleSoo #ሀበሻ #ኢትዮጵያ #ንግድ #ቴክኖሎጂ #ዲጂታል #ቢዝነስ"
"2026-01-31","Sat","31","Facebook","PROOF","yes","155","","በዚህ ወር የሰራነው፦

[እውነተኛ የደንበኛ ውጤት እዚህ ያስገቡ — ለምሳሌ፦ «የእገሌ ንግድ ቀጠሮዎች በ40% ጨመሩ»። እውነተኛ ውጤት ብቻ፤ በጭራሽ አይፈጠሩ።]

ዛሬውኑ ያናግሩን፦ wa.me/27688529333

#MuleSoo #ሀበሻ #ኢትዮጵያ"
"2026-01-31","Sat","31","TikTok","PROOF","yes","133","","በዚህ ወር የሰራነው፦
[እውነተኛ የደንበኛ ውጤት እዚህ ያስገቡ — ለምሳሌ፦ «የእገሌ ንግድ ቀጠሮዎች በ40% ጨመሩ»።

ሙሉውን በመገለጫችን ሊንክ ያገኙታል።

#MuleSoo #ሀበሻ #ኢትዮጵያ #ንግድ #ቴክኖሎጂ"
"2026-01-31","Sat","31","X","PROOF","yes","128","","በዚህ ወር የሰራነው፦
[እውነተኛ የደንበኛ ውጤት እዚህ ያስገቡ — ለምሳሌ፦ «የእገሌ ንግድ ቀጠሮዎች በ40% ጨመሩ»። እውነተኛ ውጤት ብቻ፤ በጭራሽ አይፈጠሩ።]

mulesoo.com #MuleSoo #ሀበሻ"
"2026-02-01","Sun","32","LinkedIn","MYTH","","155","","ብዙ ጊዜ የሚባል ነገር፦ «ማህበራዊ ሚዲያ ካለኝ ድረ-ገጽ አያስፈልገኝም።»

እውነታው፦ ያ ገጽ የእርስዎ አይደለም፤ ተከራይተውታል። ህጎቹ ሲቀየሩ ንግድዎም አብሮ ይናወጣል።

ተጨማሪ ለማወቅ፦ mulesoo.com

#MuleSoo #ሀበሻ #ኢትዮጵያ"
"2026-02-01","Sun","32","Instagram","MYTH","","175","","ብዙ ጊዜ የሚባል ነገር፦ «ደንበኞቼ ኢንተርኔት አይጠቀሙም።»

እውነታው፦ ልጆቻቸው ግን ይጠቀማሉ — እና የቤተሰቡን ውሳኔ ብዙ ጊዜ የሚመሩት እነሱ ናቸው።

ዛሬውኑ ያናግሩን፦ wa.me/27688529333

#MuleSoo #ሀበሻ #ኢትዮጵያ #ንግድ #ቴክኖሎጂ #ዲጂታል #ቢዝነስ"
"2026-02-01","Sun","32","Facebook","MYTH","","152","","ብዙ ጊዜ የሚባል ነገር፦ «አውቶሜሽን ሰራተኞችን ያስወግዳል።»

እውነታው፦ አይደለም — አሰልቺውን ስራ ይወስዳል። ሰዎችዎ ለሚከፍለው ስራ ጊዜ ያገኛሉ።

ነጻ የ30 ደቂቃ ምክክር ይያዙ፦ mulesoo.com

#MuleSoo #ሀበሻ #ኢትዮጵያ"
"2026-02-01","Sun","32","TikTok","MYTH","","138","","ብዙ ጊዜ የሚባል ነገር፦ «ለትንሽ ንግድ ድረ-ገጽ አያስፈልግም።»
እውነታው፦ ደንበኛዎ ግን መጀመሪያ ጉግል ላይ ይፈልግዎታል።

ሙሉውን በመገለጫችን ሊንክ ያገኙታል።

#MuleSoo #ሀበሻ #ኢትዮጵያ #ንግድ #ቴክኖሎጂ"
"2026-02-01","Sun","32","X","MYTH","","141","","ብዙ ጊዜ የሚባል ነገር፦ «ድረ-ገጽ አንዴ ተሰርቶ ያበቃል።»
እውነታው፦ ድረ-ገጽ እንደ ሱቅ ነው — መስታወቱ ሁልጊዜ ንጹህ መሆን አለበት። ትንሽ እንክብካቤ ትልቅ ልዩነት ያመጣል።

mulesoo.com #MuleSoo #ሀበሻ"
"2026-02-02","Mon","33","LinkedIn","BEHIND","","116","","የእኛ ስብሰባዎች 30 ደቂቃ ናቸው።

ከዚያ በላይ ከወሰደ፣ ችግሩ አጀንዳው ሳይሆን ዝግጅታችን ነው።

ዛሬውኑ ያናግሩን፦ wa.me/27688529333

#MuleSoo #ሀበሻ #ኢትዮጵያ"
"2026-02-02","Mon","33","Instagram","BEHIND","","153","","ኮድ ከመጻፍ በፊት እንቆጥራለን።

ስንት ጎብኚ፣ ስንት ጥያቄ፣ ስንት ሽያጭ። ቁጥር የሌለው ዲዛይን ግምት ብቻ ነው።

ነጻ የ30 ደቂቃ ምክክር ይያዙ፦ mulesoo.com

#MuleSoo #ሀበሻ #ኢትዮጵያ #ንግድ #ቴክኖሎጂ #ዲጂታል #ቢዝነስ"
"2026-02-02","Mon","33","Facebook","BEHIND","","131","","አዲስ ሰው ስንቀጥር የመጀመሪያ ጥያቄያችን፦ «ማስረዳት ይችላሉ?»

ኮድ መጻፍ ይማራል፤ ግልጽነት ግን ባህሪ ነው።

በ WhatsApp ይጻፉልን፦ wa.me/27688529333

#MuleSoo #ሀበሻ #ኢትዮጵያ"
"2026-02-02","Mon","33","TikTok","BEHIND","","132","","ዛሬ ከአዲስ ደንበኛ ጋር የመጀመሪያ ስብሰባ ነበረን።
አንድም ጊዜ ስለ ቴክኖሎጂ አልተነጋገርንም — ስለ ንግዱ ብቻ።

ሙሉውን በመገለጫችን ሊንክ ያገኙታል።

#MuleSoo #ሀበሻ #ኢትዮጵያ #ንግድ #ቴክኖሎጂ"
"2026-02-02","Mon","33","X","BEHIND","","85","","ከመጨመራችን በፊት እንቀንሳለን።
የመጀመሪያው ስራችን ደንበኛው የማይፈልገውን ማስወገድ ነው።

mulesoo.com #MuleSoo #ሀበሻ"
"2026-02-03","Tue","34","LinkedIn","PROMO","","124","","ገና በ gmail ነው የሚሰሩት?

የ @yourbusiness ኢሜይል ያሳምራል፤ ያሳምናል። ከ R400 ጀምሮ።

ነጻ የ30 ደቂቃ ምክክር ይያዙ፦ mulesoo.com

#MuleSoo #ሀበሻ #ኢትዮጵያ"
"2026-02-03","Tue","34","Instagram","PROMO","","160","","አሰልቺው የቢሮ ስራ ራሱን ይስራ።

የ AI አውቶሜሽን ስርዓቶቻችን ደረሰኝ ይልካሉ፣ ቀጠሮ ያስይዛሉ፣ ደንበኛ ይከታተላሉ።

በ WhatsApp ይጻፉልን፦ wa.me/27688529333

#MuleSoo #ሀበሻ #ኢትዮጵያ #ንግድ #ቴክኖሎጂ #ዲጂታል #ቢዝነስ"
"2026-02-03","Tue","34","Facebook","PROMO","","110","","ድረ-ገጽ ይፈልጋሉ?

ጎብኚን ወደ ከፋይ ደንበኛ የሚቀይር ድረ-ገጽ እንሰራለን። ከ R3,500 ጀምሮ።

ተጨማሪ ለማወቅ፦ mulesoo.com

#MuleSoo #ሀበሻ #ኢትዮጵያ"
"2026-02-03","Tue","34","TikTok","PROMO","","110","","ሎጎዎ ማን እንደሆኑ ይናገራል?
በአንድ እይታ የሚታወስ የምርት መለያ እንሰራለን።

ሙሉውን በመገለጫችን ሊንክ ያገኙታል።

#MuleSoo #ሀበሻ #ኢትዮጵያ #ንግድ #ቴክኖሎጂ"
"2026-02-03","Tue","34","X","PROMO","","94","","ገና በ gmail ነው የሚሰሩት?
የ @yourbusiness ኢሜይል ያሳምራል፤ ያሳምናል። ከ R400 ጀምሮ።

mulesoo.com #MuleSoo #ሀበሻ"
"2026-02-04","Wed","35","LinkedIn","HUMAN","","111","","በበዓል ቀንም «ድረ-ገጹ ደህና ነው?» ብለን እንፈትሻለን።

አዎ፣ እንደዚህ ነን።

በ WhatsApp ይጻፉልን፦ wa.me/27688529333

#MuleSoo #ሀበሻ #ኢትዮጵያ"
"2026-02-04","Wed","35","Instagram","HUMAN","","145","","ሁለት አይነት ንግድ አለ፦

ድረ-ገጽ ያለውና «በኋላ እሰራለሁ» የሚል። ሁለተኛው የመጀመሪያውን ደንበኛ ያበረክትለታል።

ተጨማሪ ለማወቅ፦ mulesoo.com

#MuleSoo #ሀበሻ #ኢትዮጵያ #ንግድ #ቴክኖሎጂ #ዲጂታል #ቢዝነስ"
"2026-02-04","Wed","35","Facebook","HUMAN","","122","","እኛ ስንተኛ ስልካችን ጸጥ ይላል ብለን እናስባለን።

ቻትቦታችን ግን በዚያው ሌሊት ሶስት ቀጠሮ ይዞ ያድራል።

ዛሬውኑ ያናግሩን፦ wa.me/27688529333

#MuleSoo #ሀበሻ #ኢትዮጵያ"
"2026-02-04","Wed","35","TikTok","HUMAN","","106","","ልጆቻችን ስራችንን ሲጠየቁ፦ «ኮምፒውተር ይነካካሉ» ይላሉ።
ትክክል ናቸው።

ሙሉውን በመገለጫችን ሊንክ ያገኙታል።

#MuleSoo #ሀበሻ #ኢትዮጵያ #ንግድ #ቴክኖሎጂ"
"2026-02-04","Wed","35","X","HUMAN","","114","","የሰማነው፦ «እንደ Apple ድረ-ገጽ ይሁን — ግን ብዙ ነገር ጨምሩበት።»
ይህ ዓረፍተ ነገር ራሱን ይቃረናል። ፈገግ ብለን እናስረዳለን።

mulesoo.com #MuleSoo #ሀበሻ"
"2026-02-05","Thu","36","LinkedIn","PROBLEM","","103","","ከምሽቱ 1 ሰዓት በኋላ ደንበኞች ያመልጡዎታል።

የተፎካካሪዎ ቻትቦት ግን ነቅቶ ይመልሳል።

ተጨማሪ ለማወቅ፦ mulesoo.com

#MuleSoo #ሀበሻ #ኢትዮጵያ"
"2026-02-05","Thu","36","Instagram","PROBLEM","","139","","ዋጋ ማቅረቢያ በእጅ ይሰራሉ።

በሳምንት 4 ሰዓት ነው። በዓመት አምስት የስራ ሳምንት ማለት ነው።

ዛሬውኑ ያናግሩን፦ wa.me/27688529333

#MuleSoo #ሀበሻ #ኢትዮጵያ #ንግድ #ቴክኖሎጂ #ዲጂታል #ቢዝነስ"
"2026-02-05","Thu","36","Facebook","PROBLEM","","117","","ደረሰኞችዎ ዘግይተው ይወጣሉ።

የገንዘብ ፍሰት የሂሳብ ችግር አይደለም፤ የአስተዳደር ችግር ነው።

ነጻ የ30 ደቂቃ ምክክር ይያዙ፦ mulesoo.com

#MuleSoo #ሀበሻ #ኢትዮጵያ"
"2026-02-05","Thu","36","TikTok","PROBLEM","","117","","ለጥያቄ መልስ የሚሰጡት በሁለት ቀን ነው።
ስራውን ያገኘው ግን በሁለት ሰዓት የመለሰው ነው።

ሙሉውን በመገለጫችን ሊንክ ያገኙታል።

#MuleSoo #ሀበሻ #ኢትዮጵያ #ንግድ #ቴክኖሎጂ"
"2026-02-05","Thu","36","X","PROBLEM","","90","","ደንበኞችዎ ከየት እንደመጡ አያውቁም።
ስለዚህ በሚሰራው መንገድ ላይ ተጨማሪ ገንዘብ ማዋል አይችሉም።

mulesoo.com #MuleSoo #ሀበሻ"
"2026-02-06","Fri","37","LinkedIn","EDUCATE","","122","","አንድ ግልጽ ጥሪ ከአምስት ይሻላል።

እያንዳንዱ ተጨማሪ ቁልፍ ውሳኔ ነው፤ እያንዳንዱ ውሳኔ ሰዎችን ያሸሻል።

ዛሬውኑ ያናግሩን፦ wa.me/27688529333

#MuleSoo #ሀበሻ #ኢትዮጵያ"
"2026-02-06","Fri","37","Instagram","EDUCATE","","144","","የገዙት ኮድ የእርስዎ ይሁን።

ገንቢው ሲጠፋ ድረ-ገጽዎም አብሮ ከጠፋ፣ አልገዙትም — ተከራይተውታል።

ነጻ የ30 ደቂቃ ምክክር ይያዙ፦ mulesoo.com

#MuleSoo #ሀበሻ #ኢትዮጵያ #ንግድ #ቴክኖሎጂ #ዲጂታል #ቢዝነስ"
"2026-02-06","Fri","37","Facebook","EDUCATE","","130","","እያንዳንዱ የቅጽ መስክ ደንበኛ ያስከፍላል።

ለመመለስ የሚያስፈልገውን ብቻ ይጠይቁ። ሌላው ሁሉ መጠበቅ ይችላል።

በ WhatsApp ይጻፉልን፦ wa.me/27688529333

#MuleSoo #ሀበሻ #ኢትዮጵያ"
"2026-02-06","Fri","37","TikTok","EDUCATE","","133","","ግምገማዎችዎ የእርስዎ SEO ናቸው።
እውነተኛ ግምገማ ያለው የጉግል ቢዝነስ ፕሮፋይል ከቆንጆ ድረ-ገጽ በላይ ይወጣል።

ሙሉውን በመገለጫችን ሊንክ ያገኙታል።

#MuleSoo #ሀበሻ #ኢትዮጵያ #ንግድ #ቴክኖሎጂ"
"2026-02-06","Fri","37","X","EDUCATE","","99","","የመብራት መቆራረጥ የዲዛይን ግዴታ ነው።
ለተቆራረጠ ኢንተርኔት አስቀድመው ይንደፉ። እዚህ አገር አማራጭ አይደለም።

mulesoo.com #MuleSoo #ሀበሻ"
"2026-02-07","Sat","38","LinkedIn","PROOF","yes","158","","በዚህ ወር የሰራነው፦

[እውነተኛ የደንበኛ ውጤት እዚህ ያስገቡ — ለምሳሌ፦ «የእገሌ ንግድ ቀጠሮዎች በ40% ጨመሩ»። እውነተኛ ውጤት ብቻ፤ በጭራሽ አይፈጠሩ።]

ነጻ የ30 ደቂቃ ምክክር ይያዙ፦ mulesoo.com

#MuleSoo #ሀበሻ #ኢትዮጵያ"
"2026-02-07","Sat","38","Instagram","PROOF","yes","185","","በዚህ ወር የሰራነው፦

[እውነተኛ የደንበኛ ውጤት እዚህ ያስገቡ — ለምሳሌ፦ «የእገሌ ንግድ ቀጠሮዎች በ40% ጨመሩ»። እውነተኛ ውጤት ብቻ፤ በጭራሽ አይፈጠሩ።]

በ WhatsApp ይጻፉልን፦ wa.me/27688529333

#MuleSoo #ሀበሻ #ኢትዮጵያ #ንግድ #ቴክኖሎጂ #ዲጂታል #ቢዝነስ"
"2026-02-07","Sat","38","Facebook","PROOF","yes","148","","በዚህ ወር የሰራነው፦

[እውነተኛ የደንበኛ ውጤት እዚህ ያስገቡ — ለምሳሌ፦ «የእገሌ ንግድ ቀጠሮዎች በ40% ጨመሩ»። እውነተኛ ውጤት ብቻ፤ በጭራሽ አይፈጠሩ።]

ተጨማሪ ለማወቅ፦ mulesoo.com

#MuleSoo #ሀበሻ #ኢትዮጵያ"
"2026-02-07","Sat","38","TikTok","PROOF","yes","133","","በዚህ ወር የሰራነው፦
[እውነተኛ የደንበኛ ውጤት እዚህ ያስገቡ — ለምሳሌ፦ «የእገሌ ንግድ ቀጠሮዎች በ40% ጨመሩ»።

ሙሉውን በመገለጫችን ሊንክ ያገኙታል።

#MuleSoo #ሀበሻ #ኢትዮጵያ #ንግድ #ቴክኖሎጂ"
"2026-02-07","Sat","38","X","PROOF","yes","128","","በዚህ ወር የሰራነው፦
[እውነተኛ የደንበኛ ውጤት እዚህ ያስገቡ — ለምሳሌ፦ «የእገሌ ንግድ ቀጠሮዎች በ40% ጨመሩ»። እውነተኛ ውጤት ብቻ፤ በጭራሽ አይፈጠሩ።]

mulesoo.com #MuleSoo #ሀበሻ"
"2026-02-08","Sun","39","LinkedIn","MYTH","","149","","ብዙ ጊዜ የሚባል ነገር፦ «ሎጎ ማንኛውም ሰው መስራት ይችላል።»

እውነታው፦ ሎጎ ስዕል ብቻ አይደለም፤ በመጀመሪያ እይታ የሚቀር ማህተም ነው።

በ WhatsApp ይጻፉልን፦ wa.me/27688529333

#MuleSoo #ሀበሻ #ኢትዮጵያ"
"2026-02-08","Sun","39","Instagram","MYTH","","159","","ብዙ ጊዜ የሚባል ነገር፦ «ውድ ድረ-ገጽ ጥሩ ድረ-ገጽ ነው።»

እውነታው፦ ዋጋ ጥራት አይደለም። ድረ-ገጽ የሚለካው በሚያመጣው ደንበኛ ነው።

ተጨማሪ ለማወቅ፦ mulesoo.com

#MuleSoo #ሀበሻ #ኢትዮጵያ #ንግድ #ቴክኖሎጂ #ዲጂታል #ቢዝነስ"
"2026-02-08","Sun","39","Facebook","MYTH","","148","","ብዙ ጊዜ የሚባል ነገር፦ «QR ኮድ ጊዜው አልፎበታል።»

እውነታው፦ ዛሬ በሁሉም ጠረጴዛ ላይ ነው። ትክክለኛው ጥያቄ፦ ስንት ሰው እንደቃኘው ያውቃሉ?

ዛሬውኑ ያናግሩን፦ wa.me/27688529333

#MuleSoo #ሀበሻ #ኢትዮጵያ"
"2026-02-08","Sun","39","TikTok","MYTH","","127","","ብዙ ጊዜ የሚባል ነገር፦ «ቻትቦት ደንበኞችን ያስቀይማል።»
እውነታው፦ የሚያስቀይመው መልስ አለማግኘት ነው።

ሙሉውን በመገለጫችን ሊንክ ያገኙታል።

#MuleSoo #ሀበሻ #ኢትዮጵያ #ንግድ #ቴክኖሎጂ"
"2026-02-08","Sun","39","X","MYTH","","139","","ብዙ ጊዜ የሚባል ነገር፦ «AI ውድ ነው፤ ለትልልቅ ኩባንያዎች ብቻ ነው።»
እውነታው፦ ዛሬ ቻትቦት ከአንድ ሰራተኛ ወርሃዊ ደመወዝ ባነሰ ዋጋ ይሰራል — እና እረፍት አይጠይቅም።

mulesoo.com #MuleSoo #ሀበሻ"
"2026-02-09","Mon","40","LinkedIn","BEHIND","","133","","ደንበኛ «ትንሽ ለውጥ» ሲል እንሳቀቅ ነበር።

አሁን ግን እያንዳንዱ ደንበኛ ራሱ የሚያስተካክልበት አድሚን ፓነል እንሰጣለን። ሰላም ሆነ።

ተጨማሪ ለማወቅ፦ mulesoo.com

#MuleSoo #ሀበሻ #ኢትዮጵያ"
"2026-02-09","Mon","40","Instagram","BEHIND","","141","","የደንበኞቻችንን ድረ-ገጾች በየቀኑ እንቃኛለን።

ችግርን ከደንበኛው በፊት ማየት የስራችን አካል ነው።

ዛሬውኑ ያናግሩን፦ wa.me/27688529333

#MuleSoo #ሀበሻ #ኢትዮጵያ #ንግድ #ቴክኖሎጂ #ዲጂታል #ቢዝነስ"
"2026-02-09","Mon","40","Facebook","BEHIND","","147","","ትልቁ ደስታችን ደንበኛ «ራሴ አስተካከልኩት» ሲለን ነው።

ስርዓቱ የእሱ ነውና። እኛ የሰራነው መሳሪያውን ነው፤ ንግዱን የሚያሳድገው እሱ ነው።

ነጻ የ30 ደቂቃ ምክክር ይያዙ፦ mulesoo.com

#MuleSoo #ሀበሻ #ኢትዮጵያ"
"2026-02-09","Mon","40","TikTok","BEHIND","","125","","እያንዳንዱን ድረ-ገጽ በትንሹ ስክሪን ላይ እንፈትሻለን።
በትንሹ ስልክ ላይ ከሰራ፣ በሁሉም ላይ ይሰራል።

ሙሉውን በመገለጫችን ሊንክ ያገኙታል።

#MuleSoo #ሀበሻ #ኢትዮጵያ #ንግድ #ቴክኖሎጂ"
"2026-02-09","Mon","40","X","BEHIND","","84","","ዛሬ አንድ ፕሮጀክት አልተቀበልንም።
ትክክለኛው ስራ ካልሆነ፣ ገንዘቡም ትክክለኛ አይደለም።

mulesoo.com #MuleSoo #ሀበሻ"
"2026-02-10","Tue","41","LinkedIn","PROMO","","139","","ቀጠሮ፣ ክፍያ፣ ማስታወሻ — ሁሉም በራሱ ይስራ።

የ Auto Pilot ስርዓታችን ንግድዎን በእንቅልፍዎም ያንቀሳቅሳል። ዋጋ በፕሮጀክት።

ዛሬውኑ ያናግሩን፦ wa.me/27688529333

#MuleSoo #ሀበሻ #ኢትዮጵያ"
"2026-02-10","Tue","41","Instagram","PROMO","","141","","ንግድዎ የሚፈልገው መተግበሪያ ገበያ ላይ የለም?

እንሰራዋለን — ልክ ለእርስዎ አሰራር የተሰፋ።

ነጻ የ30 ደቂቃ ምክክር ይያዙ፦ mulesoo.com

#MuleSoo #ሀበሻ #ኢትዮጵያ #ንግድ #ቴክኖሎጂ #ዲጂታል #ቢዝነስ"
"2026-02-10","Tue","41","Facebook","PROMO","","138","","ሌሊት የሚመልስ ሰራተኛ ይፈልጋሉ?

ቻትቦታችን በሌሊትም ይመልሳል — እርስዎ ይተኛሉ፣ ንግድዎ ይሰራል። ከ R2,500 ጀምሮ።

በ WhatsApp ይጻፉልን፦ wa.me/27688529333

#MuleSoo #ሀበሻ #ኢትዮጵያ"
"2026-02-10","Tue","41","TikTok","PROMO","","149","","ወረቀት ላይ ያለ ተራ QR ኮድ በቂ አይደለም።
ማን፣ መቼ፣ ስንት ጊዜ እንደቃኘው የሚነግርዎ የምርትዎን ቀለም የያዘ ኮድ — ከ R300 ጀምሮ።

ሙሉውን በመገለጫችን ሊንክ ያገኙታል።

#MuleSoo #ሀበሻ #ኢትዮጵያ #ንግድ #ቴክኖሎጂ"
"2026-02-10","Tue","41","X","PROMO","","112","","ቀጠሮ፣ ክፍያ፣ ማስታወሻ — ሁሉም በራሱ ይስራ።
የ Auto Pilot ስርዓታችን ንግድዎን በእንቅልፍዎም ያንቀሳቅሳል። ዋጋ በፕሮጀክት።

mulesoo.com #MuleSoo #ሀበሻ"
"2026-02-11","Wed","42","LinkedIn","HUMAN","","129","","ደንበኛ፦ «መቼ ይደርሳል?» እኛ፦ «ነገ።»

ነገ ማለታችን ግን በእውነት ነገ ነው። ያልተለመደ መሆኑን እናውቃለን።

ነጻ የ30 ደቂቃ ምክክር ይያዙ፦ mulesoo.com

#MuleSoo #ሀበሻ #ኢትዮጵያ"
"2026-02-11","Wed","42","Instagram","HUMAN","","163","","በስብሰባ ላይ በጣም የምንጠነቀቅበት ቃል፦

«የአክስቴ ልጅ ዲዛይን ያውቃል።» — እናዳምጣለን፤ አንዳንዴ በእውነት ያውቃል። 😂

በ WhatsApp ይጻፉልን፦ wa.me/27688529333

#MuleSoo #ሀበሻ #ኢትዮጵያ #ንግድ #ቴክኖሎጂ #ዲጂታል #ቢዝነስ"
"2026-02-11","Wed","42","Facebook","HUMAN","","103","","WiFi ሲጠፋ የቢሮአችን ድምጽ፦ ጸጥታ።

ከዚያ ሁሉም ወደ ስልክ ዳታ። ስራ አይቆምም። 😅

ተጨማሪ ለማወቅ፦ mulesoo.com

#MuleSoo #ሀበሻ #ኢትዮጵያ"
"2026-02-11","Wed","42","TikTok","HUMAN","","112","","በሳምንት አንድ ጊዜ ራሳችንን እንጠይቃለን፦
«ይህን ደንበኛው በራሱ ማድረግ ይችላል?

ሙሉውን በመገለጫችን ሊንክ ያገኙታል።

#MuleSoo #ሀበሻ #ኢትዮጵያ #ንግድ #ቴክኖሎጂ"
"2026-02-11","Wed","42","X","HUMAN","","91","","እያንዳንዱ የሎጎ ማስተካከያ ጥያቄ የሚመጣው እኩለ ሌሊት ላይ ነው።
ለምን እንደሆነ መጠየቅ አቁመናል።

mulesoo.com #MuleSoo #ሀበሻ"
"2026-02-12","Thu","43","LinkedIn","PROBLEM","","127","","ድረ-ገጽዎ በላፕቶፕዎ ላይ ያምራል።

ከ10 ደንበኞችዎ 9ኙ ግን በስልክ ነው የሚያዩት። በስልክ አይተውታል?

በ WhatsApp ይጻፉልን፦ wa.me/27688529333

#MuleSoo #ሀበሻ #ኢትዮጵያ"
"2026-02-12","Thu","43","Instagram","PROBLEM","","134","","ጉግል ላይ አይገኙም።

ትንሽ ስለሆኑ አይደለም — ገጾችዎ መኖራቸውን ለጉግል ማንም ስላልነገረው ነው።

ተጨማሪ ለማወቅ፦ mulesoo.com

#MuleSoo #ሀበሻ #ኢትዮጵያ #ንግድ #ቴክኖሎጂ #ዲጂታል #ቢዝነስ"
"2026-02-12","Thu","43","Facebook","PROBLEM","","101","","ዋጋዎ ድረ-ገጽዎ ላይ የለም።

ሰዎች «ውድ ይሆናል» ብለው ገምተው ይሄዳሉ።

ዛሬውኑ ያናግሩን፦ wa.me/27688529333

#MuleSoo #ሀበሻ #ኢትዮጵያ"
"2026-02-12","Thu","43","TikTok","PROBLEM","","135","","ማስተካከል የማይችሉት ድረ-ገጽ እየከፈሉበት ነው።
እያንዳንዱ የጽሁፍ ለውጥ አንድ የስልክ ጥሪና ሶስት ቀን ያስወጣዎታል።

ሙሉውን በመገለጫችን ሊንክ ያገኙታል።

#MuleSoo #ሀበሻ #ኢትዮጵያ #ንግድ #ቴክኖሎጂ"
"2026-02-12","Thu","43","X","PROBLEM","","106","","ድረ-ገጽዎ ለመከፈት 6 ሰከንድ ይወስዳል።
ግማሾቹ ጎብኚዎች ሳይጠብቁ ወጥተዋል። ፍጥነት ቅንጦት አይደለም፤ የሱቅዎ በር ነው።

mulesoo.com #MuleSoo #ሀበሻ"
"2026-02-13","Fri","44","LinkedIn","EDUCATE","","125","","ፍጥነት የሚመጣው ከማይጫኑት ነገር ነው።

ከባድ ምስሎች፣ ስላይደሮች፣ የቪዲዮ ጀርባዎች — መጀመሪያ ይሰርዙ፤ ከዚያ ያሻሽሉ።

ተጨማሪ ለማወቅ፦ mulesoo.com

#MuleSoo #ሀበሻ #ኢትዮጵያ"
"2026-02-13","Fri","44","Instagram","EDUCATE","","122","","ዋጋዎን ይጻፉ።

መደበቅ አያሳንሰውም፤ እርግጠኛ እንዳልሆኑ ያስመስላል።

ዛሬውኑ ያናግሩን፦ wa.me/27688529333

#MuleSoo #ሀበሻ #ኢትዮጵያ #ንግድ #ቴክኖሎጂ #ዲጂታል #ቢዝነስ"
"2026-02-13","Fri","44","Facebook","EDUCATE","","112","","ምስሎችዎን ያሳንሱ።

4MB የሆነ ምስል የሆስቲንግ ችግር አይደለም፤ የምስል ችግር ነው።

ነጻ የ30 ደቂቃ ምክክር ይያዙ፦ mulesoo.com

#MuleSoo #ሀበሻ #ኢትዮጵያ"
"2026-02-13","Fri","44","TikTok","EDUCATE","","92","","አንድ ቁጥር ብቻ ይለኩ።
በሳምንት የሚመጡ ጥያቄዎች።

ሙሉውን በመገለጫችን ሊንክ ያገኙታል።

#MuleSoo #ሀበሻ #ኢትዮጵያ #ንግድ #ቴክኖሎጂ"
"2026-02-13","Fri","44","X","EDUCATE","","102","","የመነሻ ገጽዎ አንድ ስራ ብቻ አለው።
ምን እንደሚሰሩ፣ ለማን እንደሆነ፣ የት እንደሚጫኑ ይንገሩ። ቀሪው ሁሉ ጌጥ ነው።

mulesoo.com #MuleSoo #ሀበሻ"
"2026-02-14","Sat","45","LinkedIn","PROOF","yes","155","","በዚህ ወር የሰራነው፦

[እውነተኛ የደንበኛ ውጤት እዚህ ያስገቡ — ለምሳሌ፦ «የእገሌ ንግድ ቀጠሮዎች በ40% ጨመሩ»። እውነተኛ ውጤት ብቻ፤ በጭራሽ አይፈጠሩ።]

ዛሬውኑ ያናግሩን፦ wa.me/27688529333

#MuleSoo #ሀበሻ #ኢትዮጵያ"
"2026-02-14","Sat","45","Instagram","PROOF","yes","182","","በዚህ ወር የሰራነው፦

[እውነተኛ የደንበኛ ውጤት እዚህ ያስገቡ — ለምሳሌ፦ «የእገሌ ንግድ ቀጠሮዎች በ40% ጨመሩ»። እውነተኛ ውጤት ብቻ፤ በጭራሽ አይፈጠሩ።]

ነጻ የ30 ደቂቃ ምክክር ይያዙ፦ mulesoo.com

#MuleSoo #ሀበሻ #ኢትዮጵያ #ንግድ #ቴክኖሎጂ #ዲጂታል #ቢዝነስ"
"2026-02-14","Sat","45","Facebook","PROOF","yes","161","","በዚህ ወር የሰራነው፦

[እውነተኛ የደንበኛ ውጤት እዚህ ያስገቡ — ለምሳሌ፦ «የእገሌ ንግድ ቀጠሮዎች በ40% ጨመሩ»። እውነተኛ ውጤት ብቻ፤ በጭራሽ አይፈጠሩ።]

በ WhatsApp ይጻፉልን፦ wa.me/27688529333

#MuleSoo #ሀበሻ #ኢትዮጵያ"
"2026-02-14","Sat","45","TikTok","PROOF","yes","133","","በዚህ ወር የሰራነው፦
[እውነተኛ የደንበኛ ውጤት እዚህ ያስገቡ — ለምሳሌ፦ «የእገሌ ንግድ ቀጠሮዎች በ40% ጨመሩ»።

ሙሉውን በመገለጫችን ሊንክ ያገኙታል።

#MuleSoo #ሀበሻ #ኢትዮጵያ #ንግድ #ቴክኖሎጂ"
"2026-02-14","Sat","45","X","PROOF","yes","128","","በዚህ ወር የሰራነው፦
[እውነተኛ የደንበኛ ውጤት እዚህ ያስገቡ — ለምሳሌ፦ «የእገሌ ንግድ ቀጠሮዎች በ40% ጨመሩ»። እውነተኛ ውጤት ብቻ፤ በጭራሽ አይፈጠሩ።]

mulesoo.com #MuleSoo #ሀበሻ"
"2026-02-15","Sun","46","LinkedIn","MYTH","","154","","ብዙ ጊዜ የሚባል ነገር፦ «ደንበኞቼ ኢንተርኔት አይጠቀሙም።»

እውነታው፦ ልጆቻቸው ግን ይጠቀማሉ — እና የቤተሰቡን ውሳኔ ብዙ ጊዜ የሚመሩት እነሱ ናቸው።

ነጻ የ30 ደቂቃ ምክክር ይያዙ፦ mulesoo.com

#MuleSoo #ሀበሻ #ኢትዮጵያ"
"2026-02-15","Sun","46","Instagram","MYTH","","179","","ብዙ ጊዜ የሚባል ነገር፦ «አውቶሜሽን ሰራተኞችን ያስወግዳል።»

እውነታው፦ አይደለም — አሰልቺውን ስራ ይወስዳል። ሰዎችዎ ለሚከፍለው ስራ ጊዜ ያገኛሉ።

በ WhatsApp ይጻፉልን፦ wa.me/27688529333

#MuleSoo #ሀበሻ #ኢትዮጵያ #ንግድ #ቴክኖሎጂ #ዲጂታል #ቢዝነስ"
"2026-02-15","Sun","46","Facebook","MYTH","","147","","ብዙ ጊዜ የሚባል ነገር፦ «ለትንሽ ንግድ ድረ-ገጽ አያስፈልግም።»

እውነታው፦ ደንበኛዎ ግን መጀመሪያ ጉግል ላይ ይፈልግዎታል። እዚያ ከሌሉ፣ ለሌላው ይደውላል።

ተጨማሪ ለማወቅ፦ mulesoo.com

#MuleSoo #ሀበሻ #ኢትዮጵያ"
"2026-02-15","Sun","46","TikTok","MYTH","","147","","ብዙ ጊዜ የሚባል ነገር፦ «ድረ-ገጽ አንዴ ተሰርቶ ያበቃል።»
እውነታው፦ ድረ-ገጽ እንደ ሱቅ ነው — መስታወቱ ሁልጊዜ ንጹህ መሆን አለበት።

ሙሉውን በመገለጫችን ሊንክ ያገኙታል።

#MuleSoo #ሀበሻ #ኢትዮጵያ #ንግድ #ቴክኖሎጂ"
"2026-02-15","Sun","46","X","MYTH","","135","","ብዙ ጊዜ የሚባል ነገር፦ «ማህበራዊ ሚዲያ ካለኝ ድረ-ገጽ አያስፈልገኝም።»
እውነታው፦ ያ ገጽ የእርስዎ አይደለም፤ ተከራይተውታል። ህጎቹ ሲቀየሩ ንግድዎም አብሮ ይናወጣል።

mulesoo.com #MuleSoo #ሀበሻ"
"2026-02-16","Mon","47","LinkedIn","BEHIND","","132","","ኮድ ከመጻፍ በፊት እንቆጥራለን።

ስንት ጎብኚ፣ ስንት ጥያቄ፣ ስንት ሽያጭ። ቁጥር የሌለው ዲዛይን ግምት ብቻ ነው።

በ WhatsApp ይጻፉልን፦ wa.me/27688529333

#MuleSoo #ሀበሻ #ኢትዮጵያ"
"2026-02-16","Mon","47","Instagram","BEHIND","","142","","አዲስ ሰው ስንቀጥር የመጀመሪያ ጥያቄያችን፦ «ማስረዳት ይችላሉ?»

ኮድ መጻፍ ይማራል፤ ግልጽነት ግን ባህሪ ነው።

ተጨማሪ ለማወቅ፦ mulesoo.com

#MuleSoo #ሀበሻ #ኢትዮጵያ #ንግድ #ቴክኖሎጂ #ዲጂታል #ቢዝነስ"
"2026-02-16","Mon","47","Facebook","BEHIND","","148","","ዛሬ ከአዲስ ደንበኛ ጋር የመጀመሪያ ስብሰባ ነበረን።

አንድም ጊዜ ስለ ቴክኖሎጂ አልተነጋገርንም — ስለ ንግዱ ብቻ። ኮዱ የሚመጣው ከዚያ በኋላ ነው።

ዛሬውኑ ያናግሩን፦ wa.me/27688529333

#MuleSoo #ሀበሻ #ኢትዮጵያ"
"2026-02-16","Mon","47","TikTok","BEHIND","","117","","ከመጨመራችን በፊት እንቀንሳለን።
የመጀመሪያው ስራችን ደንበኛው የማይፈልገውን ማስወገድ ነው።

ሙሉውን በመገለጫችን ሊንክ ያገኙታል።

#MuleSoo #ሀበሻ #ኢትዮጵያ #ንግድ #ቴክኖሎጂ"
"2026-02-16","Mon","47","X","BEHIND","","89","","የእኛ ስብሰባዎች 30 ደቂቃ ናቸው።
ከዚያ በላይ ከወሰደ፣ ችግሩ አጀንዳው ሳይሆን ዝግጅታችን ነው።

mulesoo.com #MuleSoo #ሀበሻ"
"2026-02-17","Tue","48","LinkedIn","PROMO","","123","","አሰልቺው የቢሮ ስራ ራሱን ይስራ።

የ AI አውቶሜሽን ስርዓቶቻችን ደረሰኝ ይልካሉ፣ ቀጠሮ ያስይዛሉ፣ ደንበኛ ይከታተላሉ።

ተጨማሪ ለማወቅ፦ mulesoo.com

#MuleSoo #ሀበሻ #ኢትዮጵያ"
"2026-02-17","Tue","48","Instagram","PROMO","","141","","ድረ-ገጽ ይፈልጋሉ?

ጎብኚን ወደ ከፋይ ደንበኛ የሚቀይር ድረ-ገጽ እንሰራለን። ከ R3,500 ጀምሮ።

ዛሬውኑ ያናግሩን፦ wa.me/27688529333

#MuleSoo #ሀበሻ #ኢትዮጵያ #ንግድ #ቴክኖሎጂ #ዲጂታል #ቢዝነስ"
"2026-02-17","Tue","48","Facebook","PROMO","","120","","ሎጎዎ ማን እንደሆኑ ይናገራል?

በአንድ እይታ የሚታወስ የምርት መለያ እንሰራለን። ከ R800 ጀምሮ።

ነጻ የ30 ደቂቃ ምክክር ይያዙ፦ mulesoo.com

#MuleSoo #ሀበሻ #ኢትዮጵያ"
"2026-02-17","Tue","48","TikTok","PROMO","","114","","ገና በ gmail ነው የሚሰሩት?
የ @yourbusiness ኢሜይል ያሳምራል፤ ያሳምናል።

ሙሉውን በመገለጫችን ሊንክ ያገኙታል።

#MuleSoo #ሀበሻ #ኢትዮጵያ #ንግድ #ቴክኖሎጂ"
"2026-02-17","Tue","48","X","PROMO","","103","","አሰልቺው የቢሮ ስራ ራሱን ይስራ።
የ AI አውቶሜሽን ስርዓቶቻችን ደረሰኝ ይልካሉ፣ ቀጠሮ ያስይዛሉ፣ ደንበኛ ይከታተላሉ።

mulesoo.com #MuleSoo #ሀበሻ"
"2026-02-18","Wed","49","LinkedIn","HUMAN","","128","","ሁለት አይነት ንግድ አለ፦

ድረ-ገጽ ያለውና «በኋላ እሰራለሁ» የሚል። ሁለተኛው የመጀመሪያውን ደንበኛ ያበረክትለታል።

ዛሬውኑ ያናግሩን፦ wa.me/27688529333

#MuleSoo #ሀበሻ #ኢትዮጵያ"
"2026-02-18","Wed","49","Instagram","HUMAN","","149","","እኛ ስንተኛ ስልካችን ጸጥ ይላል ብለን እናስባለን።

ቻትቦታችን ግን በዚያው ሌሊት ሶስት ቀጠሮ ይዞ ያድራል።

ነጻ የ30 ደቂቃ ምክክር ይያዙ፦ mulesoo.com

#MuleSoo #ሀበሻ #ኢትዮጵያ #ንግድ #ቴክኖሎጂ #ዲጂታል #ቢዝነስ"
"2026-02-18","Wed","49","Facebook","HUMAN","","122","","ልጆቻችን ስራችንን ሲጠየቁ፦ «ኮምፒውተር ይነካካሉ» ይላሉ።

ትክክል ናቸው። በጣም እንነካካለን። 😄

በ WhatsApp ይጻፉልን፦ wa.me/27688529333

#MuleSoo #ሀበሻ #ኢትዮጵያ"
"2026-02-18","Wed","49","TikTok","HUMAN","","129","","የሰማነው፦ «እንደ Apple ድረ-ገጽ ይሁን — ግን ብዙ ነገር ጨምሩበት።»
ይህ ዓረፍተ ነገር ራሱን ይቃረናል።

ሙሉውን በመገለጫችን ሊንክ ያገኙታል።

#MuleSoo #ሀበሻ #ኢትዮጵያ #ንግድ #ቴክኖሎጂ"
"2026-02-18","Wed","49","X","HUMAN","","93","","የሰማነው፦ «ትንሽ ለውጥ ነው» የሚለው ዓረፍተ ነገር…
በአማካይ ሶስት ቀን ይወስዳል። ግን እንወደዋለን።

mulesoo.com #MuleSoo #ሀበሻ"
"2026-02-19","Thu","50","LinkedIn","PROBLEM","","118","","ዋጋ ማቅረቢያ በእጅ ይሰራሉ።

በሳምንት 4 ሰዓት ነው። በዓመት አምስት የስራ ሳምንት ማለት ነው።

ነጻ የ30 ደቂቃ ምክክር ይያዙ፦ mulesoo.com

#MuleSoo #ሀበሻ #ኢትዮጵያ"
"2026-02-19","Thu","50","Instagram","PROBLEM","","144","","ደረሰኞችዎ ዘግይተው ይወጣሉ።

የገንዘብ ፍሰት የሂሳብ ችግር አይደለም፤ የአስተዳደር ችግር ነው።

በ WhatsApp ይጻፉልን፦ wa.me/27688529333

#MuleSoo #ሀበሻ #ኢትዮጵያ #ንግድ #ቴክኖሎጂ #ዲጂታል #ቢዝነስ"
"2026-02-19","Thu","50","Facebook","PROBLEM","","105","","ለጥያቄ መልስ የሚሰጡት በሁለት ቀን ነው።

ስራውን ያገኘው ግን በሁለት ሰዓት የመለሰው ነው።

ተጨማሪ ለማወቅ፦ mulesoo.com

#MuleSoo #ሀበሻ #ኢትዮጵያ"
"2026-02-19","Thu","50","TikTok","PROBLEM","","122","","ደንበኞችዎ ከየት እንደመጡ አያውቁም።
ስለዚህ በሚሰራው መንገድ ላይ ተጨማሪ ገንዘብ ማዋል አይችሉም።

ሙሉውን በመገለጫችን ሊንክ ያገኙታል።

#MuleSoo #ሀበሻ #ኢትዮጵያ #ንግድ #ቴክኖሎጂ"
"2026-02-19","Thu","50","X","PROBLEM","","100","","አንድ ጥያቄ በሳምንት 30 ጊዜ በዋትስአፕ ይመልሳሉ።
ያ የደንበኛ አገልግሎት አይደለም፤ ገና ያልተሰራ ቻትቦት ነው።

mulesoo.com #MuleSoo #ሀበሻ"
"2026-02-20","Fri","51","LinkedIn","EDUCATE","","123","","የገዙት ኮድ የእርስዎ ይሁን።

ገንቢው ሲጠፋ ድረ-ገጽዎም አብሮ ከጠፋ፣ አልገዙትም — ተከራይተውታል።

በ WhatsApp ይጻፉልን፦ wa.me/27688529333

#MuleSoo #ሀበሻ #ኢትዮጵያ"
"2026-02-20","Fri","51","Instagram","EDUCATE","","141","","እያንዳንዱ የቅጽ መስክ ደንበኛ ያስከፍላል።

ለመመለስ የሚያስፈልገውን ብቻ ይጠይቁ። ሌላው ሁሉ መጠበቅ ይችላል።

ተጨማሪ ለማወቅ፦ mulesoo.com

#MuleSoo #ሀበሻ #ኢትዮጵያ #ንግድ #ቴክኖሎጂ #ዲጂታል #ቢዝነስ"
"2026-02-20","Fri","51","Facebook","EDUCATE","","128","","ግምገማዎችዎ የእርስዎ SEO ናቸው።

እውነተኛ ግምገማ ያለው የጉግል ቢዝነስ ፕሮፋይል ከቆንጆ ድረ-ገጽ በላይ ይወጣል።

ዛሬውኑ ያናግሩን፦ wa.me/27688529333

#MuleSoo #ሀበሻ #ኢትዮጵያ"
"2026-02-20","Fri","51","TikTok","EDUCATE","","111","","የመብራት መቆራረጥ የዲዛይን ግዴታ ነው።
ለተቆራረጠ ኢንተርኔት አስቀድመው ይንደፉ።

ሙሉውን በመገለጫችን ሊንክ ያገኙታል።

#MuleSoo #ሀበሻ #ኢትዮጵያ #ንግድ #ቴክኖሎጂ"
"2026-02-20","Fri","51","X","EDUCATE","","89","","ሰዎች አያነቡም፤ በዓይን ይቃኛሉ።
አጫጭር አንቀጾች። ግልጽ ርዕሶች። በአንድ ስክሪን አንድ ሀሳብ።

mulesoo.com #MuleSoo #ሀበሻ"
"2026-02-21","Sat","52","LinkedIn","PROOF","yes","148","","በዚህ ወር የሰራነው፦

[እውነተኛ የደንበኛ ውጤት እዚህ ያስገቡ — ለምሳሌ፦ «የእገሌ ንግድ ቀጠሮዎች በ40% ጨመሩ»። እውነተኛ ውጤት ብቻ፤ በጭራሽ አይፈጠሩ።]

ተጨማሪ ለማወቅ፦ mulesoo.com

#MuleSoo #ሀበሻ #ኢትዮጵያ"
"2026-02-21","Sat","52","Instagram","PROOF","yes","179","","በዚህ ወር የሰራነው፦

[እውነተኛ የደንበኛ ውጤት እዚህ ያስገቡ — ለምሳሌ፦ «የእገሌ ንግድ ቀጠሮዎች በ40% ጨመሩ»። እውነተኛ ውጤት ብቻ፤ በጭራሽ አይፈጠሩ።]

ዛሬውኑ ያናግሩን፦ wa.me/27688529333

#MuleSoo #ሀበሻ #ኢትዮጵያ #ንግድ #ቴክኖሎጂ #ዲጂታል #ቢዝነስ"
"2026-02-21","Sat","52","Facebook","PROOF","yes","158","","በዚህ ወር የሰራነው፦

[እውነተኛ የደንበኛ ውጤት እዚህ ያስገቡ — ለምሳሌ፦ «የእገሌ ንግድ ቀጠሮዎች በ40% ጨመሩ»። እውነተኛ ውጤት ብቻ፤ በጭራሽ አይፈጠሩ።]

ነጻ የ30 ደቂቃ ምክክር ይያዙ፦ mulesoo.com

#MuleSoo #ሀበሻ #ኢትዮጵያ"
"2026-02-21","Sat","52","TikTok","PROOF","yes","133","","በዚህ ወር የሰራነው፦
[እውነተኛ የደንበኛ ውጤት እዚህ ያስገቡ — ለምሳሌ፦ «የእገሌ ንግድ ቀጠሮዎች በ40% ጨመሩ»።

ሙሉውን በመገለጫችን ሊንክ ያገኙታል።

#MuleSoo #ሀበሻ #ኢትዮጵያ #ንግድ #ቴክኖሎጂ"
"2026-02-21","Sat","52","X","PROOF","yes","128","","በዚህ ወር የሰራነው፦
[እውነተኛ የደንበኛ ውጤት እዚህ ያስገቡ — ለምሳሌ፦ «የእገሌ ንግድ ቀጠሮዎች በ40% ጨመሩ»። እውነተኛ ውጤት ብቻ፤ በጭራሽ አይፈጠሩ።]

mulesoo.com #MuleSoo #ሀበሻ"
"2026-02-22","Sun","53","LinkedIn","MYTH","","142","","ብዙ ጊዜ የሚባል ነገር፦ «ውድ ድረ-ገጽ ጥሩ ድረ-ገጽ ነው።»

እውነታው፦ ዋጋ ጥራት አይደለም። ድረ-ገጽ የሚለካው በሚያመጣው ደንበኛ ነው።

ዛሬውኑ ያናግሩን፦ wa.me/27688529333

#MuleSoo #ሀበሻ #ኢትዮጵያ"
"2026-02-22","Sun","53","Instagram","MYTH","","175","","ብዙ ጊዜ የሚባል ነገር፦ «QR ኮድ ጊዜው አልፎበታል።»

እውነታው፦ ዛሬ በሁሉም ጠረጴዛ ላይ ነው። ትክክለኛው ጥያቄ፦ ስንት ሰው እንደቃኘው ያውቃሉ?

ነጻ የ30 ደቂቃ ምክክር ይያዙ፦ mulesoo.com

#MuleSoo #ሀበሻ #ኢትዮጵያ #ንግድ #ቴክኖሎጂ #ዲጂታል #ቢዝነስ"
"2026-02-22","Sun","53","Facebook","MYTH","","168","","ብዙ ጊዜ የሚባል ነገር፦ «ቻትቦት ደንበኞችን ያስቀይማል።»

እውነታው፦ የሚያስቀይመው መልስ አለማግኘት ነው። ጥሩ ቻትቦት በሰከንድ ይመልሳል፤ ሰው ሲያስፈልግ ያስተላልፋል።

በ WhatsApp ይጻፉልን፦ wa.me/27688529333

#MuleSoo #ሀበሻ #ኢትዮጵያ"
"2026-02-22","Sun","53","TikTok","MYTH","","171","","ብዙ ጊዜ የሚባል ነገር፦ «AI ውድ ነው፤ ለትልልቅ ኩባንያዎች ብቻ ነው።»
እውነታው፦ ዛሬ ቻትቦት ከአንድ ሰራተኛ ወርሃዊ ደመወዝ ባነሰ ዋጋ ይሰራል — እና እረፍት አይጠይቅም።

ሙሉውን በመገለጫችን ሊንክ ያገኙታል።

#MuleSoo #ሀበሻ #ኢትዮጵያ #ንግድ #ቴክኖሎጂ"
"2026-02-22","Sun","53","X","MYTH","","116","","ብዙ ጊዜ የሚባል ነገር፦ «ሎጎ ማንኛውም ሰው መስራት ይችላል።»
እውነታው፦ ሎጎ ስዕል ብቻ አይደለም፤ በመጀመሪያ እይታ የሚቀር ማህተም ነው።

mulesoo.com #MuleSoo #ሀበሻ"
"2026-02-23","Mon","54","LinkedIn","BEHIND","","120","","የደንበኞቻችንን ድረ-ገጾች በየቀኑ እንቃኛለን።

ችግርን ከደንበኛው በፊት ማየት የስራችን አካል ነው።

ነጻ የ30 ደቂቃ ምክክር ይያዙ፦ mulesoo.com

#MuleSoo #ሀበሻ #ኢትዮጵያ"
"2026-02-23","Mon","54","Instagram","BEHIND","","174","","ትልቁ ደስታችን ደንበኛ «ራሴ አስተካከልኩት» ሲለን ነው።

ስርዓቱ የእሱ ነውና። እኛ የሰራነው መሳሪያውን ነው፤ ንግዱን የሚያሳድገው እሱ ነው።

በ WhatsApp ይጻፉልን፦ wa.me/27688529333

#MuleSoo #ሀበሻ #ኢትዮጵያ #ንግድ #ቴክኖሎጂ #ዲጂታል #ቢዝነስ"
"2026-02-23","Mon","54","Facebook","BEHIND","","113","","እያንዳንዱን ድረ-ገጽ በትንሹ ስክሪን ላይ እንፈትሻለን።

በትንሹ ስልክ ላይ ከሰራ፣ በሁሉም ላይ ይሰራል።

ተጨማሪ ለማወቅ፦ mulesoo.com

#MuleSoo #ሀበሻ #ኢትዮጵያ"
"2026-02-23","Mon","54","TikTok","BEHIND","","116","","ዛሬ አንድ ፕሮጀክት አልተቀበልንም።
ትክክለኛው ስራ ካልሆነ፣ ገንዘቡም ትክክለኛ አይደለም።

ሙሉውን በመገለጫችን ሊንክ ያገኙታል።

#MuleSoo #ሀበሻ #ኢትዮጵያ #ንግድ #ቴክኖሎጂ"
"2026-02-23","Mon","54","X","BEHIND","","113","","ደንበኛ «ትንሽ ለውጥ» ሲል እንሳቀቅ ነበር።
አሁን ግን እያንዳንዱ ደንበኛ ራሱ የሚያስተካክልበት አድሚን ፓነል እንሰጣለን። ሰላም ሆነ።

mulesoo.com #MuleSoo #ሀበሻ"
"2026-02-24","Tue","55","LinkedIn","PROMO","","120","","ንግድዎ የሚፈልገው መተግበሪያ ገበያ ላይ የለም?

እንሰራዋለን — ልክ ለእርስዎ አሰራር የተሰፋ።

በ WhatsApp ይጻፉልን፦ wa.me/27688529333

#MuleSoo #ሀበሻ #ኢትዮጵያ"
"2026-02-24","Tue","55","Instagram","PROMO","","149","","ሌሊት የሚመልስ ሰራተኛ ይፈልጋሉ?

ቻትቦታችን በሌሊትም ይመልሳል — እርስዎ ይተኛሉ፣ ንግድዎ ይሰራል። ከ R2,500 ጀምሮ።

ተጨማሪ ለማወቅ፦ mulesoo.com

#MuleSoo #ሀበሻ #ኢትዮጵያ #ንግድ #ቴክኖሎጂ #ዲጂታል #ቢዝነስ"
"2026-02-24","Tue","55","Facebook","PROMO","","144","","ወረቀት ላይ ያለ ተራ QR ኮድ በቂ አይደለም።

ማን፣ መቼ፣ ስንት ጊዜ እንደቃኘው የሚነግርዎ የምርትዎን ቀለም የያዘ ኮድ — ከ R300 ጀምሮ።

ዛሬውኑ ያናግሩን፦ wa.me/27688529333

#MuleSoo #ሀበሻ #ኢትዮጵያ"
"2026-02-24","Tue","55","TikTok","PROMO","","133","","ቀጠሮ፣ ክፍያ፣ ማስታወሻ — ሁሉም በራሱ ይስራ።
የ Auto Pilot ስርዓታችን ንግድዎን በእንቅልፍዎም ያንቀሳቅሳል።

ሙሉውን በመገለጫችን ሊንክ ያገኙታል።

#MuleSoo #ሀበሻ #ኢትዮጵያ #ንግድ #ቴክኖሎጂ"
"2026-02-24","Tue","55","X","PROMO","","87","","ንግድዎ የሚፈልገው መተግበሪያ ገበያ ላይ የለም?
እንሰራዋለን — ልክ ለእርስዎ አሰራር የተሰፋ።

mulesoo.com #MuleSoo #ሀበሻ"
"2026-02-25","Wed","56","LinkedIn","HUMAN","","124","","በስብሰባ ላይ በጣም የምንጠነቀቅበት ቃል፦

«የአክስቴ ልጅ ዲዛይን ያውቃል።» — እናዳምጣለን፤ አንዳንዴ በእውነት ያውቃል።

ተጨማሪ ለማወቅ፦ mulesoo.com

#MuleSoo #ሀበሻ #ኢትዮጵያ"
"2026-02-25","Wed","56","Instagram","HUMAN","","134","","WiFi ሲጠፋ የቢሮአችን ድምጽ፦ ጸጥታ።

ከዚያ ሁሉም ወደ ስልክ ዳታ። ስራ አይቆምም። 😅

ዛሬውኑ ያናግሩን፦ wa.me/27688529333

#MuleSoo #ሀበሻ #ኢትዮጵያ #ንግድ #ቴክኖሎጂ #ዲጂታል #ቢዝነስ"
"2026-02-25","Wed","56","Facebook","HUMAN","","134","","በሳምንት አንድ ጊዜ ራሳችንን እንጠይቃለን፦

«ይህን ደንበኛው በራሱ ማድረግ ይችላል?» መልሱ አዎ ከሆነ፣ እናስተምረዋለን።

ነጻ የ30 ደቂቃ ምክክር ይያዙ፦ mulesoo.com

#MuleSoo #ሀበሻ #ኢትዮጵያ"
"2026-02-25","Wed","56","TikTok","HUMAN","","123","","እያንዳንዱ የሎጎ ማስተካከያ ጥያቄ የሚመጣው እኩለ ሌሊት ላይ ነው።
ለምን እንደሆነ መጠየቅ አቁመናል።

ሙሉውን በመገለጫችን ሊንክ ያገኙታል።

#MuleSoo #ሀበሻ #ኢትዮጵያ #ንግድ #ቴክኖሎጂ"
"2026-02-25","Wed","56","X","HUMAN","","86","","ስንት ቡና እንደጠጣን አንቆጥርም።
የደንበኞቻችን ሽያጭ ግን ይቆጠራል። ቅድሚያችን ግልጽ ነው።

mulesoo.com #MuleSoo #ሀበሻ"
"2026-02-26","Thu","57","LinkedIn","PROBLEM","","117","","ጉግል ላይ አይገኙም።

ትንሽ ስለሆኑ አይደለም — ገጾችዎ መኖራቸውን ለጉግል ማንም ስላልነገረው ነው።

ዛሬውኑ ያናግሩን፦ wa.me/27688529333

#MuleSoo #ሀበሻ #ኢትዮጵያ"
"2026-02-26","Thu","57","Instagram","PROBLEM","","128","","ዋጋዎ ድረ-ገጽዎ ላይ የለም።

ሰዎች «ውድ ይሆናል» ብለው ገምተው ይሄዳሉ።

ነጻ የ30 ደቂቃ ምክክር ይያዙ፦ mulesoo.com

#MuleSoo #ሀበሻ #ኢትዮጵያ #ንግድ #ቴክኖሎጂ #ዲጂታል #ቢዝነስ"
"2026-02-26","Thu","57","Facebook","PROBLEM","","136","","ማስተካከል የማይችሉት ድረ-ገጽ እየከፈሉበት ነው።

እያንዳንዱ የጽሁፍ ለውጥ አንድ የስልክ ጥሪና ሶስት ቀን ያስወጣዎታል።

በ WhatsApp ይጻፉልን፦ wa.me/27688529333

#MuleSoo #ሀበሻ #ኢትዮጵያ"
"2026-02-26","Thu","57","TikTok","PROBLEM","","109","","ድረ-ገጽዎ ለመከፈት 6 ሰከንድ ይወስዳል።
ግማሾቹ ጎብኚዎች ሳይጠብቁ ወጥተዋል።

ሙሉውን በመገለጫችን ሊንክ ያገኙታል።

#MuleSoo #ሀበሻ #ኢትዮጵያ #ንግድ #ቴክኖሎጂ"
"2026-02-26","Thu","57","X","PROBLEM","","100","","የንግድዎ ኢሜይል በ gmail ይጨርሳል።
ትልልቅ ደንበኞች ያስተውላሉ። ምንም አይሉም — ዝም ብለው መልስ አይሰጡም።

mulesoo.com #MuleSoo #ሀበሻ"
"2026-02-27","Fri","58","LinkedIn","EDUCATE","","101","","ዋጋዎን ይጻፉ።

መደበቅ አያሳንሰውም፤ እርግጠኛ እንዳልሆኑ ያስመስላል።

ነጻ የ30 ደቂቃ ምክክር ይያዙ፦ mulesoo.com

#MuleSoo #ሀበሻ #ኢትዮጵያ"
"2026-02-27","Fri","58","Instagram","EDUCATE","","139","","ምስሎችዎን ያሳንሱ።

4MB የሆነ ምስል የሆስቲንግ ችግር አይደለም፤ የምስል ችግር ነው።

በ WhatsApp ይጻፉልን፦ wa.me/27688529333

#MuleSoo #ሀበሻ #ኢትዮጵያ #ንግድ #ቴክኖሎጂ #ዲጂታል #ቢዝነስ"
"2026-02-27","Fri","58","Facebook","EDUCATE","","107","","አንድ ቁጥር ብቻ ይለኩ።

በሳምንት የሚመጡ ጥያቄዎች። ያንን የማያንቀሳቅስ ነገር ሁሉ ጌጥ ነው።

ተጨማሪ ለማወቅ፦ mulesoo.com

#MuleSoo #ሀበሻ #ኢትዮጵያ"
"2026-02-27","Fri","58","TikTok","EDUCATE","","120","","የመነሻ ገጽዎ አንድ ስራ ብቻ አለው።
ምን እንደሚሰሩ፣ ለማን እንደሆነ፣ የት እንደሚጫኑ ይንገሩ።

ሙሉውን በመገለጫችን ሊንክ ያገኙታል።

#MuleSoo #ሀበሻ #ኢትዮጵያ #ንግድ #ቴክኖሎጂ"
"2026-02-27","Fri","58","X","EDUCATE","","97","","ከሎጎ በፊት ዶሜይን ይግዙ።
ስሞች ይቀየራሉ። መጀመሪያ .com ወይም .co.za ያዙ፤ ከዚያ ዙሪያውን ይንደፉ።

mulesoo.com #MuleSoo #ሀበሻ"
"2026-02-28","Sat","59","LinkedIn","PROOF","yes","161","","በዚህ ወር የሰራነው፦

[እውነተኛ የደንበኛ ውጤት እዚህ ያስገቡ — ለምሳሌ፦ «የእገሌ ንግድ ቀጠሮዎች በ40% ጨመሩ»። እውነተኛ ውጤት ብቻ፤ በጭራሽ አይፈጠሩ።]

በ WhatsApp ይጻፉልን፦ wa.me/27688529333

#MuleSoo #ሀበሻ #ኢትዮጵያ"
"2026-02-28","Sat","59","Instagram","PROOF","yes","172","","በዚህ ወር የሰራነው፦

[እውነተኛ የደንበኛ ውጤት እዚህ ያስገቡ — ለምሳሌ፦ «የእገሌ ንግድ ቀጠሮዎች በ40% ጨመሩ»። እውነተኛ ውጤት ብቻ፤ በጭራሽ አይፈጠሩ።]

ተጨማሪ ለማወቅ፦ mulesoo.com

#MuleSoo #ሀበሻ #ኢትዮጵያ #ንግድ #ቴክኖሎጂ #ዲጂታል #ቢዝነስ"
"2026-02-28","Sat","59","Facebook","PROOF","yes","155","","በዚህ ወር የሰራነው፦

[እውነተኛ የደንበኛ ውጤት እዚህ ያስገቡ — ለምሳሌ፦ «የእገሌ ንግድ ቀጠሮዎች በ40% ጨመሩ»። እውነተኛ ውጤት ብቻ፤ በጭራሽ አይፈጠሩ።]

ዛሬውኑ ያናግሩን፦ wa.me/27688529333

#MuleSoo #ሀበሻ #ኢትዮጵያ"
"2026-02-28","Sat","59","TikTok","PROOF","yes","133","","በዚህ ወር የሰራነው፦
[እውነተኛ የደንበኛ ውጤት እዚህ ያስገቡ — ለምሳሌ፦ «የእገሌ ንግድ ቀጠሮዎች በ40% ጨመሩ»።

ሙሉውን በመገለጫችን ሊንክ ያገኙታል።

#MuleSoo #ሀበሻ #ኢትዮጵያ #ንግድ #ቴክኖሎጂ"
"2026-02-28","Sat","59","X","PROOF","yes","128","","በዚህ ወር የሰራነው፦
[እውነተኛ የደንበኛ ውጤት እዚህ ያስገቡ — ለምሳሌ፦ «የእገሌ ንግድ ቀጠሮዎች በ40% ጨመሩ»። እውነተኛ ውጤት ብቻ፤ በጭራሽ አይፈጠሩ።]

mulesoo.com #MuleSoo #ሀበሻ"
"2026-03-01","Sun","60","LinkedIn","MYTH","","142","","ብዙ ጊዜ የሚባል ነገር፦ «አውቶሜሽን ሰራተኞችን ያስወግዳል።»

እውነታው፦ አይደለም — አሰልቺውን ስራ ይወስዳል። ሰዎችዎ ለሚከፍለው ስራ ጊዜ ያገኛሉ።

ተጨማሪ ለማወቅ፦ mulesoo.com

#MuleSoo #ሀበሻ #ኢትዮጵያ"
"2026-03-01","Sun","60","Instagram","MYTH","","178","","ብዙ ጊዜ የሚባል ነገር፦ «ለትንሽ ንግድ ድረ-ገጽ አያስፈልግም።»

እውነታው፦ ደንበኛዎ ግን መጀመሪያ ጉግል ላይ ይፈልግዎታል። እዚያ ከሌሉ፣ ለሌላው ይደውላል።

ዛሬውኑ ያናግሩን፦ wa.me/27688529333

#MuleSoo #ሀበሻ #ኢትዮጵያ #ንግድ #ቴክኖሎጂ #ዲጂታል #ቢዝነስ"
"2026-03-01","Sun","60","Facebook","MYTH","","171","","ብዙ ጊዜ የሚባል ነገር፦ «ድረ-ገጽ አንዴ ተሰርቶ ያበቃል።»

እውነታው፦ ድረ-ገጽ እንደ ሱቅ ነው — መስታወቱ ሁልጊዜ ንጹህ መሆን አለበት። ትንሽ እንክብካቤ ትልቅ ልዩነት ያመጣል።

ነጻ የ30 ደቂቃ ምክክር ይያዙ፦ mulesoo.com

#MuleSoo #ሀበሻ #ኢትዮጵያ"
"2026-03-01","Sun","60","TikTok","MYTH","","141","","ብዙ ጊዜ የሚባል ነገር፦ «ማህበራዊ ሚዲያ ካለኝ ድረ-ገጽ አያስፈልገኝም።»
እውነታው፦ ያ ገጽ የእርስዎ አይደለም፤ ተከራይተውታል።

ሙሉውን በመገለጫችን ሊንክ ያገኙታል።

#MuleSoo #ሀበሻ #ኢትዮጵያ #ንግድ #ቴክኖሎጂ"
"2026-03-01","Sun","60","X","MYTH","","124","","ብዙ ጊዜ የሚባል ነገር፦ «ደንበኞቼ ኢንተርኔት አይጠቀሙም።»
እውነታው፦ ልጆቻቸው ግን ይጠቀማሉ — እና የቤተሰቡን ውሳኔ ብዙ ጊዜ የሚመሩት እነሱ ናቸው።

mulesoo.com #MuleSoo #ሀበሻ"
"2026-03-02","Mon","61","LinkedIn","BEHIND","","125","","አዲስ ሰው ስንቀጥር የመጀመሪያ ጥያቄያችን፦ «ማስረዳት ይችላሉ?»

ኮድ መጻፍ ይማራል፤ ግልጽነት ግን ባህሪ ነው።

ዛሬውኑ ያናግሩን፦ wa.me/27688529333

#MuleSoo #ሀበሻ #ኢትዮጵያ"
"2026-03-02","Mon","61","Instagram","BEHIND","","175","","ዛሬ ከአዲስ ደንበኛ ጋር የመጀመሪያ ስብሰባ ነበረን።

አንድም ጊዜ ስለ ቴክኖሎጂ አልተነጋገርንም — ስለ ንግዱ ብቻ። ኮዱ የሚመጣው ከዚያ በኋላ ነው።

ነጻ የ30 ደቂቃ ምክክር ይያዙ፦ mulesoo.com

#MuleSoo #ሀበሻ #ኢትዮጵያ #ንግድ #ቴክኖሎጂ #ዲጂታል #ቢዝነስ"
"2026-03-02","Mon","61","Facebook","BEHIND","","118","","ከመጨመራችን በፊት እንቀንሳለን።

የመጀመሪያው ስራችን ደንበኛው የማይፈልገውን ማስወገድ ነው።

በ WhatsApp ይጻፉልን፦ wa.me/27688529333

#MuleSoo #ሀበሻ #ኢትዮጵያ"
"2026-03-02","Mon","61","TikTok","BEHIND","","121","","የእኛ ስብሰባዎች 30 ደቂቃ ናቸው።
ከዚያ በላይ ከወሰደ፣ ችግሩ አጀንዳው ሳይሆን ዝግጅታችን ነው።

ሙሉውን በመገለጫችን ሊንክ ያገኙታል።

#MuleSoo #ሀበሻ #ኢትዮጵያ #ንግድ #ቴክኖሎጂ"
"2026-03-02","Mon","61","X","BEHIND","","99","","ኮድ ከመጻፍ በፊት እንቆጥራለን።
ስንት ጎብኚ፣ ስንት ጥያቄ፣ ስንት ሽያጭ። ቁጥር የሌለው ዲዛይን ግምት ብቻ ነው።

mulesoo.com #MuleSoo #ሀበሻ"
"2026-03-03","Tue","62","LinkedIn","PROMO","","120","","ድረ-ገጽ ይፈልጋሉ?

ጎብኚን ወደ ከፋይ ደንበኛ የሚቀይር ድረ-ገጽ እንሰራለን። ከ R3,500 ጀምሮ።

ነጻ የ30 ደቂቃ ምክክር ይያዙ፦ mulesoo.com

#MuleSoo #ሀበሻ #ኢትዮጵያ"
"2026-03-03","Tue","62","Instagram","PROMO","","147","","ሎጎዎ ማን እንደሆኑ ይናገራል?

በአንድ እይታ የሚታወስ የምርት መለያ እንሰራለን። ከ R800 ጀምሮ።

በ WhatsApp ይጻፉልን፦ wa.me/27688529333

#MuleSoo #ሀበሻ #ኢትዮጵያ #ንግድ #ቴክኖሎጂ #ዲጂታል #ቢዝነስ"
"2026-03-03","Tue","62","Facebook","PROMO","","114","","ገና በ gmail ነው የሚሰሩት?

የ @yourbusiness ኢሜይል ያሳምራል፤ ያሳምናል። ከ R400 ጀምሮ።

ተጨማሪ ለማወቅ፦ mulesoo.com

#MuleSoo #ሀበሻ #ኢትዮጵያ"
"2026-03-03","Tue","62","TikTok","PROMO","","135","","አሰልቺው የቢሮ ስራ ራሱን ይስራ።
የ AI አውቶሜሽን ስርዓቶቻችን ደረሰኝ ይልካሉ፣ ቀጠሮ ያስይዛሉ፣ ደንበኛ ይከታተላሉ።

ሙሉውን በመገለጫችን ሊንክ ያገኙታል።

#MuleSoo #ሀበሻ #ኢትዮጵያ #ንግድ #ቴክኖሎጂ"
"2026-03-03","Tue","62","X","PROMO","","90","","ድረ-ገጽ ይፈልጋሉ?
ጎብኚን ወደ ከፋይ ደንበኛ የሚቀይር ድረ-ገጽ እንሰራለን። ከ R3,500 ጀምሮ።

mulesoo.com #MuleSoo #ሀበሻ"
"2026-03-04","Wed","63","LinkedIn","HUMAN","","128","","እኛ ስንተኛ ስልካችን ጸጥ ይላል ብለን እናስባለን።

ቻትቦታችን ግን በዚያው ሌሊት ሶስት ቀጠሮ ይዞ ያድራል።

በ WhatsApp ይጻፉልን፦ wa.me/27688529333

#MuleSoo #ሀበሻ #ኢትዮጵያ"
"2026-03-04","Wed","63","Instagram","HUMAN","","133","","ልጆቻችን ስራችንን ሲጠየቁ፦ «ኮምፒውተር ይነካካሉ» ይላሉ።

ትክክል ናቸው። በጣም እንነካካለን። 😄

ተጨማሪ ለማወቅ፦ mulesoo.com

#MuleSoo #ሀበሻ #ኢትዮጵያ #ንግድ #ቴክኖሎጂ #ዲጂታል #ቢዝነስ"
"2026-03-04","Wed","63","Facebook","HUMAN","","143","","የሰማነው፦ «እንደ Apple ድረ-ገጽ ይሁን — ግን ብዙ ነገር ጨምሩበት።»

ይህ ዓረፍተ ነገር ራሱን ይቃረናል። ፈገግ ብለን እናስረዳለን። 😄

ዛሬውኑ ያናግሩን፦ wa.me/27688529333

#MuleSoo #ሀበሻ #ኢትዮጵያ"
"2026-03-04","Wed","63","TikTok","HUMAN","","113","","የሰማነው፦ «ትንሽ ለውጥ ነው» የሚለው ዓረፍተ ነገር…
በአማካይ ሶስት ቀን ይወስዳል።

ሙሉውን በመገለጫችን ሊንክ ያገኙታል።

#MuleSoo #ሀበሻ #ኢትዮጵያ #ንግድ #ቴክኖሎጂ"
"2026-03-04","Wed","63","X","HUMAN","","78","","በበዓል ቀንም «ድረ-ገጹ ደህና ነው?» ብለን እንፈትሻለን።
አዎ፣ እንደዚህ ነን።

mulesoo.com #MuleSoo #ሀበሻ"
"2026-03-05","Thu","64","LinkedIn","PROBLEM","","107","","ደረሰኞችዎ ዘግይተው ይወጣሉ።

የገንዘብ ፍሰት የሂሳብ ችግር አይደለም፤ የአስተዳደር ችግር ነው።

ተጨማሪ ለማወቅ፦ mulesoo.com

#MuleSoo #ሀበሻ #ኢትዮጵያ"
"2026-03-05","Thu","64","Instagram","PROBLEM","","136","","ለጥያቄ መልስ የሚሰጡት በሁለት ቀን ነው።

ስራውን ያገኘው ግን በሁለት ሰዓት የመለሰው ነው።

ዛሬውኑ ያናግሩን፦ wa.me/27688529333

#MuleSoo #ሀበሻ #ኢትዮጵያ #ንግድ #ቴክኖሎጂ #ዲጂታል #ቢዝነስ"
"2026-03-05","Thu","64","Facebook","PROBLEM","","120","","ደንበኞችዎ ከየት እንደመጡ አያውቁም።

ስለዚህ በሚሰራው መንገድ ላይ ተጨማሪ ገንዘብ ማዋል አይችሉም።

ነጻ የ30 ደቂቃ ምክክር ይያዙ፦ mulesoo.com

#MuleSoo #ሀበሻ #ኢትዮጵያ"
"2026-03-05","Thu","64","TikTok","PROBLEM","","132","","አንድ ጥያቄ በሳምንት 30 ጊዜ በዋትስአፕ ይመልሳሉ።
ያ የደንበኛ አገልግሎት አይደለም፤ ገና ያልተሰራ ቻትቦት ነው።

ሙሉውን በመገለጫችን ሊንክ ያገኙታል።

#MuleSoo #ሀበሻ #ኢትዮጵያ #ንግድ #ቴክኖሎጂ"
"2026-03-05","Thu","64","X","PROBLEM","","85","","ሎጎዎ በ Word የተሰራ ነው።
በትልቅ ባነር ላይ ይታወቃል። በንግድ ካርድ ላይም ይታወቃል።

mulesoo.com #MuleSoo #ሀበሻ"
"2026-03-06","Fri","65","LinkedIn","EDUCATE","","124","","እያንዳንዱ የቅጽ መስክ ደንበኛ ያስከፍላል።

ለመመለስ የሚያስፈልገውን ብቻ ይጠይቁ። ሌላው ሁሉ መጠበቅ ይችላል።

ዛሬውኑ ያናግሩን፦ wa.me/27688529333

#MuleSoo #ሀበሻ #ኢትዮጵያ"
"2026-03-06","Fri","65","Instagram","EDUCATE","","155","","ግምገማዎችዎ የእርስዎ SEO ናቸው።

እውነተኛ ግምገማ ያለው የጉግል ቢዝነስ ፕሮፋይል ከቆንጆ ድረ-ገጽ በላይ ይወጣል።

ነጻ የ30 ደቂቃ ምክክር ይያዙ፦ mulesoo.com

#MuleSoo #ሀበሻ #ኢትዮጵያ #ንግድ #ቴክኖሎጂ #ዲጂታል #ቢዝነስ"
"2026-03-06","Fri","65","Facebook","EDUCATE","","132","","የመብራት መቆራረጥ የዲዛይን ግዴታ ነው።

ለተቆራረጠ ኢንተርኔት አስቀድመው ይንደፉ። እዚህ አገር አማራጭ አይደለም።

በ WhatsApp ይጻፉልን፦ wa.me/27688529333

#MuleSoo #ሀበሻ #ኢትዮጵያ"
"2026-03-06","Fri","65","TikTok","EDUCATE","","92","","ሰዎች አያነቡም፤ በዓይን ይቃኛሉ።
አጫጭር አንቀጾች።

ሙሉውን በመገለጫችን ሊንክ ያገኙታል።

#MuleSoo #ሀበሻ #ኢትዮጵያ #ንግድ #ቴክኖሎጂ"
"2026-03-06","Fri","65","X","EDUCATE","","85","","ምርጥ ሻጭዎ የ FAQ ገጽ ነው።
ደንበኛው በአክብሮት ያልጠየቀውን ጥያቄ አስቀድሞ ይመልሳል።

mulesoo.com #MuleSoo #ሀበሻ"
"2026-03-07","Sat","66","LinkedIn","PROOF","yes","158","","በዚህ ወር የሰራነው፦

[እውነተኛ የደንበኛ ውጤት እዚህ ያስገቡ — ለምሳሌ፦ «የእገሌ ንግድ ቀጠሮዎች በ40% ጨመሩ»። እውነተኛ ውጤት ብቻ፤ በጭራሽ አይፈጠሩ።]

ነጻ የ30 ደቂቃ ምክክር ይያዙ፦ mulesoo.com

#MuleSoo #ሀበሻ #ኢትዮጵያ"
"2026-03-07","Sat","66","Instagram","PROOF","yes","185","","በዚህ ወር የሰራነው፦

[እውነተኛ የደንበኛ ውጤት እዚህ ያስገቡ — ለምሳሌ፦ «የእገሌ ንግድ ቀጠሮዎች በ40% ጨመሩ»። እውነተኛ ውጤት ብቻ፤ በጭራሽ አይፈጠሩ።]

በ WhatsApp ይጻፉልን፦ wa.me/27688529333

#MuleSoo #ሀበሻ #ኢትዮጵያ #ንግድ #ቴክኖሎጂ #ዲጂታል #ቢዝነስ"
"2026-03-07","Sat","66","Facebook","PROOF","yes","148","","በዚህ ወር የሰራነው፦

[እውነተኛ የደንበኛ ውጤት እዚህ ያስገቡ — ለምሳሌ፦ «የእገሌ ንግድ ቀጠሮዎች በ40% ጨመሩ»። እውነተኛ ውጤት ብቻ፤ በጭራሽ አይፈጠሩ።]

ተጨማሪ ለማወቅ፦ mulesoo.com

#MuleSoo #ሀበሻ #ኢትዮጵያ"
"2026-03-07","Sat","66","TikTok","PROOF","yes","133","","በዚህ ወር የሰራነው፦
[እውነተኛ የደንበኛ ውጤት እዚህ ያስገቡ — ለምሳሌ፦ «የእገሌ ንግድ ቀጠሮዎች በ40% ጨመሩ»።

ሙሉውን በመገለጫችን ሊንክ ያገኙታል።

#MuleSoo #ሀበሻ #ኢትዮጵያ #ንግድ #ቴክኖሎጂ"
"2026-03-07","Sat","66","X","PROOF","yes","128","","በዚህ ወር የሰራነው፦
[እውነተኛ የደንበኛ ውጤት እዚህ ያስገቡ — ለምሳሌ፦ «የእገሌ ንግድ ቀጠሮዎች በ40% ጨመሩ»። እውነተኛ ውጤት ብቻ፤ በጭራሽ አይፈጠሩ።]

mulesoo.com #MuleSoo #ሀበሻ"
"2026-03-08","Sun","67","LinkedIn","MYTH","","154","","ብዙ ጊዜ የሚባል ነገር፦ «QR ኮድ ጊዜው አልፎበታል።»

እውነታው፦ ዛሬ በሁሉም ጠረጴዛ ላይ ነው። ትክክለኛው ጥያቄ፦ ስንት ሰው እንደቃኘው ያውቃሉ?

በ WhatsApp ይጻፉልን፦ wa.me/27688529333

#MuleSoo #ሀበሻ #ኢትዮጵያ"
"2026-03-08","Sun","67","Instagram","MYTH","","179","","ብዙ ጊዜ የሚባል ነገር፦ «ቻትቦት ደንበኞችን ያስቀይማል።»

እውነታው፦ የሚያስቀይመው መልስ አለማግኘት ነው። ጥሩ ቻትቦት በሰከንድ ይመልሳል፤ ሰው ሲያስፈልግ ያስተላልፋል።

ተጨማሪ ለማወቅ፦ mulesoo.com

#MuleSoo #ሀበሻ #ኢትዮጵያ #ንግድ #ቴክኖሎጂ #ዲጂታል #ቢዝነስ"
"2026-03-08","Sun","67","Facebook","MYTH","","166","","ብዙ ጊዜ የሚባል ነገር፦ «AI ውድ ነው፤ ለትልልቅ ኩባንያዎች ብቻ ነው።»

እውነታው፦ ዛሬ ቻትቦት ከአንድ ሰራተኛ ወርሃዊ ደመወዝ ባነሰ ዋጋ ይሰራል — እና እረፍት አይጠይቅም።

ዛሬውኑ ያናግሩን፦ wa.me/27688529333

#MuleSoo #ሀበሻ #ኢትዮጵያ"
"2026-03-08","Sun","67","TikTok","MYTH","","148","","ብዙ ጊዜ የሚባል ነገር፦ «ሎጎ ማንኛውም ሰው መስራት ይችላል።»
እውነታው፦ ሎጎ ስዕል ብቻ አይደለም፤ በመጀመሪያ እይታ የሚቀር ማህተም ነው።

ሙሉውን በመገለጫችን ሊንክ ያገኙታል።

#MuleSoo #ሀበሻ #ኢትዮጵያ #ንግድ #ቴክኖሎጂ"
"2026-03-08","Sun","67","X","MYTH","","115","","ብዙ ጊዜ የሚባል ነገር፦ «ውድ ድረ-ገጽ ጥሩ ድረ-ገጽ ነው።»
እውነታው፦ ዋጋ ጥራት አይደለም። ድረ-ገጽ የሚለካው በሚያመጣው ደንበኛ ነው።

mulesoo.com #MuleSoo #ሀበሻ"
"2026-03-09","Mon","68","LinkedIn","BEHIND","","137","","ትልቁ ደስታችን ደንበኛ «ራሴ አስተካከልኩት» ሲለን ነው።

ስርዓቱ የእሱ ነውና። እኛ የሰራነው መሳሪያውን ነው፤ ንግዱን የሚያሳድገው እሱ ነው።

ተጨማሪ ለማወቅ፦ mulesoo.com

#MuleSoo #ሀበሻ #ኢትዮጵያ"
"2026-03-09","Mon","68","Instagram","BEHIND","","144","","እያንዳንዱን ድረ-ገጽ በትንሹ ስክሪን ላይ እንፈትሻለን።

በትንሹ ስልክ ላይ ከሰራ፣ በሁሉም ላይ ይሰራል።

ዛሬውኑ ያናግሩን፦ wa.me/27688529333

#MuleSoo #ሀበሻ #ኢትዮጵያ #ንግድ #ቴክኖሎጂ #ዲጂታል #ቢዝነስ"
"2026-03-09","Mon","68","Facebook","BEHIND","","114","","ዛሬ አንድ ፕሮጀክት አልተቀበልንም።

ትክክለኛው ስራ ካልሆነ፣ ገንዘቡም ትክክለኛ አይደለም።

ነጻ የ30 ደቂቃ ምክክር ይያዙ፦ mulesoo.com

#MuleSoo #ሀበሻ #ኢትዮጵያ"
"2026-03-09","Mon","68","TikTok","BEHIND","","137","","ደንበኛ «ትንሽ ለውጥ» ሲል እንሳቀቅ ነበር።
አሁን ግን እያንዳንዱ ደንበኛ ራሱ የሚያስተካክልበት አድሚን ፓነል እንሰጣለን።

ሙሉውን በመገለጫችን ሊንክ ያገኙታል።

#MuleSoo #ሀበሻ #ኢትዮጵያ #ንግድ #ቴክኖሎጂ"
"2026-03-09","Mon","68","X","BEHIND","","90","","የደንበኞቻችንን ድረ-ገጾች በየቀኑ እንቃኛለን።
ችግርን ከደንበኛው በፊት ማየት የስራችን አካል ነው።

mulesoo.com #MuleSoo #ሀበሻ"
"2026-03-10","Tue","69","LinkedIn","PROMO","","132","","ሌሊት የሚመልስ ሰራተኛ ይፈልጋሉ?

ቻትቦታችን በሌሊትም ይመልሳል — እርስዎ ይተኛሉ፣ ንግድዎ ይሰራል። ከ R2,500 ጀምሮ።

ዛሬውኑ ያናግሩን፦ wa.me/27688529333

#MuleSoo #ሀበሻ #ኢትዮጵያ"
"2026-03-10","Tue","69","Instagram","PROMO","","171","","ወረቀት ላይ ያለ ተራ QR ኮድ በቂ አይደለም።

ማን፣ መቼ፣ ስንት ጊዜ እንደቃኘው የሚነግርዎ የምርትዎን ቀለም የያዘ ኮድ — ከ R300 ጀምሮ።

ነጻ የ30 ደቂቃ ምክክር ይያዙ፦ mulesoo.com

#MuleSoo #ሀበሻ #ኢትዮጵያ #ንግድ #ቴክኖሎጂ #ዲጂታል #ቢዝነስ"
"2026-03-10","Tue","69","Facebook","PROMO","","145","","ቀጠሮ፣ ክፍያ፣ ማስታወሻ — ሁሉም በራሱ ይስራ።

የ Auto Pilot ስርዓታችን ንግድዎን በእንቅልፍዎም ያንቀሳቅሳል። ዋጋ በፕሮጀክት።

በ WhatsApp ይጻፉልን፦ wa.me/27688529333

#MuleSoo #ሀበሻ #ኢትዮጵያ"
"2026-03-10","Tue","69","TikTok","PROMO","","119","","ንግድዎ የሚፈልገው መተግበሪያ ገበያ ላይ የለም?
እንሰራዋለን — ልክ ለእርስዎ አሰራር የተሰፋ።

ሙሉውን በመገለጫችን ሊንክ ያገኙታል።

#MuleSoo #ሀበሻ #ኢትዮጵያ #ንግድ #ቴክኖሎጂ"
"2026-03-10","Tue","69","X","PROMO","","105","","ሌሊት የሚመልስ ሰራተኛ ይፈልጋሉ?
ቻትቦታችን በሌሊትም ይመልሳል — እርስዎ ይተኛሉ፣ ንግድዎ ይሰራል። ከ R2,500 ጀምሮ።

mulesoo.com #MuleSoo #ሀበሻ"
"2026-03-11","Wed","70","LinkedIn","HUMAN","","111","","WiFi ሲጠፋ የቢሮአችን ድምጽ፦ ጸጥታ።

ከዚያ ሁሉም ወደ ስልክ ዳታ። ስራ አይቆምም።

ነጻ የ30 ደቂቃ ምክክር ይያዙ፦ mulesoo.com

#MuleSoo #ሀበሻ #ኢትዮጵያ"
"2026-03-11","Wed","70","Instagram","HUMAN","","161","","በሳምንት አንድ ጊዜ ራሳችንን እንጠይቃለን፦

«ይህን ደንበኛው በራሱ ማድረግ ይችላል?» መልሱ አዎ ከሆነ፣ እናስተምረዋለን።

በ WhatsApp ይጻፉልን፦ wa.me/27688529333

#MuleSoo #ሀበሻ #ኢትዮጵያ #ንግድ #ቴክኖሎጂ #ዲጂታል #ቢዝነስ"
"2026-03-11","Wed","70","Facebook","HUMAN","","111","","እያንዳንዱ የሎጎ ማስተካከያ ጥያቄ የሚመጣው እኩለ ሌሊት ላይ ነው።

ለምን እንደሆነ መጠየቅ አቁመናል።

ተጨማሪ ለማወቅ፦ mulesoo.com

#MuleSoo #ሀበሻ #ኢትዮጵያ"
"2026-03-11","Wed","70","TikTok","HUMAN","","103","","ስንት ቡና እንደጠጣን አንቆጥርም።
የደንበኞቻችን ሽያጭ ግን ይቆጠራል።

ሙሉውን በመገለጫችን ሊንክ ያገኙታል።

#MuleSoo #ሀበሻ #ኢትዮጵያ #ንግድ #ቴክኖሎጂ"
"2026-03-11","Wed","70","X","HUMAN","","99","","ደንበኛ፦ «መቼ ይደርሳል?» እኛ፦ «ነገ።»
ነገ ማለታችን ግን በእውነት ነገ ነው። ያልተለመደ መሆኑን እናውቃለን።

mulesoo.com #MuleSoo #ሀበሻ"
"2026-03-12","Thu","71","LinkedIn","PROBLEM","","107","","ዋጋዎ ድረ-ገጽዎ ላይ የለም።

ሰዎች «ውድ ይሆናል» ብለው ገምተው ይሄዳሉ።

በ WhatsApp ይጻፉልን፦ wa.me/27688529333

#MuleSoo #ሀበሻ #ኢትዮጵያ"
"2026-03-12","Thu","71","Instagram","PROBLEM","","147","","ማስተካከል የማይችሉት ድረ-ገጽ እየከፈሉበት ነው።

እያንዳንዱ የጽሁፍ ለውጥ አንድ የስልክ ጥሪና ሶስት ቀን ያስወጣዎታል።

ተጨማሪ ለማወቅ፦ mulesoo.com

#MuleSoo #ሀበሻ #ኢትዮጵያ #ንግድ #ቴክኖሎጂ #ዲጂታል #ቢዝነስ"
"2026-03-12","Thu","71","Facebook","PROBLEM","","133","","ድረ-ገጽዎ ለመከፈት 6 ሰከንድ ይወስዳል።

ግማሾቹ ጎብኚዎች ሳይጠብቁ ወጥተዋል። ፍጥነት ቅንጦት አይደለም፤ የሱቅዎ በር ነው።

ዛሬውኑ ያናግሩን፦ wa.me/27688529333

#MuleSoo #ሀበሻ #ኢትዮጵያ"
"2026-03-12","Thu","71","TikTok","PROBLEM","","103","","የንግድዎ ኢሜይል በ gmail ይጨርሳል።
ትልልቅ ደንበኞች ያስተውላሉ።

ሙሉውን በመገለጫችን ሊንክ ያገኙታል።

#MuleSoo #ሀበሻ #ኢትዮጵያ #ንግድ #ቴክኖሎጂ"
"2026-03-12","Thu","71","X","PROBLEM","","72","","የቀጠሮ መዝገብዎ ደብተር ነው።
አንድ የጠፋ ገጽ አንድ የጠፋ ወር ነው።

mulesoo.com #MuleSoo #ሀበሻ"
"2026-03-13","Fri","72","LinkedIn","EDUCATE","","102","","ምስሎችዎን ያሳንሱ።

4MB የሆነ ምስል የሆስቲንግ ችግር አይደለም፤ የምስል ችግር ነው።

ተጨማሪ ለማወቅ፦ mulesoo.com

#MuleSoo #ሀበሻ #ኢትዮጵያ"
"2026-03-13","Fri","72","Instagram","EDUCATE","","138","","አንድ ቁጥር ብቻ ይለኩ።

በሳምንት የሚመጡ ጥያቄዎች። ያንን የማያንቀሳቅስ ነገር ሁሉ ጌጥ ነው።

ዛሬውኑ ያናግሩን፦ wa.me/27688529333

#MuleSoo #ሀበሻ #ኢትዮጵያ #ንግድ #ቴክኖሎጂ #ዲጂታል #ቢዝነስ"
"2026-03-13","Fri","72","Facebook","EDUCATE","","132","","የመነሻ ገጽዎ አንድ ስራ ብቻ አለው።

ምን እንደሚሰሩ፣ ለማን እንደሆነ፣ የት እንደሚጫኑ ይንገሩ። ቀሪው ሁሉ ጌጥ ነው።

ነጻ የ30 ደቂቃ ምክክር ይያዙ፦ mulesoo.com

#MuleSoo #ሀበሻ #ኢትዮጵያ"
"2026-03-13","Fri","72","TikTok","EDUCATE","","87","","ከሎጎ በፊት ዶሜይን ይግዙ።
ስሞች ይቀየራሉ።

ሙሉውን በመገለጫችን ሊንክ ያገኙታል።

#MuleSoo #ሀበሻ #ኢትዮጵያ #ንግድ #ቴክኖሎጂ"
"2026-03-13","Fri","72","X","EDUCATE","","94","","ቻትቦት የሮቦት ተቀባይ አይደለም።
ማጣሪያ ነው። ቀላሉን 70% ይይዛል፤ የሚከፍለው 30% ለሰው ይደርሳል።

mulesoo.com #MuleSoo #ሀበሻ"
"2026-03-14","Sat","73","LinkedIn","PROOF","yes","155","","በዚህ ወር የሰራነው፦

[እውነተኛ የደንበኛ ውጤት እዚህ ያስገቡ — ለምሳሌ፦ «የእገሌ ንግድ ቀጠሮዎች በ40% ጨመሩ»። እውነተኛ ውጤት ብቻ፤ በጭራሽ አይፈጠሩ።]

ዛሬውኑ ያናግሩን፦ wa.me/27688529333

#MuleSoo #ሀበሻ #ኢትዮጵያ"
"2026-03-14","Sat","73","Instagram","PROOF","yes","182","","በዚህ ወር የሰራነው፦

[እውነተኛ የደንበኛ ውጤት እዚህ ያስገቡ — ለምሳሌ፦ «የእገሌ ንግድ ቀጠሮዎች በ40% ጨመሩ»። እውነተኛ ውጤት ብቻ፤ በጭራሽ አይፈጠሩ።]

ነጻ የ30 ደቂቃ ምክክር ይያዙ፦ mulesoo.com

#MuleSoo #ሀበሻ #ኢትዮጵያ #ንግድ #ቴክኖሎጂ #ዲጂታል #ቢዝነስ"
"2026-03-14","Sat","73","Facebook","PROOF","yes","161","","በዚህ ወር የሰራነው፦

[እውነተኛ የደንበኛ ውጤት እዚህ ያስገቡ — ለምሳሌ፦ «የእገሌ ንግድ ቀጠሮዎች በ40% ጨመሩ»። እውነተኛ ውጤት ብቻ፤ በጭራሽ አይፈጠሩ።]

በ WhatsApp ይጻፉልን፦ wa.me/27688529333

#MuleSoo #ሀበሻ #ኢትዮጵያ"
"2026-03-14","Sat","73","TikTok","PROOF","yes","133","","በዚህ ወር የሰራነው፦
[እውነተኛ የደንበኛ ውጤት እዚህ ያስገቡ — ለምሳሌ፦ «የእገሌ ንግድ ቀጠሮዎች በ40% ጨመሩ»።

ሙሉውን በመገለጫችን ሊንክ ያገኙታል።

#MuleSoo #ሀበሻ #ኢትዮጵያ #ንግድ #ቴክኖሎጂ"
"2026-03-14","Sat","73","X","PROOF","yes","128","","በዚህ ወር የሰራነው፦
[እውነተኛ የደንበኛ ውጤት እዚህ ያስገቡ — ለምሳሌ፦ «የእገሌ ንግድ ቀጠሮዎች በ40% ጨመሩ»። እውነተኛ ውጤት ብቻ፤ በጭራሽ አይፈጠሩ።]

mulesoo.com #MuleSoo #ሀበሻ"
"2026-03-15","Sun","74","LinkedIn","MYTH","","157","","ብዙ ጊዜ የሚባል ነገር፦ «ለትንሽ ንግድ ድረ-ገጽ አያስፈልግም።»

እውነታው፦ ደንበኛዎ ግን መጀመሪያ ጉግል ላይ ይፈልግዎታል። እዚያ ከሌሉ፣ ለሌላው ይደውላል።

ነጻ የ30 ደቂቃ ምክክር ይያዙ፦ mulesoo.com

#MuleSoo #ሀበሻ #ኢትዮጵያ"
"2026-03-15","Sun","74","Instagram","MYTH","","198","","ብዙ ጊዜ የሚባል ነገር፦ «ድረ-ገጽ አንዴ ተሰርቶ ያበቃል።»

እውነታው፦ ድረ-ገጽ እንደ ሱቅ ነው — መስታወቱ ሁልጊዜ ንጹህ መሆን አለበት። ትንሽ እንክብካቤ ትልቅ ልዩነት ያመጣል።

በ WhatsApp ይጻፉልን፦ wa.me/27688529333

#MuleSoo #ሀበሻ #ኢትዮጵያ #ንግድ #ቴክኖሎጂ #ዲጂታል #ቢዝነስ"
"2026-03-15","Sun","74","Facebook","MYTH","","155","","ብዙ ጊዜ የሚባል ነገር፦ «ማህበራዊ ሚዲያ ካለኝ ድረ-ገጽ አያስፈልገኝም።»

እውነታው፦ ያ ገጽ የእርስዎ አይደለም፤ ተከራይተውታል። ህጎቹ ሲቀየሩ ንግድዎም አብሮ ይናወጣል።

ተጨማሪ ለማወቅ፦ mulesoo.com

#MuleSoo #ሀበሻ #ኢትዮጵያ"
"2026-03-15","Sun","74","TikTok","MYTH","","156","","ብዙ ጊዜ የሚባል ነገር፦ «ደንበኞቼ ኢንተርኔት አይጠቀሙም።»
እውነታው፦ ልጆቻቸው ግን ይጠቀማሉ — እና የቤተሰቡን ውሳኔ ብዙ ጊዜ የሚመሩት እነሱ ናቸው።

ሙሉውን በመገለጫችን ሊንክ ያገኙታል።

#MuleSoo #ሀበሻ #ኢትዮጵያ #ንግድ #ቴክኖሎጂ"
"2026-03-15","Sun","74","X","MYTH","","122","","ብዙ ጊዜ የሚባል ነገር፦ «አውቶሜሽን ሰራተኞችን ያስወግዳል።»
እውነታው፦ አይደለም — አሰልቺውን ስራ ይወስዳል። ሰዎችዎ ለሚከፍለው ስራ ጊዜ ያገኛሉ።

mulesoo.com #MuleSoo #ሀበሻ"
"2026-03-16","Mon","75","LinkedIn","BEHIND","","154","","ዛሬ ከአዲስ ደንበኛ ጋር የመጀመሪያ ስብሰባ ነበረን።

አንድም ጊዜ ስለ ቴክኖሎጂ አልተነጋገርንም — ስለ ንግዱ ብቻ። ኮዱ የሚመጣው ከዚያ በኋላ ነው።

በ WhatsApp ይጻፉልን፦ wa.me/27688529333

#MuleSoo #ሀበሻ #ኢትዮጵያ"
"2026-03-16","Mon","75","Instagram","BEHIND","","129","","ከመጨመራችን በፊት እንቀንሳለን።

የመጀመሪያው ስራችን ደንበኛው የማይፈልገውን ማስወገድ ነው።

ተጨማሪ ለማወቅ፦ mulesoo.com

#MuleSoo #ሀበሻ #ኢትዮጵያ #ንግድ #ቴክኖሎጂ #ዲጂታል #ቢዝነስ"
"2026-03-16","Mon","75","Facebook","BEHIND","","116","","የእኛ ስብሰባዎች 30 ደቂቃ ናቸው።

ከዚያ በላይ ከወሰደ፣ ችግሩ አጀንዳው ሳይሆን ዝግጅታችን ነው።

ዛሬውኑ ያናግሩን፦ wa.me/27688529333

#MuleSoo #ሀበሻ #ኢትዮጵያ"
"2026-03-16","Mon","75","TikTok","BEHIND","","106","","ኮድ ከመጻፍ በፊት እንቆጥራለን።
ስንት ጎብኚ፣ ስንት ጥያቄ፣ ስንት ሽያጭ።

ሙሉውን በመገለጫችን ሊንክ ያገኙታል።

#MuleSoo #ሀበሻ #ኢትዮጵያ #ንግድ #ቴክኖሎጂ"
"2026-03-16","Mon","75","X","BEHIND","","98","","አዲስ ሰው ስንቀጥር የመጀመሪያ ጥያቄያችን፦ «ማስረዳት ይችላሉ?»
ኮድ መጻፍ ይማራል፤ ግልጽነት ግን ባህሪ ነው።

mulesoo.com #MuleSoo #ሀበሻ"
"2026-03-17","Tue","76","LinkedIn","PROMO","","110","","ሎጎዎ ማን እንደሆኑ ይናገራል?

በአንድ እይታ የሚታወስ የምርት መለያ እንሰራለን። ከ R800 ጀምሮ።

ተጨማሪ ለማወቅ፦ mulesoo.com

#MuleSoo #ሀበሻ #ኢትዮጵያ"
"2026-03-17","Tue","76","Instagram","PROMO","","145","","ገና በ gmail ነው የሚሰሩት?

የ @yourbusiness ኢሜይል ያሳምራል፤ ያሳምናል። ከ R400 ጀምሮ።

ዛሬውኑ ያናግሩን፦ wa.me/27688529333

#MuleSoo #ሀበሻ #ኢትዮጵያ #ንግድ #ቴክኖሎጂ #ዲጂታል #ቢዝነስ"
"2026-03-17","Tue","76","Facebook","PROMO","","133","","አሰልቺው የቢሮ ስራ ራሱን ይስራ።

የ AI አውቶሜሽን ስርዓቶቻችን ደረሰኝ ይልካሉ፣ ቀጠሮ ያስይዛሉ፣ ደንበኛ ይከታተላሉ።

ነጻ የ30 ደቂቃ ምክክር ይያዙ፦ mulesoo.com

#MuleSoo #ሀበሻ #ኢትዮጵያ"
"2026-03-17","Tue","76","TikTok","PROMO","","108","","ድረ-ገጽ ይፈልጋሉ?
ጎብኚን ወደ ከፋይ ደንበኛ የሚቀይር ድረ-ገጽ እንሰራለን።

ሙሉውን በመገለጫችን ሊንክ ያገኙታል።

#MuleSoo #ሀበሻ #ኢትዮጵያ #ንግድ #ቴክኖሎጂ"
"2026-03-17","Tue","76","X","PROMO","","90","","ሎጎዎ ማን እንደሆኑ ይናገራል?
በአንድ እይታ የሚታወስ የምርት መለያ እንሰራለን። ከ R800 ጀምሮ።

mulesoo.com #MuleSoo #ሀበሻ"
"2026-03-18","Wed","77","LinkedIn","HUMAN","","114","","ልጆቻችን ስራችንን ሲጠየቁ፦ «ኮምፒውተር ይነካካሉ» ይላሉ።

ትክክል ናቸው። በጣም እንነካካለን።

ዛሬውኑ ያናግሩን፦ wa.me/27688529333

#MuleSoo #ሀበሻ #ኢትዮጵያ"
"2026-03-18","Wed","77","Instagram","HUMAN","","170","","የሰማነው፦ «እንደ Apple ድረ-ገጽ ይሁን — ግን ብዙ ነገር ጨምሩበት።»

ይህ ዓረፍተ ነገር ራሱን ይቃረናል። ፈገግ ብለን እናስረዳለን። 😄

ነጻ የ30 ደቂቃ ምክክር ይያዙ፦ mulesoo.com

#MuleSoo #ሀበሻ #ኢትዮጵያ #ንግድ #ቴክኖሎጂ #ዲጂታል #ቢዝነስ"
"2026-03-18","Wed","77","Facebook","HUMAN","","128","","የሰማነው፦ «ትንሽ ለውጥ ነው» የሚለው ዓረፍተ ነገር…

በአማካይ ሶስት ቀን ይወስዳል። ግን እንወደዋለን። 😅

በ WhatsApp ይጻፉልን፦ wa.me/27688529333

#MuleSoo #ሀበሻ #ኢትዮጵያ"
"2026-03-18","Wed","77","TikTok","HUMAN","","110","","በበዓል ቀንም «ድረ-ገጹ ደህና ነው?» ብለን እንፈትሻለን።
አዎ፣ እንደዚህ ነን።

ሙሉውን በመገለጫችን ሊንክ ያገኙታል።

#MuleSoo #ሀበሻ #ኢትዮጵያ #ንግድ #ቴክኖሎጂ"
"2026-03-18","Wed","77","X","HUMAN","","101","","ሁለት አይነት ንግድ አለ፦
ድረ-ገጽ ያለውና «በኋላ እሰራለሁ» የሚል። ሁለተኛው የመጀመሪያውን ደንበኛ ያበረክትለታል።

mulesoo.com #MuleSoo #ሀበሻ"
"2026-03-19","Thu","78","LinkedIn","PROBLEM","","115","","ለጥያቄ መልስ የሚሰጡት በሁለት ቀን ነው።

ስራውን ያገኘው ግን በሁለት ሰዓት የመለሰው ነው።

ነጻ የ30 ደቂቃ ምክክር ይያዙ፦ mulesoo.com

#MuleSoo #ሀበሻ #ኢትዮጵያ"
"2026-03-19","Thu","78","Instagram","PROBLEM","","147","","ደንበኞችዎ ከየት እንደመጡ አያውቁም።

ስለዚህ በሚሰራው መንገድ ላይ ተጨማሪ ገንዘብ ማዋል አይችሉም።

በ WhatsApp ይጻፉልን፦ wa.me/27688529333

#MuleSoo #ሀበሻ #ኢትዮጵያ #ንግድ #ቴክኖሎጂ #ዲጂታል #ቢዝነስ"
"2026-03-19","Thu","78","Facebook","PROBLEM","","120","","አንድ ጥያቄ በሳምንት 30 ጊዜ በዋትስአፕ ይመልሳሉ።

ያ የደንበኛ አገልግሎት አይደለም፤ ገና ያልተሰራ ቻትቦት ነው።

ተጨማሪ ለማወቅ፦ mulesoo.com

#MuleSoo #ሀበሻ #ኢትዮጵያ"
"2026-03-19","Thu","78","TikTok","PROBLEM","","97","","ሎጎዎ በ Word የተሰራ ነው።
በትልቅ ባነር ላይ ይታወቃል።

ሙሉውን በመገለጫችን ሊንክ ያገኙታል።

#MuleSoo #ሀበሻ #ኢትዮጵያ #ንግድ #ቴክኖሎጂ"
"2026-03-19","Thu","78","X","PROBLEM","","83","","ከምሽቱ 1 ሰዓት በኋላ ደንበኞች ያመልጡዎታል።
የተፎካካሪዎ ቻትቦት ግን ነቅቶ ይመልሳል።

mulesoo.com #MuleSoo #ሀበሻ"
"2026-03-20","Fri","79","LinkedIn","EDUCATE","","134","","ግምገማዎችዎ የእርስዎ SEO ናቸው።

እውነተኛ ግምገማ ያለው የጉግል ቢዝነስ ፕሮፋይል ከቆንጆ ድረ-ገጽ በላይ ይወጣል።

በ WhatsApp ይጻፉልን፦ wa.me/27688529333

#MuleSoo #ሀበሻ #ኢትዮጵያ"
"2026-03-20","Fri","79","Instagram","EDUCATE","","143","","የመብራት መቆራረጥ የዲዛይን ግዴታ ነው።

ለተቆራረጠ ኢንተርኔት አስቀድመው ይንደፉ። እዚህ አገር አማራጭ አይደለም።

ተጨማሪ ለማወቅ፦ mulesoo.com

#MuleSoo #ሀበሻ #ኢትዮጵያ #ንግድ #ቴክኖሎጂ #ዲጂታል #ቢዝነስ"
"2026-03-20","Fri","79","Facebook","EDUCATE","","116","","ሰዎች አያነቡም፤ በዓይን ይቃኛሉ።

አጫጭር አንቀጾች። ግልጽ ርዕሶች። በአንድ ስክሪን አንድ ሀሳብ።

ዛሬውኑ ያናግሩን፦ wa.me/27688529333

#MuleSoo #ሀበሻ #ኢትዮጵያ"
"2026-03-20","Fri","79","TikTok","EDUCATE","","117","","ምርጥ ሻጭዎ የ FAQ ገጽ ነው።
ደንበኛው በአክብሮት ያልጠየቀውን ጥያቄ አስቀድሞ ይመልሳል።

ሙሉውን በመገለጫችን ሊንክ ያገኙታል።

#MuleSoo #ሀበሻ #ኢትዮጵያ #ንግድ #ቴክኖሎጂ"
"2026-03-20","Fri","79","X","EDUCATE","","95","","አንድ ግልጽ ጥሪ ከአምስት ይሻላል።
እያንዳንዱ ተጨማሪ ቁልፍ ውሳኔ ነው፤ እያንዳንዱ ውሳኔ ሰዎችን ያሸሻል።

mulesoo.com #MuleSoo #ሀበሻ"
"2026-03-21","Sat","80","LinkedIn","PROOF","yes","148","","በዚህ ወር የሰራነው፦

[እውነተኛ የደንበኛ ውጤት እዚህ ያስገቡ — ለምሳሌ፦ «የእገሌ ንግድ ቀጠሮዎች በ40% ጨመሩ»። እውነተኛ ውጤት ብቻ፤ በጭራሽ አይፈጠሩ።]

ተጨማሪ ለማወቅ፦ mulesoo.com

#MuleSoo #ሀበሻ #ኢትዮጵያ"
"2026-03-21","Sat","80","Instagram","PROOF","yes","179","","በዚህ ወር የሰራነው፦

[እውነተኛ የደንበኛ ውጤት እዚህ ያስገቡ — ለምሳሌ፦ «የእገሌ ንግድ ቀጠሮዎች በ40% ጨመሩ»። እውነተኛ ውጤት ብቻ፤ በጭራሽ አይፈጠሩ።]

ዛሬውኑ ያናግሩን፦ wa.me/27688529333

#MuleSoo #ሀበሻ #ኢትዮጵያ #ንግድ #ቴክኖሎጂ #ዲጂታል #ቢዝነስ"
"2026-03-21","Sat","80","Facebook","PROOF","yes","158","","በዚህ ወር የሰራነው፦

[እውነተኛ የደንበኛ ውጤት እዚህ ያስገቡ — ለምሳሌ፦ «የእገሌ ንግድ ቀጠሮዎች በ40% ጨመሩ»። እውነተኛ ውጤት ብቻ፤ በጭራሽ አይፈጠሩ።]

ነጻ የ30 ደቂቃ ምክክር ይያዙ፦ mulesoo.com

#MuleSoo #ሀበሻ #ኢትዮጵያ"
"2026-03-21","Sat","80","TikTok","PROOF","yes","133","","በዚህ ወር የሰራነው፦
[እውነተኛ የደንበኛ ውጤት እዚህ ያስገቡ — ለምሳሌ፦ «የእገሌ ንግድ ቀጠሮዎች በ40% ጨመሩ»።

ሙሉውን በመገለጫችን ሊንክ ያገኙታል።

#MuleSoo #ሀበሻ #ኢትዮጵያ #ንግድ #ቴክኖሎጂ"
"2026-03-21","Sat","80","X","PROOF","yes","128","","በዚህ ወር የሰራነው፦
[እውነተኛ የደንበኛ ውጤት እዚህ ያስገቡ — ለምሳሌ፦ «የእገሌ ንግድ ቀጠሮዎች በ40% ጨመሩ»። እውነተኛ ውጤት ብቻ፤ በጭራሽ አይፈጠሩ።]

mulesoo.com #MuleSoo #ሀበሻ"
"2026-03-22","Sun","81","LinkedIn","MYTH","","162","","ብዙ ጊዜ የሚባል ነገር፦ «ቻትቦት ደንበኞችን ያስቀይማል።»

እውነታው፦ የሚያስቀይመው መልስ አለማግኘት ነው። ጥሩ ቻትቦት በሰከንድ ይመልሳል፤ ሰው ሲያስፈልግ ያስተላልፋል።

ዛሬውኑ ያናግሩን፦ wa.me/27688529333

#MuleSoo #ሀበሻ #ኢትዮጵያ"
"2026-03-22","Sun","81","Instagram","MYTH","","193","","ብዙ ጊዜ የሚባል ነገር፦ «AI ውድ ነው፤ ለትልልቅ ኩባንያዎች ብቻ ነው።»

እውነታው፦ ዛሬ ቻትቦት ከአንድ ሰራተኛ ወርሃዊ ደመወዝ ባነሰ ዋጋ ይሰራል — እና እረፍት አይጠይቅም።

ነጻ የ30 ደቂቃ ምክክር ይያዙ፦ mulesoo.com

#MuleSoo #ሀበሻ #ኢትዮጵያ #ንግድ #ቴክኖሎጂ #ዲጂታል #ቢዝነስ"
"2026-03-22","Sun","81","Facebook","MYTH","","149","","ብዙ ጊዜ የሚባል ነገር፦ «ሎጎ ማንኛውም ሰው መስራት ይችላል።»

እውነታው፦ ሎጎ ስዕል ብቻ አይደለም፤ በመጀመሪያ እይታ የሚቀር ማህተም ነው።

በ WhatsApp ይጻፉልን፦ wa.me/27688529333

#MuleSoo #ሀበሻ #ኢትዮጵያ"
"2026-03-22","Sun","81","TikTok","MYTH","","119","","ብዙ ጊዜ የሚባል ነገር፦ «ውድ ድረ-ገጽ ጥሩ ድረ-ገጽ ነው።»
እውነታው፦ ዋጋ ጥራት አይደለም።

ሙሉውን በመገለጫችን ሊንክ ያገኙታል።

#MuleSoo #ሀበሻ #ኢትዮጵያ #ንግድ #ቴክኖሎጂ"
"2026-03-22","Sun","81","X","MYTH","","121","","ብዙ ጊዜ የሚባል ነገር፦ «QR ኮድ ጊዜው አልፎበታል።»
እውነታው፦ ዛሬ በሁሉም ጠረጴዛ ላይ ነው። ትክክለኛው ጥያቄ፦ ስንት ሰው እንደቃኘው ያውቃሉ?

mulesoo.com #MuleSoo #ሀበሻ"
"2026-03-23","Mon","82","LinkedIn","BEHIND","","123","","እያንዳንዱን ድረ-ገጽ በትንሹ ስክሪን ላይ እንፈትሻለን።

በትንሹ ስልክ ላይ ከሰራ፣ በሁሉም ላይ ይሰራል።

ነጻ የ30 ደቂቃ ምክክር ይያዙ፦ mulesoo.com

#MuleSoo #ሀበሻ #ኢትዮጵያ"
"2026-03-23","Mon","82","Instagram","BEHIND","","141","","ዛሬ አንድ ፕሮጀክት አልተቀበልንም።

ትክክለኛው ስራ ካልሆነ፣ ገንዘቡም ትክክለኛ አይደለም።

በ WhatsApp ይጻፉልን፦ wa.me/27688529333

#MuleSoo #ሀበሻ #ኢትዮጵያ #ንግድ #ቴክኖሎጂ #ዲጂታል #ቢዝነስ"
"2026-03-23","Mon","82","Facebook","BEHIND","","133","","ደንበኛ «ትንሽ ለውጥ» ሲል እንሳቀቅ ነበር።

አሁን ግን እያንዳንዱ ደንበኛ ራሱ የሚያስተካክልበት አድሚን ፓነል እንሰጣለን። ሰላም ሆነ።

ተጨማሪ ለማወቅ፦ mulesoo.com

#MuleSoo #ሀበሻ #ኢትዮጵያ"
"2026-03-23","Mon","82","TikTok","BEHIND","","122","","የደንበኞቻችንን ድረ-ገጾች በየቀኑ እንቃኛለን።
ችግርን ከደንበኛው በፊት ማየት የስራችን አካል ነው።

ሙሉውን በመገለጫችን ሊንክ ያገኙታል።

#MuleSoo #ሀበሻ #ኢትዮጵያ #ንግድ #ቴክኖሎጂ"
"2026-03-23","Mon","82","X","BEHIND","","117","","ትልቁ ደስታችን ደንበኛ «ራሴ አስተካከልኩት» ሲለን ነው።
ስርዓቱ የእሱ ነውና። እኛ የሰራነው መሳሪያውን ነው፤ ንግዱን የሚያሳድገው እሱ ነው።

mulesoo.com #MuleSoo #ሀበሻ"
"2026-03-24","Tue","83","LinkedIn","PROMO","","150","","ወረቀት ላይ ያለ ተራ QR ኮድ በቂ አይደለም።

ማን፣ መቼ፣ ስንት ጊዜ እንደቃኘው የሚነግርዎ የምርትዎን ቀለም የያዘ ኮድ — ከ R300 ጀምሮ።

በ WhatsApp ይጻፉልን፦ wa.me/27688529333

#MuleSoo #ሀበሻ #ኢትዮጵያ"
"2026-03-24","Tue","83","Instagram","PROMO","","156","","ቀጠሮ፣ ክፍያ፣ ማስታወሻ — ሁሉም በራሱ ይስራ።

የ Auto Pilot ስርዓታችን ንግድዎን በእንቅልፍዎም ያንቀሳቅሳል። ዋጋ በፕሮጀክት።

ተጨማሪ ለማወቅ፦ mulesoo.com

#MuleSoo #ሀበሻ #ኢትዮጵያ #ንግድ #ቴክኖሎጂ #ዲጂታል #ቢዝነስ"
"2026-03-24","Tue","83","Facebook","PROMO","","114","","ንግድዎ የሚፈልገው መተግበሪያ ገበያ ላይ የለም?

እንሰራዋለን — ልክ ለእርስዎ አሰራር የተሰፋ።

ዛሬውኑ ያናግሩን፦ wa.me/27688529333

#MuleSoo #ሀበሻ #ኢትዮጵያ"
"2026-03-24","Tue","83","TikTok","PROMO","","123","","ሌሊት የሚመልስ ሰራተኛ ይፈልጋሉ?
ቻትቦታችን በሌሊትም ይመልሳል — እርስዎ ይተኛሉ፣ ንግድዎ ይሰራል።

ሙሉውን በመገለጫችን ሊንክ ያገኙታል።

#MuleSoo #ሀበሻ #ኢትዮጵያ #ንግድ #ቴክኖሎጂ"
"2026-03-24","Tue","83","X","PROMO","","117","","ወረቀት ላይ ያለ ተራ QR ኮድ በቂ አይደለም።
ማን፣ መቼ፣ ስንት ጊዜ እንደቃኘው የሚነግርዎ የምርትዎን ቀለም የያዘ ኮድ — ከ R300 ጀምሮ።

mulesoo.com #MuleSoo #ሀበሻ"
"2026-03-25","Wed","84","LinkedIn","HUMAN","","124","","በሳምንት አንድ ጊዜ ራሳችንን እንጠይቃለን፦

«ይህን ደንበኛው በራሱ ማድረግ ይችላል?» መልሱ አዎ ከሆነ፣ እናስተምረዋለን።

ተጨማሪ ለማወቅ፦ mulesoo.com

#MuleSoo #ሀበሻ #ኢትዮጵያ"
"2026-03-25","Wed","84","Instagram","HUMAN","","142","","እያንዳንዱ የሎጎ ማስተካከያ ጥያቄ የሚመጣው እኩለ ሌሊት ላይ ነው።

ለምን እንደሆነ መጠየቅ አቁመናል።

ዛሬውኑ ያናግሩን፦ wa.me/27688529333

#MuleSoo #ሀበሻ #ኢትዮጵያ #ንግድ #ቴክኖሎጂ #ዲጂታል #ቢዝነስ"
"2026-03-25","Wed","84","Facebook","HUMAN","","118","","ስንት ቡና እንደጠጣን አንቆጥርም።

የደንበኞቻችን ሽያጭ ግን ይቆጠራል። ቅድሚያችን ግልጽ ነው። ☕

ነጻ የ30 ደቂቃ ምክክር ይያዙ፦ mulesoo.com

#MuleSoo #ሀበሻ #ኢትዮጵያ"
"2026-03-25","Wed","84","TikTok","HUMAN","","111","","ደንበኛ፦ «መቼ ይደርሳል?» እኛ፦ «ነገ።»
ነገ ማለታችን ግን በእውነት ነገ ነው።

ሙሉውን በመገለጫችን ሊንክ ያገኙታል።

#MuleSoo #ሀበሻ #ኢትዮጵያ #ንግድ #ቴክኖሎጂ"
"2026-03-25","Wed","84","X","HUMAN","","104","","በስብሰባ ላይ በጣም የምንጠነቀቅበት ቃል፦
«የአክስቴ ልጅ ዲዛይን ያውቃል።» — እናዳምጣለን፤ አንዳንዴ በእውነት ያውቃል።

mulesoo.com #MuleSoo #ሀበሻ"
"2026-03-26","Thu","85","LinkedIn","PROBLEM","","130","","ማስተካከል የማይችሉት ድረ-ገጽ እየከፈሉበት ነው።

እያንዳንዱ የጽሁፍ ለውጥ አንድ የስልክ ጥሪና ሶስት ቀን ያስወጣዎታል።

ዛሬውኑ ያናግሩን፦ wa.me/27688529333

#MuleSoo #ሀበሻ #ኢትዮጵያ"
"2026-03-26","Thu","85","Instagram","PROBLEM","","160","","ድረ-ገጽዎ ለመከፈት 6 ሰከንድ ይወስዳል።

ግማሾቹ ጎብኚዎች ሳይጠብቁ ወጥተዋል። ፍጥነት ቅንጦት አይደለም፤ የሱቅዎ በር ነው።

ነጻ የ30 ደቂቃ ምክክር ይያዙ፦ mulesoo.com

#MuleSoo #ሀበሻ #ኢትዮጵያ #ንግድ #ቴክኖሎጂ #ዲጂታል #ቢዝነስ"
"2026-03-26","Thu","85","Facebook","PROBLEM","","133","","የንግድዎ ኢሜይል በ gmail ይጨርሳል።

ትልልቅ ደንበኞች ያስተውላሉ። ምንም አይሉም — ዝም ብለው መልስ አይሰጡም።

በ WhatsApp ይጻፉልን፦ wa.me/27688529333

#MuleSoo #ሀበሻ #ኢትዮጵያ"
"2026-03-26","Thu","85","TikTok","PROBLEM","","104","","የቀጠሮ መዝገብዎ ደብተር ነው።
አንድ የጠፋ ገጽ አንድ የጠፋ ወር ነው።

ሙሉውን በመገለጫችን ሊንክ ያገኙታል።

#MuleSoo #ሀበሻ #ኢትዮጵያ #ንግድ #ቴክኖሎጂ"
"2026-03-26","Thu","85","X","PROBLEM","","94","","ድረ-ገጽዎ በላፕቶፕዎ ላይ ያምራል።
ከ10 ደንበኞችዎ 9ኙ ግን በስልክ ነው የሚያዩት። በስልክ አይተውታል?

mulesoo.com #MuleSoo #ሀበሻ"
"2026-03-27","Fri","86","LinkedIn","EDUCATE","","117","","አንድ ቁጥር ብቻ ይለኩ።

በሳምንት የሚመጡ ጥያቄዎች። ያንን የማያንቀሳቅስ ነገር ሁሉ ጌጥ ነው።

ነጻ የ30 ደቂቃ ምክክር ይያዙ፦ mulesoo.com

#MuleSoo #ሀበሻ #ኢትዮጵያ"
"2026-03-27","Fri","86","Instagram","EDUCATE","","159","","የመነሻ ገጽዎ አንድ ስራ ብቻ አለው።

ምን እንደሚሰሩ፣ ለማን እንደሆነ፣ የት እንደሚጫኑ ይንገሩ። ቀሪው ሁሉ ጌጥ ነው።

በ WhatsApp ይጻፉልን፦ wa.me/27688529333

#MuleSoo #ሀበሻ #ኢትዮጵያ #ንግድ #ቴክኖሎጂ #ዲጂታል #ቢዝነስ"
"2026-03-27","Fri","86","Facebook","EDUCATE","","117","","ከሎጎ በፊት ዶሜይን ይግዙ።

ስሞች ይቀየራሉ። መጀመሪያ .com ወይም .co.za ያዙ፤ ከዚያ ዙሪያውን ይንደፉ።

ተጨማሪ ለማወቅ፦ mulesoo.com

#MuleSoo #ሀበሻ #ኢትዮጵያ"
"2026-03-27","Fri","86","TikTok","EDUCATE","","89","","ቻትቦት የሮቦት ተቀባይ አይደለም።
ማጣሪያ ነው።

ሙሉውን በመገለጫችን ሊንክ ያገኙታል።

#MuleSoo #ሀበሻ #ኢትዮጵያ #ንግድ #ቴክኖሎጂ"
"2026-03-27","Fri","86","X","EDUCATE","","105","","ፍጥነት የሚመጣው ከማይጫኑት ነገር ነው።
ከባድ ምስሎች፣ ስላይደሮች፣ የቪዲዮ ጀርባዎች — መጀመሪያ ይሰርዙ፤ ከዚያ ያሻሽሉ።

mulesoo.com #MuleSoo #ሀበሻ"
"2026-03-28","Sat","87","LinkedIn","PROOF","yes","161","","በዚህ ወር የሰራነው፦

[እውነተኛ የደንበኛ ውጤት እዚህ ያስገቡ — ለምሳሌ፦ «የእገሌ ንግድ ቀጠሮዎች በ40% ጨመሩ»። እውነተኛ ውጤት ብቻ፤ በጭራሽ አይፈጠሩ።]

በ WhatsApp ይጻፉልን፦ wa.me/27688529333

#MuleSoo #ሀበሻ #ኢትዮጵያ"
"2026-03-28","Sat","87","Instagram","PROOF","yes","172","","በዚህ ወር የሰራነው፦

[እውነተኛ የደንበኛ ውጤት እዚህ ያስገቡ — ለምሳሌ፦ «የእገሌ ንግድ ቀጠሮዎች በ40% ጨመሩ»። እውነተኛ ውጤት ብቻ፤ በጭራሽ አይፈጠሩ።]

ተጨማሪ ለማወቅ፦ mulesoo.com

#MuleSoo #ሀበሻ #ኢትዮጵያ #ንግድ #ቴክኖሎጂ #ዲጂታል #ቢዝነስ"
"2026-03-28","Sat","87","Facebook","PROOF","yes","155","","በዚህ ወር የሰራነው፦

[እውነተኛ የደንበኛ ውጤት እዚህ ያስገቡ — ለምሳሌ፦ «የእገሌ ንግድ ቀጠሮዎች በ40% ጨመሩ»። እውነተኛ ውጤት ብቻ፤ በጭራሽ አይፈጠሩ።]

ዛሬውኑ ያናግሩን፦ wa.me/27688529333

#MuleSoo #ሀበሻ #ኢትዮጵያ"
"2026-03-28","Sat","87","TikTok","PROOF","yes","133","","በዚህ ወር የሰራነው፦
[እውነተኛ የደንበኛ ውጤት እዚህ ያስገቡ — ለምሳሌ፦ «የእገሌ ንግድ ቀጠሮዎች በ40% ጨመሩ»።

ሙሉውን በመገለጫችን ሊንክ ያገኙታል።

#MuleSoo #ሀበሻ #ኢትዮጵያ #ንግድ #ቴክኖሎጂ"
"2026-03-28","Sat","87","X","PROOF","yes","128","","በዚህ ወር የሰራነው፦
[እውነተኛ የደንበኛ ውጤት እዚህ ያስገቡ — ለምሳሌ፦ «የእገሌ ንግድ ቀጠሮዎች በ40% ጨመሩ»። እውነተኛ ውጤት ብቻ፤ በጭራሽ አይፈጠሩ።]

mulesoo.com #MuleSoo #ሀበሻ"
"2026-03-29","Sun","88","LinkedIn","MYTH","","161","","ብዙ ጊዜ የሚባል ነገር፦ «ድረ-ገጽ አንዴ ተሰርቶ ያበቃል።»

እውነታው፦ ድረ-ገጽ እንደ ሱቅ ነው — መስታወቱ ሁልጊዜ ንጹህ መሆን አለበት። ትንሽ እንክብካቤ ትልቅ ልዩነት ያመጣል።

ተጨማሪ ለማወቅ፦ mulesoo.com

#MuleSoo #ሀበሻ #ኢትዮጵያ"
"2026-03-29","Sun","88","Instagram","MYTH","","186","","ብዙ ጊዜ የሚባል ነገር፦ «ማህበራዊ ሚዲያ ካለኝ ድረ-ገጽ አያስፈልገኝም።»

እውነታው፦ ያ ገጽ የእርስዎ አይደለም፤ ተከራይተውታል። ህጎቹ ሲቀየሩ ንግድዎም አብሮ ይናወጣል።

ዛሬውኑ ያናግሩን፦ wa.me/27688529333

#MuleSoo #ሀበሻ #ኢትዮጵያ #ንግድ #ቴክኖሎጂ #ዲጂታል #ቢዝነስ"
"2026-03-29","Sun","88","Facebook","MYTH","","154","","ብዙ ጊዜ የሚባል ነገር፦ «ደንበኞቼ ኢንተርኔት አይጠቀሙም።»

እውነታው፦ ልጆቻቸው ግን ይጠቀማሉ — እና የቤተሰቡን ውሳኔ ብዙ ጊዜ የሚመሩት እነሱ ናቸው።

ነጻ የ30 ደቂቃ ምክክር ይያዙ፦ mulesoo.com

#MuleSoo #ሀበሻ #ኢትዮጵያ"
"2026-03-29","Sun","88","TikTok","MYTH","","130","","ብዙ ጊዜ የሚባል ነገር፦ «አውቶሜሽን ሰራተኞችን ያስወግዳል።»
እውነታው፦ አይደለም — አሰልቺውን ስራ ይወስዳል።

ሙሉውን በመገለጫችን ሊንክ ያገኙታል።

#MuleSoo #ሀበሻ #ኢትዮጵያ #ንግድ #ቴክኖሎጂ"
"2026-03-29","Sun","88","X","MYTH","","127","","ብዙ ጊዜ የሚባል ነገር፦ «ለትንሽ ንግድ ድረ-ገጽ አያስፈልግም።»
እውነታው፦ ደንበኛዎ ግን መጀመሪያ ጉግል ላይ ይፈልግዎታል። እዚያ ከሌሉ፣ ለሌላው ይደውላል።

mulesoo.com #MuleSoo #ሀበሻ"
"2026-03-30","Mon","89","LinkedIn","BEHIND","","112","","ከመጨመራችን በፊት እንቀንሳለን።

የመጀመሪያው ስራችን ደንበኛው የማይፈልገውን ማስወገድ ነው።

ዛሬውኑ ያናግሩን፦ wa.me/27688529333

#MuleSoo #ሀበሻ #ኢትዮጵያ"
"2026-03-30","Mon","89","Instagram","BEHIND","","143","","የእኛ ስብሰባዎች 30 ደቂቃ ናቸው።

ከዚያ በላይ ከወሰደ፣ ችግሩ አጀንዳው ሳይሆን ዝግጅታችን ነው።

ነጻ የ30 ደቂቃ ምክክር ይያዙ፦ mulesoo.com

#MuleSoo #ሀበሻ #ኢትዮጵያ #ንግድ #ቴክኖሎጂ #ዲጂታል #ቢዝነስ"
"2026-03-30","Mon","89","Facebook","BEHIND","","132","","ኮድ ከመጻፍ በፊት እንቆጥራለን።

ስንት ጎብኚ፣ ስንት ጥያቄ፣ ስንት ሽያጭ። ቁጥር የሌለው ዲዛይን ግምት ብቻ ነው።

በ WhatsApp ይጻፉልን፦ wa.me/27688529333

#MuleSoo #ሀበሻ #ኢትዮጵያ"
"2026-03-30","Mon","89","TikTok","BEHIND","","130","","አዲስ ሰው ስንቀጥር የመጀመሪያ ጥያቄያችን፦ «ማስረዳት ይችላሉ?»
ኮድ መጻፍ ይማራል፤ ግልጽነት ግን ባህሪ ነው።

ሙሉውን በመገለጫችን ሊንክ ያገኙታል።

#MuleSoo #ሀበሻ #ኢትዮጵያ #ንግድ #ቴክኖሎጂ"
"2026-03-30","Mon","89","X","BEHIND","","121","","ዛሬ ከአዲስ ደንበኛ ጋር የመጀመሪያ ስብሰባ ነበረን።
አንድም ጊዜ ስለ ቴክኖሎጂ አልተነጋገርንም — ስለ ንግዱ ብቻ። ኮዱ የሚመጣው ከዚያ በኋላ ነው።

mulesoo.com #MuleSoo #ሀበሻ"
"2026-03-31","Tue","90","LinkedIn","PROMO","","124","","ገና በ gmail ነው የሚሰሩት?

የ @yourbusiness ኢሜይል ያሳምራል፤ ያሳምናል። ከ R400 ጀምሮ።

ነጻ የ30 ደቂቃ ምክክር ይያዙ፦ mulesoo.com

#MuleSoo #ሀበሻ #ኢትዮጵያ"
"2026-03-31","Tue","90","Instagram","PROMO","","160","","አሰልቺው የቢሮ ስራ ራሱን ይስራ።

የ AI አውቶሜሽን ስርዓቶቻችን ደረሰኝ ይልካሉ፣ ቀጠሮ ያስይዛሉ፣ ደንበኛ ይከታተላሉ።

በ WhatsApp ይጻፉልን፦ wa.me/27688529333

#MuleSoo #ሀበሻ #ኢትዮጵያ #ንግድ #ቴክኖሎጂ #ዲጂታል #ቢዝነስ"
"2026-03-31","Tue","90","Facebook","PROMO","","110","","ድረ-ገጽ ይፈልጋሉ?

ጎብኚን ወደ ከፋይ ደንበኛ የሚቀይር ድረ-ገጽ እንሰራለን። ከ R3,500 ጀምሮ።

ተጨማሪ ለማወቅ፦ mulesoo.com

#MuleSoo #ሀበሻ #ኢትዮጵያ"
"2026-03-31","Tue","90","TikTok","PROMO","","110","","ሎጎዎ ማን እንደሆኑ ይናገራል?
በአንድ እይታ የሚታወስ የምርት መለያ እንሰራለን።

ሙሉውን በመገለጫችን ሊንክ ያገኙታል።

#MuleSoo #ሀበሻ #ኢትዮጵያ #ንግድ #ቴክኖሎጂ"
"2026-03-31","Tue","90","X","PROMO","","94","","ገና በ gmail ነው የሚሰሩት?
የ @yourbusiness ኢሜይል ያሳምራል፤ ያሳምናል። ከ R400 ጀምሮ።

mulesoo.com #MuleSoo #ሀበሻ"
"2026-04-01","Wed","91","LinkedIn","HUMAN","","147","","የሰማነው፦ «እንደ Apple ድረ-ገጽ ይሁን — ግን ብዙ ነገር ጨምሩበት።»

ይህ ዓረፍተ ነገር ራሱን ይቃረናል። ፈገግ ብለን እናስረዳለን።

በ WhatsApp ይጻፉልን፦ wa.me/27688529333

#MuleSoo #ሀበሻ #ኢትዮጵያ"
"2026-04-01","Wed","91","Instagram","HUMAN","","139","","የሰማነው፦ «ትንሽ ለውጥ ነው» የሚለው ዓረፍተ ነገር…

በአማካይ ሶስት ቀን ይወስዳል። ግን እንወደዋለን። 😅

ተጨማሪ ለማወቅ፦ mulesoo.com

#MuleSoo #ሀበሻ #ኢትዮጵያ #ንግድ #ቴክኖሎጂ #ዲጂታል #ቢዝነስ"
"2026-04-01","Wed","91","Facebook","HUMAN","","107","","በበዓል ቀንም «ድረ-ገጹ ደህና ነው?» ብለን እንፈትሻለን።

አዎ፣ እንደዚህ ነን። 🙈

ዛሬውኑ ያናግሩን፦ wa.me/27688529333

#MuleSoo #ሀበሻ #ኢትዮጵያ"
"2026-04-01","Wed","91","TikTok","HUMAN","","103","","ሁለት አይነት ንግድ አለ፦
ድረ-ገጽ ያለውና «በኋላ እሰራለሁ» የሚል።

ሙሉውን በመገለጫችን ሊንክ ያገኙታል።

#MuleSoo #ሀበሻ #ኢትዮጵያ #ንግድ #ቴክኖሎጂ"
"2026-04-01","Wed","91","X","HUMAN","","95","","እኛ ስንተኛ ስልካችን ጸጥ ይላል ብለን እናስባለን።
ቻትቦታችን ግን በዚያው ሌሊት ሶስት ቀጠሮ ይዞ ያድራል።

mulesoo.com #MuleSoo #ሀበሻ"
"2026-04-02","Thu","92","LinkedIn","PROBLEM","","110","","ደንበኞችዎ ከየት እንደመጡ አያውቁም።

ስለዚህ በሚሰራው መንገድ ላይ ተጨማሪ ገንዘብ ማዋል አይችሉም።

ተጨማሪ ለማወቅ፦ mulesoo.com

#MuleSoo #ሀበሻ #ኢትዮጵያ"
"2026-04-02","Thu","92","Instagram","PROBLEM","","151","","አንድ ጥያቄ በሳምንት 30 ጊዜ በዋትስአፕ ይመልሳሉ።

ያ የደንበኛ አገልግሎት አይደለም፤ ገና ያልተሰራ ቻትቦት ነው።

ዛሬውኑ ያናግሩን፦ wa.me/27688529333

#MuleSoo #ሀበሻ #ኢትዮጵያ #ንግድ #ቴክኖሎጂ #ዲጂታል #ቢዝነስ"
"2026-04-02","Thu","92","Facebook","PROBLEM","","115","","ሎጎዎ በ Word የተሰራ ነው።

በትልቅ ባነር ላይ ይታወቃል። በንግድ ካርድ ላይም ይታወቃል።

ነጻ የ30 ደቂቃ ምክክር ይያዙ፦ mulesoo.com

#MuleSoo #ሀበሻ #ኢትዮጵያ"
"2026-04-02","Thu","92","TikTok","PROBLEM","","115","","ከምሽቱ 1 ሰዓት በኋላ ደንበኞች ያመልጡዎታል።
የተፎካካሪዎ ቻትቦት ግን ነቅቶ ይመልሳል።

ሙሉውን በመገለጫችን ሊንክ ያገኙታል።

#MuleSoo #ሀበሻ #ኢትዮጵያ #ንግድ #ቴክኖሎጂ"
"2026-04-02","Thu","92","X","PROBLEM","","88","","ዋጋ ማቅረቢያ በእጅ ይሰራሉ።
በሳምንት 4 ሰዓት ነው። በዓመት አምስት የስራ ሳምንት ማለት ነው።

mulesoo.com #MuleSoo #ሀበሻ"
"2026-04-03","Fri","93","LinkedIn","EDUCATE","","126","","የመብራት መቆራረጥ የዲዛይን ግዴታ ነው።

ለተቆራረጠ ኢንተርኔት አስቀድመው ይንደፉ። እዚህ አገር አማራጭ አይደለም።

ዛሬውኑ ያናግሩን፦ wa.me/27688529333

#MuleSoo #ሀበሻ #ኢትዮጵያ"
"2026-04-03","Fri","93","Instagram","EDUCATE","","143","","ሰዎች አያነቡም፤ በዓይን ይቃኛሉ።

አጫጭር አንቀጾች። ግልጽ ርዕሶች። በአንድ ስክሪን አንድ ሀሳብ።

ነጻ የ30 ደቂቃ ምክክር ይያዙ፦ mulesoo.com

#MuleSoo #ሀበሻ #ኢትዮጵያ #ንግድ #ቴክኖሎጂ #ዲጂታል #ቢዝነስ"
"2026-04-03","Fri","93","Facebook","EDUCATE","","118","","ምርጥ ሻጭዎ የ FAQ ገጽ ነው።

ደንበኛው በአክብሮት ያልጠየቀውን ጥያቄ አስቀድሞ ይመልሳል።

በ WhatsApp ይጻፉልን፦ wa.me/27688529333

#MuleSoo #ሀበሻ #ኢትዮጵያ"
"2026-04-03","Fri","93","TikTok","EDUCATE","","127","","አንድ ግልጽ ጥሪ ከአምስት ይሻላል።
እያንዳንዱ ተጨማሪ ቁልፍ ውሳኔ ነው፤ እያንዳንዱ ውሳኔ ሰዎችን ያሸሻል።

ሙሉውን በመገለጫችን ሊንክ ያገኙታል።

#MuleSoo #ሀበሻ #ኢትዮጵያ #ንግድ #ቴክኖሎጂ"
"2026-04-03","Fri","93","X","EDUCATE","","90","","የገዙት ኮድ የእርስዎ ይሁን።
ገንቢው ሲጠፋ ድረ-ገጽዎም አብሮ ከጠፋ፣ አልገዙትም — ተከራይተውታል።

mulesoo.com #MuleSoo #ሀበሻ"
"2026-04-04","Sat","94","LinkedIn","PROOF","yes","158","","በዚህ ወር የሰራነው፦

[እውነተኛ የደንበኛ ውጤት እዚህ ያስገቡ — ለምሳሌ፦ «የእገሌ ንግድ ቀጠሮዎች በ40% ጨመሩ»። እውነተኛ ውጤት ብቻ፤ በጭራሽ አይፈጠሩ።]

ነጻ የ30 ደቂቃ ምክክር ይያዙ፦ mulesoo.com

#MuleSoo #ሀበሻ #ኢትዮጵያ"
"2026-04-04","Sat","94","Instagram","PROOF","yes","185","","በዚህ ወር የሰራነው፦

[እውነተኛ የደንበኛ ውጤት እዚህ ያስገቡ — ለምሳሌ፦ «የእገሌ ንግድ ቀጠሮዎች በ40% ጨመሩ»። እውነተኛ ውጤት ብቻ፤ በጭራሽ አይፈጠሩ።]

በ WhatsApp ይጻፉልን፦ wa.me/27688529333

#MuleSoo #ሀበሻ #ኢትዮጵያ #ንግድ #ቴክኖሎጂ #ዲጂታል #ቢዝነስ"
"2026-04-04","Sat","94","Facebook","PROOF","yes","148","","በዚህ ወር የሰራነው፦

[እውነተኛ የደንበኛ ውጤት እዚህ ያስገቡ — ለምሳሌ፦ «የእገሌ ንግድ ቀጠሮዎች በ40% ጨመሩ»። እውነተኛ ውጤት ብቻ፤ በጭራሽ አይፈጠሩ።]

ተጨማሪ ለማወቅ፦ mulesoo.com

#MuleSoo #ሀበሻ #ኢትዮጵያ"
"2026-04-04","Sat","94","TikTok","PROOF","yes","133","","በዚህ ወር የሰራነው፦
[እውነተኛ የደንበኛ ውጤት እዚህ ያስገቡ — ለምሳሌ፦ «የእገሌ ንግድ ቀጠሮዎች በ40% ጨመሩ»።

ሙሉውን በመገለጫችን ሊንክ ያገኙታል።

#MuleSoo #ሀበሻ #ኢትዮጵያ #ንግድ #ቴክኖሎጂ"
"2026-04-04","Sat","94","X","PROOF","yes","128","","በዚህ ወር የሰራነው፦
[እውነተኛ የደንበኛ ውጤት እዚህ ያስገቡ — ለምሳሌ፦ «የእገሌ ንግድ ቀጠሮዎች በ40% ጨመሩ»። እውነተኛ ውጤት ብቻ፤ በጭራሽ አይፈጠሩ።]

mulesoo.com #MuleSoo #ሀበሻ"
"2026-04-05","Sun","95","LinkedIn","MYTH","","172","","ብዙ ጊዜ የሚባል ነገር፦ «AI ውድ ነው፤ ለትልልቅ ኩባንያዎች ብቻ ነው።»

እውነታው፦ ዛሬ ቻትቦት ከአንድ ሰራተኛ ወርሃዊ ደመወዝ ባነሰ ዋጋ ይሰራል — እና እረፍት አይጠይቅም።

በ WhatsApp ይጻፉልን፦ wa.me/27688529333

#MuleSoo #ሀበሻ #ኢትዮጵያ"
"2026-04-05","Sun","95","Instagram","MYTH","","160","","ብዙ ጊዜ የሚባል ነገር፦ «ሎጎ ማንኛውም ሰው መስራት ይችላል።»

እውነታው፦ ሎጎ ስዕል ብቻ አይደለም፤ በመጀመሪያ እይታ የሚቀር ማህተም ነው።

ተጨማሪ ለማወቅ፦ mulesoo.com

#MuleSoo #ሀበሻ #ኢትዮጵያ #ንግድ #ቴክኖሎጂ #ዲጂታል #ቢዝነስ"
"2026-04-05","Sun","95","Facebook","MYTH","","142","","ብዙ ጊዜ የሚባል ነገር፦ «ውድ ድረ-ገጽ ጥሩ ድረ-ገጽ ነው።»

እውነታው፦ ዋጋ ጥራት አይደለም። ድረ-ገጽ የሚለካው በሚያመጣው ደንበኛ ነው።

ዛሬውኑ ያናግሩን፦ wa.me/27688529333

#MuleSoo #ሀበሻ #ኢትዮጵያ"
"2026-04-05","Sun","95","TikTok","MYTH","","121","","ብዙ ጊዜ የሚባል ነገር፦ «QR ኮድ ጊዜው አልፎበታል።»
እውነታው፦ ዛሬ በሁሉም ጠረጴዛ ላይ ነው።

ሙሉውን በመገለጫችን ሊንክ ያገኙታል።

#MuleSoo #ሀበሻ #ኢትዮጵያ #ንግድ #ቴክኖሎጂ"
"2026-04-05","Sun","95","X","MYTH","","135","","ብዙ ጊዜ የሚባል ነገር፦ «ቻትቦት ደንበኞችን ያስቀይማል።»
እውነታው፦ የሚያስቀይመው መልስ አለማግኘት ነው። ጥሩ ቻትቦት በሰከንድ ይመልሳል፤ ሰው ሲያስፈልግ ያስተላልፋል።

mulesoo.com #MuleSoo #ሀበሻ"
"2026-04-06","Mon","96","LinkedIn","BEHIND","","104","","ዛሬ አንድ ፕሮጀክት አልተቀበልንም።

ትክክለኛው ስራ ካልሆነ፣ ገንዘቡም ትክክለኛ አይደለም።

ተጨማሪ ለማወቅ፦ mulesoo.com

#MuleSoo #ሀበሻ #ኢትዮጵያ"
"2026-04-06","Mon","96","Instagram","BEHIND","","164","","ደንበኛ «ትንሽ ለውጥ» ሲል እንሳቀቅ ነበር።

አሁን ግን እያንዳንዱ ደንበኛ ራሱ የሚያስተካክልበት አድሚን ፓነል እንሰጣለን። ሰላም ሆነ።

ዛሬውኑ ያናግሩን፦ wa.me/27688529333

#MuleSoo #ሀበሻ #ኢትዮጵያ #ንግድ #ቴክኖሎጂ #ዲጂታል #ቢዝነስ"
"2026-04-06","Mon","96","Facebook","BEHIND","","120","","የደንበኞቻችንን ድረ-ገጾች በየቀኑ እንቃኛለን።

ችግርን ከደንበኛው በፊት ማየት የስራችን አካል ነው።

ነጻ የ30 ደቂቃ ምክክር ይያዙ፦ mulesoo.com

#MuleSoo #ሀበሻ #ኢትዮጵያ"
"2026-04-06","Mon","96","TikTok","BEHIND","","109","","ትልቁ ደስታችን ደንበኛ «ራሴ አስተካከልኩት» ሲለን ነው።
ስርዓቱ የእሱ ነውና።

ሙሉውን በመገለጫችን ሊንክ ያገኙታል።

#MuleSoo #ሀበሻ #ኢትዮጵያ #ንግድ #ቴክኖሎጂ"
"2026-04-06","Mon","96","X","BEHIND","","93","","እያንዳንዱን ድረ-ገጽ በትንሹ ስክሪን ላይ እንፈትሻለን።
በትንሹ ስልክ ላይ ከሰራ፣ በሁሉም ላይ ይሰራል።

mulesoo.com #MuleSoo #ሀበሻ"
"2026-04-07","Tue","97","LinkedIn","PROMO","","139","","ቀጠሮ፣ ክፍያ፣ ማስታወሻ — ሁሉም በራሱ ይስራ።

የ Auto Pilot ስርዓታችን ንግድዎን በእንቅልፍዎም ያንቀሳቅሳል። ዋጋ በፕሮጀክት።

ዛሬውኑ ያናግሩን፦ wa.me/27688529333

#MuleSoo #ሀበሻ #ኢትዮጵያ"
"2026-04-07","Tue","97","Instagram","PROMO","","141","","ንግድዎ የሚፈልገው መተግበሪያ ገበያ ላይ የለም?

እንሰራዋለን — ልክ ለእርስዎ አሰራር የተሰፋ።

ነጻ የ30 ደቂቃ ምክክር ይያዙ፦ mulesoo.com

#MuleSoo #ሀበሻ #ኢትዮጵያ #ንግድ #ቴክኖሎጂ #ዲጂታል #ቢዝነስ"
"2026-04-07","Tue","97","Facebook","PROMO","","138","","ሌሊት የሚመልስ ሰራተኛ ይፈልጋሉ?

ቻትቦታችን በሌሊትም ይመልሳል — እርስዎ ይተኛሉ፣ ንግድዎ ይሰራል። ከ R2,500 ጀምሮ።

በ WhatsApp ይጻፉልን፦ wa.me/27688529333

#MuleSoo #ሀበሻ #ኢትዮጵያ"
"2026-04-07","Tue","97","TikTok","PROMO","","149","","ወረቀት ላይ ያለ ተራ QR ኮድ በቂ አይደለም።
ማን፣ መቼ፣ ስንት ጊዜ እንደቃኘው የሚነግርዎ የምርትዎን ቀለም የያዘ ኮድ — ከ R300 ጀምሮ።

ሙሉውን በመገለጫችን ሊንክ ያገኙታል።

#MuleSoo #ሀበሻ #ኢትዮጵያ #ንግድ #ቴክኖሎጂ"
"2026-04-07","Tue","97","X","PROMO","","112","","ቀጠሮ፣ ክፍያ፣ ማስታወሻ — ሁሉም በራሱ ይስራ።
የ Auto Pilot ስርዓታችን ንግድዎን በእንቅልፍዎም ያንቀሳቅሳል። ዋጋ በፕሮጀክት።

mulesoo.com #MuleSoo #ሀበሻ"
"2026-04-08","Wed","98","LinkedIn","HUMAN","","121","","እያንዳንዱ የሎጎ ማስተካከያ ጥያቄ የሚመጣው እኩለ ሌሊት ላይ ነው።

ለምን እንደሆነ መጠየቅ አቁመናል።

ነጻ የ30 ደቂቃ ምክክር ይያዙ፦ mulesoo.com

#MuleSoo #ሀበሻ #ኢትዮጵያ"
"2026-04-08","Wed","98","Instagram","HUMAN","","145","","ስንት ቡና እንደጠጣን አንቆጥርም።

የደንበኞቻችን ሽያጭ ግን ይቆጠራል። ቅድሚያችን ግልጽ ነው። ☕

በ WhatsApp ይጻፉልን፦ wa.me/27688529333

#MuleSoo #ሀበሻ #ኢትዮጵያ #ንግድ #ቴክኖሎጂ #ዲጂታል #ቢዝነስ"
"2026-04-08","Wed","98","Facebook","HUMAN","","121","","ደንበኛ፦ «መቼ ይደርሳል?» እኛ፦ «ነገ።»

ነገ ማለታችን ግን በእውነት ነገ ነው። ያልተለመደ መሆኑን እናውቃለን። 😄

ተጨማሪ ለማወቅ፦ mulesoo.com

#MuleSoo #ሀበሻ #ኢትዮጵያ"
"2026-04-08","Wed","98","TikTok","HUMAN","","106","","በስብሰባ ላይ በጣም የምንጠነቀቅበት ቃል፦
«የአክስቴ ልጅ ዲዛይን ያውቃል።

ሙሉውን በመገለጫችን ሊንክ ያገኙታል።

#MuleSoo #ሀበሻ #ኢትዮጵያ #ንግድ #ቴክኖሎጂ"
"2026-04-08","Wed","98","X","HUMAN","","81","","WiFi ሲጠፋ የቢሮአችን ድምጽ፦ ጸጥታ።
ከዚያ ሁሉም ወደ ስልክ ዳታ። ስራ አይቆምም።

mulesoo.com #MuleSoo #ሀበሻ"
"2026-04-09","Thu","99","LinkedIn","PROBLEM","","139","","ድረ-ገጽዎ ለመከፈት 6 ሰከንድ ይወስዳል።

ግማሾቹ ጎብኚዎች ሳይጠብቁ ወጥተዋል። ፍጥነት ቅንጦት አይደለም፤ የሱቅዎ በር ነው።

በ WhatsApp ይጻፉልን፦ wa.me/27688529333

#MuleSoo #ሀበሻ #ኢትዮጵያ"
"2026-04-09","Thu","99","Instagram","PROBLEM","","144","","የንግድዎ ኢሜይል በ gmail ይጨርሳል።

ትልልቅ ደንበኞች ያስተውላሉ። ምንም አይሉም — ዝም ብለው መልስ አይሰጡም።

ተጨማሪ ለማወቅ፦ mulesoo.com

#MuleSoo #ሀበሻ #ኢትዮጵያ #ንግድ #ቴክኖሎጂ #ዲጂታል #ቢዝነስ"
"2026-04-09","Thu","99","Facebook","PROBLEM","","99","","የቀጠሮ መዝገብዎ ደብተር ነው።

አንድ የጠፋ ገጽ አንድ የጠፋ ወር ነው።

ዛሬውኑ ያናግሩን፦ wa.me/27688529333

#MuleSoo #ሀበሻ #ኢትዮጵያ"
"2026-04-09","Thu","99","TikTok","PROBLEM","","113","","ድረ-ገጽዎ በላፕቶፕዎ ላይ ያምራል።
ከ10 ደንበኞችዎ 9ኙ ግን በስልክ ነው የሚያዩት።

ሙሉውን በመገለጫችን ሊንክ ያገኙታል።

#MuleSoo #ሀበሻ #ኢትዮጵያ #ንግድ #ቴክኖሎጂ"
"2026-04-09","Thu","99","X","PROBLEM","","90","","ጉግል ላይ አይገኙም።
ትንሽ ስለሆኑ አይደለም — ገጾችዎ መኖራቸውን ለጉግል ማንም ስላልነገረው ነው።

mulesoo.com #MuleSoo #ሀበሻ"
"2026-04-10","Fri","100","LinkedIn","EDUCATE","","122","","የመነሻ ገጽዎ አንድ ስራ ብቻ አለው።

ምን እንደሚሰሩ፣ ለማን እንደሆነ፣ የት እንደሚጫኑ ይንገሩ። ቀሪው ሁሉ ጌጥ ነው።

ተጨማሪ ለማወቅ፦ mulesoo.com

#MuleSoo #ሀበሻ #ኢትዮጵያ"
"2026-04-10","Fri","100","Instagram","EDUCATE","","148","","ከሎጎ በፊት ዶሜይን ይግዙ።

ስሞች ይቀየራሉ። መጀመሪያ .com ወይም .co.za ያዙ፤ ከዚያ ዙሪያውን ይንደፉ።

ዛሬውኑ ያናግሩን፦ wa.me/27688529333

#MuleSoo #ሀበሻ #ኢትዮጵያ #ንግድ #ቴክኖሎጂ #ዲጂታል #ቢዝነስ"
"2026-04-10","Fri","100","Facebook","EDUCATE","","124","","ቻትቦት የሮቦት ተቀባይ አይደለም።

ማጣሪያ ነው። ቀላሉን 70% ይይዛል፤ የሚከፍለው 30% ለሰው ይደርሳል።

ነጻ የ30 ደቂቃ ምክክር ይያዙ፦ mulesoo.com

#MuleSoo #ሀበሻ #ኢትዮጵያ"
"2026-04-10","Fri","100","TikTok","EDUCATE","","137","","ፍጥነት የሚመጣው ከማይጫኑት ነገር ነው።
ከባድ ምስሎች፣ ስላይደሮች፣ የቪዲዮ ጀርባዎች — መጀመሪያ ይሰርዙ፤ ከዚያ ያሻሽሉ።

ሙሉውን በመገለጫችን ሊንክ ያገኙታል።

#MuleSoo #ሀበሻ #ኢትዮጵያ #ንግድ #ቴክኖሎጂ"
"2026-04-10","Fri","100","X","EDUCATE","","71","","ዋጋዎን ይጻፉ።
መደበቅ አያሳንሰውም፤ እርግጠኛ እንዳልሆኑ ያስመስላል።

mulesoo.com #MuleSoo #ሀበሻ"
"2026-04-11","Sat","101","LinkedIn","PROOF","yes","155","","በዚህ ወር የሰራነው፦

[እውነተኛ የደንበኛ ውጤት እዚህ ያስገቡ — ለምሳሌ፦ «የእገሌ ንግድ ቀጠሮዎች በ40% ጨመሩ»። እውነተኛ ውጤት ብቻ፤ በጭራሽ አይፈጠሩ።]

ዛሬውኑ ያናግሩን፦ wa.me/27688529333

#MuleSoo #ሀበሻ #ኢትዮጵያ"
"2026-04-11","Sat","101","Instagram","PROOF","yes","182","","በዚህ ወር የሰራነው፦

[እውነተኛ የደንበኛ ውጤት እዚህ ያስገቡ — ለምሳሌ፦ «የእገሌ ንግድ ቀጠሮዎች በ40% ጨመሩ»። እውነተኛ ውጤት ብቻ፤ በጭራሽ አይፈጠሩ።]

ነጻ የ30 ደቂቃ ምክክር ይያዙ፦ mulesoo.com

#MuleSoo #ሀበሻ #ኢትዮጵያ #ንግድ #ቴክኖሎጂ #ዲጂታል #ቢዝነስ"
"2026-04-11","Sat","101","Facebook","PROOF","yes","161","","በዚህ ወር የሰራነው፦

[እውነተኛ የደንበኛ ውጤት እዚህ ያስገቡ — ለምሳሌ፦ «የእገሌ ንግድ ቀጠሮዎች በ40% ጨመሩ»። እውነተኛ ውጤት ብቻ፤ በጭራሽ አይፈጠሩ።]

በ WhatsApp ይጻፉልን፦ wa.me/27688529333

#MuleSoo #ሀበሻ #ኢትዮጵያ"
"2026-04-11","Sat","101","TikTok","PROOF","yes","133","","በዚህ ወር የሰራነው፦
[እውነተኛ የደንበኛ ውጤት እዚህ ያስገቡ — ለምሳሌ፦ «የእገሌ ንግድ ቀጠሮዎች በ40% ጨመሩ»።

ሙሉውን በመገለጫችን ሊንክ ያገኙታል።

#MuleSoo #ሀበሻ #ኢትዮጵያ #ንግድ #ቴክኖሎጂ"
"2026-04-11","Sat","101","X","PROOF","yes","128","","በዚህ ወር የሰራነው፦
[እውነተኛ የደንበኛ ውጤት እዚህ ያስገቡ — ለምሳሌ፦ «የእገሌ ንግድ ቀጠሮዎች በ40% ጨመሩ»። እውነተኛ ውጤት ብቻ፤ በጭራሽ አይፈጠሩ።]

mulesoo.com #MuleSoo #ሀበሻ"
"2026-04-12","Sun","102","LinkedIn","MYTH","","165","","ብዙ ጊዜ የሚባል ነገር፦ «ማህበራዊ ሚዲያ ካለኝ ድረ-ገጽ አያስፈልገኝም።»

እውነታው፦ ያ ገጽ የእርስዎ አይደለም፤ ተከራይተውታል። ህጎቹ ሲቀየሩ ንግድዎም አብሮ ይናወጣል።

ነጻ የ30 ደቂቃ ምክክር ይያዙ፦ mulesoo.com

#MuleSoo #ሀበሻ #ኢትዮጵያ"
"2026-04-12","Sun","102","Instagram","MYTH","","181","","ብዙ ጊዜ የሚባል ነገር፦ «ደንበኞቼ ኢንተርኔት አይጠቀሙም።»

እውነታው፦ ልጆቻቸው ግን ይጠቀማሉ — እና የቤተሰቡን ውሳኔ ብዙ ጊዜ የሚመሩት እነሱ ናቸው።

በ WhatsApp ይጻፉልን፦ wa.me/27688529333

#MuleSoo #ሀበሻ #ኢትዮጵያ #ንግድ #ቴክኖሎጂ #ዲጂታል #ቢዝነስ"
"2026-04-12","Sun","102","Facebook","MYTH","","142","","ብዙ ጊዜ የሚባል ነገር፦ «አውቶሜሽን ሰራተኞችን ያስወግዳል።»

እውነታው፦ አይደለም — አሰልቺውን ስራ ይወስዳል። ሰዎችዎ ለሚከፍለው ስራ ጊዜ ያገኛሉ።

ተጨማሪ ለማወቅ፦ mulesoo.com

#MuleSoo #ሀበሻ #ኢትዮጵያ"
"2026-04-12","Sun","102","TikTok","MYTH","","138","","ብዙ ጊዜ የሚባል ነገር፦ «ለትንሽ ንግድ ድረ-ገጽ አያስፈልግም።»
እውነታው፦ ደንበኛዎ ግን መጀመሪያ ጉግል ላይ ይፈልግዎታል።

ሙሉውን በመገለጫችን ሊንክ ያገኙታል።

#MuleSoo #ሀበሻ #ኢትዮጵያ #ንግድ #ቴክኖሎጂ"
"2026-04-12","Sun","102","X","MYTH","","141","","ብዙ ጊዜ የሚባል ነገር፦ «ድረ-ገጽ አንዴ ተሰርቶ ያበቃል።»
እውነታው፦ ድረ-ገጽ እንደ ሱቅ ነው — መስታወቱ ሁልጊዜ ንጹህ መሆን አለበት። ትንሽ እንክብካቤ ትልቅ ልዩነት ያመጣል።

mulesoo.com #MuleSoo #ሀበሻ"
"2026-04-13","Mon","103","LinkedIn","BEHIND","","122","","የእኛ ስብሰባዎች 30 ደቂቃ ናቸው።

ከዚያ በላይ ከወሰደ፣ ችግሩ አጀንዳው ሳይሆን ዝግጅታችን ነው።

በ WhatsApp ይጻፉልን፦ wa.me/27688529333

#MuleSoo #ሀበሻ #ኢትዮጵያ"
"2026-04-13","Mon","103","Instagram","BEHIND","","143","","ኮድ ከመጻፍ በፊት እንቆጥራለን።

ስንት ጎብኚ፣ ስንት ጥያቄ፣ ስንት ሽያጭ። ቁጥር የሌለው ዲዛይን ግምት ብቻ ነው።

ተጨማሪ ለማወቅ፦ mulesoo.com

#MuleSoo #ሀበሻ #ኢትዮጵያ #ንግድ #ቴክኖሎጂ #ዲጂታል #ቢዝነስ"
"2026-04-13","Mon","103","Facebook","BEHIND","","125","","አዲስ ሰው ስንቀጥር የመጀመሪያ ጥያቄያችን፦ «ማስረዳት ይችላሉ?»

ኮድ መጻፍ ይማራል፤ ግልጽነት ግን ባህሪ ነው።

ዛሬውኑ ያናግሩን፦ wa.me/27688529333

#MuleSoo #ሀበሻ #ኢትዮጵያ"
"2026-04-13","Mon","103","TikTok","BEHIND","","132","","ዛሬ ከአዲስ ደንበኛ ጋር የመጀመሪያ ስብሰባ ነበረን።
አንድም ጊዜ ስለ ቴክኖሎጂ አልተነጋገርንም — ስለ ንግዱ ብቻ።

ሙሉውን በመገለጫችን ሊንክ ያገኙታል።

#MuleSoo #ሀበሻ #ኢትዮጵያ #ንግድ #ቴክኖሎጂ"
"2026-04-13","Mon","103","X","BEHIND","","85","","ከመጨመራችን በፊት እንቀንሳለን።
የመጀመሪያው ስራችን ደንበኛው የማይፈልገውን ማስወገድ ነው።

mulesoo.com #MuleSoo #ሀበሻ"
"2026-04-14","Tue","104","LinkedIn","PROMO","","123","","አሰልቺው የቢሮ ስራ ራሱን ይስራ።

የ AI አውቶሜሽን ስርዓቶቻችን ደረሰኝ ይልካሉ፣ ቀጠሮ ያስይዛሉ፣ ደንበኛ ይከታተላሉ።

ተጨማሪ ለማወቅ፦ mulesoo.com

#MuleSoo #ሀበሻ #ኢትዮጵያ"
"2026-04-14","Tue","104","Instagram","PROMO","","141","","ድረ-ገጽ ይፈልጋሉ?

ጎብኚን ወደ ከፋይ ደንበኛ የሚቀይር ድረ-ገጽ እንሰራለን። ከ R3,500 ጀምሮ።

ዛሬውኑ ያናግሩን፦ wa.me/27688529333

#MuleSoo #ሀበሻ #ኢትዮጵያ #ንግድ #ቴክኖሎጂ #ዲጂታል #ቢዝነስ"
"2026-04-14","Tue","104","Facebook","PROMO","","120","","ሎጎዎ ማን እንደሆኑ ይናገራል?

በአንድ እይታ የሚታወስ የምርት መለያ እንሰራለን። ከ R800 ጀምሮ።

ነጻ የ30 ደቂቃ ምክክር ይያዙ፦ mulesoo.com

#MuleSoo #ሀበሻ #ኢትዮጵያ"
"2026-04-14","Tue","104","TikTok","PROMO","","114","","ገና በ gmail ነው የሚሰሩት?
የ @yourbusiness ኢሜይል ያሳምራል፤ ያሳምናል።

ሙሉውን በመገለጫችን ሊንክ ያገኙታል።

#MuleSoo #ሀበሻ #ኢትዮጵያ #ንግድ #ቴክኖሎጂ"
"2026-04-14","Tue","104","X","PROMO","","103","","አሰልቺው የቢሮ ስራ ራሱን ይስራ።
የ AI አውቶሜሽን ስርዓቶቻችን ደረሰኝ ይልካሉ፣ ቀጠሮ ያስይዛሉ፣ ደንበኛ ይከታተላሉ።

mulesoo.com #MuleSoo #ሀበሻ"
"2026-04-15","Wed","105","LinkedIn","HUMAN","","120","","የሰማነው፦ «ትንሽ ለውጥ ነው» የሚለው ዓረፍተ ነገር…

በአማካይ ሶስት ቀን ይወስዳል። ግን እንወደዋለን።

ዛሬውኑ ያናግሩን፦ wa.me/27688529333

#MuleSoo #ሀበሻ #ኢትዮጵያ"
"2026-04-15","Wed","105","Instagram","HUMAN","","134","","በበዓል ቀንም «ድረ-ገጹ ደህና ነው?» ብለን እንፈትሻለን።

አዎ፣ እንደዚህ ነን። 🙈

ነጻ የ30 ደቂቃ ምክክር ይያዙ፦ mulesoo.com

#MuleSoo #ሀበሻ #ኢትዮጵያ #ንግድ #ቴክኖሎጂ #ዲጂታል #ቢዝነስ"
"2026-04-15","Wed","105","Facebook","HUMAN","","134","","ሁለት አይነት ንግድ አለ፦

ድረ-ገጽ ያለውና «በኋላ እሰራለሁ» የሚል። ሁለተኛው የመጀመሪያውን ደንበኛ ያበረክትለታል።

በ WhatsApp ይጻፉልን፦ wa.me/27688529333

#MuleSoo #ሀበሻ #ኢትዮጵያ"
"2026-04-15","Wed","105","TikTok","HUMAN","","127","","እኛ ስንተኛ ስልካችን ጸጥ ይላል ብለን እናስባለን።
ቻትቦታችን ግን በዚያው ሌሊት ሶስት ቀጠሮ ይዞ ያድራል።

ሙሉውን በመገለጫችን ሊንክ ያገኙታል።

#MuleSoo #ሀበሻ #ኢትዮጵያ #ንግድ #ቴክኖሎጂ"
"2026-04-15","Wed","105","X","HUMAN","","87","","ልጆቻችን ስራችንን ሲጠየቁ፦ «ኮምፒውተር ይነካካሉ» ይላሉ።
ትክክል ናቸው። በጣም እንነካካለን።

mulesoo.com #MuleSoo #ሀበሻ"
"2026-04-16","Thu","106","LinkedIn","PROBLEM","","130","","አንድ ጥያቄ በሳምንት 30 ጊዜ በዋትስአፕ ይመልሳሉ።

ያ የደንበኛ አገልግሎት አይደለም፤ ገና ያልተሰራ ቻትቦት ነው።

ነጻ የ30 ደቂቃ ምክክር ይያዙ፦ mulesoo.com

#MuleSoo #ሀበሻ #ኢትዮጵያ"
"2026-04-16","Thu","106","Instagram","PROBLEM","","142","","ሎጎዎ በ Word የተሰራ ነው።

በትልቅ ባነር ላይ ይታወቃል። በንግድ ካርድ ላይም ይታወቃል።

በ WhatsApp ይጻፉልን፦ wa.me/27688529333

#MuleSoo #ሀበሻ #ኢትዮጵያ #ንግድ #ቴክኖሎጂ #ዲጂታል #ቢዝነስ"
"2026-04-16","Thu","106","Facebook","PROBLEM","","103","","ከምሽቱ 1 ሰዓት በኋላ ደንበኞች ያመልጡዎታል።

የተፎካካሪዎ ቻትቦት ግን ነቅቶ ይመልሳል።

ተጨማሪ ለማወቅ፦ mulesoo.com

#MuleSoo #ሀበሻ #ኢትዮጵያ"
"2026-04-16","Thu","106","TikTok","PROBLEM","","93","","ዋጋ ማቅረቢያ በእጅ ይሰራሉ።
በሳምንት 4 ሰዓት ነው።

ሙሉውን በመገለጫችን ሊንክ ያገኙታል።

#MuleSoo #ሀበሻ #ኢትዮጵያ #ንግድ #ቴክኖሎጂ"
"2026-04-16","Thu","106","X","PROBLEM","","87","","ደረሰኞችዎ ዘግይተው ይወጣሉ።
የገንዘብ ፍሰት የሂሳብ ችግር አይደለም፤ የአስተዳደር ችግር ነው።

mulesoo.com #MuleSoo #ሀበሻ"
"2026-04-17","Fri","107","LinkedIn","EDUCATE","","122","","ሰዎች አያነቡም፤ በዓይን ይቃኛሉ።

አጫጭር አንቀጾች። ግልጽ ርዕሶች። በአንድ ስክሪን አንድ ሀሳብ።

በ WhatsApp ይጻፉልን፦ wa.me/27688529333

#MuleSoo #ሀበሻ #ኢትዮጵያ"
"2026-04-17","Fri","107","Instagram","EDUCATE","","129","","ምርጥ ሻጭዎ የ FAQ ገጽ ነው።

ደንበኛው በአክብሮት ያልጠየቀውን ጥያቄ አስቀድሞ ይመልሳል።

ተጨማሪ ለማወቅ፦ mulesoo.com

#MuleSoo #ሀበሻ #ኢትዮጵያ #ንግድ #ቴክኖሎጂ #ዲጂታል #ቢዝነስ"
"2026-04-17","Fri","107","Facebook","EDUCATE","","122","","አንድ ግልጽ ጥሪ ከአምስት ይሻላል።

እያንዳንዱ ተጨማሪ ቁልፍ ውሳኔ ነው፤ እያንዳንዱ ውሳኔ ሰዎችን ያሸሻል።

ዛሬውኑ ያናግሩን፦ wa.me/27688529333

#MuleSoo #ሀበሻ #ኢትዮጵያ"
"2026-04-17","Fri","107","TikTok","EDUCATE","","122","","የገዙት ኮድ የእርስዎ ይሁን።
ገንቢው ሲጠፋ ድረ-ገጽዎም አብሮ ከጠፋ፣ አልገዙትም — ተከራይተውታል።

ሙሉውን በመገለጫችን ሊንክ ያገኙታል።

#MuleSoo #ሀበሻ #ኢትዮጵያ #ንግድ #ቴክኖሎጂ"
"2026-04-17","Fri","107","X","EDUCATE","","97","","እያንዳንዱ የቅጽ መስክ ደንበኛ ያስከፍላል።
ለመመለስ የሚያስፈልገውን ብቻ ይጠይቁ። ሌላው ሁሉ መጠበቅ ይችላል።

mulesoo.com #MuleSoo #ሀበሻ"
"2026-04-18","Sat","108","LinkedIn","PROOF","yes","148","","በዚህ ወር የሰራነው፦

[እውነተኛ የደንበኛ ውጤት እዚህ ያስገቡ — ለምሳሌ፦ «የእገሌ ንግድ ቀጠሮዎች በ40% ጨመሩ»። እውነተኛ ውጤት ብቻ፤ በጭራሽ አይፈጠሩ።]

ተጨማሪ ለማወቅ፦ mulesoo.com

#MuleSoo #ሀበሻ #ኢትዮጵያ"
"2026-04-18","Sat","108","Instagram","PROOF","yes","179","","በዚህ ወር የሰራነው፦

[እውነተኛ የደንበኛ ውጤት እዚህ ያስገቡ — ለምሳሌ፦ «የእገሌ ንግድ ቀጠሮዎች በ40% ጨመሩ»። እውነተኛ ውጤት ብቻ፤ በጭራሽ አይፈጠሩ።]

ዛሬውኑ ያናግሩን፦ wa.me/27688529333

#MuleSoo #ሀበሻ #ኢትዮጵያ #ንግድ #ቴክኖሎጂ #ዲጂታል #ቢዝነስ"
"2026-04-18","Sat","108","Facebook","PROOF","yes","158","","በዚህ ወር የሰራነው፦

[እውነተኛ የደንበኛ ውጤት እዚህ ያስገቡ — ለምሳሌ፦ «የእገሌ ንግድ ቀጠሮዎች በ40% ጨመሩ»። እውነተኛ ውጤት ብቻ፤ በጭራሽ አይፈጠሩ።]

ነጻ የ30 ደቂቃ ምክክር ይያዙ፦ mulesoo.com

#MuleSoo #ሀበሻ #ኢትዮጵያ"
"2026-04-18","Sat","108","TikTok","PROOF","yes","133","","በዚህ ወር የሰራነው፦
[እውነተኛ የደንበኛ ውጤት እዚህ ያስገቡ — ለምሳሌ፦ «የእገሌ ንግድ ቀጠሮዎች በ40% ጨመሩ»።

ሙሉውን በመገለጫችን ሊንክ ያገኙታል።

#MuleSoo #ሀበሻ #ኢትዮጵያ #ንግድ #ቴክኖሎጂ"
"2026-04-18","Sat","108","X","PROOF","yes","128","","በዚህ ወር የሰራነው፦
[እውነተኛ የደንበኛ ውጤት እዚህ ያስገቡ — ለምሳሌ፦ «የእገሌ ንግድ ቀጠሮዎች በ40% ጨመሩ»። እውነተኛ ውጤት ብቻ፤ በጭራሽ አይፈጠሩ።]

mulesoo.com #MuleSoo #ሀበሻ"
"2026-04-19","Sun","109","LinkedIn","MYTH","","143","","ብዙ ጊዜ የሚባል ነገር፦ «ሎጎ ማንኛውም ሰው መስራት ይችላል።»

እውነታው፦ ሎጎ ስዕል ብቻ አይደለም፤ በመጀመሪያ እይታ የሚቀር ማህተም ነው።

ዛሬውኑ ያናግሩን፦ wa.me/27688529333

#MuleSoo #ሀበሻ #ኢትዮጵያ"
"2026-04-19","Sun","109","Instagram","MYTH","","169","","ብዙ ጊዜ የሚባል ነገር፦ «ውድ ድረ-ገጽ ጥሩ ድረ-ገጽ ነው።»

እውነታው፦ ዋጋ ጥራት አይደለም። ድረ-ገጽ የሚለካው በሚያመጣው ደንበኛ ነው።

ነጻ የ30 ደቂቃ ምክክር ይያዙ፦ mulesoo.com

#MuleSoo #ሀበሻ #ኢትዮጵያ #ንግድ #ቴክኖሎጂ #ዲጂታል #ቢዝነስ"
"2026-04-19","Sun","109","Facebook","MYTH","","154","","ብዙ ጊዜ የሚባል ነገር፦ «QR ኮድ ጊዜው አልፎበታል።»

እውነታው፦ ዛሬ በሁሉም ጠረጴዛ ላይ ነው። ትክክለኛው ጥያቄ፦ ስንት ሰው እንደቃኘው ያውቃሉ?

በ WhatsApp ይጻፉልን፦ wa.me/27688529333

#MuleSoo #ሀበሻ #ኢትዮጵያ"
"2026-04-19","Sun","109","TikTok","MYTH","","127","","ብዙ ጊዜ የሚባል ነገር፦ «ቻትቦት ደንበኞችን ያስቀይማል።»
እውነታው፦ የሚያስቀይመው መልስ አለማግኘት ነው።

ሙሉውን በመገለጫችን ሊንክ ያገኙታል።

#MuleSoo #ሀበሻ #ኢትዮጵያ #ንግድ #ቴክኖሎጂ"
"2026-04-19","Sun","109","X","MYTH","","139","","ብዙ ጊዜ የሚባል ነገር፦ «AI ውድ ነው፤ ለትልልቅ ኩባንያዎች ብቻ ነው።»
እውነታው፦ ዛሬ ቻትቦት ከአንድ ሰራተኛ ወርሃዊ ደመወዝ ባነሰ ዋጋ ይሰራል — እና እረፍት አይጠይቅም።

mulesoo.com #MuleSoo #ሀበሻ"
"2026-04-20","Mon","110","LinkedIn","BEHIND","","143","","ደንበኛ «ትንሽ ለውጥ» ሲል እንሳቀቅ ነበር።

አሁን ግን እያንዳንዱ ደንበኛ ራሱ የሚያስተካክልበት አድሚን ፓነል እንሰጣለን። ሰላም ሆነ።

ነጻ የ30 ደቂቃ ምክክር ይያዙ፦ mulesoo.com

#MuleSoo #ሀበሻ #ኢትዮጵያ"
"2026-04-20","Mon","110","Instagram","BEHIND","","147","","የደንበኞቻችንን ድረ-ገጾች በየቀኑ እንቃኛለን።

ችግርን ከደንበኛው በፊት ማየት የስራችን አካል ነው።

በ WhatsApp ይጻፉልን፦ wa.me/27688529333

#MuleSoo #ሀበሻ #ኢትዮጵያ #ንግድ #ቴክኖሎጂ #ዲጂታል #ቢዝነስ"
"2026-04-20","Mon","110","Facebook","BEHIND","","137","","ትልቁ ደስታችን ደንበኛ «ራሴ አስተካከልኩት» ሲለን ነው።

ስርዓቱ የእሱ ነውና። እኛ የሰራነው መሳሪያውን ነው፤ ንግዱን የሚያሳድገው እሱ ነው።

ተጨማሪ ለማወቅ፦ mulesoo.com

#MuleSoo #ሀበሻ #ኢትዮጵያ"
"2026-04-20","Mon","110","TikTok","BEHIND","","125","","እያንዳንዱን ድረ-ገጽ በትንሹ ስክሪን ላይ እንፈትሻለን።
በትንሹ ስልክ ላይ ከሰራ፣ በሁሉም ላይ ይሰራል።

ሙሉውን በመገለጫችን ሊንክ ያገኙታል።

#MuleSoo #ሀበሻ #ኢትዮጵያ #ንግድ #ቴክኖሎጂ"
"2026-04-20","Mon","110","X","BEHIND","","84","","ዛሬ አንድ ፕሮጀክት አልተቀበልንም።
ትክክለኛው ስራ ካልሆነ፣ ገንዘቡም ትክክለኛ አይደለም።

mulesoo.com #MuleSoo #ሀበሻ"
"2026-04-21","Tue","111","LinkedIn","PROMO","","120","","ንግድዎ የሚፈልገው መተግበሪያ ገበያ ላይ የለም?

እንሰራዋለን — ልክ ለእርስዎ አሰራር የተሰፋ።

በ WhatsApp ይጻፉልን፦ wa.me/27688529333

#MuleSoo #ሀበሻ #ኢትዮጵያ"
"2026-04-21","Tue","111","Instagram","PROMO","","149","","ሌሊት የሚመልስ ሰራተኛ ይፈልጋሉ?

ቻትቦታችን በሌሊትም ይመልሳል — እርስዎ ይተኛሉ፣ ንግድዎ ይሰራል። ከ R2,500 ጀምሮ።

ተጨማሪ ለማወቅ፦ mulesoo.com

#MuleSoo #ሀበሻ #ኢትዮጵያ #ንግድ #ቴክኖሎጂ #ዲጂታል #ቢዝነስ"
"2026-04-21","Tue","111","Facebook","PROMO","","144","","ወረቀት ላይ ያለ ተራ QR ኮድ በቂ አይደለም።

ማን፣ መቼ፣ ስንት ጊዜ እንደቃኘው የሚነግርዎ የምርትዎን ቀለም የያዘ ኮድ — ከ R300 ጀምሮ።

ዛሬውኑ ያናግሩን፦ wa.me/27688529333

#MuleSoo #ሀበሻ #ኢትዮጵያ"
"2026-04-21","Tue","111","TikTok","PROMO","","133","","ቀጠሮ፣ ክፍያ፣ ማስታወሻ — ሁሉም በራሱ ይስራ።
የ Auto Pilot ስርዓታችን ንግድዎን በእንቅልፍዎም ያንቀሳቅሳል።

ሙሉውን በመገለጫችን ሊንክ ያገኙታል።

#MuleSoo #ሀበሻ #ኢትዮጵያ #ንግድ #ቴክኖሎጂ"
"2026-04-21","Tue","111","X","PROMO","","87","","ንግድዎ የሚፈልገው መተግበሪያ ገበያ ላይ የለም?
እንሰራዋለን — ልክ ለእርስዎ አሰራር የተሰፋ።

mulesoo.com #MuleSoo #ሀበሻ"
"2026-04-22","Wed","112","LinkedIn","HUMAN","","106","","ስንት ቡና እንደጠጣን አንቆጥርም።

የደንበኞቻችን ሽያጭ ግን ይቆጠራል። ቅድሚያችን ግልጽ ነው።

ተጨማሪ ለማወቅ፦ mulesoo.com

#MuleSoo #ሀበሻ #ኢትዮጵያ"
"2026-04-22","Wed","112","Instagram","HUMAN","","152","","ደንበኛ፦ «መቼ ይደርሳል?» እኛ፦ «ነገ።»

ነገ ማለታችን ግን በእውነት ነገ ነው። ያልተለመደ መሆኑን እናውቃለን። 😄

ዛሬውኑ ያናግሩን፦ wa.me/27688529333

#MuleSoo #ሀበሻ #ኢትዮጵያ #ንግድ #ቴክኖሎጂ #ዲጂታል #ቢዝነስ"
"2026-04-22","Wed","112","Facebook","HUMAN","","136","","በስብሰባ ላይ በጣም የምንጠነቀቅበት ቃል፦

«የአክስቴ ልጅ ዲዛይን ያውቃል።» — እናዳምጣለን፤ አንዳንዴ በእውነት ያውቃል። 😂

ነጻ የ30 ደቂቃ ምክክር ይያዙ፦ mulesoo.com

#MuleSoo #ሀበሻ #ኢትዮጵያ"
"2026-04-22","Wed","112","TikTok","HUMAN","","103","","WiFi ሲጠፋ የቢሮአችን ድምጽ፦ ጸጥታ።
ከዚያ ሁሉም ወደ ስልክ ዳታ።

ሙሉውን በመገለጫችን ሊንክ ያገኙታል።

#MuleSoo #ሀበሻ #ኢትዮጵያ #ንግድ #ቴክኖሎጂ"
"2026-04-22","Wed","112","X","HUMAN","","104","","በሳምንት አንድ ጊዜ ራሳችንን እንጠይቃለን፦
«ይህን ደንበኛው በራሱ ማድረግ ይችላል?» መልሱ አዎ ከሆነ፣ እናስተምረዋለን።

mulesoo.com #MuleSoo #ሀበሻ"
"2026-04-23","Thu","113","LinkedIn","PROBLEM","","127","","የንግድዎ ኢሜይል በ gmail ይጨርሳል።

ትልልቅ ደንበኞች ያስተውላሉ። ምንም አይሉም — ዝም ብለው መልስ አይሰጡም።

ዛሬውኑ ያናግሩን፦ wa.me/27688529333

#MuleSoo #ሀበሻ #ኢትዮጵያ"
"2026-04-23","Thu","113","Instagram","PROBLEM","","126","","የቀጠሮ መዝገብዎ ደብተር ነው።

አንድ የጠፋ ገጽ አንድ የጠፋ ወር ነው።

ነጻ የ30 ደቂቃ ምክክር ይያዙ፦ mulesoo.com

#MuleSoo #ሀበሻ #ኢትዮጵያ #ንግድ #ቴክኖሎጂ #ዲጂታል #ቢዝነስ"
"2026-04-23","Thu","113","Facebook","PROBLEM","","127","","ድረ-ገጽዎ በላፕቶፕዎ ላይ ያምራል።

ከ10 ደንበኞችዎ 9ኙ ግን በስልክ ነው የሚያዩት። በስልክ አይተውታል?

በ WhatsApp ይጻፉልን፦ wa.me/27688529333

#MuleSoo #ሀበሻ #ኢትዮጵያ"
"2026-04-23","Thu","113","TikTok","PROBLEM","","122","","ጉግል ላይ አይገኙም።
ትንሽ ስለሆኑ አይደለም — ገጾችዎ መኖራቸውን ለጉግል ማንም ስላልነገረው ነው።

ሙሉውን በመገለጫችን ሊንክ ያገኙታል።

#MuleSoo #ሀበሻ #ኢትዮጵያ #ንግድ #ቴክኖሎጂ"
"2026-04-23","Thu","113","X","PROBLEM","","74","","ዋጋዎ ድረ-ገጽዎ ላይ የለም።
ሰዎች «ውድ ይሆናል» ብለው ገምተው ይሄዳሉ።

mulesoo.com #MuleSoo #ሀበሻ"
"2026-04-24","Fri","114","LinkedIn","EDUCATE","","127","","ከሎጎ በፊት ዶሜይን ይግዙ።

ስሞች ይቀየራሉ። መጀመሪያ .com ወይም .co.za ያዙ፤ ከዚያ ዙሪያውን ይንደፉ።

ነጻ የ30 ደቂቃ ምክክር ይያዙ፦ mulesoo.com

#MuleSoo #ሀበሻ #ኢትዮጵያ"
"2026-04-24","Fri","114","Instagram","EDUCATE","","151","","ቻትቦት የሮቦት ተቀባይ አይደለም።

ማጣሪያ ነው። ቀላሉን 70% ይይዛል፤ የሚከፍለው 30% ለሰው ይደርሳል።

በ WhatsApp ይጻፉልን፦ wa.me/27688529333

#MuleSoo #ሀበሻ #ኢትዮጵያ #ንግድ #ቴክኖሎጂ #ዲጂታል #ቢዝነስ"
"2026-04-24","Fri","114","Facebook","EDUCATE","","125","","ፍጥነት የሚመጣው ከማይጫኑት ነገር ነው።

ከባድ ምስሎች፣ ስላይደሮች፣ የቪዲዮ ጀርባዎች — መጀመሪያ ይሰርዙ፤ ከዚያ ያሻሽሉ።

ተጨማሪ ለማወቅ፦ mulesoo.com

#MuleSoo #ሀበሻ #ኢትዮጵያ"
"2026-04-24","Fri","114","TikTok","EDUCATE","","103","","ዋጋዎን ይጻፉ።
መደበቅ አያሳንሰውም፤ እርግጠኛ እንዳልሆኑ ያስመስላል።

ሙሉውን በመገለጫችን ሊንክ ያገኙታል።

#MuleSoo #ሀበሻ #ኢትዮጵያ #ንግድ #ቴክኖሎጂ"
"2026-04-24","Fri","114","X","EDUCATE","","82","","ምስሎችዎን ያሳንሱ።
4MB የሆነ ምስል የሆስቲንግ ችግር አይደለም፤ የምስል ችግር ነው።

mulesoo.com #MuleSoo #ሀበሻ"
"2026-04-25","Sat","115","LinkedIn","PROOF","yes","161","","በዚህ ወር የሰራነው፦

[እውነተኛ የደንበኛ ውጤት እዚህ ያስገቡ — ለምሳሌ፦ «የእገሌ ንግድ ቀጠሮዎች በ40% ጨመሩ»። እውነተኛ ውጤት ብቻ፤ በጭራሽ አይፈጠሩ።]

በ WhatsApp ይጻፉልን፦ wa.me/27688529333

#MuleSoo #ሀበሻ #ኢትዮጵያ"
"2026-04-25","Sat","115","Instagram","PROOF","yes","172","","በዚህ ወር የሰራነው፦

[እውነተኛ የደንበኛ ውጤት እዚህ ያስገቡ — ለምሳሌ፦ «የእገሌ ንግድ ቀጠሮዎች በ40% ጨመሩ»። እውነተኛ ውጤት ብቻ፤ በጭራሽ አይፈጠሩ።]

ተጨማሪ ለማወቅ፦ mulesoo.com

#MuleSoo #ሀበሻ #ኢትዮጵያ #ንግድ #ቴክኖሎጂ #ዲጂታል #ቢዝነስ"
"2026-04-25","Sat","115","Facebook","PROOF","yes","155","","በዚህ ወር የሰራነው፦

[እውነተኛ የደንበኛ ውጤት እዚህ ያስገቡ — ለምሳሌ፦ «የእገሌ ንግድ ቀጠሮዎች በ40% ጨመሩ»። እውነተኛ ውጤት ብቻ፤ በጭራሽ አይፈጠሩ።]

ዛሬውኑ ያናግሩን፦ wa.me/27688529333

#MuleSoo #ሀበሻ #ኢትዮጵያ"
"2026-04-25","Sat","115","TikTok","PROOF","yes","133","","በዚህ ወር የሰራነው፦
[እውነተኛ የደንበኛ ውጤት እዚህ ያስገቡ — ለምሳሌ፦ «የእገሌ ንግድ ቀጠሮዎች በ40% ጨመሩ»።

ሙሉውን በመገለጫችን ሊንክ ያገኙታል።

#MuleSoo #ሀበሻ #ኢትዮጵያ #ንግድ #ቴክኖሎጂ"
"2026-04-25","Sat","115","X","PROOF","yes","128","","በዚህ ወር የሰራነው፦
[እውነተኛ የደንበኛ ውጤት እዚህ ያስገቡ — ለምሳሌ፦ «የእገሌ ንግድ ቀጠሮዎች በ40% ጨመሩ»። እውነተኛ ውጤት ብቻ፤ በጭራሽ አይፈጠሩ።]

mulesoo.com #MuleSoo #ሀበሻ"
"2026-04-26","Sun","116","LinkedIn","MYTH","","144","","ብዙ ጊዜ የሚባል ነገር፦ «ደንበኞቼ ኢንተርኔት አይጠቀሙም።»

እውነታው፦ ልጆቻቸው ግን ይጠቀማሉ — እና የቤተሰቡን ውሳኔ ብዙ ጊዜ የሚመሩት እነሱ ናቸው።

ተጨማሪ ለማወቅ፦ mulesoo.com

#MuleSoo #ሀበሻ #ኢትዮጵያ"
"2026-04-26","Sun","116","Instagram","MYTH","","173","","ብዙ ጊዜ የሚባል ነገር፦ «አውቶሜሽን ሰራተኞችን ያስወግዳል።»

እውነታው፦ አይደለም — አሰልቺውን ስራ ይወስዳል። ሰዎችዎ ለሚከፍለው ስራ ጊዜ ያገኛሉ።

ዛሬውኑ ያናግሩን፦ wa.me/27688529333

#MuleSoo #ሀበሻ #ኢትዮጵያ #ንግድ #ቴክኖሎጂ #ዲጂታል #ቢዝነስ"
"2026-04-26","Sun","116","Facebook","MYTH","","157","","ብዙ ጊዜ የሚባል ነገር፦ «ለትንሽ ንግድ ድረ-ገጽ አያስፈልግም።»

እውነታው፦ ደንበኛዎ ግን መጀመሪያ ጉግል ላይ ይፈልግዎታል። እዚያ ከሌሉ፣ ለሌላው ይደውላል።

ነጻ የ30 ደቂቃ ምክክር ይያዙ፦ mulesoo.com

#MuleSoo #ሀበሻ #ኢትዮጵያ"
"2026-04-26","Sun","116","TikTok","MYTH","","147","","ብዙ ጊዜ የሚባል ነገር፦ «ድረ-ገጽ አንዴ ተሰርቶ ያበቃል።»
እውነታው፦ ድረ-ገጽ እንደ ሱቅ ነው — መስታወቱ ሁልጊዜ ንጹህ መሆን አለበት።

ሙሉውን በመገለጫችን ሊንክ ያገኙታል።

#MuleSoo #ሀበሻ #ኢትዮጵያ #ንግድ #ቴክኖሎጂ"
"2026-04-26","Sun","116","X","MYTH","","135","","ብዙ ጊዜ የሚባል ነገር፦ «ማህበራዊ ሚዲያ ካለኝ ድረ-ገጽ አያስፈልገኝም።»
እውነታው፦ ያ ገጽ የእርስዎ አይደለም፤ ተከራይተውታል። ህጎቹ ሲቀየሩ ንግድዎም አብሮ ይናወጣል።

mulesoo.com #MuleSoo #ሀበሻ"
"2026-04-27","Mon","117","LinkedIn","BEHIND","","126","","ኮድ ከመጻፍ በፊት እንቆጥራለን።

ስንት ጎብኚ፣ ስንት ጥያቄ፣ ስንት ሽያጭ። ቁጥር የሌለው ዲዛይን ግምት ብቻ ነው።

ዛሬውኑ ያናግሩን፦ wa.me/27688529333

#MuleSoo #ሀበሻ #ኢትዮጵያ"
"2026-04-27","Mon","117","Instagram","BEHIND","","152","","አዲስ ሰው ስንቀጥር የመጀመሪያ ጥያቄያችን፦ «ማስረዳት ይችላሉ?»

ኮድ መጻፍ ይማራል፤ ግልጽነት ግን ባህሪ ነው።

ነጻ የ30 ደቂቃ ምክክር ይያዙ፦ mulesoo.com

#MuleSoo #ሀበሻ #ኢትዮጵያ #ንግድ #ቴክኖሎጂ #ዲጂታል #ቢዝነስ"
"2026-04-27","Mon","117","Facebook","BEHIND","","154","","ዛሬ ከአዲስ ደንበኛ ጋር የመጀመሪያ ስብሰባ ነበረን።

አንድም ጊዜ ስለ ቴክኖሎጂ አልተነጋገርንም — ስለ ንግዱ ብቻ። ኮዱ የሚመጣው ከዚያ በኋላ ነው።

በ WhatsApp ይጻፉልን፦ wa.me/27688529333

#MuleSoo #ሀበሻ #ኢትዮጵያ"
"2026-04-27","Mon","117","TikTok","BEHIND","","117","","ከመጨመራችን በፊት እንቀንሳለን።
የመጀመሪያው ስራችን ደንበኛው የማይፈልገውን ማስወገድ ነው።

ሙሉውን በመገለጫችን ሊንክ ያገኙታል።

#MuleSoo #ሀበሻ #ኢትዮጵያ #ንግድ #ቴክኖሎጂ"
"2026-04-27","Mon","117","X","BEHIND","","89","","የእኛ ስብሰባዎች 30 ደቂቃ ናቸው።
ከዚያ በላይ ከወሰደ፣ ችግሩ አጀንዳው ሳይሆን ዝግጅታችን ነው።

mulesoo.com #MuleSoo #ሀበሻ"
"2026-04-28","Tue","118","LinkedIn","PROMO","","120","","ድረ-ገጽ ይፈልጋሉ?

ጎብኚን ወደ ከፋይ ደንበኛ የሚቀይር ድረ-ገጽ እንሰራለን። ከ R3,500 ጀምሮ።

ነጻ የ30 ደቂቃ ምክክር ይያዙ፦ mulesoo.com

#MuleSoo #ሀበሻ #ኢትዮጵያ"
"2026-04-28","Tue","118","Instagram","PROMO","","147","","ሎጎዎ ማን እንደሆኑ ይናገራል?

በአንድ እይታ የሚታወስ የምርት መለያ እንሰራለን። ከ R800 ጀምሮ።

በ WhatsApp ይጻፉልን፦ wa.me/27688529333

#MuleSoo #ሀበሻ #ኢትዮጵያ #ንግድ #ቴክኖሎጂ #ዲጂታል #ቢዝነስ"
"2026-04-28","Tue","118","Facebook","PROMO","","114","","ገና በ gmail ነው የሚሰሩት?

የ @yourbusiness ኢሜይል ያሳምራል፤ ያሳምናል። ከ R400 ጀምሮ።

ተጨማሪ ለማወቅ፦ mulesoo.com

#MuleSoo #ሀበሻ #ኢትዮጵያ"
"2026-04-28","Tue","118","TikTok","PROMO","","135","","አሰልቺው የቢሮ ስራ ራሱን ይስራ።
የ AI አውቶሜሽን ስርዓቶቻችን ደረሰኝ ይልካሉ፣ ቀጠሮ ያስይዛሉ፣ ደንበኛ ይከታተላሉ።

ሙሉውን በመገለጫችን ሊንክ ያገኙታል።

#MuleSoo #ሀበሻ #ኢትዮጵያ #ንግድ #ቴክኖሎጂ"
"2026-04-28","Tue","118","X","PROMO","","90","","ድረ-ገጽ ይፈልጋሉ?
ጎብኚን ወደ ከፋይ ደንበኛ የሚቀይር ድረ-ገጽ እንሰራለን። ከ R3,500 ጀምሮ።

mulesoo.com #MuleSoo #ሀበሻ"
"2026-04-29","Wed","119","LinkedIn","HUMAN","","111","","በበዓል ቀንም «ድረ-ገጹ ደህና ነው?» ብለን እንፈትሻለን።

አዎ፣ እንደዚህ ነን።

በ WhatsApp ይጻፉልን፦ wa.me/27688529333

#MuleSoo #ሀበሻ #ኢትዮጵያ"
"2026-04-29","Wed","119","Instagram","HUMAN","","145","","ሁለት አይነት ንግድ አለ፦

ድረ-ገጽ ያለውና «በኋላ እሰራለሁ» የሚል። ሁለተኛው የመጀመሪያውን ደንበኛ ያበረክትለታል።

ተጨማሪ ለማወቅ፦ mulesoo.com

#MuleSoo #ሀበሻ #ኢትዮጵያ #ንግድ #ቴክኖሎጂ #ዲጂታል #ቢዝነስ"
"2026-04-29","Wed","119","Facebook","HUMAN","","122","","እኛ ስንተኛ ስልካችን ጸጥ ይላል ብለን እናስባለን።

ቻትቦታችን ግን በዚያው ሌሊት ሶስት ቀጠሮ ይዞ ያድራል።

ዛሬውኑ ያናግሩን፦ wa.me/27688529333

#MuleSoo #ሀበሻ #ኢትዮጵያ"
"2026-04-29","Wed","119","TikTok","HUMAN","","106","","ልጆቻችን ስራችንን ሲጠየቁ፦ «ኮምፒውተር ይነካካሉ» ይላሉ።
ትክክል ናቸው።

ሙሉውን በመገለጫችን ሊንክ ያገኙታል።

#MuleSoo #ሀበሻ #ኢትዮጵያ #ንግድ #ቴክኖሎጂ"
"2026-04-29","Wed","119","X","HUMAN","","114","","የሰማነው፦ «እንደ Apple ድረ-ገጽ ይሁን — ግን ብዙ ነገር ጨምሩበት።»
ይህ ዓረፍተ ነገር ራሱን ይቃረናል። ፈገግ ብለን እናስረዳለን።

mulesoo.com #MuleSoo #ሀበሻ"
"2026-04-30","Thu","120","LinkedIn","PROBLEM","","105","","ሎጎዎ በ Word የተሰራ ነው።

በትልቅ ባነር ላይ ይታወቃል። በንግድ ካርድ ላይም ይታወቃል።

ተጨማሪ ለማወቅ፦ mulesoo.com

#MuleSoo #ሀበሻ #ኢትዮጵያ"
"2026-04-30","Thu","120","Instagram","PROBLEM","","134","","ከምሽቱ 1 ሰዓት በኋላ ደንበኞች ያመልጡዎታል።

የተፎካካሪዎ ቻትቦት ግን ነቅቶ ይመልሳል።

ዛሬውኑ ያናግሩን፦ wa.me/27688529333

#MuleSoo #ሀበሻ #ኢትዮጵያ #ንግድ #ቴክኖሎጂ #ዲጂታል #ቢዝነስ"
"2026-04-30","Thu","120","Facebook","PROBLEM","","118","","ዋጋ ማቅረቢያ በእጅ ይሰራሉ።

በሳምንት 4 ሰዓት ነው። በዓመት አምስት የስራ ሳምንት ማለት ነው።

ነጻ የ30 ደቂቃ ምክክር ይያዙ፦ mulesoo.com

#MuleSoo #ሀበሻ #ኢትዮጵያ"
"2026-04-30","Thu","120","TikTok","PROBLEM","","119","","ደረሰኞችዎ ዘግይተው ይወጣሉ።
የገንዘብ ፍሰት የሂሳብ ችግር አይደለም፤ የአስተዳደር ችግር ነው።

ሙሉውን በመገለጫችን ሊንክ ያገኙታል።

#MuleSoo #ሀበሻ #ኢትዮጵያ #ንግድ #ቴክኖሎጂ"
"2026-04-30","Thu","120","X","PROBLEM","","85","","ለጥያቄ መልስ የሚሰጡት በሁለት ቀን ነው።
ስራውን ያገኘው ግን በሁለት ሰዓት የመለሰው ነው።

mulesoo.com #MuleSoo #ሀበሻ"
"2026-05-01","Fri","121","LinkedIn","EDUCATE","","112","","ምርጥ ሻጭዎ የ FAQ ገጽ ነው።

ደንበኛው በአክብሮት ያልጠየቀውን ጥያቄ አስቀድሞ ይመልሳል።

ዛሬውኑ ያናግሩን፦ wa.me/27688529333

#MuleSoo #ሀበሻ #ኢትዮጵያ"
"2026-05-01","Fri","121","Instagram","EDUCATE","","149","","አንድ ግልጽ ጥሪ ከአምስት ይሻላል።

እያንዳንዱ ተጨማሪ ቁልፍ ውሳኔ ነው፤ እያንዳንዱ ውሳኔ ሰዎችን ያሸሻል።

ነጻ የ30 ደቂቃ ምክክር ይያዙ፦ mulesoo.com

#MuleSoo #ሀበሻ #ኢትዮጵያ #ንግድ #ቴክኖሎጂ #ዲጂታል #ቢዝነስ"
"2026-05-01","Fri","121","Facebook","EDUCATE","","123","","የገዙት ኮድ የእርስዎ ይሁን።

ገንቢው ሲጠፋ ድረ-ገጽዎም አብሮ ከጠፋ፣ አልገዙትም — ተከራይተውታል።

በ WhatsApp ይጻፉልን፦ wa.me/27688529333

#MuleSoo #ሀበሻ #ኢትዮጵያ"
"2026-05-01","Fri","121","TikTok","EDUCATE","","111","","እያንዳንዱ የቅጽ መስክ ደንበኛ ያስከፍላል።
ለመመለስ የሚያስፈልገውን ብቻ ይጠይቁ።

ሙሉውን በመገለጫችን ሊንክ ያገኙታል።

#MuleSoo #ሀበሻ #ኢትዮጵያ #ንግድ #ቴክኖሎጂ"
"2026-05-01","Fri","121","X","EDUCATE","","101","","ግምገማዎችዎ የእርስዎ SEO ናቸው።
እውነተኛ ግምገማ ያለው የጉግል ቢዝነስ ፕሮፋይል ከቆንጆ ድረ-ገጽ በላይ ይወጣል።

mulesoo.com #MuleSoo #ሀበሻ"
"2026-05-02","Sat","122","LinkedIn","PROOF","yes","158","","በዚህ ወር የሰራነው፦

[እውነተኛ የደንበኛ ውጤት እዚህ ያስገቡ — ለምሳሌ፦ «የእገሌ ንግድ ቀጠሮዎች በ40% ጨመሩ»። እውነተኛ ውጤት ብቻ፤ በጭራሽ አይፈጠሩ።]

ነጻ የ30 ደቂቃ ምክክር ይያዙ፦ mulesoo.com

#MuleSoo #ሀበሻ #ኢትዮጵያ"
"2026-05-02","Sat","122","Instagram","PROOF","yes","185","","በዚህ ወር የሰራነው፦

[እውነተኛ የደንበኛ ውጤት እዚህ ያስገቡ — ለምሳሌ፦ «የእገሌ ንግድ ቀጠሮዎች በ40% ጨመሩ»። እውነተኛ ውጤት ብቻ፤ በጭራሽ አይፈጠሩ።]

በ WhatsApp ይጻፉልን፦ wa.me/27688529333

#MuleSoo #ሀበሻ #ኢትዮጵያ #ንግድ #ቴክኖሎጂ #ዲጂታል #ቢዝነስ"
"2026-05-02","Sat","122","Facebook","PROOF","yes","148","","በዚህ ወር የሰራነው፦

[እውነተኛ የደንበኛ ውጤት እዚህ ያስገቡ — ለምሳሌ፦ «የእገሌ ንግድ ቀጠሮዎች በ40% ጨመሩ»። እውነተኛ ውጤት ብቻ፤ በጭራሽ አይፈጠሩ።]

ተጨማሪ ለማወቅ፦ mulesoo.com

#MuleSoo #ሀበሻ #ኢትዮጵያ"
"2026-05-02","Sat","122","TikTok","PROOF","yes","133","","በዚህ ወር የሰራነው፦
[እውነተኛ የደንበኛ ውጤት እዚህ ያስገቡ — ለምሳሌ፦ «የእገሌ ንግድ ቀጠሮዎች በ40% ጨመሩ»።

ሙሉውን በመገለጫችን ሊንክ ያገኙታል።

#MuleSoo #ሀበሻ #ኢትዮጵያ #ንግድ #ቴክኖሎጂ"
"2026-05-02","Sat","122","X","PROOF","yes","128","","በዚህ ወር የሰራነው፦
[እውነተኛ የደንበኛ ውጤት እዚህ ያስገቡ — ለምሳሌ፦ «የእገሌ ንግድ ቀጠሮዎች በ40% ጨመሩ»። እውነተኛ ውጤት ብቻ፤ በጭራሽ አይፈጠሩ።]

mulesoo.com #MuleSoo #ሀበሻ"
"2026-05-03","Sun","123","LinkedIn","MYTH","","148","","ብዙ ጊዜ የሚባል ነገር፦ «ውድ ድረ-ገጽ ጥሩ ድረ-ገጽ ነው።»

እውነታው፦ ዋጋ ጥራት አይደለም። ድረ-ገጽ የሚለካው በሚያመጣው ደንበኛ ነው።

በ WhatsApp ይጻፉልን፦ wa.me/27688529333

#MuleSoo #ሀበሻ #ኢትዮጵያ"
"2026-05-03","Sun","123","Instagram","MYTH","","165","","ብዙ ጊዜ የሚባል ነገር፦ «QR ኮድ ጊዜው አልፎበታል።»

እውነታው፦ ዛሬ በሁሉም ጠረጴዛ ላይ ነው። ትክክለኛው ጥያቄ፦ ስንት ሰው እንደቃኘው ያውቃሉ?

ተጨማሪ ለማወቅ፦ mulesoo.com

#MuleSoo #ሀበሻ #ኢትዮጵያ #ንግድ #ቴክኖሎጂ #ዲጂታል #ቢዝነስ"
"2026-05-03","Sun","123","Facebook","MYTH","","162","","ብዙ ጊዜ የሚባል ነገር፦ «ቻትቦት ደንበኞችን ያስቀይማል።»

እውነታው፦ የሚያስቀይመው መልስ አለማግኘት ነው። ጥሩ ቻትቦት በሰከንድ ይመልሳል፤ ሰው ሲያስፈልግ ያስተላልፋል።

ዛሬውኑ ያናግሩን፦ wa.me/27688529333

#MuleSoo #ሀበሻ #ኢትዮጵያ"
"2026-05-03","Sun","123","TikTok","MYTH","","171","","ብዙ ጊዜ የሚባል ነገር፦ «AI ውድ ነው፤ ለትልልቅ ኩባንያዎች ብቻ ነው።»
እውነታው፦ ዛሬ ቻትቦት ከአንድ ሰራተኛ ወርሃዊ ደመወዝ ባነሰ ዋጋ ይሰራል — እና እረፍት አይጠይቅም።

ሙሉውን በመገለጫችን ሊንክ ያገኙታል።

#MuleSoo #ሀበሻ #ኢትዮጵያ #ንግድ #ቴክኖሎጂ"
"2026-05-03","Sun","123","X","MYTH","","116","","ብዙ ጊዜ የሚባል ነገር፦ «ሎጎ ማንኛውም ሰው መስራት ይችላል።»
እውነታው፦ ሎጎ ስዕል ብቻ አይደለም፤ በመጀመሪያ እይታ የሚቀር ማህተም ነው።

mulesoo.com #MuleSoo #ሀበሻ"
"2026-05-04","Mon","124","LinkedIn","BEHIND","","110","","የደንበኞቻችንን ድረ-ገጾች በየቀኑ እንቃኛለን።

ችግርን ከደንበኛው በፊት ማየት የስራችን አካል ነው።

ተጨማሪ ለማወቅ፦ mulesoo.com

#MuleSoo #ሀበሻ #ኢትዮጵያ"
"2026-05-04","Mon","124","Instagram","BEHIND","","168","","ትልቁ ደስታችን ደንበኛ «ራሴ አስተካከልኩት» ሲለን ነው።

ስርዓቱ የእሱ ነውና። እኛ የሰራነው መሳሪያውን ነው፤ ንግዱን የሚያሳድገው እሱ ነው።

ዛሬውኑ ያናግሩን፦ wa.me/27688529333

#MuleSoo #ሀበሻ #ኢትዮጵያ #ንግድ #ቴክኖሎጂ #ዲጂታል #ቢዝነስ"
"2026-05-04","Mon","124","Facebook","BEHIND","","123","","እያንዳንዱን ድረ-ገጽ በትንሹ ስክሪን ላይ እንፈትሻለን።

በትንሹ ስልክ ላይ ከሰራ፣ በሁሉም ላይ ይሰራል።

ነጻ የ30 ደቂቃ ምክክር ይያዙ፦ mulesoo.com

#MuleSoo #ሀበሻ #ኢትዮጵያ"
"2026-05-04","Mon","124","TikTok","BEHIND","","116","","ዛሬ አንድ ፕሮጀክት አልተቀበልንም።
ትክክለኛው ስራ ካልሆነ፣ ገንዘቡም ትክክለኛ አይደለም።

ሙሉውን በመገለጫችን ሊንክ ያገኙታል።

#MuleSoo #ሀበሻ #ኢትዮጵያ #ንግድ #ቴክኖሎጂ"
"2026-05-04","Mon","124","X","BEHIND","","113","","ደንበኛ «ትንሽ ለውጥ» ሲል እንሳቀቅ ነበር።
አሁን ግን እያንዳንዱ ደንበኛ ራሱ የሚያስተካክልበት አድሚን ፓነል እንሰጣለን። ሰላም ሆነ።

mulesoo.com #MuleSoo #ሀበሻ"
"2026-05-05","Tue","125","LinkedIn","PROMO","","132","","ሌሊት የሚመልስ ሰራተኛ ይፈልጋሉ?

ቻትቦታችን በሌሊትም ይመልሳል — እርስዎ ይተኛሉ፣ ንግድዎ ይሰራል። ከ R2,500 ጀምሮ።

ዛሬውኑ ያናግሩን፦ wa.me/27688529333

#MuleSoo #ሀበሻ #ኢትዮጵያ"
"2026-05-05","Tue","125","Instagram","PROMO","","171","","ወረቀት ላይ ያለ ተራ QR ኮድ በቂ አይደለም።

ማን፣ መቼ፣ ስንት ጊዜ እንደቃኘው የሚነግርዎ የምርትዎን ቀለም የያዘ ኮድ — ከ R300 ጀምሮ።

ነጻ የ30 ደቂቃ ምክክር ይያዙ፦ mulesoo.com

#MuleSoo #ሀበሻ #ኢትዮጵያ #ንግድ #ቴክኖሎጂ #ዲጂታል #ቢዝነስ"
"2026-05-05","Tue","125","Facebook","PROMO","","145","","ቀጠሮ፣ ክፍያ፣ ማስታወሻ — ሁሉም በራሱ ይስራ።

የ Auto Pilot ስርዓታችን ንግድዎን በእንቅልፍዎም ያንቀሳቅሳል። ዋጋ በፕሮጀክት።

በ WhatsApp ይጻፉልን፦ wa.me/27688529333

#MuleSoo #ሀበሻ #ኢትዮጵያ"
"2026-05-05","Tue","125","TikTok","PROMO","","119","","ንግድዎ የሚፈልገው መተግበሪያ ገበያ ላይ የለም?
እንሰራዋለን — ልክ ለእርስዎ አሰራር የተሰፋ።

ሙሉውን በመገለጫችን ሊንክ ያገኙታል።

#MuleSoo #ሀበሻ #ኢትዮጵያ #ንግድ #ቴክኖሎጂ"
"2026-05-05","Tue","125","X","PROMO","","105","","ሌሊት የሚመልስ ሰራተኛ ይፈልጋሉ?
ቻትቦታችን በሌሊትም ይመልሳል — እርስዎ ይተኛሉ፣ ንግድዎ ይሰራል። ከ R2,500 ጀምሮ።

mulesoo.com #MuleSoo #ሀበሻ"
"2026-05-06","Wed","126","LinkedIn","HUMAN","","129","","ደንበኛ፦ «መቼ ይደርሳል?» እኛ፦ «ነገ።»

ነገ ማለታችን ግን በእውነት ነገ ነው። ያልተለመደ መሆኑን እናውቃለን።

ነጻ የ30 ደቂቃ ምክክር ይያዙ፦ mulesoo.com

#MuleSoo #ሀበሻ #ኢትዮጵያ"
"2026-05-06","Wed","126","Instagram","HUMAN","","163","","በስብሰባ ላይ በጣም የምንጠነቀቅበት ቃል፦

«የአክስቴ ልጅ ዲዛይን ያውቃል።» — እናዳምጣለን፤ አንዳንዴ በእውነት ያውቃል። 😂

በ WhatsApp ይጻፉልን፦ wa.me/27688529333

#MuleSoo #ሀበሻ #ኢትዮጵያ #ንግድ #ቴክኖሎጂ #ዲጂታል #ቢዝነስ"
"2026-05-06","Wed","126","Facebook","HUMAN","","103","","WiFi ሲጠፋ የቢሮአችን ድምጽ፦ ጸጥታ።

ከዚያ ሁሉም ወደ ስልክ ዳታ። ስራ አይቆምም። 😅

ተጨማሪ ለማወቅ፦ mulesoo.com

#MuleSoo #ሀበሻ #ኢትዮጵያ"
"2026-05-06","Wed","126","TikTok","HUMAN","","112","","በሳምንት አንድ ጊዜ ራሳችንን እንጠይቃለን፦
«ይህን ደንበኛው በራሱ ማድረግ ይችላል?

ሙሉውን በመገለጫችን ሊንክ ያገኙታል።

#MuleSoo #ሀበሻ #ኢትዮጵያ #ንግድ #ቴክኖሎጂ"
"2026-05-06","Wed","126","X","HUMAN","","91","","እያንዳንዱ የሎጎ ማስተካከያ ጥያቄ የሚመጣው እኩለ ሌሊት ላይ ነው።
ለምን እንደሆነ መጠየቅ አቁመናል።

mulesoo.com #MuleSoo #ሀበሻ"
"2026-05-07","Thu","127","LinkedIn","PROBLEM","","105","","የቀጠሮ መዝገብዎ ደብተር ነው።

አንድ የጠፋ ገጽ አንድ የጠፋ ወር ነው።

በ WhatsApp ይጻፉልን፦ wa.me/27688529333

#MuleSoo #ሀበሻ #ኢትዮጵያ"
"2026-05-07","Thu","127","Instagram","PROBLEM","","138","","ድረ-ገጽዎ በላፕቶፕዎ ላይ ያምራል።

ከ10 ደንበኞችዎ 9ኙ ግን በስልክ ነው የሚያዩት። በስልክ አይተውታል?

ተጨማሪ ለማወቅ፦ mulesoo.com

#MuleSoo #ሀበሻ #ኢትዮጵያ #ንግድ #ቴክኖሎጂ #ዲጂታል #ቢዝነስ"
"2026-05-07","Thu","127","Facebook","PROBLEM","","117","","ጉግል ላይ አይገኙም።

ትንሽ ስለሆኑ አይደለም — ገጾችዎ መኖራቸውን ለጉግል ማንም ስላልነገረው ነው።

ዛሬውኑ ያናግሩን፦ wa.me/27688529333

#MuleSoo #ሀበሻ #ኢትዮጵያ"
"2026-05-07","Thu","127","TikTok","PROBLEM","","106","","ዋጋዎ ድረ-ገጽዎ ላይ የለም።
ሰዎች «ውድ ይሆናል» ብለው ገምተው ይሄዳሉ።

ሙሉውን በመገለጫችን ሊንክ ያገኙታል።

#MuleSoo #ሀበሻ #ኢትዮጵያ #ንግድ #ቴክኖሎጂ"
"2026-05-07","Thu","127","X","PROBLEM","","103","","ማስተካከል የማይችሉት ድረ-ገጽ እየከፈሉበት ነው።
እያንዳንዱ የጽሁፍ ለውጥ አንድ የስልክ ጥሪና ሶስት ቀን ያስወጣዎታል።

mulesoo.com #MuleSoo #ሀበሻ"
"2026-05-08","Fri","128","LinkedIn","EDUCATE","","114","","ቻትቦት የሮቦት ተቀባይ አይደለም።

ማጣሪያ ነው። ቀላሉን 70% ይይዛል፤ የሚከፍለው 30% ለሰው ይደርሳል።

ተጨማሪ ለማወቅ፦ mulesoo.com

#MuleSoo #ሀበሻ #ኢትዮጵያ"
"2026-05-08","Fri","128","Instagram","EDUCATE","","156","","ፍጥነት የሚመጣው ከማይጫኑት ነገር ነው።

ከባድ ምስሎች፣ ስላይደሮች፣ የቪዲዮ ጀርባዎች — መጀመሪያ ይሰርዙ፤ ከዚያ ያሻሽሉ።

ዛሬውኑ ያናግሩን፦ wa.me/27688529333

#MuleSoo #ሀበሻ #ኢትዮጵያ #ንግድ #ቴክኖሎጂ #ዲጂታል #ቢዝነስ"
"2026-05-08","Fri","128","Facebook","EDUCATE","","101","","ዋጋዎን ይጻፉ።

መደበቅ አያሳንሰውም፤ እርግጠኛ እንዳልሆኑ ያስመስላል።

ነጻ የ30 ደቂቃ ምክክር ይያዙ፦ mulesoo.com

#MuleSoo #ሀበሻ #ኢትዮጵያ"
"2026-05-08","Fri","128","TikTok","EDUCATE","","114","","ምስሎችዎን ያሳንሱ።
4MB የሆነ ምስል የሆስቲንግ ችግር አይደለም፤ የምስል ችግር ነው።

ሙሉውን በመገለጫችን ሊንክ ያገኙታል።

#MuleSoo #ሀበሻ #ኢትዮጵያ #ንግድ #ቴክኖሎጂ"
"2026-05-08","Fri","128","X","EDUCATE","","87","","አንድ ቁጥር ብቻ ይለኩ።
በሳምንት የሚመጡ ጥያቄዎች። ያንን የማያንቀሳቅስ ነገር ሁሉ ጌጥ ነው።

mulesoo.com #MuleSoo #ሀበሻ"
"2026-05-09","Sat","129","LinkedIn","PROOF","yes","155","","በዚህ ወር የሰራነው፦

[እውነተኛ የደንበኛ ውጤት እዚህ ያስገቡ — ለምሳሌ፦ «የእገሌ ንግድ ቀጠሮዎች በ40% ጨመሩ»። እውነተኛ ውጤት ብቻ፤ በጭራሽ አይፈጠሩ።]

ዛሬውኑ ያናግሩን፦ wa.me/27688529333

#MuleSoo #ሀበሻ #ኢትዮጵያ"
"2026-05-09","Sat","129","Instagram","PROOF","yes","182","","በዚህ ወር የሰራነው፦

[እውነተኛ የደንበኛ ውጤት እዚህ ያስገቡ — ለምሳሌ፦ «የእገሌ ንግድ ቀጠሮዎች በ40% ጨመሩ»። እውነተኛ ውጤት ብቻ፤ በጭራሽ አይፈጠሩ።]

ነጻ የ30 ደቂቃ ምክክር ይያዙ፦ mulesoo.com

#MuleSoo #ሀበሻ #ኢትዮጵያ #ንግድ #ቴክኖሎጂ #ዲጂታል #ቢዝነስ"
"2026-05-09","Sat","129","Facebook","PROOF","yes","161","","በዚህ ወር የሰራነው፦

[እውነተኛ የደንበኛ ውጤት እዚህ ያስገቡ — ለምሳሌ፦ «የእገሌ ንግድ ቀጠሮዎች በ40% ጨመሩ»። እውነተኛ ውጤት ብቻ፤ በጭራሽ አይፈጠሩ።]

በ WhatsApp ይጻፉልን፦ wa.me/27688529333

#MuleSoo #ሀበሻ #ኢትዮጵያ"
"2026-05-09","Sat","129","TikTok","PROOF","yes","133","","በዚህ ወር የሰራነው፦
[እውነተኛ የደንበኛ ውጤት እዚህ ያስገቡ — ለምሳሌ፦ «የእገሌ ንግድ ቀጠሮዎች በ40% ጨመሩ»።

ሙሉውን በመገለጫችን ሊንክ ያገኙታል።

#MuleSoo #ሀበሻ #ኢትዮጵያ #ንግድ #ቴክኖሎጂ"
"2026-05-09","Sat","129","X","PROOF","yes","128","","በዚህ ወር የሰራነው፦
[እውነተኛ የደንበኛ ውጤት እዚህ ያስገቡ — ለምሳሌ፦ «የእገሌ ንግድ ቀጠሮዎች በ40% ጨመሩ»። እውነተኛ ውጤት ብቻ፤ በጭራሽ አይፈጠሩ።]

mulesoo.com #MuleSoo #ሀበሻ"
"2026-05-10","Sun","130","LinkedIn","MYTH","","152","","ብዙ ጊዜ የሚባል ነገር፦ «አውቶሜሽን ሰራተኞችን ያስወግዳል።»

እውነታው፦ አይደለም — አሰልቺውን ስራ ይወስዳል። ሰዎችዎ ለሚከፍለው ስራ ጊዜ ያገኛሉ።

ነጻ የ30 ደቂቃ ምክክር ይያዙ፦ mulesoo.com

#MuleSoo #ሀበሻ #ኢትዮጵያ"
"2026-05-10","Sun","130","Instagram","MYTH","","184","","ብዙ ጊዜ የሚባል ነገር፦ «ለትንሽ ንግድ ድረ-ገጽ አያስፈልግም።»

እውነታው፦ ደንበኛዎ ግን መጀመሪያ ጉግል ላይ ይፈልግዎታል። እዚያ ከሌሉ፣ ለሌላው ይደውላል።

በ WhatsApp ይጻፉልን፦ wa.me/27688529333

#MuleSoo #ሀበሻ #ኢትዮጵያ #ንግድ #ቴክኖሎጂ #ዲጂታል #ቢዝነስ"
"2026-05-10","Sun","130","Facebook","MYTH","","161","","ብዙ ጊዜ የሚባል ነገር፦ «ድረ-ገጽ አንዴ ተሰርቶ ያበቃል።»

እውነታው፦ ድረ-ገጽ እንደ ሱቅ ነው — መስታወቱ ሁልጊዜ ንጹህ መሆን አለበት። ትንሽ እንክብካቤ ትልቅ ልዩነት ያመጣል።

ተጨማሪ ለማወቅ፦ mulesoo.com

#MuleSoo #ሀበሻ #ኢትዮጵያ"
"2026-05-10","Sun","130","TikTok","MYTH","","141","","ብዙ ጊዜ የሚባል ነገር፦ «ማህበራዊ ሚዲያ ካለኝ ድረ-ገጽ አያስፈልገኝም።»
እውነታው፦ ያ ገጽ የእርስዎ አይደለም፤ ተከራይተውታል።

ሙሉውን በመገለጫችን ሊንክ ያገኙታል።

#MuleSoo #ሀበሻ #ኢትዮጵያ #ንግድ #ቴክኖሎጂ"
"2026-05-10","Sun","130","X","MYTH","","124","","ብዙ ጊዜ የሚባል ነገር፦ «ደንበኞቼ ኢንተርኔት አይጠቀሙም።»
እውነታው፦ ልጆቻቸው ግን ይጠቀማሉ — እና የቤተሰቡን ውሳኔ ብዙ ጊዜ የሚመሩት እነሱ ናቸው።

mulesoo.com #MuleSoo #ሀበሻ"
"2026-05-11","Mon","131","LinkedIn","BEHIND","","131","","አዲስ ሰው ስንቀጥር የመጀመሪያ ጥያቄያችን፦ «ማስረዳት ይችላሉ?»

ኮድ መጻፍ ይማራል፤ ግልጽነት ግን ባህሪ ነው።

በ WhatsApp ይጻፉልን፦ wa.me/27688529333

#MuleSoo #ሀበሻ #ኢትዮጵያ"
"2026-05-11","Mon","131","Instagram","BEHIND","","165","","ዛሬ ከአዲስ ደንበኛ ጋር የመጀመሪያ ስብሰባ ነበረን።

አንድም ጊዜ ስለ ቴክኖሎጂ አልተነጋገርንም — ስለ ንግዱ ብቻ። ኮዱ የሚመጣው ከዚያ በኋላ ነው።

ተጨማሪ ለማወቅ፦ mulesoo.com

#MuleSoo #ሀበሻ #ኢትዮጵያ #ንግድ #ቴክኖሎጂ #ዲጂታል #ቢዝነስ"
"2026-05-11","Mon","131","Facebook","BEHIND","","112","","ከመጨመራችን በፊት እንቀንሳለን።

የመጀመሪያው ስራችን ደንበኛው የማይፈልገውን ማስወገድ ነው።

ዛሬውኑ ያናግሩን፦ wa.me/27688529333

#MuleSoo #ሀበሻ #ኢትዮጵያ"
"2026-05-11","Mon","131","TikTok","BEHIND","","121","","የእኛ ስብሰባዎች 30 ደቂቃ ናቸው።
ከዚያ በላይ ከወሰደ፣ ችግሩ አጀንዳው ሳይሆን ዝግጅታችን ነው።

ሙሉውን በመገለጫችን ሊንክ ያገኙታል።

#MuleSoo #ሀበሻ #ኢትዮጵያ #ንግድ #ቴክኖሎጂ"
"2026-05-11","Mon","131","X","BEHIND","","99","","ኮድ ከመጻፍ በፊት እንቆጥራለን።
ስንት ጎብኚ፣ ስንት ጥያቄ፣ ስንት ሽያጭ። ቁጥር የሌለው ዲዛይን ግምት ብቻ ነው።

mulesoo.com #MuleSoo #ሀበሻ"
"2026-05-12","Tue","132","LinkedIn","PROMO","","110","","ሎጎዎ ማን እንደሆኑ ይናገራል?

በአንድ እይታ የሚታወስ የምርት መለያ እንሰራለን። ከ R800 ጀምሮ።

ተጨማሪ ለማወቅ፦ mulesoo.com

#MuleSoo #ሀበሻ #ኢትዮጵያ"
"2026-05-12","Tue","132","Instagram","PROMO","","145","","ገና በ gmail ነው የሚሰሩት?

የ @yourbusiness ኢሜይል ያሳምራል፤ ያሳምናል። ከ R400 ጀምሮ።

ዛሬውኑ ያናግሩን፦ wa.me/27688529333

#MuleSoo #ሀበሻ #ኢትዮጵያ #ንግድ #ቴክኖሎጂ #ዲጂታል #ቢዝነስ"
"2026-05-12","Tue","132","Facebook","PROMO","","133","","አሰልቺው የቢሮ ስራ ራሱን ይስራ።

የ AI አውቶሜሽን ስርዓቶቻችን ደረሰኝ ይልካሉ፣ ቀጠሮ ያስይዛሉ፣ ደንበኛ ይከታተላሉ።

ነጻ የ30 ደቂቃ ምክክር ይያዙ፦ mulesoo.com

#MuleSoo #ሀበሻ #ኢትዮጵያ"
"2026-05-12","Tue","132","TikTok","PROMO","","108","","ድረ-ገጽ ይፈልጋሉ?
ጎብኚን ወደ ከፋይ ደንበኛ የሚቀይር ድረ-ገጽ እንሰራለን።

ሙሉውን በመገለጫችን ሊንክ ያገኙታል።

#MuleSoo #ሀበሻ #ኢትዮጵያ #ንግድ #ቴክኖሎጂ"
"2026-05-12","Tue","132","X","PROMO","","90","","ሎጎዎ ማን እንደሆኑ ይናገራል?
በአንድ እይታ የሚታወስ የምርት መለያ እንሰራለን። ከ R800 ጀምሮ።

mulesoo.com #MuleSoo #ሀበሻ"
"2026-05-13","Wed","133","LinkedIn","HUMAN","","128","","ሁለት አይነት ንግድ አለ፦

ድረ-ገጽ ያለውና «በኋላ እሰራለሁ» የሚል። ሁለተኛው የመጀመሪያውን ደንበኛ ያበረክትለታል።

ዛሬውኑ ያናግሩን፦ wa.me/27688529333

#MuleSoo #ሀበሻ #ኢትዮጵያ"
"2026-05-13","Wed","133","Instagram","HUMAN","","149","","እኛ ስንተኛ ስልካችን ጸጥ ይላል ብለን እናስባለን።

ቻትቦታችን ግን በዚያው ሌሊት ሶስት ቀጠሮ ይዞ ያድራል።

ነጻ የ30 ደቂቃ ምክክር ይያዙ፦ mulesoo.com

#MuleSoo #ሀበሻ #ኢትዮጵያ #ንግድ #ቴክኖሎጂ #ዲጂታል #ቢዝነስ"
"2026-05-13","Wed","133","Facebook","HUMAN","","122","","ልጆቻችን ስራችንን ሲጠየቁ፦ «ኮምፒውተር ይነካካሉ» ይላሉ።

ትክክል ናቸው። በጣም እንነካካለን። 😄

በ WhatsApp ይጻፉልን፦ wa.me/27688529333

#MuleSoo #ሀበሻ #ኢትዮጵያ"
"2026-05-13","Wed","133","TikTok","HUMAN","","129","","የሰማነው፦ «እንደ Apple ድረ-ገጽ ይሁን — ግን ብዙ ነገር ጨምሩበት።»
ይህ ዓረፍተ ነገር ራሱን ይቃረናል።

ሙሉውን በመገለጫችን ሊንክ ያገኙታል።

#MuleSoo #ሀበሻ #ኢትዮጵያ #ንግድ #ቴክኖሎጂ"
"2026-05-13","Wed","133","X","HUMAN","","93","","የሰማነው፦ «ትንሽ ለውጥ ነው» የሚለው ዓረፍተ ነገር…
በአማካይ ሶስት ቀን ይወስዳል። ግን እንወደዋለን።

mulesoo.com #MuleSoo #ሀበሻ"
"2026-05-14","Thu","134","LinkedIn","PROBLEM","","113","","ከምሽቱ 1 ሰዓት በኋላ ደንበኞች ያመልጡዎታል።

የተፎካካሪዎ ቻትቦት ግን ነቅቶ ይመልሳል።

ነጻ የ30 ደቂቃ ምክክር ይያዙ፦ mulesoo.com

#MuleSoo #ሀበሻ #ኢትዮጵያ"
"2026-05-14","Thu","134","Instagram","PROBLEM","","145","","ዋጋ ማቅረቢያ በእጅ ይሰራሉ።

በሳምንት 4 ሰዓት ነው። በዓመት አምስት የስራ ሳምንት ማለት ነው።

በ WhatsApp ይጻፉልን፦ wa.me/27688529333

#MuleSoo #ሀበሻ #ኢትዮጵያ #ንግድ #ቴክኖሎጂ #ዲጂታል #ቢዝነስ"
"2026-05-14","Thu","134","Facebook","PROBLEM","","107","","ደረሰኞችዎ ዘግይተው ይወጣሉ።

የገንዘብ ፍሰት የሂሳብ ችግር አይደለም፤ የአስተዳደር ችግር ነው።

ተጨማሪ ለማወቅ፦ mulesoo.com

#MuleSoo #ሀበሻ #ኢትዮጵያ"
"2026-05-14","Thu","134","TikTok","PROBLEM","","117","","ለጥያቄ መልስ የሚሰጡት በሁለት ቀን ነው።
ስራውን ያገኘው ግን በሁለት ሰዓት የመለሰው ነው።

ሙሉውን በመገለጫችን ሊንክ ያገኙታል።

#MuleSoo #ሀበሻ #ኢትዮጵያ #ንግድ #ቴክኖሎጂ"
"2026-05-14","Thu","134","X","PROBLEM","","90","","ደንበኞችዎ ከየት እንደመጡ አያውቁም።
ስለዚህ በሚሰራው መንገድ ላይ ተጨማሪ ገንዘብ ማዋል አይችሉም።

mulesoo.com #MuleSoo #ሀበሻ"
"2026-05-15","Fri","135","LinkedIn","EDUCATE","","128","","አንድ ግልጽ ጥሪ ከአምስት ይሻላል።

እያንዳንዱ ተጨማሪ ቁልፍ ውሳኔ ነው፤ እያንዳንዱ ውሳኔ ሰዎችን ያሸሻል።

በ WhatsApp ይጻፉልን፦ wa.me/27688529333

#MuleSoo #ሀበሻ #ኢትዮጵያ"
"2026-05-15","Fri","135","Instagram","EDUCATE","","134","","የገዙት ኮድ የእርስዎ ይሁን።

ገንቢው ሲጠፋ ድረ-ገጽዎም አብሮ ከጠፋ፣ አልገዙትም — ተከራይተውታል።

ተጨማሪ ለማወቅ፦ mulesoo.com

#MuleSoo #ሀበሻ #ኢትዮጵያ #ንግድ #ቴክኖሎጂ #ዲጂታል #ቢዝነስ"
"2026-05-15","Fri","135","Facebook","EDUCATE","","124","","እያንዳንዱ የቅጽ መስክ ደንበኛ ያስከፍላል።

ለመመለስ የሚያስፈልገውን ብቻ ይጠይቁ። ሌላው ሁሉ መጠበቅ ይችላል።

ዛሬውኑ ያናግሩን፦ wa.me/27688529333

#MuleSoo #ሀበሻ #ኢትዮጵያ"
"2026-05-15","Fri","135","TikTok","EDUCATE","","133","","ግምገማዎችዎ የእርስዎ SEO ናቸው።
እውነተኛ ግምገማ ያለው የጉግል ቢዝነስ ፕሮፋይል ከቆንጆ ድረ-ገጽ በላይ ይወጣል።

ሙሉውን በመገለጫችን ሊንክ ያገኙታል።

#MuleSoo #ሀበሻ #ኢትዮጵያ #ንግድ #ቴክኖሎጂ"
"2026-05-15","Fri","135","X","EDUCATE","","99","","የመብራት መቆራረጥ የዲዛይን ግዴታ ነው።
ለተቆራረጠ ኢንተርኔት አስቀድመው ይንደፉ። እዚህ አገር አማራጭ አይደለም።

mulesoo.com #MuleSoo #ሀበሻ"
"2026-05-16","Sat","136","LinkedIn","PROOF","yes","148","","በዚህ ወር የሰራነው፦

[እውነተኛ የደንበኛ ውጤት እዚህ ያስገቡ — ለምሳሌ፦ «የእገሌ ንግድ ቀጠሮዎች በ40% ጨመሩ»። እውነተኛ ውጤት ብቻ፤ በጭራሽ አይፈጠሩ።]

ተጨማሪ ለማወቅ፦ mulesoo.com

#MuleSoo #ሀበሻ #ኢትዮጵያ"
"2026-05-16","Sat","136","Instagram","PROOF","yes","179","","በዚህ ወር የሰራነው፦

[እውነተኛ የደንበኛ ውጤት እዚህ ያስገቡ — ለምሳሌ፦ «የእገሌ ንግድ ቀጠሮዎች በ40% ጨመሩ»። እውነተኛ ውጤት ብቻ፤ በጭራሽ አይፈጠሩ።]

ዛሬውኑ ያናግሩን፦ wa.me/27688529333

#MuleSoo #ሀበሻ #ኢትዮጵያ #ንግድ #ቴክኖሎጂ #ዲጂታል #ቢዝነስ"
"2026-05-16","Sat","136","Facebook","PROOF","yes","158","","በዚህ ወር የሰራነው፦

[እውነተኛ የደንበኛ ውጤት እዚህ ያስገቡ — ለምሳሌ፦ «የእገሌ ንግድ ቀጠሮዎች በ40% ጨመሩ»። እውነተኛ ውጤት ብቻ፤ በጭራሽ አይፈጠሩ።]

ነጻ የ30 ደቂቃ ምክክር ይያዙ፦ mulesoo.com

#MuleSoo #ሀበሻ #ኢትዮጵያ"
"2026-05-16","Sat","136","TikTok","PROOF","yes","133","","በዚህ ወር የሰራነው፦
[እውነተኛ የደንበኛ ውጤት እዚህ ያስገቡ — ለምሳሌ፦ «የእገሌ ንግድ ቀጠሮዎች በ40% ጨመሩ»።

ሙሉውን በመገለጫችን ሊንክ ያገኙታል።

#MuleSoo #ሀበሻ #ኢትዮጵያ #ንግድ #ቴክኖሎጂ"
"2026-05-16","Sat","136","X","PROOF","yes","128","","በዚህ ወር የሰራነው፦
[እውነተኛ የደንበኛ ውጤት እዚህ ያስገቡ — ለምሳሌ፦ «የእገሌ ንግድ ቀጠሮዎች በ40% ጨመሩ»። እውነተኛ ውጤት ብቻ፤ በጭራሽ አይፈጠሩ።]

mulesoo.com #MuleSoo #ሀበሻ"
"2026-05-17","Sun","137","LinkedIn","MYTH","","148","","ብዙ ጊዜ የሚባል ነገር፦ «QR ኮድ ጊዜው አልፎበታል።»

እውነታው፦ ዛሬ በሁሉም ጠረጴዛ ላይ ነው። ትክክለኛው ጥያቄ፦ ስንት ሰው እንደቃኘው ያውቃሉ?

ዛሬውኑ ያናግሩን፦ wa.me/27688529333

#MuleSoo #ሀበሻ #ኢትዮጵያ"
"2026-05-17","Sun","137","Instagram","MYTH","","189","","ብዙ ጊዜ የሚባል ነገር፦ «ቻትቦት ደንበኞችን ያስቀይማል።»

እውነታው፦ የሚያስቀይመው መልስ አለማግኘት ነው። ጥሩ ቻትቦት በሰከንድ ይመልሳል፤ ሰው ሲያስፈልግ ያስተላልፋል።

ነጻ የ30 ደቂቃ ምክክር ይያዙ፦ mulesoo.com

#MuleSoo #ሀበሻ #ኢትዮጵያ #ንግድ #ቴክኖሎጂ #ዲጂታል #ቢዝነስ"
"2026-05-17","Sun","137","Facebook","MYTH","","172","","ብዙ ጊዜ የሚባል ነገር፦ «AI ውድ ነው፤ ለትልልቅ ኩባንያዎች ብቻ ነው።»

እውነታው፦ ዛሬ ቻትቦት ከአንድ ሰራተኛ ወርሃዊ ደመወዝ ባነሰ ዋጋ ይሰራል — እና እረፍት አይጠይቅም።

በ WhatsApp ይጻፉልን፦ wa.me/27688529333

#MuleSoo #ሀበሻ #ኢትዮጵያ"
"2026-05-17","Sun","137","TikTok","MYTH","","148","","ብዙ ጊዜ የሚባል ነገር፦ «ሎጎ ማንኛውም ሰው መስራት ይችላል።»
እውነታው፦ ሎጎ ስዕል ብቻ አይደለም፤ በመጀመሪያ እይታ የሚቀር ማህተም ነው።

ሙሉውን በመገለጫችን ሊንክ ያገኙታል።

#MuleSoo #ሀበሻ #ኢትዮጵያ #ንግድ #ቴክኖሎጂ"
"2026-05-17","Sun","137","X","MYTH","","115","","ብዙ ጊዜ የሚባል ነገር፦ «ውድ ድረ-ገጽ ጥሩ ድረ-ገጽ ነው።»
እውነታው፦ ዋጋ ጥራት አይደለም። ድረ-ገጽ የሚለካው በሚያመጣው ደንበኛ ነው።

mulesoo.com #MuleSoo #ሀበሻ"
"2026-05-18","Mon","138","LinkedIn","BEHIND","","147","","ትልቁ ደስታችን ደንበኛ «ራሴ አስተካከልኩት» ሲለን ነው።

ስርዓቱ የእሱ ነውና። እኛ የሰራነው መሳሪያውን ነው፤ ንግዱን የሚያሳድገው እሱ ነው።

ነጻ የ30 ደቂቃ ምክክር ይያዙ፦ mulesoo.com

#MuleSoo #ሀበሻ #ኢትዮጵያ"
"2026-05-18","Mon","138","Instagram","BEHIND","","150","","እያንዳንዱን ድረ-ገጽ በትንሹ ስክሪን ላይ እንፈትሻለን።

በትንሹ ስልክ ላይ ከሰራ፣ በሁሉም ላይ ይሰራል።

በ WhatsApp ይጻፉልን፦ wa.me/27688529333

#MuleSoo #ሀበሻ #ኢትዮጵያ #ንግድ #ቴክኖሎጂ #ዲጂታል #ቢዝነስ"
"2026-05-18","Mon","138","Facebook","BEHIND","","104","","ዛሬ አንድ ፕሮጀክት አልተቀበልንም።

ትክክለኛው ስራ ካልሆነ፣ ገንዘቡም ትክክለኛ አይደለም።

ተጨማሪ ለማወቅ፦ mulesoo.com

#MuleSoo #ሀበሻ #ኢትዮጵያ"
"2026-05-18","Mon","138","TikTok","BEHIND","","137","","ደንበኛ «ትንሽ ለውጥ» ሲል እንሳቀቅ ነበር።
አሁን ግን እያንዳንዱ ደንበኛ ራሱ የሚያስተካክልበት አድሚን ፓነል እንሰጣለን።

ሙሉውን በመገለጫችን ሊንክ ያገኙታል።

#MuleSoo #ሀበሻ #ኢትዮጵያ #ንግድ #ቴክኖሎጂ"
"2026-05-18","Mon","138","X","BEHIND","","90","","የደንበኞቻችንን ድረ-ገጾች በየቀኑ እንቃኛለን።
ችግርን ከደንበኛው በፊት ማየት የስራችን አካል ነው።

mulesoo.com #MuleSoo #ሀበሻ"
"2026-05-19","Tue","139","LinkedIn","PROMO","","150","","ወረቀት ላይ ያለ ተራ QR ኮድ በቂ አይደለም።

ማን፣ መቼ፣ ስንት ጊዜ እንደቃኘው የሚነግርዎ የምርትዎን ቀለም የያዘ ኮድ — ከ R300 ጀምሮ።

በ WhatsApp ይጻፉልን፦ wa.me/27688529333

#MuleSoo #ሀበሻ #ኢትዮጵያ"
"2026-05-19","Tue","139","Instagram","PROMO","","156","","ቀጠሮ፣ ክፍያ፣ ማስታወሻ — ሁሉም በራሱ ይስራ።

የ Auto Pilot ስርዓታችን ንግድዎን በእንቅልፍዎም ያንቀሳቅሳል። ዋጋ በፕሮጀክት።

ተጨማሪ ለማወቅ፦ mulesoo.com

#MuleSoo #ሀበሻ #ኢትዮጵያ #ንግድ #ቴክኖሎጂ #ዲጂታል #ቢዝነስ"
"2026-05-19","Tue","139","Facebook","PROMO","","114","","ንግድዎ የሚፈልገው መተግበሪያ ገበያ ላይ የለም?

እንሰራዋለን — ልክ ለእርስዎ አሰራር የተሰፋ።

ዛሬውኑ ያናግሩን፦ wa.me/27688529333

#MuleSoo #ሀበሻ #ኢትዮጵያ"
"2026-05-19","Tue","139","TikTok","PROMO","","123","","ሌሊት የሚመልስ ሰራተኛ ይፈልጋሉ?
ቻትቦታችን በሌሊትም ይመልሳል — እርስዎ ይተኛሉ፣ ንግድዎ ይሰራል።

ሙሉውን በመገለጫችን ሊንክ ያገኙታል።

#MuleSoo #ሀበሻ #ኢትዮጵያ #ንግድ #ቴክኖሎጂ"
"2026-05-19","Tue","139","X","PROMO","","117","","ወረቀት ላይ ያለ ተራ QR ኮድ በቂ አይደለም።
ማን፣ መቼ፣ ስንት ጊዜ እንደቃኘው የሚነግርዎ የምርትዎን ቀለም የያዘ ኮድ — ከ R300 ጀምሮ።

mulesoo.com #MuleSoo #ሀበሻ"
"2026-05-20","Wed","140","LinkedIn","HUMAN","","124","","በስብሰባ ላይ በጣም የምንጠነቀቅበት ቃል፦

«የአክስቴ ልጅ ዲዛይን ያውቃል።» — እናዳምጣለን፤ አንዳንዴ በእውነት ያውቃል።

ተጨማሪ ለማወቅ፦ mulesoo.com

#MuleSoo #ሀበሻ #ኢትዮጵያ"
"2026-05-20","Wed","140","Instagram","HUMAN","","134","","WiFi ሲጠፋ የቢሮአችን ድምጽ፦ ጸጥታ።

ከዚያ ሁሉም ወደ ስልክ ዳታ። ስራ አይቆምም። 😅

ዛሬውኑ ያናግሩን፦ wa.me/27688529333

#MuleSoo #ሀበሻ #ኢትዮጵያ #ንግድ #ቴክኖሎጂ #ዲጂታል #ቢዝነስ"
"2026-05-20","Wed","140","Facebook","HUMAN","","134","","በሳምንት አንድ ጊዜ ራሳችንን እንጠይቃለን፦

«ይህን ደንበኛው በራሱ ማድረግ ይችላል?» መልሱ አዎ ከሆነ፣ እናስተምረዋለን።

ነጻ የ30 ደቂቃ ምክክር ይያዙ፦ mulesoo.com

#MuleSoo #ሀበሻ #ኢትዮጵያ"
"2026-05-20","Wed","140","TikTok","HUMAN","","123","","እያንዳንዱ የሎጎ ማስተካከያ ጥያቄ የሚመጣው እኩለ ሌሊት ላይ ነው።
ለምን እንደሆነ መጠየቅ አቁመናል።

ሙሉውን በመገለጫችን ሊንክ ያገኙታል።

#MuleSoo #ሀበሻ #ኢትዮጵያ #ንግድ #ቴክኖሎጂ"
"2026-05-20","Wed","140","X","HUMAN","","86","","ስንት ቡና እንደጠጣን አንቆጥርም።
የደንበኞቻችን ሽያጭ ግን ይቆጠራል። ቅድሚያችን ግልጽ ነው።

mulesoo.com #MuleSoo #ሀበሻ"
"2026-05-21","Thu","141","LinkedIn","PROBLEM","","121","","ድረ-ገጽዎ በላፕቶፕዎ ላይ ያምራል።

ከ10 ደንበኞችዎ 9ኙ ግን በስልክ ነው የሚያዩት። በስልክ አይተውታል?

ዛሬውኑ ያናግሩን፦ wa.me/27688529333

#MuleSoo #ሀበሻ #ኢትዮጵያ"
"2026-05-21","Thu","141","Instagram","PROBLEM","","144","","ጉግል ላይ አይገኙም።

ትንሽ ስለሆኑ አይደለም — ገጾችዎ መኖራቸውን ለጉግል ማንም ስላልነገረው ነው።

ነጻ የ30 ደቂቃ ምክክር ይያዙ፦ mulesoo.com

#MuleSoo #ሀበሻ #ኢትዮጵያ #ንግድ #ቴክኖሎጂ #ዲጂታል #ቢዝነስ"
"2026-05-21","Thu","141","Facebook","PROBLEM","","107","","ዋጋዎ ድረ-ገጽዎ ላይ የለም።

ሰዎች «ውድ ይሆናል» ብለው ገምተው ይሄዳሉ።

በ WhatsApp ይጻፉልን፦ wa.me/27688529333

#MuleSoo #ሀበሻ #ኢትዮጵያ"
"2026-05-21","Thu","141","TikTok","PROBLEM","","135","","ማስተካከል የማይችሉት ድረ-ገጽ እየከፈሉበት ነው።
እያንዳንዱ የጽሁፍ ለውጥ አንድ የስልክ ጥሪና ሶስት ቀን ያስወጣዎታል።

ሙሉውን በመገለጫችን ሊንክ ያገኙታል።

#MuleSoo #ሀበሻ #ኢትዮጵያ #ንግድ #ቴክኖሎጂ"
"2026-05-21","Thu","141","X","PROBLEM","","106","","ድረ-ገጽዎ ለመከፈት 6 ሰከንድ ይወስዳል።
ግማሾቹ ጎብኚዎች ሳይጠብቁ ወጥተዋል። ፍጥነት ቅንጦት አይደለም፤ የሱቅዎ በር ነው።

mulesoo.com #MuleSoo #ሀበሻ"
"2026-05-22","Fri","142","LinkedIn","EDUCATE","","135","","ፍጥነት የሚመጣው ከማይጫኑት ነገር ነው።

ከባድ ምስሎች፣ ስላይደሮች፣ የቪዲዮ ጀርባዎች — መጀመሪያ ይሰርዙ፤ ከዚያ ያሻሽሉ።

ነጻ የ30 ደቂቃ ምክክር ይያዙ፦ mulesoo.com

#MuleSoo #ሀበሻ #ኢትዮጵያ"
"2026-05-22","Fri","142","Instagram","EDUCATE","","128","","ዋጋዎን ይጻፉ።

መደበቅ አያሳንሰውም፤ እርግጠኛ እንዳልሆኑ ያስመስላል።

በ WhatsApp ይጻፉልን፦ wa.me/27688529333

#MuleSoo #ሀበሻ #ኢትዮጵያ #ንግድ #ቴክኖሎጂ #ዲጂታል #ቢዝነስ"
"2026-05-22","Fri","142","Facebook","EDUCATE","","102","","ምስሎችዎን ያሳንሱ።

4MB የሆነ ምስል የሆስቲንግ ችግር አይደለም፤ የምስል ችግር ነው።

ተጨማሪ ለማወቅ፦ mulesoo.com

#MuleSoo #ሀበሻ #ኢትዮጵያ"
"2026-05-22","Fri","142","TikTok","EDUCATE","","92","","አንድ ቁጥር ብቻ ይለኩ።
በሳምንት የሚመጡ ጥያቄዎች።

ሙሉውን በመገለጫችን ሊንክ ያገኙታል።

#MuleSoo #ሀበሻ #ኢትዮጵያ #ንግድ #ቴክኖሎጂ"
"2026-05-22","Fri","142","X","EDUCATE","","102","","የመነሻ ገጽዎ አንድ ስራ ብቻ አለው።
ምን እንደሚሰሩ፣ ለማን እንደሆነ፣ የት እንደሚጫኑ ይንገሩ። ቀሪው ሁሉ ጌጥ ነው።

mulesoo.com #MuleSoo #ሀበሻ"
"2026-05-23","Sat","143","LinkedIn","PROOF","yes","161","","በዚህ ወር የሰራነው፦

[እውነተኛ የደንበኛ ውጤት እዚህ ያስገቡ — ለምሳሌ፦ «የእገሌ ንግድ ቀጠሮዎች በ40% ጨመሩ»። እውነተኛ ውጤት ብቻ፤ በጭራሽ አይፈጠሩ።]

በ WhatsApp ይጻፉልን፦ wa.me/27688529333

#MuleSoo #ሀበሻ #ኢትዮጵያ"
"2026-05-23","Sat","143","Instagram","PROOF","yes","172","","በዚህ ወር የሰራነው፦

[እውነተኛ የደንበኛ ውጤት እዚህ ያስገቡ — ለምሳሌ፦ «የእገሌ ንግድ ቀጠሮዎች በ40% ጨመሩ»። እውነተኛ ውጤት ብቻ፤ በጭራሽ አይፈጠሩ።]

ተጨማሪ ለማወቅ፦ mulesoo.com

#MuleSoo #ሀበሻ #ኢትዮጵያ #ንግድ #ቴክኖሎጂ #ዲጂታል #ቢዝነስ"
"2026-05-23","Sat","143","Facebook","PROOF","yes","155","","በዚህ ወር የሰራነው፦

[እውነተኛ የደንበኛ ውጤት እዚህ ያስገቡ — ለምሳሌ፦ «የእገሌ ንግድ ቀጠሮዎች በ40% ጨመሩ»። እውነተኛ ውጤት ብቻ፤ በጭራሽ አይፈጠሩ።]

ዛሬውኑ ያናግሩን፦ wa.me/27688529333

#MuleSoo #ሀበሻ #ኢትዮጵያ"
"2026-05-23","Sat","143","TikTok","PROOF","yes","133","","በዚህ ወር የሰራነው፦
[እውነተኛ የደንበኛ ውጤት እዚህ ያስገቡ — ለምሳሌ፦ «የእገሌ ንግድ ቀጠሮዎች በ40% ጨመሩ»።

ሙሉውን በመገለጫችን ሊንክ ያገኙታል።

#MuleSoo #ሀበሻ #ኢትዮጵያ #ንግድ #ቴክኖሎጂ"
"2026-05-23","Sat","143","X","PROOF","yes","128","","በዚህ ወር የሰራነው፦
[እውነተኛ የደንበኛ ውጤት እዚህ ያስገቡ — ለምሳሌ፦ «የእገሌ ንግድ ቀጠሮዎች በ40% ጨመሩ»። እውነተኛ ውጤት ብቻ፤ በጭራሽ አይፈጠሩ።]

mulesoo.com #MuleSoo #ሀበሻ"
"2026-05-24","Sun","144","LinkedIn","MYTH","","147","","ብዙ ጊዜ የሚባል ነገር፦ «ለትንሽ ንግድ ድረ-ገጽ አያስፈልግም።»

እውነታው፦ ደንበኛዎ ግን መጀመሪያ ጉግል ላይ ይፈልግዎታል። እዚያ ከሌሉ፣ ለሌላው ይደውላል።

ተጨማሪ ለማወቅ፦ mulesoo.com

#MuleSoo #ሀበሻ #ኢትዮጵያ"
"2026-05-24","Sun","144","Instagram","MYTH","","192","","ብዙ ጊዜ የሚባል ነገር፦ «ድረ-ገጽ አንዴ ተሰርቶ ያበቃል።»

እውነታው፦ ድረ-ገጽ እንደ ሱቅ ነው — መስታወቱ ሁልጊዜ ንጹህ መሆን አለበት። ትንሽ እንክብካቤ ትልቅ ልዩነት ያመጣል።

ዛሬውኑ ያናግሩን፦ wa.me/27688529333

#MuleSoo #ሀበሻ #ኢትዮጵያ #ንግድ #ቴክኖሎጂ #ዲጂታል #ቢዝነስ"
"2026-05-24","Sun","144","Facebook","MYTH","","165","","ብዙ ጊዜ የሚባል ነገር፦ «ማህበራዊ ሚዲያ ካለኝ ድረ-ገጽ አያስፈልገኝም።»

እውነታው፦ ያ ገጽ የእርስዎ አይደለም፤ ተከራይተውታል። ህጎቹ ሲቀየሩ ንግድዎም አብሮ ይናወጣል።

ነጻ የ30 ደቂቃ ምክክር ይያዙ፦ mulesoo.com

#MuleSoo #ሀበሻ #ኢትዮጵያ"
"2026-05-24","Sun","144","TikTok","MYTH","","156","","ብዙ ጊዜ የሚባል ነገር፦ «ደንበኞቼ ኢንተርኔት አይጠቀሙም።»
እውነታው፦ ልጆቻቸው ግን ይጠቀማሉ — እና የቤተሰቡን ውሳኔ ብዙ ጊዜ የሚመሩት እነሱ ናቸው።

ሙሉውን በመገለጫችን ሊንክ ያገኙታል።

#MuleSoo #ሀበሻ #ኢትዮጵያ #ንግድ #ቴክኖሎጂ"
"2026-05-24","Sun","144","X","MYTH","","122","","ብዙ ጊዜ የሚባል ነገር፦ «አውቶሜሽን ሰራተኞችን ያስወግዳል።»
እውነታው፦ አይደለም — አሰልቺውን ስራ ይወስዳል። ሰዎችዎ ለሚከፍለው ስራ ጊዜ ያገኛሉ።

mulesoo.com #MuleSoo #ሀበሻ"
"2026-05-25","Mon","145","LinkedIn","BEHIND","","148","","ዛሬ ከአዲስ ደንበኛ ጋር የመጀመሪያ ስብሰባ ነበረን።

አንድም ጊዜ ስለ ቴክኖሎጂ አልተነጋገርንም — ስለ ንግዱ ብቻ። ኮዱ የሚመጣው ከዚያ በኋላ ነው።

ዛሬውኑ ያናግሩን፦ wa.me/27688529333

#MuleSoo #ሀበሻ #ኢትዮጵያ"
"2026-05-25","Mon","145","Instagram","BEHIND","","139","","ከመጨመራችን በፊት እንቀንሳለን።

የመጀመሪያው ስራችን ደንበኛው የማይፈልገውን ማስወገድ ነው።

ነጻ የ30 ደቂቃ ምክክር ይያዙ፦ mulesoo.com

#MuleSoo #ሀበሻ #ኢትዮጵያ #ንግድ #ቴክኖሎጂ #ዲጂታል #ቢዝነስ"
"2026-05-25","Mon","145","Facebook","BEHIND","","122","","የእኛ ስብሰባዎች 30 ደቂቃ ናቸው።

ከዚያ በላይ ከወሰደ፣ ችግሩ አጀንዳው ሳይሆን ዝግጅታችን ነው።

በ WhatsApp ይጻፉልን፦ wa.me/27688529333

#MuleSoo #ሀበሻ #ኢትዮጵያ"
"2026-05-25","Mon","145","TikTok","BEHIND","","106","","ኮድ ከመጻፍ በፊት እንቆጥራለን።
ስንት ጎብኚ፣ ስንት ጥያቄ፣ ስንት ሽያጭ።

ሙሉውን በመገለጫችን ሊንክ ያገኙታል።

#MuleSoo #ሀበሻ #ኢትዮጵያ #ንግድ #ቴክኖሎጂ"
"2026-05-25","Mon","145","X","BEHIND","","98","","አዲስ ሰው ስንቀጥር የመጀመሪያ ጥያቄያችን፦ «ማስረዳት ይችላሉ?»
ኮድ መጻፍ ይማራል፤ ግልጽነት ግን ባህሪ ነው።

mulesoo.com #MuleSoo #ሀበሻ"
"2026-05-26","Tue","146","LinkedIn","PROMO","","124","","ገና በ gmail ነው የሚሰሩት?

የ @yourbusiness ኢሜይል ያሳምራል፤ ያሳምናል። ከ R400 ጀምሮ።

ነጻ የ30 ደቂቃ ምክክር ይያዙ፦ mulesoo.com

#MuleSoo #ሀበሻ #ኢትዮጵያ"
"2026-05-26","Tue","146","Instagram","PROMO","","160","","አሰልቺው የቢሮ ስራ ራሱን ይስራ።

የ AI አውቶሜሽን ስርዓቶቻችን ደረሰኝ ይልካሉ፣ ቀጠሮ ያስይዛሉ፣ ደንበኛ ይከታተላሉ።

በ WhatsApp ይጻፉልን፦ wa.me/27688529333

#MuleSoo #ሀበሻ #ኢትዮጵያ #ንግድ #ቴክኖሎጂ #ዲጂታል #ቢዝነስ"
"2026-05-26","Tue","146","Facebook","PROMO","","110","","ድረ-ገጽ ይፈልጋሉ?

ጎብኚን ወደ ከፋይ ደንበኛ የሚቀይር ድረ-ገጽ እንሰራለን። ከ R3,500 ጀምሮ።

ተጨማሪ ለማወቅ፦ mulesoo.com

#MuleSoo #ሀበሻ #ኢትዮጵያ"
"2026-05-26","Tue","146","TikTok","PROMO","","110","","ሎጎዎ ማን እንደሆኑ ይናገራል?
በአንድ እይታ የሚታወስ የምርት መለያ እንሰራለን።

ሙሉውን በመገለጫችን ሊንክ ያገኙታል።

#MuleSoo #ሀበሻ #ኢትዮጵያ #ንግድ #ቴክኖሎጂ"
"2026-05-26","Tue","146","X","PROMO","","94","","ገና በ gmail ነው የሚሰሩት?
የ @yourbusiness ኢሜይል ያሳምራል፤ ያሳምናል። ከ R400 ጀምሮ።

mulesoo.com #MuleSoo #ሀበሻ"
"2026-05-27","Wed","147","LinkedIn","HUMAN","","128","","እኛ ስንተኛ ስልካችን ጸጥ ይላል ብለን እናስባለን።

ቻትቦታችን ግን በዚያው ሌሊት ሶስት ቀጠሮ ይዞ ያድራል።

በ WhatsApp ይጻፉልን፦ wa.me/27688529333

#MuleSoo #ሀበሻ #ኢትዮጵያ"
"2026-05-27","Wed","147","Instagram","HUMAN","","133","","ልጆቻችን ስራችንን ሲጠየቁ፦ «ኮምፒውተር ይነካካሉ» ይላሉ።

ትክክል ናቸው። በጣም እንነካካለን። 😄

ተጨማሪ ለማወቅ፦ mulesoo.com

#MuleSoo #ሀበሻ #ኢትዮጵያ #ንግድ #ቴክኖሎጂ #ዲጂታል #ቢዝነስ"
"2026-05-27","Wed","147","Facebook","HUMAN","","143","","የሰማነው፦ «እንደ Apple ድረ-ገጽ ይሁን — ግን ብዙ ነገር ጨምሩበት።»

ይህ ዓረፍተ ነገር ራሱን ይቃረናል። ፈገግ ብለን እናስረዳለን። 😄

ዛሬውኑ ያናግሩን፦ wa.me/27688529333

#MuleSoo #ሀበሻ #ኢትዮጵያ"
"2026-05-27","Wed","147","TikTok","HUMAN","","113","","የሰማነው፦ «ትንሽ ለውጥ ነው» የሚለው ዓረፍተ ነገር…
በአማካይ ሶስት ቀን ይወስዳል።

ሙሉውን በመገለጫችን ሊንክ ያገኙታል።

#MuleSoo #ሀበሻ #ኢትዮጵያ #ንግድ #ቴክኖሎጂ"
"2026-05-27","Wed","147","X","HUMAN","","78","","በበዓል ቀንም «ድረ-ገጹ ደህና ነው?» ብለን እንፈትሻለን።
አዎ፣ እንደዚህ ነን።

mulesoo.com #MuleSoo #ሀበሻ"
"2026-05-28","Thu","148","LinkedIn","PROBLEM","","108","","ዋጋ ማቅረቢያ በእጅ ይሰራሉ።

በሳምንት 4 ሰዓት ነው። በዓመት አምስት የስራ ሳምንት ማለት ነው።

ተጨማሪ ለማወቅ፦ mulesoo.com

#MuleSoo #ሀበሻ #ኢትዮጵያ"
"2026-05-28","Thu","148","Instagram","PROBLEM","","138","","ደረሰኞችዎ ዘግይተው ይወጣሉ።

የገንዘብ ፍሰት የሂሳብ ችግር አይደለም፤ የአስተዳደር ችግር ነው።

ዛሬውኑ ያናግሩን፦ wa.me/27688529333

#MuleSoo #ሀበሻ #ኢትዮጵያ #ንግድ #ቴክኖሎጂ #ዲጂታል #ቢዝነስ"
"2026-05-28","Thu","148","Facebook","PROBLEM","","115","","ለጥያቄ መልስ የሚሰጡት በሁለት ቀን ነው።

ስራውን ያገኘው ግን በሁለት ሰዓት የመለሰው ነው።

ነጻ የ30 ደቂቃ ምክክር ይያዙ፦ mulesoo.com

#MuleSoo #ሀበሻ #ኢትዮጵያ"
"2026-05-28","Thu","148","TikTok","PROBLEM","","122","","ደንበኞችዎ ከየት እንደመጡ አያውቁም።
ስለዚህ በሚሰራው መንገድ ላይ ተጨማሪ ገንዘብ ማዋል አይችሉም።

ሙሉውን በመገለጫችን ሊንክ ያገኙታል።

#MuleSoo #ሀበሻ #ኢትዮጵያ #ንግድ #ቴክኖሎጂ"
"2026-05-28","Thu","148","X","PROBLEM","","100","","አንድ ጥያቄ በሳምንት 30 ጊዜ በዋትስአፕ ይመልሳሉ።
ያ የደንበኛ አገልግሎት አይደለም፤ ገና ያልተሰራ ቻትቦት ነው።

mulesoo.com #MuleSoo #ሀበሻ"
"2026-05-29","Fri","149","LinkedIn","EDUCATE","","117","","የገዙት ኮድ የእርስዎ ይሁን።

ገንቢው ሲጠፋ ድረ-ገጽዎም አብሮ ከጠፋ፣ አልገዙትም — ተከራይተውታል።

ዛሬውኑ ያናግሩን፦ wa.me/27688529333

#MuleSoo #ሀበሻ #ኢትዮጵያ"
"2026-05-29","Fri","149","Instagram","EDUCATE","","151","","እያንዳንዱ የቅጽ መስክ ደንበኛ ያስከፍላል።

ለመመለስ የሚያስፈልገውን ብቻ ይጠይቁ። ሌላው ሁሉ መጠበቅ ይችላል።

ነጻ የ30 ደቂቃ ምክክር ይያዙ፦ mulesoo.com

#MuleSoo #ሀበሻ #ኢትዮጵያ #ንግድ #ቴክኖሎጂ #ዲጂታል #ቢዝነስ"
"2026-05-29","Fri","149","Facebook","EDUCATE","","134","","ግምገማዎችዎ የእርስዎ SEO ናቸው።

እውነተኛ ግምገማ ያለው የጉግል ቢዝነስ ፕሮፋይል ከቆንጆ ድረ-ገጽ በላይ ይወጣል።

በ WhatsApp ይጻፉልን፦ wa.me/27688529333

#MuleSoo #ሀበሻ #ኢትዮጵያ"
"2026-05-29","Fri","149","TikTok","EDUCATE","","111","","የመብራት መቆራረጥ የዲዛይን ግዴታ ነው።
ለተቆራረጠ ኢንተርኔት አስቀድመው ይንደፉ።

ሙሉውን በመገለጫችን ሊንክ ያገኙታል።

#MuleSoo #ሀበሻ #ኢትዮጵያ #ንግድ #ቴክኖሎጂ"
"2026-05-29","Fri","149","X","EDUCATE","","89","","ሰዎች አያነቡም፤ በዓይን ይቃኛሉ።
አጫጭር አንቀጾች። ግልጽ ርዕሶች። በአንድ ስክሪን አንድ ሀሳብ።

mulesoo.com #MuleSoo #ሀበሻ"
"2026-05-30","Sat","150","LinkedIn","PROOF","yes","158","","በዚህ ወር የሰራነው፦

[እውነተኛ የደንበኛ ውጤት እዚህ ያስገቡ — ለምሳሌ፦ «የእገሌ ንግድ ቀጠሮዎች በ40% ጨመሩ»። እውነተኛ ውጤት ብቻ፤ በጭራሽ አይፈጠሩ።]

ነጻ የ30 ደቂቃ ምክክር ይያዙ፦ mulesoo.com

#MuleSoo #ሀበሻ #ኢትዮጵያ"
"2026-05-30","Sat","150","Instagram","PROOF","yes","185","","በዚህ ወር የሰራነው፦

[እውነተኛ የደንበኛ ውጤት እዚህ ያስገቡ — ለምሳሌ፦ «የእገሌ ንግድ ቀጠሮዎች በ40% ጨመሩ»። እውነተኛ ውጤት ብቻ፤ በጭራሽ አይፈጠሩ።]

በ WhatsApp ይጻፉልን፦ wa.me/27688529333

#MuleSoo #ሀበሻ #ኢትዮጵያ #ንግድ #ቴክኖሎጂ #ዲጂታል #ቢዝነስ"
"2026-05-30","Sat","150","Facebook","PROOF","yes","148","","በዚህ ወር የሰራነው፦

[እውነተኛ የደንበኛ ውጤት እዚህ ያስገቡ — ለምሳሌ፦ «የእገሌ ንግድ ቀጠሮዎች በ40% ጨመሩ»። እውነተኛ ውጤት ብቻ፤ በጭራሽ አይፈጠሩ።]

ተጨማሪ ለማወቅ፦ mulesoo.com

#MuleSoo #ሀበሻ #ኢትዮጵያ"
"2026-05-30","Sat","150","TikTok","PROOF","yes","133","","በዚህ ወር የሰራነው፦
[እውነተኛ የደንበኛ ውጤት እዚህ ያስገቡ — ለምሳሌ፦ «የእገሌ ንግድ ቀጠሮዎች በ40% ጨመሩ»።

ሙሉውን በመገለጫችን ሊንክ ያገኙታል።

#MuleSoo #ሀበሻ #ኢትዮጵያ #ንግድ #ቴክኖሎጂ"
"2026-05-30","Sat","150","X","PROOF","yes","128","","በዚህ ወር የሰራነው፦
[እውነተኛ የደንበኛ ውጤት እዚህ ያስገቡ — ለምሳሌ፦ «የእገሌ ንግድ ቀጠሮዎች በ40% ጨመሩ»። እውነተኛ ውጤት ብቻ፤ በጭራሽ አይፈጠሩ።]

mulesoo.com #MuleSoo #ሀበሻ"
"2026-05-31","Sun","151","LinkedIn","MYTH","","168","","ብዙ ጊዜ የሚባል ነገር፦ «ቻትቦት ደንበኞችን ያስቀይማል።»

እውነታው፦ የሚያስቀይመው መልስ አለማግኘት ነው። ጥሩ ቻትቦት በሰከንድ ይመልሳል፤ ሰው ሲያስፈልግ ያስተላልፋል።

በ WhatsApp ይጻፉልን፦ wa.me/27688529333

#MuleSoo #ሀበሻ #ኢትዮጵያ"
"2026-05-31","Sun","151","Instagram","MYTH","","183","","ብዙ ጊዜ የሚባል ነገር፦ «AI ውድ ነው፤ ለትልልቅ ኩባንያዎች ብቻ ነው።»

እውነታው፦ ዛሬ ቻትቦት ከአንድ ሰራተኛ ወርሃዊ ደመወዝ ባነሰ ዋጋ ይሰራል — እና እረፍት አይጠይቅም።

ተጨማሪ ለማወቅ፦ mulesoo.com

#MuleSoo #ሀበሻ #ኢትዮጵያ #ንግድ #ቴክኖሎጂ #ዲጂታል #ቢዝነስ"
"2026-05-31","Sun","151","Facebook","MYTH","","143","","ብዙ ጊዜ የሚባል ነገር፦ «ሎጎ ማንኛውም ሰው መስራት ይችላል።»

እውነታው፦ ሎጎ ስዕል ብቻ አይደለም፤ በመጀመሪያ እይታ የሚቀር ማህተም ነው።

ዛሬውኑ ያናግሩን፦ wa.me/27688529333

#MuleSoo #ሀበሻ #ኢትዮጵያ"
"2026-05-31","Sun","151","TikTok","MYTH","","119","","ብዙ ጊዜ የሚባል ነገር፦ «ውድ ድረ-ገጽ ጥሩ ድረ-ገጽ ነው።»
እውነታው፦ ዋጋ ጥራት አይደለም።

ሙሉውን በመገለጫችን ሊንክ ያገኙታል።

#MuleSoo #ሀበሻ #ኢትዮጵያ #ንግድ #ቴክኖሎጂ"
"2026-05-31","Sun","151","X","MYTH","","121","","ብዙ ጊዜ የሚባል ነገር፦ «QR ኮድ ጊዜው አልፎበታል።»
እውነታው፦ ዛሬ በሁሉም ጠረጴዛ ላይ ነው። ትክክለኛው ጥያቄ፦ ስንት ሰው እንደቃኘው ያውቃሉ?

mulesoo.com #MuleSoo #ሀበሻ"
"2026-06-01","Mon","152","LinkedIn","BEHIND","","113","","እያንዳንዱን ድረ-ገጽ በትንሹ ስክሪን ላይ እንፈትሻለን።

በትንሹ ስልክ ላይ ከሰራ፣ በሁሉም ላይ ይሰራል።

ተጨማሪ ለማወቅ፦ mulesoo.com

#MuleSoo #ሀበሻ #ኢትዮጵያ"
"2026-06-01","Mon","152","Instagram","BEHIND","","135","","ዛሬ አንድ ፕሮጀክት አልተቀበልንም።

ትክክለኛው ስራ ካልሆነ፣ ገንዘቡም ትክክለኛ አይደለም።

ዛሬውኑ ያናግሩን፦ wa.me/27688529333

#MuleSoo #ሀበሻ #ኢትዮጵያ #ንግድ #ቴክኖሎጂ #ዲጂታል #ቢዝነስ"
"2026-06-01","Mon","152","Facebook","BEHIND","","143","","ደንበኛ «ትንሽ ለውጥ» ሲል እንሳቀቅ ነበር።

አሁን ግን እያንዳንዱ ደንበኛ ራሱ የሚያስተካክልበት አድሚን ፓነል እንሰጣለን። ሰላም ሆነ።

ነጻ የ30 ደቂቃ ምክክር ይያዙ፦ mulesoo.com

#MuleSoo #ሀበሻ #ኢትዮጵያ"
"2026-06-01","Mon","152","TikTok","BEHIND","","122","","የደንበኞቻችንን ድረ-ገጾች በየቀኑ እንቃኛለን።
ችግርን ከደንበኛው በፊት ማየት የስራችን አካል ነው።

ሙሉውን በመገለጫችን ሊንክ ያገኙታል።

#MuleSoo #ሀበሻ #ኢትዮጵያ #ንግድ #ቴክኖሎጂ"
"2026-06-01","Mon","152","X","BEHIND","","117","","ትልቁ ደስታችን ደንበኛ «ራሴ አስተካከልኩት» ሲለን ነው።
ስርዓቱ የእሱ ነውና። እኛ የሰራነው መሳሪያውን ነው፤ ንግዱን የሚያሳድገው እሱ ነው።

mulesoo.com #MuleSoo #ሀበሻ"
"2026-06-02","Tue","153","LinkedIn","PROMO","","139","","ቀጠሮ፣ ክፍያ፣ ማስታወሻ — ሁሉም በራሱ ይስራ።

የ Auto Pilot ስርዓታችን ንግድዎን በእንቅልፍዎም ያንቀሳቅሳል። ዋጋ በፕሮጀክት።

ዛሬውኑ ያናግሩን፦ wa.me/27688529333

#MuleSoo #ሀበሻ #ኢትዮጵያ"
"2026-06-02","Tue","153","Instagram","PROMO","","141","","ንግድዎ የሚፈልገው መተግበሪያ ገበያ ላይ የለም?

እንሰራዋለን — ልክ ለእርስዎ አሰራር የተሰፋ።

ነጻ የ30 ደቂቃ ምክክር ይያዙ፦ mulesoo.com

#MuleSoo #ሀበሻ #ኢትዮጵያ #ንግድ #ቴክኖሎጂ #ዲጂታል #ቢዝነስ"
"2026-06-02","Tue","153","Facebook","PROMO","","138","","ሌሊት የሚመልስ ሰራተኛ ይፈልጋሉ?

ቻትቦታችን በሌሊትም ይመልሳል — እርስዎ ይተኛሉ፣ ንግድዎ ይሰራል። ከ R2,500 ጀምሮ።

በ WhatsApp ይጻፉልን፦ wa.me/27688529333

#MuleSoo #ሀበሻ #ኢትዮጵያ"
"2026-06-02","Tue","153","TikTok","PROMO","","149","","ወረቀት ላይ ያለ ተራ QR ኮድ በቂ አይደለም።
ማን፣ መቼ፣ ስንት ጊዜ እንደቃኘው የሚነግርዎ የምርትዎን ቀለም የያዘ ኮድ — ከ R300 ጀምሮ።

ሙሉውን በመገለጫችን ሊንክ ያገኙታል።

#MuleSoo #ሀበሻ #ኢትዮጵያ #ንግድ #ቴክኖሎጂ"
"2026-06-02","Tue","153","X","PROMO","","112","","ቀጠሮ፣ ክፍያ፣ ማስታወሻ — ሁሉም በራሱ ይስራ።
የ Auto Pilot ስርዓታችን ንግድዎን በእንቅልፍዎም ያንቀሳቅሳል። ዋጋ በፕሮጀክት።

mulesoo.com #MuleSoo #ሀበሻ"
"2026-06-03","Wed","154","LinkedIn","HUMAN","","111","","WiFi ሲጠፋ የቢሮአችን ድምጽ፦ ጸጥታ።

ከዚያ ሁሉም ወደ ስልክ ዳታ። ስራ አይቆምም።

ነጻ የ30 ደቂቃ ምክክር ይያዙ፦ mulesoo.com

#MuleSoo #ሀበሻ #ኢትዮጵያ"
"2026-06-03","Wed","154","Instagram","HUMAN","","161","","በሳምንት አንድ ጊዜ ራሳችንን እንጠይቃለን፦

«ይህን ደንበኛው በራሱ ማድረግ ይችላል?» መልሱ አዎ ከሆነ፣ እናስተምረዋለን።

በ WhatsApp ይጻፉልን፦ wa.me/27688529333

#MuleSoo #ሀበሻ #ኢትዮጵያ #ንግድ #ቴክኖሎጂ #ዲጂታል #ቢዝነስ"
"2026-06-03","Wed","154","Facebook","HUMAN","","111","","እያንዳንዱ የሎጎ ማስተካከያ ጥያቄ የሚመጣው እኩለ ሌሊት ላይ ነው።

ለምን እንደሆነ መጠየቅ አቁመናል።

ተጨማሪ ለማወቅ፦ mulesoo.com

#MuleSoo #ሀበሻ #ኢትዮጵያ"
"2026-06-03","Wed","154","TikTok","HUMAN","","103","","ስንት ቡና እንደጠጣን አንቆጥርም።
የደንበኞቻችን ሽያጭ ግን ይቆጠራል።

ሙሉውን በመገለጫችን ሊንክ ያገኙታል።

#MuleSoo #ሀበሻ #ኢትዮጵያ #ንግድ #ቴክኖሎጂ"
"2026-06-03","Wed","154","X","HUMAN","","99","","ደንበኛ፦ «መቼ ይደርሳል?» እኛ፦ «ነገ።»
ነገ ማለታችን ግን በእውነት ነገ ነው። ያልተለመደ መሆኑን እናውቃለን።

mulesoo.com #MuleSoo #ሀበሻ"
"2026-06-04","Thu","155","LinkedIn","PROBLEM","","123","","ጉግል ላይ አይገኙም።

ትንሽ ስለሆኑ አይደለም — ገጾችዎ መኖራቸውን ለጉግል ማንም ስላልነገረው ነው።

በ WhatsApp ይጻፉልን፦ wa.me/27688529333

#MuleSoo #ሀበሻ #ኢትዮጵያ"
"2026-06-04","Thu","155","Instagram","PROBLEM","","118","","ዋጋዎ ድረ-ገጽዎ ላይ የለም።

ሰዎች «ውድ ይሆናል» ብለው ገምተው ይሄዳሉ።

ተጨማሪ ለማወቅ፦ mulesoo.com

#MuleSoo #ሀበሻ #ኢትዮጵያ #ንግድ #ቴክኖሎጂ #ዲጂታል #ቢዝነስ"
"2026-06-04","Thu","155","Facebook","PROBLEM","","130","","ማስተካከል የማይችሉት ድረ-ገጽ እየከፈሉበት ነው።

እያንዳንዱ የጽሁፍ ለውጥ አንድ የስልክ ጥሪና ሶስት ቀን ያስወጣዎታል።

ዛሬውኑ ያናግሩን፦ wa.me/27688529333

#MuleSoo #ሀበሻ #ኢትዮጵያ"
"2026-06-04","Thu","155","TikTok","PROBLEM","","109","","ድረ-ገጽዎ ለመከፈት 6 ሰከንድ ይወስዳል።
ግማሾቹ ጎብኚዎች ሳይጠብቁ ወጥተዋል።

ሙሉውን በመገለጫችን ሊንክ ያገኙታል።

#MuleSoo #ሀበሻ #ኢትዮጵያ #ንግድ #ቴክኖሎጂ"
"2026-06-04","Thu","155","X","PROBLEM","","100","","የንግድዎ ኢሜይል በ gmail ይጨርሳል።
ትልልቅ ደንበኞች ያስተውላሉ። ምንም አይሉም — ዝም ብለው መልስ አይሰጡም።

mulesoo.com #MuleSoo #ሀበሻ"
"2026-06-05","Fri","156","LinkedIn","EDUCATE","","91","","ዋጋዎን ይጻፉ።

መደበቅ አያሳንሰውም፤ እርግጠኛ እንዳልሆኑ ያስመስላል።

ተጨማሪ ለማወቅ፦ mulesoo.com

#MuleSoo #ሀበሻ #ኢትዮጵያ"
"2026-06-05","Fri","156","Instagram","EDUCATE","","133","","ምስሎችዎን ያሳንሱ።

4MB የሆነ ምስል የሆስቲንግ ችግር አይደለም፤ የምስል ችግር ነው።

ዛሬውኑ ያናግሩን፦ wa.me/27688529333

#MuleSoo #ሀበሻ #ኢትዮጵያ #ንግድ #ቴክኖሎጂ #ዲጂታል #ቢዝነስ"
"2026-06-05","Fri","156","Facebook","EDUCATE","","117","","አንድ ቁጥር ብቻ ይለኩ።

በሳምንት የሚመጡ ጥያቄዎች። ያንን የማያንቀሳቅስ ነገር ሁሉ ጌጥ ነው።

ነጻ የ30 ደቂቃ ምክክር ይያዙ፦ mulesoo.com

#MuleSoo #ሀበሻ #ኢትዮጵያ"
"2026-06-05","Fri","156","TikTok","EDUCATE","","120","","የመነሻ ገጽዎ አንድ ስራ ብቻ አለው።
ምን እንደሚሰሩ፣ ለማን እንደሆነ፣ የት እንደሚጫኑ ይንገሩ።

ሙሉውን በመገለጫችን ሊንክ ያገኙታል።

#MuleSoo #ሀበሻ #ኢትዮጵያ #ንግድ #ቴክኖሎጂ"
"2026-06-05","Fri","156","X","EDUCATE","","97","","ከሎጎ በፊት ዶሜይን ይግዙ።
ስሞች ይቀየራሉ። መጀመሪያ .com ወይም .co.za ያዙ፤ ከዚያ ዙሪያውን ይንደፉ።

mulesoo.com #MuleSoo #ሀበሻ"
"2026-06-06","Sat","157","LinkedIn","PROOF","yes","155","","በዚህ ወር የሰራነው፦

[እውነተኛ የደንበኛ ውጤት እዚህ ያስገቡ — ለምሳሌ፦ «የእገሌ ንግድ ቀጠሮዎች በ40% ጨመሩ»። እውነተኛ ውጤት ብቻ፤ በጭራሽ አይፈጠሩ።]

ዛሬውኑ ያናግሩን፦ wa.me/27688529333

#MuleSoo #ሀበሻ #ኢትዮጵያ"
"2026-06-06","Sat","157","Instagram","PROOF","yes","182","","በዚህ ወር የሰራነው፦

[እውነተኛ የደንበኛ ውጤት እዚህ ያስገቡ — ለምሳሌ፦ «የእገሌ ንግድ ቀጠሮዎች በ40% ጨመሩ»። እውነተኛ ውጤት ብቻ፤ በጭራሽ አይፈጠሩ።]

ነጻ የ30 ደቂቃ ምክክር ይያዙ፦ mulesoo.com

#MuleSoo #ሀበሻ #ኢትዮጵያ #ንግድ #ቴክኖሎጂ #ዲጂታል #ቢዝነስ"
"2026-06-06","Sat","157","Facebook","PROOF","yes","161","","በዚህ ወር የሰራነው፦

[እውነተኛ የደንበኛ ውጤት እዚህ ያስገቡ — ለምሳሌ፦ «የእገሌ ንግድ ቀጠሮዎች በ40% ጨመሩ»። እውነተኛ ውጤት ብቻ፤ በጭራሽ አይፈጠሩ።]

በ WhatsApp ይጻፉልን፦ wa.me/27688529333

#MuleSoo #ሀበሻ #ኢትዮጵያ"
"2026-06-06","Sat","157","TikTok","PROOF","yes","133","","በዚህ ወር የሰራነው፦
[እውነተኛ የደንበኛ ውጤት እዚህ ያስገቡ — ለምሳሌ፦ «የእገሌ ንግድ ቀጠሮዎች በ40% ጨመሩ»።

ሙሉውን በመገለጫችን ሊንክ ያገኙታል።

#MuleSoo #ሀበሻ #ኢትዮጵያ #ንግድ #ቴክኖሎጂ"
"2026-06-06","Sat","157","X","PROOF","yes","128","","በዚህ ወር የሰራነው፦
[እውነተኛ የደንበኛ ውጤት እዚህ ያስገቡ — ለምሳሌ፦ «የእገሌ ንግድ ቀጠሮዎች በ40% ጨመሩ»። እውነተኛ ውጤት ብቻ፤ በጭራሽ አይፈጠሩ።]

mulesoo.com #MuleSoo #ሀበሻ"
"2026-06-07","Sun","158","LinkedIn","MYTH","","171","","ብዙ ጊዜ የሚባል ነገር፦ «ድረ-ገጽ አንዴ ተሰርቶ ያበቃል።»

እውነታው፦ ድረ-ገጽ እንደ ሱቅ ነው — መስታወቱ ሁልጊዜ ንጹህ መሆን አለበት። ትንሽ እንክብካቤ ትልቅ ልዩነት ያመጣል።

ነጻ የ30 ደቂቃ ምክክር ይያዙ፦ mulesoo.com

#MuleSoo #ሀበሻ #ኢትዮጵያ"
"2026-06-07","Sun","158","Instagram","MYTH","","192","","ብዙ ጊዜ የሚባል ነገር፦ «ማህበራዊ ሚዲያ ካለኝ ድረ-ገጽ አያስፈልገኝም።»

እውነታው፦ ያ ገጽ የእርስዎ አይደለም፤ ተከራይተውታል። ህጎቹ ሲቀየሩ ንግድዎም አብሮ ይናወጣል።

በ WhatsApp ይጻፉልን፦ wa.me/27688529333

#MuleSoo #ሀበሻ #ኢትዮጵያ #ንግድ #ቴክኖሎጂ #ዲጂታል #ቢዝነስ"
"2026-06-07","Sun","158","Facebook","MYTH","","144","","ብዙ ጊዜ የሚባል ነገር፦ «ደንበኞቼ ኢንተርኔት አይጠቀሙም።»

እውነታው፦ ልጆቻቸው ግን ይጠቀማሉ — እና የቤተሰቡን ውሳኔ ብዙ ጊዜ የሚመሩት እነሱ ናቸው።

ተጨማሪ ለማወቅ፦ mulesoo.com

#MuleSoo #ሀበሻ #ኢትዮጵያ"
"2026-06-07","Sun","158","TikTok","MYTH","","130","","ብዙ ጊዜ የሚባል ነገር፦ «አውቶሜሽን ሰራተኞችን ያስወግዳል።»
እውነታው፦ አይደለም — አሰልቺውን ስራ ይወስዳል።

ሙሉውን በመገለጫችን ሊንክ ያገኙታል።

#MuleSoo #ሀበሻ #ኢትዮጵያ #ንግድ #ቴክኖሎጂ"
"2026-06-07","Sun","158","X","MYTH","","127","","ብዙ ጊዜ የሚባል ነገር፦ «ለትንሽ ንግድ ድረ-ገጽ አያስፈልግም።»
እውነታው፦ ደንበኛዎ ግን መጀመሪያ ጉግል ላይ ይፈልግዎታል። እዚያ ከሌሉ፣ ለሌላው ይደውላል።

mulesoo.com #MuleSoo #ሀበሻ"
"2026-06-08","Mon","159","LinkedIn","BEHIND","","118","","ከመጨመራችን በፊት እንቀንሳለን።

የመጀመሪያው ስራችን ደንበኛው የማይፈልገውን ማስወገድ ነው።

በ WhatsApp ይጻፉልን፦ wa.me/27688529333

#MuleSoo #ሀበሻ #ኢትዮጵያ"
"2026-06-08","Mon","159","Instagram","BEHIND","","133","","የእኛ ስብሰባዎች 30 ደቂቃ ናቸው።

ከዚያ በላይ ከወሰደ፣ ችግሩ አጀንዳው ሳይሆን ዝግጅታችን ነው።

ተጨማሪ ለማወቅ፦ mulesoo.com

#MuleSoo #ሀበሻ #ኢትዮጵያ #ንግድ #ቴክኖሎጂ #ዲጂታል #ቢዝነስ"
"2026-06-08","Mon","159","Facebook","BEHIND","","126","","ኮድ ከመጻፍ በፊት እንቆጥራለን።

ስንት ጎብኚ፣ ስንት ጥያቄ፣ ስንት ሽያጭ። ቁጥር የሌለው ዲዛይን ግምት ብቻ ነው።

ዛሬውኑ ያናግሩን፦ wa.me/27688529333

#MuleSoo #ሀበሻ #ኢትዮጵያ"
"2026-06-08","Mon","159","TikTok","BEHIND","","130","","አዲስ ሰው ስንቀጥር የመጀመሪያ ጥያቄያችን፦ «ማስረዳት ይችላሉ?»
ኮድ መጻፍ ይማራል፤ ግልጽነት ግን ባህሪ ነው።

ሙሉውን በመገለጫችን ሊንክ ያገኙታል።

#MuleSoo #ሀበሻ #ኢትዮጵያ #ንግድ #ቴክኖሎጂ"
"2026-06-08","Mon","159","X","BEHIND","","121","","ዛሬ ከአዲስ ደንበኛ ጋር የመጀመሪያ ስብሰባ ነበረን።
አንድም ጊዜ ስለ ቴክኖሎጂ አልተነጋገርንም — ስለ ንግዱ ብቻ። ኮዱ የሚመጣው ከዚያ በኋላ ነው።

mulesoo.com #MuleSoo #ሀበሻ"
"2026-06-09","Tue","160","LinkedIn","PROMO","","123","","አሰልቺው የቢሮ ስራ ራሱን ይስራ።

የ AI አውቶሜሽን ስርዓቶቻችን ደረሰኝ ይልካሉ፣ ቀጠሮ ያስይዛሉ፣ ደንበኛ ይከታተላሉ።

ተጨማሪ ለማወቅ፦ mulesoo.com

#MuleSoo #ሀበሻ #ኢትዮጵያ"
"2026-06-09","Tue","160","Instagram","PROMO","","141","","ድረ-ገጽ ይፈልጋሉ?

ጎብኚን ወደ ከፋይ ደንበኛ የሚቀይር ድረ-ገጽ እንሰራለን። ከ R3,500 ጀምሮ።

ዛሬውኑ ያናግሩን፦ wa.me/27688529333

#MuleSoo #ሀበሻ #ኢትዮጵያ #ንግድ #ቴክኖሎጂ #ዲጂታል #ቢዝነስ"
"2026-06-09","Tue","160","Facebook","PROMO","","120","","ሎጎዎ ማን እንደሆኑ ይናገራል?

በአንድ እይታ የሚታወስ የምርት መለያ እንሰራለን። ከ R800 ጀምሮ።

ነጻ የ30 ደቂቃ ምክክር ይያዙ፦ mulesoo.com

#MuleSoo #ሀበሻ #ኢትዮጵያ"
"2026-06-09","Tue","160","TikTok","PROMO","","114","","ገና በ gmail ነው የሚሰሩት?
የ @yourbusiness ኢሜይል ያሳምራል፤ ያሳምናል።

ሙሉውን በመገለጫችን ሊንክ ያገኙታል።

#MuleSoo #ሀበሻ #ኢትዮጵያ #ንግድ #ቴክኖሎጂ"
"2026-06-09","Tue","160","X","PROMO","","103","","አሰልቺው የቢሮ ስራ ራሱን ይስራ።
የ AI አውቶሜሽን ስርዓቶቻችን ደረሰኝ ይልካሉ፣ ቀጠሮ ያስይዛሉ፣ ደንበኛ ይከታተላሉ።

mulesoo.com #MuleSoo #ሀበሻ"
"2026-06-10","Wed","161","LinkedIn","HUMAN","","114","","ልጆቻችን ስራችንን ሲጠየቁ፦ «ኮምፒውተር ይነካካሉ» ይላሉ።

ትክክል ናቸው። በጣም እንነካካለን።

ዛሬውኑ ያናግሩን፦ wa.me/27688529333

#MuleSoo #ሀበሻ #ኢትዮጵያ"
"2026-06-10","Wed","161","Instagram","HUMAN","","170","","የሰማነው፦ «እንደ Apple ድረ-ገጽ ይሁን — ግን ብዙ ነገር ጨምሩበት።»

ይህ ዓረፍተ ነገር ራሱን ይቃረናል። ፈገግ ብለን እናስረዳለን። 😄

ነጻ የ30 ደቂቃ ምክክር ይያዙ፦ mulesoo.com

#MuleSoo #ሀበሻ #ኢትዮጵያ #ንግድ #ቴክኖሎጂ #ዲጂታል #ቢዝነስ"
"2026-06-10","Wed","161","Facebook","HUMAN","","128","","የሰማነው፦ «ትንሽ ለውጥ ነው» የሚለው ዓረፍተ ነገር…

በአማካይ ሶስት ቀን ይወስዳል። ግን እንወደዋለን። 😅

በ WhatsApp ይጻፉልን፦ wa.me/27688529333

#MuleSoo #ሀበሻ #ኢትዮጵያ"
"2026-06-10","Wed","161","TikTok","HUMAN","","110","","በበዓል ቀንም «ድረ-ገጹ ደህና ነው?» ብለን እንፈትሻለን።
አዎ፣ እንደዚህ ነን።

ሙሉውን በመገለጫችን ሊንክ ያገኙታል።

#MuleSoo #ሀበሻ #ኢትዮጵያ #ንግድ #ቴክኖሎጂ"
"2026-06-10","Wed","161","X","HUMAN","","101","","ሁለት አይነት ንግድ አለ፦
ድረ-ገጽ ያለውና «በኋላ እሰራለሁ» የሚል። ሁለተኛው የመጀመሪያውን ደንበኛ ያበረክትለታል።

mulesoo.com #MuleSoo #ሀበሻ"
"2026-06-11","Thu","162","LinkedIn","PROBLEM","","117","","ደረሰኞችዎ ዘግይተው ይወጣሉ።

የገንዘብ ፍሰት የሂሳብ ችግር አይደለም፤ የአስተዳደር ችግር ነው።

ነጻ የ30 ደቂቃ ምክክር ይያዙ፦ mulesoo.com

#MuleSoo #ሀበሻ #ኢትዮጵያ"
"2026-06-11","Thu","162","Instagram","PROBLEM","","142","","ለጥያቄ መልስ የሚሰጡት በሁለት ቀን ነው።

ስራውን ያገኘው ግን በሁለት ሰዓት የመለሰው ነው።

በ WhatsApp ይጻፉልን፦ wa.me/27688529333

#MuleSoo #ሀበሻ #ኢትዮጵያ #ንግድ #ቴክኖሎጂ #ዲጂታል #ቢዝነስ"
"2026-06-11","Thu","162","Facebook","PROBLEM","","110","","ደንበኞችዎ ከየት እንደመጡ አያውቁም።

ስለዚህ በሚሰራው መንገድ ላይ ተጨማሪ ገንዘብ ማዋል አይችሉም።

ተጨማሪ ለማወቅ፦ mulesoo.com

#MuleSoo #ሀበሻ #ኢትዮጵያ"
"2026-06-11","Thu","162","TikTok","PROBLEM","","132","","አንድ ጥያቄ በሳምንት 30 ጊዜ በዋትስአፕ ይመልሳሉ።
ያ የደንበኛ አገልግሎት አይደለም፤ ገና ያልተሰራ ቻትቦት ነው።

ሙሉውን በመገለጫችን ሊንክ ያገኙታል።

#MuleSoo #ሀበሻ #ኢትዮጵያ #ንግድ #ቴክኖሎጂ"
"2026-06-11","Thu","162","X","PROBLEM","","85","","ሎጎዎ በ Word የተሰራ ነው።
በትልቅ ባነር ላይ ይታወቃል። በንግድ ካርድ ላይም ይታወቃል።

mulesoo.com #MuleSoo #ሀበሻ"
"2026-06-12","Fri","163","LinkedIn","EDUCATE","","130","","እያንዳንዱ የቅጽ መስክ ደንበኛ ያስከፍላል።

ለመመለስ የሚያስፈልገውን ብቻ ይጠይቁ። ሌላው ሁሉ መጠበቅ ይችላል።

በ WhatsApp ይጻፉልን፦ wa.me/27688529333

#MuleSoo #ሀበሻ #ኢትዮጵያ"
"2026-06-12","Fri","163","Instagram","EDUCATE","","145","","ግምገማዎችዎ የእርስዎ SEO ናቸው።

እውነተኛ ግምገማ ያለው የጉግል ቢዝነስ ፕሮፋይል ከቆንጆ ድረ-ገጽ በላይ ይወጣል።

ተጨማሪ ለማወቅ፦ mulesoo.com

#MuleSoo #ሀበሻ #ኢትዮጵያ #ንግድ #ቴክኖሎጂ #ዲጂታል #ቢዝነስ"
"2026-06-12","Fri","163","Facebook","EDUCATE","","126","","የመብራት መቆራረጥ የዲዛይን ግዴታ ነው።

ለተቆራረጠ ኢንተርኔት አስቀድመው ይንደፉ። እዚህ አገር አማራጭ አይደለም።

ዛሬውኑ ያናግሩን፦ wa.me/27688529333

#MuleSoo #ሀበሻ #ኢትዮጵያ"
"2026-06-12","Fri","163","TikTok","EDUCATE","","92","","ሰዎች አያነቡም፤ በዓይን ይቃኛሉ።
አጫጭር አንቀጾች።

ሙሉውን በመገለጫችን ሊንክ ያገኙታል።

#MuleSoo #ሀበሻ #ኢትዮጵያ #ንግድ #ቴክኖሎጂ"
"2026-06-12","Fri","163","X","EDUCATE","","85","","ምርጥ ሻጭዎ የ FAQ ገጽ ነው።
ደንበኛው በአክብሮት ያልጠየቀውን ጥያቄ አስቀድሞ ይመልሳል።

mulesoo.com #MuleSoo #ሀበሻ"
"2026-06-13","Sat","164","LinkedIn","PROOF","yes","148","","በዚህ ወር የሰራነው፦

[እውነተኛ የደንበኛ ውጤት እዚህ ያስገቡ — ለምሳሌ፦ «የእገሌ ንግድ ቀጠሮዎች በ40% ጨመሩ»። እውነተኛ ውጤት ብቻ፤ በጭራሽ አይፈጠሩ።]

ተጨማሪ ለማወቅ፦ mulesoo.com

#MuleSoo #ሀበሻ #ኢትዮጵያ"
"2026-06-13","Sat","164","Instagram","PROOF","yes","179","","በዚህ ወር የሰራነው፦

[እውነተኛ የደንበኛ ውጤት እዚህ ያስገቡ — ለምሳሌ፦ «የእገሌ ንግድ ቀጠሮዎች በ40% ጨመሩ»። እውነተኛ ውጤት ብቻ፤ በጭራሽ አይፈጠሩ።]

ዛሬውኑ ያናግሩን፦ wa.me/27688529333

#MuleSoo #ሀበሻ #ኢትዮጵያ #ንግድ #ቴክኖሎጂ #ዲጂታል #ቢዝነስ"
"2026-06-13","Sat","164","Facebook","PROOF","yes","158","","በዚህ ወር የሰራነው፦

[እውነተኛ የደንበኛ ውጤት እዚህ ያስገቡ — ለምሳሌ፦ «የእገሌ ንግድ ቀጠሮዎች በ40% ጨመሩ»። እውነተኛ ውጤት ብቻ፤ በጭራሽ አይፈጠሩ።]

ነጻ የ30 ደቂቃ ምክክር ይያዙ፦ mulesoo.com

#MuleSoo #ሀበሻ #ኢትዮጵያ"
"2026-06-13","Sat","164","TikTok","PROOF","yes","133","","በዚህ ወር የሰራነው፦
[እውነተኛ የደንበኛ ውጤት እዚህ ያስገቡ — ለምሳሌ፦ «የእገሌ ንግድ ቀጠሮዎች በ40% ጨመሩ»።

ሙሉውን በመገለጫችን ሊንክ ያገኙታል።

#MuleSoo #ሀበሻ #ኢትዮጵያ #ንግድ #ቴክኖሎጂ"
"2026-06-13","Sat","164","X","PROOF","yes","128","","በዚህ ወር የሰራነው፦
[እውነተኛ የደንበኛ ውጤት እዚህ ያስገቡ — ለምሳሌ፦ «የእገሌ ንግድ ቀጠሮዎች በ40% ጨመሩ»። እውነተኛ ውጤት ብቻ፤ በጭራሽ አይፈጠሩ።]

mulesoo.com #MuleSoo #ሀበሻ"
"2026-06-14","Sun","165","LinkedIn","MYTH","","166","","ብዙ ጊዜ የሚባል ነገር፦ «AI ውድ ነው፤ ለትልልቅ ኩባንያዎች ብቻ ነው።»

እውነታው፦ ዛሬ ቻትቦት ከአንድ ሰራተኛ ወርሃዊ ደመወዝ ባነሰ ዋጋ ይሰራል — እና እረፍት አይጠይቅም።

ዛሬውኑ ያናግሩን፦ wa.me/27688529333

#MuleSoo #ሀበሻ #ኢትዮጵያ"
"2026-06-14","Sun","165","Instagram","MYTH","","170","","ብዙ ጊዜ የሚባል ነገር፦ «ሎጎ ማንኛውም ሰው መስራት ይችላል።»

እውነታው፦ ሎጎ ስዕል ብቻ አይደለም፤ በመጀመሪያ እይታ የሚቀር ማህተም ነው።

ነጻ የ30 ደቂቃ ምክክር ይያዙ፦ mulesoo.com

#MuleSoo #ሀበሻ #ኢትዮጵያ #ንግድ #ቴክኖሎጂ #ዲጂታል #ቢዝነስ"
"2026-06-14","Sun","165","Facebook","MYTH","","148","","ብዙ ጊዜ የሚባል ነገር፦ «ውድ ድረ-ገጽ ጥሩ ድረ-ገጽ ነው።»

እውነታው፦ ዋጋ ጥራት አይደለም። ድረ-ገጽ የሚለካው በሚያመጣው ደንበኛ ነው።

በ WhatsApp ይጻፉልን፦ wa.me/27688529333

#MuleSoo #ሀበሻ #ኢትዮጵያ"
"2026-06-14","Sun","165","TikTok","MYTH","","121","","ብዙ ጊዜ የሚባል ነገር፦ «QR ኮድ ጊዜው አልፎበታል።»
እውነታው፦ ዛሬ በሁሉም ጠረጴዛ ላይ ነው።

ሙሉውን በመገለጫችን ሊንክ ያገኙታል።

#MuleSoo #ሀበሻ #ኢትዮጵያ #ንግድ #ቴክኖሎጂ"
"2026-06-14","Sun","165","X","MYTH","","135","","ብዙ ጊዜ የሚባል ነገር፦ «ቻትቦት ደንበኞችን ያስቀይማል።»
እውነታው፦ የሚያስቀይመው መልስ አለማግኘት ነው። ጥሩ ቻትቦት በሰከንድ ይመልሳል፤ ሰው ሲያስፈልግ ያስተላልፋል።

mulesoo.com #MuleSoo #ሀበሻ"
"2026-06-15","Mon","166","LinkedIn","BEHIND","","114","","ዛሬ አንድ ፕሮጀክት አልተቀበልንም።

ትክክለኛው ስራ ካልሆነ፣ ገንዘቡም ትክክለኛ አይደለም።

ነጻ የ30 ደቂቃ ምክክር ይያዙ፦ mulesoo.com

#MuleSoo #ሀበሻ #ኢትዮጵያ"
"2026-06-15","Mon","166","Instagram","BEHIND","","170","","ደንበኛ «ትንሽ ለውጥ» ሲል እንሳቀቅ ነበር።

አሁን ግን እያንዳንዱ ደንበኛ ራሱ የሚያስተካክልበት አድሚን ፓነል እንሰጣለን። ሰላም ሆነ።

በ WhatsApp ይጻፉልን፦ wa.me/27688529333

#MuleSoo #ሀበሻ #ኢትዮጵያ #ንግድ #ቴክኖሎጂ #ዲጂታል #ቢዝነስ"
"2026-06-15","Mon","166","Facebook","BEHIND","","110","","የደንበኞቻችንን ድረ-ገጾች በየቀኑ እንቃኛለን።

ችግርን ከደንበኛው በፊት ማየት የስራችን አካል ነው።

ተጨማሪ ለማወቅ፦ mulesoo.com

#MuleSoo #ሀበሻ #ኢትዮጵያ"
"2026-06-15","Mon","166","TikTok","BEHIND","","109","","ትልቁ ደስታችን ደንበኛ «ራሴ አስተካከልኩት» ሲለን ነው።
ስርዓቱ የእሱ ነውና።

ሙሉውን በመገለጫችን ሊንክ ያገኙታል።

#MuleSoo #ሀበሻ #ኢትዮጵያ #ንግድ #ቴክኖሎጂ"
"2026-06-15","Mon","166","X","BEHIND","","93","","እያንዳንዱን ድረ-ገጽ በትንሹ ስክሪን ላይ እንፈትሻለን።
በትንሹ ስልክ ላይ ከሰራ፣ በሁሉም ላይ ይሰራል።

mulesoo.com #MuleSoo #ሀበሻ"
"2026-06-16","Tue","167","LinkedIn","PROMO","","120","","ንግድዎ የሚፈልገው መተግበሪያ ገበያ ላይ የለም?

እንሰራዋለን — ልክ ለእርስዎ አሰራር የተሰፋ።

በ WhatsApp ይጻፉልን፦ wa.me/27688529333

#MuleSoo #ሀበሻ #ኢትዮጵያ"
"2026-06-16","Tue","167","Instagram","PROMO","","149","","ሌሊት የሚመልስ ሰራተኛ ይፈልጋሉ?

ቻትቦታችን በሌሊትም ይመልሳል — እርስዎ ይተኛሉ፣ ንግድዎ ይሰራል። ከ R2,500 ጀምሮ።

ተጨማሪ ለማወቅ፦ mulesoo.com

#MuleSoo #ሀበሻ #ኢትዮጵያ #ንግድ #ቴክኖሎጂ #ዲጂታል #ቢዝነስ"
"2026-06-16","Tue","167","Facebook","PROMO","","144","","ወረቀት ላይ ያለ ተራ QR ኮድ በቂ አይደለም።

ማን፣ መቼ፣ ስንት ጊዜ እንደቃኘው የሚነግርዎ የምርትዎን ቀለም የያዘ ኮድ — ከ R300 ጀምሮ።

ዛሬውኑ ያናግሩን፦ wa.me/27688529333

#MuleSoo #ሀበሻ #ኢትዮጵያ"
"2026-06-16","Tue","167","TikTok","PROMO","","133","","ቀጠሮ፣ ክፍያ፣ ማስታወሻ — ሁሉም በራሱ ይስራ።
የ Auto Pilot ስርዓታችን ንግድዎን በእንቅልፍዎም ያንቀሳቅሳል።

ሙሉውን በመገለጫችን ሊንክ ያገኙታል።

#MuleSoo #ሀበሻ #ኢትዮጵያ #ንግድ #ቴክኖሎጂ"
"2026-06-16","Tue","167","X","PROMO","","87","","ንግድዎ የሚፈልገው መተግበሪያ ገበያ ላይ የለም?
እንሰራዋለን — ልክ ለእርስዎ አሰራር የተሰፋ።

mulesoo.com #MuleSoo #ሀበሻ"
"2026-06-17","Wed","168","LinkedIn","HUMAN","","124","","በሳምንት አንድ ጊዜ ራሳችንን እንጠይቃለን፦

«ይህን ደንበኛው በራሱ ማድረግ ይችላል?» መልሱ አዎ ከሆነ፣ እናስተምረዋለን።

ተጨማሪ ለማወቅ፦ mulesoo.com

#MuleSoo #ሀበሻ #ኢትዮጵያ"
"2026-06-17","Wed","168","Instagram","HUMAN","","142","","እያንዳንዱ የሎጎ ማስተካከያ ጥያቄ የሚመጣው እኩለ ሌሊት ላይ ነው።

ለምን እንደሆነ መጠየቅ አቁመናል።

ዛሬውኑ ያናግሩን፦ wa.me/27688529333

#MuleSoo #ሀበሻ #ኢትዮጵያ #ንግድ #ቴክኖሎጂ #ዲጂታል #ቢዝነስ"
"2026-06-17","Wed","168","Facebook","HUMAN","","118","","ስንት ቡና እንደጠጣን አንቆጥርም።

የደንበኞቻችን ሽያጭ ግን ይቆጠራል። ቅድሚያችን ግልጽ ነው። ☕

ነጻ የ30 ደቂቃ ምክክር ይያዙ፦ mulesoo.com

#MuleSoo #ሀበሻ #ኢትዮጵያ"
"2026-06-17","Wed","168","TikTok","HUMAN","","111","","ደንበኛ፦ «መቼ ይደርሳል?» እኛ፦ «ነገ።»
ነገ ማለታችን ግን በእውነት ነገ ነው።

ሙሉውን በመገለጫችን ሊንክ ያገኙታል።

#MuleSoo #ሀበሻ #ኢትዮጵያ #ንግድ #ቴክኖሎጂ"
"2026-06-17","Wed","168","X","HUMAN","","104","","በስብሰባ ላይ በጣም የምንጠነቀቅበት ቃል፦
«የአክስቴ ልጅ ዲዛይን ያውቃል።» — እናዳምጣለን፤ አንዳንዴ በእውነት ያውቃል።

mulesoo.com #MuleSoo #ሀበሻ"
"2026-06-18","Thu","169","LinkedIn","PROBLEM","","101","","ዋጋዎ ድረ-ገጽዎ ላይ የለም።

ሰዎች «ውድ ይሆናል» ብለው ገምተው ይሄዳሉ።

ዛሬውኑ ያናግሩን፦ wa.me/27688529333

#MuleSoo #ሀበሻ #ኢትዮጵያ"
"2026-06-18","Thu","169","Instagram","PROBLEM","","157","","ማስተካከል የማይችሉት ድረ-ገጽ እየከፈሉበት ነው።

እያንዳንዱ የጽሁፍ ለውጥ አንድ የስልክ ጥሪና ሶስት ቀን ያስወጣዎታል።

ነጻ የ30 ደቂቃ ምክክር ይያዙ፦ mulesoo.com

#MuleSoo #ሀበሻ #ኢትዮጵያ #ንግድ #ቴክኖሎጂ #ዲጂታል #ቢዝነስ"
"2026-06-18","Thu","169","Facebook","PROBLEM","","139","","ድረ-ገጽዎ ለመከፈት 6 ሰከንድ ይወስዳል።

ግማሾቹ ጎብኚዎች ሳይጠብቁ ወጥተዋል። ፍጥነት ቅንጦት አይደለም፤ የሱቅዎ በር ነው።

በ WhatsApp ይጻፉልን፦ wa.me/27688529333

#MuleSoo #ሀበሻ #ኢትዮጵያ"
"2026-06-18","Thu","169","TikTok","PROBLEM","","103","","የንግድዎ ኢሜይል በ gmail ይጨርሳል።
ትልልቅ ደንበኞች ያስተውላሉ።

ሙሉውን በመገለጫችን ሊንክ ያገኙታል።

#MuleSoo #ሀበሻ #ኢትዮጵያ #ንግድ #ቴክኖሎጂ"
"2026-06-18","Thu","169","X","PROBLEM","","72","","የቀጠሮ መዝገብዎ ደብተር ነው።
አንድ የጠፋ ገጽ አንድ የጠፋ ወር ነው።

mulesoo.com #MuleSoo #ሀበሻ"
"2026-06-19","Fri","170","LinkedIn","EDUCATE","","112","","ምስሎችዎን ያሳንሱ።

4MB የሆነ ምስል የሆስቲንግ ችግር አይደለም፤ የምስል ችግር ነው።

ነጻ የ30 ደቂቃ ምክክር ይያዙ፦ mulesoo.com

#MuleSoo #ሀበሻ #ኢትዮጵያ"
"2026-06-19","Fri","170","Instagram","EDUCATE","","144","","አንድ ቁጥር ብቻ ይለኩ።

በሳምንት የሚመጡ ጥያቄዎች። ያንን የማያንቀሳቅስ ነገር ሁሉ ጌጥ ነው።

በ WhatsApp ይጻፉልን፦ wa.me/27688529333

#MuleSoo #ሀበሻ #ኢትዮጵያ #ንግድ #ቴክኖሎጂ #ዲጂታል #ቢዝነስ"
"2026-06-19","Fri","170","Facebook","EDUCATE","","122","","የመነሻ ገጽዎ አንድ ስራ ብቻ አለው።

ምን እንደሚሰሩ፣ ለማን እንደሆነ፣ የት እንደሚጫኑ ይንገሩ። ቀሪው ሁሉ ጌጥ ነው።

ተጨማሪ ለማወቅ፦ mulesoo.com

#MuleSoo #ሀበሻ #ኢትዮጵያ"
"2026-06-19","Fri","170","TikTok","EDUCATE","","87","","ከሎጎ በፊት ዶሜይን ይግዙ።
ስሞች ይቀየራሉ።

ሙሉውን በመገለጫችን ሊንክ ያገኙታል።

#MuleSoo #ሀበሻ #ኢትዮጵያ #ንግድ #ቴክኖሎጂ"
"2026-06-19","Fri","170","X","EDUCATE","","94","","ቻትቦት የሮቦት ተቀባይ አይደለም።
ማጣሪያ ነው። ቀላሉን 70% ይይዛል፤ የሚከፍለው 30% ለሰው ይደርሳል።

mulesoo.com #MuleSoo #ሀበሻ"
"2026-06-20","Sat","171","LinkedIn","PROOF","yes","161","","በዚህ ወር የሰራነው፦

[እውነተኛ የደንበኛ ውጤት እዚህ ያስገቡ — ለምሳሌ፦ «የእገሌ ንግድ ቀጠሮዎች በ40% ጨመሩ»። እውነተኛ ውጤት ብቻ፤ በጭራሽ አይፈጠሩ።]

በ WhatsApp ይጻፉልን፦ wa.me/27688529333

#MuleSoo #ሀበሻ #ኢትዮጵያ"
"2026-06-20","Sat","171","Instagram","PROOF","yes","172","","በዚህ ወር የሰራነው፦

[እውነተኛ የደንበኛ ውጤት እዚህ ያስገቡ — ለምሳሌ፦ «የእገሌ ንግድ ቀጠሮዎች በ40% ጨመሩ»። እውነተኛ ውጤት ብቻ፤ በጭራሽ አይፈጠሩ።]

ተጨማሪ ለማወቅ፦ mulesoo.com

#MuleSoo #ሀበሻ #ኢትዮጵያ #ንግድ #ቴክኖሎጂ #ዲጂታል #ቢዝነስ"
"2026-06-20","Sat","171","Facebook","PROOF","yes","155","","በዚህ ወር የሰራነው፦

[እውነተኛ የደንበኛ ውጤት እዚህ ያስገቡ — ለምሳሌ፦ «የእገሌ ንግድ ቀጠሮዎች በ40% ጨመሩ»። እውነተኛ ውጤት ብቻ፤ በጭራሽ አይፈጠሩ።]

ዛሬውኑ ያናግሩን፦ wa.me/27688529333

#MuleSoo #ሀበሻ #ኢትዮጵያ"
"2026-06-20","Sat","171","TikTok","PROOF","yes","133","","በዚህ ወር የሰራነው፦
[እውነተኛ የደንበኛ ውጤት እዚህ ያስገቡ — ለምሳሌ፦ «የእገሌ ንግድ ቀጠሮዎች በ40% ጨመሩ»።

ሙሉውን በመገለጫችን ሊንክ ያገኙታል።

#MuleSoo #ሀበሻ #ኢትዮጵያ #ንግድ #ቴክኖሎጂ"
"2026-06-20","Sat","171","X","PROOF","yes","128","","በዚህ ወር የሰራነው፦
[እውነተኛ የደንበኛ ውጤት እዚህ ያስገቡ — ለምሳሌ፦ «የእገሌ ንግድ ቀጠሮዎች በ40% ጨመሩ»። እውነተኛ ውጤት ብቻ፤ በጭራሽ አይፈጠሩ።]

mulesoo.com #MuleSoo #ሀበሻ"
"2026-06-21","Sun","172","LinkedIn","MYTH","","155","","ብዙ ጊዜ የሚባል ነገር፦ «ማህበራዊ ሚዲያ ካለኝ ድረ-ገጽ አያስፈልገኝም።»

እውነታው፦ ያ ገጽ የእርስዎ አይደለም፤ ተከራይተውታል። ህጎቹ ሲቀየሩ ንግድዎም አብሮ ይናወጣል።

ተጨማሪ ለማወቅ፦ mulesoo.com

#MuleSoo #ሀበሻ #ኢትዮጵያ"
"2026-06-21","Sun","172","Instagram","MYTH","","175","","ብዙ ጊዜ የሚባል ነገር፦ «ደንበኞቼ ኢንተርኔት አይጠቀሙም።»

እውነታው፦ ልጆቻቸው ግን ይጠቀማሉ — እና የቤተሰቡን ውሳኔ ብዙ ጊዜ የሚመሩት እነሱ ናቸው።

ዛሬውኑ ያናግሩን፦ wa.me/27688529333

#MuleSoo #ሀበሻ #ኢትዮጵያ #ንግድ #ቴክኖሎጂ #ዲጂታል #ቢዝነስ"
"2026-06-21","Sun","172","Facebook","MYTH","","152","","ብዙ ጊዜ የሚባል ነገር፦ «አውቶሜሽን ሰራተኞችን ያስወግዳል።»

እውነታው፦ አይደለም — አሰልቺውን ስራ ይወስዳል። ሰዎችዎ ለሚከፍለው ስራ ጊዜ ያገኛሉ።

ነጻ የ30 ደቂቃ ምክክር ይያዙ፦ mulesoo.com

#MuleSoo #ሀበሻ #ኢትዮጵያ"
"2026-06-21","Sun","172","TikTok","MYTH","","138","","ብዙ ጊዜ የሚባል ነገር፦ «ለትንሽ ንግድ ድረ-ገጽ አያስፈልግም።»
እውነታው፦ ደንበኛዎ ግን መጀመሪያ ጉግል ላይ ይፈልግዎታል።

ሙሉውን በመገለጫችን ሊንክ ያገኙታል።

#MuleSoo #ሀበሻ #ኢትዮጵያ #ንግድ #ቴክኖሎጂ"
"2026-06-21","Sun","172","X","MYTH","","141","","ብዙ ጊዜ የሚባል ነገር፦ «ድረ-ገጽ አንዴ ተሰርቶ ያበቃል።»
እውነታው፦ ድረ-ገጽ እንደ ሱቅ ነው — መስታወቱ ሁልጊዜ ንጹህ መሆን አለበት። ትንሽ እንክብካቤ ትልቅ ልዩነት ያመጣል።

mulesoo.com #MuleSoo #ሀበሻ"
"2026-06-22","Mon","173","LinkedIn","BEHIND","","116","","የእኛ ስብሰባዎች 30 ደቂቃ ናቸው።

ከዚያ በላይ ከወሰደ፣ ችግሩ አጀንዳው ሳይሆን ዝግጅታችን ነው።

ዛሬውኑ ያናግሩን፦ wa.me/27688529333

#MuleSoo #ሀበሻ #ኢትዮጵያ"
"2026-06-22","Mon","173","Instagram","BEHIND","","153","","ኮድ ከመጻፍ በፊት እንቆጥራለን።

ስንት ጎብኚ፣ ስንት ጥያቄ፣ ስንት ሽያጭ። ቁጥር የሌለው ዲዛይን ግምት ብቻ ነው።

ነጻ የ30 ደቂቃ ምክክር ይያዙ፦ mulesoo.com

#MuleSoo #ሀበሻ #ኢትዮጵያ #ንግድ #ቴክኖሎጂ #ዲጂታል #ቢዝነስ"
"2026-06-22","Mon","173","Facebook","BEHIND","","131","","አዲስ ሰው ስንቀጥር የመጀመሪያ ጥያቄያችን፦ «ማስረዳት ይችላሉ?»

ኮድ መጻፍ ይማራል፤ ግልጽነት ግን ባህሪ ነው።

በ WhatsApp ይጻፉልን፦ wa.me/27688529333

#MuleSoo #ሀበሻ #ኢትዮጵያ"
"2026-06-22","Mon","173","TikTok","BEHIND","","132","","ዛሬ ከአዲስ ደንበኛ ጋር የመጀመሪያ ስብሰባ ነበረን።
አንድም ጊዜ ስለ ቴክኖሎጂ አልተነጋገርንም — ስለ ንግዱ ብቻ።

ሙሉውን በመገለጫችን ሊንክ ያገኙታል።

#MuleSoo #ሀበሻ #ኢትዮጵያ #ንግድ #ቴክኖሎጂ"
"2026-06-22","Mon","173","X","BEHIND","","85","","ከመጨመራችን በፊት እንቀንሳለን።
የመጀመሪያው ስራችን ደንበኛው የማይፈልገውን ማስወገድ ነው።

mulesoo.com #MuleSoo #ሀበሻ"
"2026-06-23","Tue","174","LinkedIn","PROMO","","120","","ድረ-ገጽ ይፈልጋሉ?

ጎብኚን ወደ ከፋይ ደንበኛ የሚቀይር ድረ-ገጽ እንሰራለን። ከ R3,500 ጀምሮ።

ነጻ የ30 ደቂቃ ምክክር ይያዙ፦ mulesoo.com

#MuleSoo #ሀበሻ #ኢትዮጵያ"
"2026-06-23","Tue","174","Instagram","PROMO","","147","","ሎጎዎ ማን እንደሆኑ ይናገራል?

በአንድ እይታ የሚታወስ የምርት መለያ እንሰራለን። ከ R800 ጀምሮ።

በ WhatsApp ይጻፉልን፦ wa.me/27688529333

#MuleSoo #ሀበሻ #ኢትዮጵያ #ንግድ #ቴክኖሎጂ #ዲጂታል #ቢዝነስ"
"2026-06-23","Tue","174","Facebook","PROMO","","114","","ገና በ gmail ነው የሚሰሩት?

የ @yourbusiness ኢሜይል ያሳምራል፤ ያሳምናል። ከ R400 ጀምሮ።

ተጨማሪ ለማወቅ፦ mulesoo.com

#MuleSoo #ሀበሻ #ኢትዮጵያ"
"2026-06-23","Tue","174","TikTok","PROMO","","135","","አሰልቺው የቢሮ ስራ ራሱን ይስራ።
የ AI አውቶሜሽን ስርዓቶቻችን ደረሰኝ ይልካሉ፣ ቀጠሮ ያስይዛሉ፣ ደንበኛ ይከታተላሉ።

ሙሉውን በመገለጫችን ሊንክ ያገኙታል።

#MuleSoo #ሀበሻ #ኢትዮጵያ #ንግድ #ቴክኖሎጂ"
"2026-06-23","Tue","174","X","PROMO","","90","","ድረ-ገጽ ይፈልጋሉ?
ጎብኚን ወደ ከፋይ ደንበኛ የሚቀይር ድረ-ገጽ እንሰራለን። ከ R3,500 ጀምሮ።

mulesoo.com #MuleSoo #ሀበሻ"
"2026-06-24","Wed","175","LinkedIn","HUMAN","","147","","የሰማነው፦ «እንደ Apple ድረ-ገጽ ይሁን — ግን ብዙ ነገር ጨምሩበት።»

ይህ ዓረፍተ ነገር ራሱን ይቃረናል። ፈገግ ብለን እናስረዳለን።

በ WhatsApp ይጻፉልን፦ wa.me/27688529333

#MuleSoo #ሀበሻ #ኢትዮጵያ"
"2026-06-24","Wed","175","Instagram","HUMAN","","139","","የሰማነው፦ «ትንሽ ለውጥ ነው» የሚለው ዓረፍተ ነገር…

በአማካይ ሶስት ቀን ይወስዳል። ግን እንወደዋለን። 😅

ተጨማሪ ለማወቅ፦ mulesoo.com

#MuleSoo #ሀበሻ #ኢትዮጵያ #ንግድ #ቴክኖሎጂ #ዲጂታል #ቢዝነስ"
"2026-06-24","Wed","175","Facebook","HUMAN","","107","","በበዓል ቀንም «ድረ-ገጹ ደህና ነው?» ብለን እንፈትሻለን።

አዎ፣ እንደዚህ ነን። 🙈

ዛሬውኑ ያናግሩን፦ wa.me/27688529333

#MuleSoo #ሀበሻ #ኢትዮጵያ"
"2026-06-24","Wed","175","TikTok","HUMAN","","103","","ሁለት አይነት ንግድ አለ፦
ድረ-ገጽ ያለውና «በኋላ እሰራለሁ» የሚል።

ሙሉውን በመገለጫችን ሊንክ ያገኙታል።

#MuleSoo #ሀበሻ #ኢትዮጵያ #ንግድ #ቴክኖሎጂ"
"2026-06-24","Wed","175","X","HUMAN","","95","","እኛ ስንተኛ ስልካችን ጸጥ ይላል ብለን እናስባለን።
ቻትቦታችን ግን በዚያው ሌሊት ሶስት ቀጠሮ ይዞ ያድራል።

mulesoo.com #MuleSoo #ሀበሻ"
"2026-06-25","Thu","176","LinkedIn","PROBLEM","","105","","ለጥያቄ መልስ የሚሰጡት በሁለት ቀን ነው።

ስራውን ያገኘው ግን በሁለት ሰዓት የመለሰው ነው።

ተጨማሪ ለማወቅ፦ mulesoo.com

#MuleSoo #ሀበሻ #ኢትዮጵያ"
"2026-06-25","Thu","176","Instagram","PROBLEM","","141","","ደንበኞችዎ ከየት እንደመጡ አያውቁም።

ስለዚህ በሚሰራው መንገድ ላይ ተጨማሪ ገንዘብ ማዋል አይችሉም።

ዛሬውኑ ያናግሩን፦ wa.me/27688529333

#MuleSoo #ሀበሻ #ኢትዮጵያ #ንግድ #ቴክኖሎጂ #ዲጂታል #ቢዝነስ"
"2026-06-25","Thu","176","Facebook","PROBLEM","","130","","አንድ ጥያቄ በሳምንት 30 ጊዜ በዋትስአፕ ይመልሳሉ።

ያ የደንበኛ አገልግሎት አይደለም፤ ገና ያልተሰራ ቻትቦት ነው።

ነጻ የ30 ደቂቃ ምክክር ይያዙ፦ mulesoo.com

#MuleSoo #ሀበሻ #ኢትዮጵያ"
"2026-06-25","Thu","176","TikTok","PROBLEM","","97","","ሎጎዎ በ Word የተሰራ ነው።
በትልቅ ባነር ላይ ይታወቃል።

ሙሉውን በመገለጫችን ሊንክ ያገኙታል።

#MuleSoo #ሀበሻ #ኢትዮጵያ #ንግድ #ቴክኖሎጂ"
"2026-06-25","Thu","176","X","PROBLEM","","83","","ከምሽቱ 1 ሰዓት በኋላ ደንበኞች ያመልጡዎታል።
የተፎካካሪዎ ቻትቦት ግን ነቅቶ ይመልሳል።

mulesoo.com #MuleSoo #ሀበሻ"
"2026-06-26","Fri","177","LinkedIn","EDUCATE","","128","","ግምገማዎችዎ የእርስዎ SEO ናቸው።

እውነተኛ ግምገማ ያለው የጉግል ቢዝነስ ፕሮፋይል ከቆንጆ ድረ-ገጽ በላይ ይወጣል።

ዛሬውኑ ያናግሩን፦ wa.me/27688529333

#MuleSoo #ሀበሻ #ኢትዮጵያ"
"2026-06-26","Fri","177","Instagram","EDUCATE","","153","","የመብራት መቆራረጥ የዲዛይን ግዴታ ነው።

ለተቆራረጠ ኢንተርኔት አስቀድመው ይንደፉ። እዚህ አገር አማራጭ አይደለም።

ነጻ የ30 ደቂቃ ምክክር ይያዙ፦ mulesoo.com

#MuleSoo #ሀበሻ #ኢትዮጵያ #ንግድ #ቴክኖሎጂ #ዲጂታል #ቢዝነስ"
"2026-06-26","Fri","177","Facebook","EDUCATE","","122","","ሰዎች አያነቡም፤ በዓይን ይቃኛሉ።

አጫጭር አንቀጾች። ግልጽ ርዕሶች። በአንድ ስክሪን አንድ ሀሳብ።

በ WhatsApp ይጻፉልን፦ wa.me/27688529333

#MuleSoo #ሀበሻ #ኢትዮጵያ"
"2026-06-26","Fri","177","TikTok","EDUCATE","","117","","ምርጥ ሻጭዎ የ FAQ ገጽ ነው።
ደንበኛው በአክብሮት ያልጠየቀውን ጥያቄ አስቀድሞ ይመልሳል።

ሙሉውን በመገለጫችን ሊንክ ያገኙታል።

#MuleSoo #ሀበሻ #ኢትዮጵያ #ንግድ #ቴክኖሎጂ"
"2026-06-26","Fri","177","X","EDUCATE","","95","","አንድ ግልጽ ጥሪ ከአምስት ይሻላል።
እያንዳንዱ ተጨማሪ ቁልፍ ውሳኔ ነው፤ እያንዳንዱ ውሳኔ ሰዎችን ያሸሻል።

mulesoo.com #MuleSoo #ሀበሻ"
"2026-06-27","Sat","178","LinkedIn","PROOF","yes","158","","በዚህ ወር የሰራነው፦

[እውነተኛ የደንበኛ ውጤት እዚህ ያስገቡ — ለምሳሌ፦ «የእገሌ ንግድ ቀጠሮዎች በ40% ጨመሩ»። እውነተኛ ውጤት ብቻ፤ በጭራሽ አይፈጠሩ።]

ነጻ የ30 ደቂቃ ምክክር ይያዙ፦ mulesoo.com

#MuleSoo #ሀበሻ #ኢትዮጵያ"
"2026-06-27","Sat","178","Instagram","PROOF","yes","185","","በዚህ ወር የሰራነው፦

[እውነተኛ የደንበኛ ውጤት እዚህ ያስገቡ — ለምሳሌ፦ «የእገሌ ንግድ ቀጠሮዎች በ40% ጨመሩ»። እውነተኛ ውጤት ብቻ፤ በጭራሽ አይፈጠሩ።]

በ WhatsApp ይጻፉልን፦ wa.me/27688529333

#MuleSoo #ሀበሻ #ኢትዮጵያ #ንግድ #ቴክኖሎጂ #ዲጂታል #ቢዝነስ"
"2026-06-27","Sat","178","Facebook","PROOF","yes","148","","በዚህ ወር የሰራነው፦

[እውነተኛ የደንበኛ ውጤት እዚህ ያስገቡ — ለምሳሌ፦ «የእገሌ ንግድ ቀጠሮዎች በ40% ጨመሩ»። እውነተኛ ውጤት ብቻ፤ በጭራሽ አይፈጠሩ።]

ተጨማሪ ለማወቅ፦ mulesoo.com

#MuleSoo #ሀበሻ #ኢትዮጵያ"
"2026-06-27","Sat","178","TikTok","PROOF","yes","133","","በዚህ ወር የሰራነው፦
[እውነተኛ የደንበኛ ውጤት እዚህ ያስገቡ — ለምሳሌ፦ «የእገሌ ንግድ ቀጠሮዎች በ40% ጨመሩ»።

ሙሉውን በመገለጫችን ሊንክ ያገኙታል።

#MuleSoo #ሀበሻ #ኢትዮጵያ #ንግድ #ቴክኖሎጂ"
"2026-06-27","Sat","178","X","PROOF","yes","128","","በዚህ ወር የሰራነው፦
[እውነተኛ የደንበኛ ውጤት እዚህ ያስገቡ — ለምሳሌ፦ «የእገሌ ንግድ ቀጠሮዎች በ40% ጨመሩ»። እውነተኛ ውጤት ብቻ፤ በጭራሽ አይፈጠሩ።]

mulesoo.com #MuleSoo #ሀበሻ"
"2026-06-28","Sun","179","LinkedIn","MYTH","","149","","ብዙ ጊዜ የሚባል ነገር፦ «ሎጎ ማንኛውም ሰው መስራት ይችላል።»

እውነታው፦ ሎጎ ስዕል ብቻ አይደለም፤ በመጀመሪያ እይታ የሚቀር ማህተም ነው።

በ WhatsApp ይጻፉልን፦ wa.me/27688529333

#MuleSoo #ሀበሻ #ኢትዮጵያ"
"2026-06-28","Sun","179","Instagram","MYTH","","159","","ብዙ ጊዜ የሚባል ነገር፦ «ውድ ድረ-ገጽ ጥሩ ድረ-ገጽ ነው።»

እውነታው፦ ዋጋ ጥራት አይደለም። ድረ-ገጽ የሚለካው በሚያመጣው ደንበኛ ነው።

ተጨማሪ ለማወቅ፦ mulesoo.com

#MuleSoo #ሀበሻ #ኢትዮጵያ #ንግድ #ቴክኖሎጂ #ዲጂታል #ቢዝነስ"
"2026-06-28","Sun","179","Facebook","MYTH","","148","","ብዙ ጊዜ የሚባል ነገር፦ «QR ኮድ ጊዜው አልፎበታል።»

እውነታው፦ ዛሬ በሁሉም ጠረጴዛ ላይ ነው። ትክክለኛው ጥያቄ፦ ስንት ሰው እንደቃኘው ያውቃሉ?

ዛሬውኑ ያናግሩን፦ wa.me/27688529333

#MuleSoo #ሀበሻ #ኢትዮጵያ"
"2026-06-28","Sun","179","TikTok","MYTH","","127","","ብዙ ጊዜ የሚባል ነገር፦ «ቻትቦት ደንበኞችን ያስቀይማል።»
እውነታው፦ የሚያስቀይመው መልስ አለማግኘት ነው።

ሙሉውን በመገለጫችን ሊንክ ያገኙታል።

#MuleSoo #ሀበሻ #ኢትዮጵያ #ንግድ #ቴክኖሎጂ"
"2026-06-28","Sun","179","X","MYTH","","139","","ብዙ ጊዜ የሚባል ነገር፦ «AI ውድ ነው፤ ለትልልቅ ኩባንያዎች ብቻ ነው።»
እውነታው፦ ዛሬ ቻትቦት ከአንድ ሰራተኛ ወርሃዊ ደመወዝ ባነሰ ዋጋ ይሰራል — እና እረፍት አይጠይቅም።

mulesoo.com #MuleSoo #ሀበሻ"
"2026-06-29","Mon","180","LinkedIn","BEHIND","","133","","ደንበኛ «ትንሽ ለውጥ» ሲል እንሳቀቅ ነበር።

አሁን ግን እያንዳንዱ ደንበኛ ራሱ የሚያስተካክልበት አድሚን ፓነል እንሰጣለን። ሰላም ሆነ።

ተጨማሪ ለማወቅ፦ mulesoo.com

#MuleSoo #ሀበሻ #ኢትዮጵያ"
"2026-06-29","Mon","180","Instagram","BEHIND","","141","","የደንበኞቻችንን ድረ-ገጾች በየቀኑ እንቃኛለን።

ችግርን ከደንበኛው በፊት ማየት የስራችን አካል ነው።

ዛሬውኑ ያናግሩን፦ wa.me/27688529333

#MuleSoo #ሀበሻ #ኢትዮጵያ #ንግድ #ቴክኖሎጂ #ዲጂታል #ቢዝነስ"
"2026-06-29","Mon","180","Facebook","BEHIND","","147","","ትልቁ ደስታችን ደንበኛ «ራሴ አስተካከልኩት» ሲለን ነው።

ስርዓቱ የእሱ ነውና። እኛ የሰራነው መሳሪያውን ነው፤ ንግዱን የሚያሳድገው እሱ ነው።

ነጻ የ30 ደቂቃ ምክክር ይያዙ፦ mulesoo.com

#MuleSoo #ሀበሻ #ኢትዮጵያ"
"2026-06-29","Mon","180","TikTok","BEHIND","","125","","እያንዳንዱን ድረ-ገጽ በትንሹ ስክሪን ላይ እንፈትሻለን።
በትንሹ ስልክ ላይ ከሰራ፣ በሁሉም ላይ ይሰራል።

ሙሉውን በመገለጫችን ሊንክ ያገኙታል።

#MuleSoo #ሀበሻ #ኢትዮጵያ #ንግድ #ቴክኖሎጂ"
"2026-06-29","Mon","180","X","BEHIND","","84","","ዛሬ አንድ ፕሮጀክት አልተቀበልንም።
ትክክለኛው ስራ ካልሆነ፣ ገንዘቡም ትክክለኛ አይደለም።

mulesoo.com #MuleSoo #ሀበሻ"
"2026-06-30","Tue","181","LinkedIn","PROMO","","132","","ሌሊት የሚመልስ ሰራተኛ ይፈልጋሉ?

ቻትቦታችን በሌሊትም ይመልሳል — እርስዎ ይተኛሉ፣ ንግድዎ ይሰራል። ከ R2,500 ጀምሮ።

ዛሬውኑ ያናግሩን፦ wa.me/27688529333

#MuleSoo #ሀበሻ #ኢትዮጵያ"
"2026-06-30","Tue","181","Instagram","PROMO","","171","","ወረቀት ላይ ያለ ተራ QR ኮድ በቂ አይደለም።

ማን፣ መቼ፣ ስንት ጊዜ እንደቃኘው የሚነግርዎ የምርትዎን ቀለም የያዘ ኮድ — ከ R300 ጀምሮ።

ነጻ የ30 ደቂቃ ምክክር ይያዙ፦ mulesoo.com

#MuleSoo #ሀበሻ #ኢትዮጵያ #ንግድ #ቴክኖሎጂ #ዲጂታል #ቢዝነስ"
"2026-06-30","Tue","181","Facebook","PROMO","","145","","ቀጠሮ፣ ክፍያ፣ ማስታወሻ — ሁሉም በራሱ ይስራ።

የ Auto Pilot ስርዓታችን ንግድዎን በእንቅልፍዎም ያንቀሳቅሳል። ዋጋ በፕሮጀክት።

በ WhatsApp ይጻፉልን፦ wa.me/27688529333

#MuleSoo #ሀበሻ #ኢትዮጵያ"
"2026-06-30","Tue","181","TikTok","PROMO","","119","","ንግድዎ የሚፈልገው መተግበሪያ ገበያ ላይ የለም?
እንሰራዋለን — ልክ ለእርስዎ አሰራር የተሰፋ።

ሙሉውን በመገለጫችን ሊንክ ያገኙታል።

#MuleSoo #ሀበሻ #ኢትዮጵያ #ንግድ #ቴክኖሎጂ"
"2026-06-30","Tue","181","X","PROMO","","105","","ሌሊት የሚመልስ ሰራተኛ ይፈልጋሉ?
ቻትቦታችን በሌሊትም ይመልሳል — እርስዎ ይተኛሉ፣ ንግድዎ ይሰራል። ከ R2,500 ጀምሮ።

mulesoo.com #MuleSoo #ሀበሻ"
"2026-07-01","Wed","182","LinkedIn","HUMAN","","121","","እያንዳንዱ የሎጎ ማስተካከያ ጥያቄ የሚመጣው እኩለ ሌሊት ላይ ነው።

ለምን እንደሆነ መጠየቅ አቁመናል።

ነጻ የ30 ደቂቃ ምክክር ይያዙ፦ mulesoo.com

#MuleSoo #ሀበሻ #ኢትዮጵያ"
"2026-07-01","Wed","182","Instagram","HUMAN","","145","","ስንት ቡና እንደጠጣን አንቆጥርም።

የደንበኞቻችን ሽያጭ ግን ይቆጠራል። ቅድሚያችን ግልጽ ነው። ☕

በ WhatsApp ይጻፉልን፦ wa.me/27688529333

#MuleSoo #ሀበሻ #ኢትዮጵያ #ንግድ #ቴክኖሎጂ #ዲጂታል #ቢዝነስ"
"2026-07-01","Wed","182","Facebook","HUMAN","","121","","ደንበኛ፦ «መቼ ይደርሳል?» እኛ፦ «ነገ።»

ነገ ማለታችን ግን በእውነት ነገ ነው። ያልተለመደ መሆኑን እናውቃለን። 😄

ተጨማሪ ለማወቅ፦ mulesoo.com

#MuleSoo #ሀበሻ #ኢትዮጵያ"
"2026-07-01","Wed","182","TikTok","HUMAN","","106","","በስብሰባ ላይ በጣም የምንጠነቀቅበት ቃል፦
«የአክስቴ ልጅ ዲዛይን ያውቃል።

ሙሉውን በመገለጫችን ሊንክ ያገኙታል።

#MuleSoo #ሀበሻ #ኢትዮጵያ #ንግድ #ቴክኖሎጂ"
"2026-07-01","Wed","182","X","HUMAN","","81","","WiFi ሲጠፋ የቢሮአችን ድምጽ፦ ጸጥታ።
ከዚያ ሁሉም ወደ ስልክ ዳታ። ስራ አይቆምም።

mulesoo.com #MuleSoo #ሀበሻ"
"2026-07-02","Thu","183","LinkedIn","PROBLEM","","136","","ማስተካከል የማይችሉት ድረ-ገጽ እየከፈሉበት ነው።

እያንዳንዱ የጽሁፍ ለውጥ አንድ የስልክ ጥሪና ሶስት ቀን ያስወጣዎታል።

በ WhatsApp ይጻፉልን፦ wa.me/27688529333

#MuleSoo #ሀበሻ #ኢትዮጵያ"
"2026-07-02","Thu","183","Instagram","PROBLEM","","150","","ድረ-ገጽዎ ለመከፈት 6 ሰከንድ ይወስዳል።

ግማሾቹ ጎብኚዎች ሳይጠብቁ ወጥተዋል። ፍጥነት ቅንጦት አይደለም፤ የሱቅዎ በር ነው።

ተጨማሪ ለማወቅ፦ mulesoo.com

#MuleSoo #ሀበሻ #ኢትዮጵያ #ንግድ #ቴክኖሎጂ #ዲጂታል #ቢዝነስ"
"2026-07-02","Thu","183","Facebook","PROBLEM","","127","","የንግድዎ ኢሜይል በ gmail ይጨርሳል።

ትልልቅ ደንበኞች ያስተውላሉ። ምንም አይሉም — ዝም ብለው መልስ አይሰጡም።

ዛሬውኑ ያናግሩን፦ wa.me/27688529333

#MuleSoo #ሀበሻ #ኢትዮጵያ"
"2026-07-02","Thu","183","TikTok","PROBLEM","","104","","የቀጠሮ መዝገብዎ ደብተር ነው።
አንድ የጠፋ ገጽ አንድ የጠፋ ወር ነው።

ሙሉውን በመገለጫችን ሊንክ ያገኙታል።

#MuleSoo #ሀበሻ #ኢትዮጵያ #ንግድ #ቴክኖሎጂ"
"2026-07-02","Thu","183","X","PROBLEM","","94","","ድረ-ገጽዎ በላፕቶፕዎ ላይ ያምራል።
ከ10 ደንበኞችዎ 9ኙ ግን በስልክ ነው የሚያዩት። በስልክ አይተውታል?

mulesoo.com #MuleSoo #ሀበሻ"
"2026-07-03","Fri","184","LinkedIn","EDUCATE","","107","","አንድ ቁጥር ብቻ ይለኩ።

በሳምንት የሚመጡ ጥያቄዎች። ያንን የማያንቀሳቅስ ነገር ሁሉ ጌጥ ነው።

ተጨማሪ ለማወቅ፦ mulesoo.com

#MuleSoo #ሀበሻ #ኢትዮጵያ"
"2026-07-03","Fri","184","Instagram","EDUCATE","","153","","የመነሻ ገጽዎ አንድ ስራ ብቻ አለው።

ምን እንደሚሰሩ፣ ለማን እንደሆነ፣ የት እንደሚጫኑ ይንገሩ። ቀሪው ሁሉ ጌጥ ነው።

ዛሬውኑ ያናግሩን፦ wa.me/27688529333

#MuleSoo #ሀበሻ #ኢትዮጵያ #ንግድ #ቴክኖሎጂ #ዲጂታል #ቢዝነስ"
"2026-07-03","Fri","184","Facebook","EDUCATE","","127","","ከሎጎ በፊት ዶሜይን ይግዙ።

ስሞች ይቀየራሉ። መጀመሪያ .com ወይም .co.za ያዙ፤ ከዚያ ዙሪያውን ይንደፉ።

ነጻ የ30 ደቂቃ ምክክር ይያዙ፦ mulesoo.com

#MuleSoo #ሀበሻ #ኢትዮጵያ"
"2026-07-03","Fri","184","TikTok","EDUCATE","","89","","ቻትቦት የሮቦት ተቀባይ አይደለም።
ማጣሪያ ነው።

ሙሉውን በመገለጫችን ሊንክ ያገኙታል።

#MuleSoo #ሀበሻ #ኢትዮጵያ #ንግድ #ቴክኖሎጂ"
"2026-07-03","Fri","184","X","EDUCATE","","105","","ፍጥነት የሚመጣው ከማይጫኑት ነገር ነው።
ከባድ ምስሎች፣ ስላይደሮች፣ የቪዲዮ ጀርባዎች — መጀመሪያ ይሰርዙ፤ ከዚያ ያሻሽሉ።

mulesoo.com #MuleSoo #ሀበሻ"
"2026-07-04","Sat","185","LinkedIn","PROOF","yes","155","","በዚህ ወር የሰራነው፦

[እውነተኛ የደንበኛ ውጤት እዚህ ያስገቡ — ለምሳሌ፦ «የእገሌ ንግድ ቀጠሮዎች በ40% ጨመሩ»። እውነተኛ ውጤት ብቻ፤ በጭራሽ አይፈጠሩ።]

ዛሬውኑ ያናግሩን፦ wa.me/27688529333

#MuleSoo #ሀበሻ #ኢትዮጵያ"
"2026-07-04","Sat","185","Instagram","PROOF","yes","182","","በዚህ ወር የሰራነው፦

[እውነተኛ የደንበኛ ውጤት እዚህ ያስገቡ — ለምሳሌ፦ «የእገሌ ንግድ ቀጠሮዎች በ40% ጨመሩ»። እውነተኛ ውጤት ብቻ፤ በጭራሽ አይፈጠሩ።]

ነጻ የ30 ደቂቃ ምክክር ይያዙ፦ mulesoo.com

#MuleSoo #ሀበሻ #ኢትዮጵያ #ንግድ #ቴክኖሎጂ #ዲጂታል #ቢዝነስ"
"2026-07-04","Sat","185","Facebook","PROOF","yes","161","","በዚህ ወር የሰራነው፦

[እውነተኛ የደንበኛ ውጤት እዚህ ያስገቡ — ለምሳሌ፦ «የእገሌ ንግድ ቀጠሮዎች በ40% ጨመሩ»። እውነተኛ ውጤት ብቻ፤ በጭራሽ አይፈጠሩ።]

በ WhatsApp ይጻፉልን፦ wa.me/27688529333

#MuleSoo #ሀበሻ #ኢትዮጵያ"
"2026-07-04","Sat","185","TikTok","PROOF","yes","133","","በዚህ ወር የሰራነው፦
[እውነተኛ የደንበኛ ውጤት እዚህ ያስገቡ — ለምሳሌ፦ «የእገሌ ንግድ ቀጠሮዎች በ40% ጨመሩ»።

ሙሉውን በመገለጫችን ሊንክ ያገኙታል።

#MuleSoo #ሀበሻ #ኢትዮጵያ #ንግድ #ቴክኖሎጂ"
"2026-07-04","Sat","185","X","PROOF","yes","128","","በዚህ ወር የሰራነው፦
[እውነተኛ የደንበኛ ውጤት እዚህ ያስገቡ — ለምሳሌ፦ «የእገሌ ንግድ ቀጠሮዎች በ40% ጨመሩ»። እውነተኛ ውጤት ብቻ፤ በጭራሽ አይፈጠሩ።]

mulesoo.com #MuleSoo #ሀበሻ"
"2026-07-05","Sun","186","LinkedIn","MYTH","","154","","ብዙ ጊዜ የሚባል ነገር፦ «ደንበኞቼ ኢንተርኔት አይጠቀሙም።»

እውነታው፦ ልጆቻቸው ግን ይጠቀማሉ — እና የቤተሰቡን ውሳኔ ብዙ ጊዜ የሚመሩት እነሱ ናቸው።

ነጻ የ30 ደቂቃ ምክክር ይያዙ፦ mulesoo.com

#MuleSoo #ሀበሻ #ኢትዮጵያ"
"2026-07-05","Sun","186","Instagram","MYTH","","179","","ብዙ ጊዜ የሚባል ነገር፦ «አውቶሜሽን ሰራተኞችን ያስወግዳል።»

እውነታው፦ አይደለም — አሰልቺውን ስራ ይወስዳል። ሰዎችዎ ለሚከፍለው ስራ ጊዜ ያገኛሉ።

በ WhatsApp ይጻፉልን፦ wa.me/27688529333

#MuleSoo #ሀበሻ #ኢትዮጵያ #ንግድ #ቴክኖሎጂ #ዲጂታል #ቢዝነስ"
"2026-07-05","Sun","186","Facebook","MYTH","","147","","ብዙ ጊዜ የሚባል ነገር፦ «ለትንሽ ንግድ ድረ-ገጽ አያስፈልግም።»

እውነታው፦ ደንበኛዎ ግን መጀመሪያ ጉግል ላይ ይፈልግዎታል። እዚያ ከሌሉ፣ ለሌላው ይደውላል።

ተጨማሪ ለማወቅ፦ mulesoo.com

#MuleSoo #ሀበሻ #ኢትዮጵያ"
"2026-07-05","Sun","186","TikTok","MYTH","","147","","ብዙ ጊዜ የሚባል ነገር፦ «ድረ-ገጽ አንዴ ተሰርቶ ያበቃል።»
እውነታው፦ ድረ-ገጽ እንደ ሱቅ ነው — መስታወቱ ሁልጊዜ ንጹህ መሆን አለበት።

ሙሉውን በመገለጫችን ሊንክ ያገኙታል።

#MuleSoo #ሀበሻ #ኢትዮጵያ #ንግድ #ቴክኖሎጂ"
"2026-07-05","Sun","186","X","MYTH","","135","","ብዙ ጊዜ የሚባል ነገር፦ «ማህበራዊ ሚዲያ ካለኝ ድረ-ገጽ አያስፈልገኝም።»
እውነታው፦ ያ ገጽ የእርስዎ አይደለም፤ ተከራይተውታል። ህጎቹ ሲቀየሩ ንግድዎም አብሮ ይናወጣል።

mulesoo.com #MuleSoo #ሀበሻ"
"2026-07-06","Mon","187","LinkedIn","BEHIND","","132","","ኮድ ከመጻፍ በፊት እንቆጥራለን።

ስንት ጎብኚ፣ ስንት ጥያቄ፣ ስንት ሽያጭ። ቁጥር የሌለው ዲዛይን ግምት ብቻ ነው።

በ WhatsApp ይጻፉልን፦ wa.me/27688529333

#MuleSoo #ሀበሻ #ኢትዮጵያ"
"2026-07-06","Mon","187","Instagram","BEHIND","","142","","አዲስ ሰው ስንቀጥር የመጀመሪያ ጥያቄያችን፦ «ማስረዳት ይችላሉ?»

ኮድ መጻፍ ይማራል፤ ግልጽነት ግን ባህሪ ነው።

ተጨማሪ ለማወቅ፦ mulesoo.com

#MuleSoo #ሀበሻ #ኢትዮጵያ #ንግድ #ቴክኖሎጂ #ዲጂታል #ቢዝነስ"
"2026-07-06","Mon","187","Facebook","BEHIND","","148","","ዛሬ ከአዲስ ደንበኛ ጋር የመጀመሪያ ስብሰባ ነበረን።

አንድም ጊዜ ስለ ቴክኖሎጂ አልተነጋገርንም — ስለ ንግዱ ብቻ። ኮዱ የሚመጣው ከዚያ በኋላ ነው።

ዛሬውኑ ያናግሩን፦ wa.me/27688529333

#MuleSoo #ሀበሻ #ኢትዮጵያ"
"2026-07-06","Mon","187","TikTok","BEHIND","","117","","ከመጨመራችን በፊት እንቀንሳለን።
የመጀመሪያው ስራችን ደንበኛው የማይፈልገውን ማስወገድ ነው።

ሙሉውን በመገለጫችን ሊንክ ያገኙታል።

#MuleSoo #ሀበሻ #ኢትዮጵያ #ንግድ #ቴክኖሎጂ"
"2026-07-06","Mon","187","X","BEHIND","","89","","የእኛ ስብሰባዎች 30 ደቂቃ ናቸው።
ከዚያ በላይ ከወሰደ፣ ችግሩ አጀንዳው ሳይሆን ዝግጅታችን ነው።

mulesoo.com #MuleSoo #ሀበሻ"
"2026-07-07","Tue","188","LinkedIn","PROMO","","110","","ሎጎዎ ማን እንደሆኑ ይናገራል?

በአንድ እይታ የሚታወስ የምርት መለያ እንሰራለን። ከ R800 ጀምሮ።

ተጨማሪ ለማወቅ፦ mulesoo.com

#MuleSoo #ሀበሻ #ኢትዮጵያ"
"2026-07-07","Tue","188","Instagram","PROMO","","145","","ገና በ gmail ነው የሚሰሩት?

የ @yourbusiness ኢሜይል ያሳምራል፤ ያሳምናል። ከ R400 ጀምሮ።

ዛሬውኑ ያናግሩን፦ wa.me/27688529333

#MuleSoo #ሀበሻ #ኢትዮጵያ #ንግድ #ቴክኖሎጂ #ዲጂታል #ቢዝነስ"
"2026-07-07","Tue","188","Facebook","PROMO","","133","","አሰልቺው የቢሮ ስራ ራሱን ይስራ።

የ AI አውቶሜሽን ስርዓቶቻችን ደረሰኝ ይልካሉ፣ ቀጠሮ ያስይዛሉ፣ ደንበኛ ይከታተላሉ።

ነጻ የ30 ደቂቃ ምክክር ይያዙ፦ mulesoo.com

#MuleSoo #ሀበሻ #ኢትዮጵያ"
"2026-07-07","Tue","188","TikTok","PROMO","","108","","ድረ-ገጽ ይፈልጋሉ?
ጎብኚን ወደ ከፋይ ደንበኛ የሚቀይር ድረ-ገጽ እንሰራለን።

ሙሉውን በመገለጫችን ሊንክ ያገኙታል።

#MuleSoo #ሀበሻ #ኢትዮጵያ #ንግድ #ቴክኖሎጂ"
"2026-07-07","Tue","188","X","PROMO","","90","","ሎጎዎ ማን እንደሆኑ ይናገራል?
በአንድ እይታ የሚታወስ የምርት መለያ እንሰራለን። ከ R800 ጀምሮ።

mulesoo.com #MuleSoo #ሀበሻ"
"2026-07-08","Wed","189","LinkedIn","HUMAN","","120","","የሰማነው፦ «ትንሽ ለውጥ ነው» የሚለው ዓረፍተ ነገር…

በአማካይ ሶስት ቀን ይወስዳል። ግን እንወደዋለን።

ዛሬውኑ ያናግሩን፦ wa.me/27688529333

#MuleSoo #ሀበሻ #ኢትዮጵያ"
"2026-07-08","Wed","189","Instagram","HUMAN","","134","","በበዓል ቀንም «ድረ-ገጹ ደህና ነው?» ብለን እንፈትሻለን።

አዎ፣ እንደዚህ ነን። 🙈

ነጻ የ30 ደቂቃ ምክክር ይያዙ፦ mulesoo.com

#MuleSoo #ሀበሻ #ኢትዮጵያ #ንግድ #ቴክኖሎጂ #ዲጂታል #ቢዝነስ"
"2026-07-08","Wed","189","Facebook","HUMAN","","134","","ሁለት አይነት ንግድ አለ፦

ድረ-ገጽ ያለውና «በኋላ እሰራለሁ» የሚል። ሁለተኛው የመጀመሪያውን ደንበኛ ያበረክትለታል።

በ WhatsApp ይጻፉልን፦ wa.me/27688529333

#MuleSoo #ሀበሻ #ኢትዮጵያ"
"2026-07-08","Wed","189","TikTok","HUMAN","","127","","እኛ ስንተኛ ስልካችን ጸጥ ይላል ብለን እናስባለን።
ቻትቦታችን ግን በዚያው ሌሊት ሶስት ቀጠሮ ይዞ ያድራል።

ሙሉውን በመገለጫችን ሊንክ ያገኙታል።

#MuleSoo #ሀበሻ #ኢትዮጵያ #ንግድ #ቴክኖሎጂ"
"2026-07-08","Wed","189","X","HUMAN","","87","","ልጆቻችን ስራችንን ሲጠየቁ፦ «ኮምፒውተር ይነካካሉ» ይላሉ።
ትክክል ናቸው። በጣም እንነካካለን።

mulesoo.com #MuleSoo #ሀበሻ"
"2026-07-09","Thu","190","LinkedIn","PROBLEM","","120","","ደንበኞችዎ ከየት እንደመጡ አያውቁም።

ስለዚህ በሚሰራው መንገድ ላይ ተጨማሪ ገንዘብ ማዋል አይችሉም።

ነጻ የ30 ደቂቃ ምክክር ይያዙ፦ mulesoo.com

#MuleSoo #ሀበሻ #ኢትዮጵያ"
"2026-07-09","Thu","190","Instagram","PROBLEM","","157","","አንድ ጥያቄ በሳምንት 30 ጊዜ በዋትስአፕ ይመልሳሉ።

ያ የደንበኛ አገልግሎት አይደለም፤ ገና ያልተሰራ ቻትቦት ነው።

በ WhatsApp ይጻፉልን፦ wa.me/27688529333

#MuleSoo #ሀበሻ #ኢትዮጵያ #ንግድ #ቴክኖሎጂ #ዲጂታል #ቢዝነስ"
"2026-07-09","Thu","190","Facebook","PROBLEM","","105","","ሎጎዎ በ Word የተሰራ ነው።

በትልቅ ባነር ላይ ይታወቃል። በንግድ ካርድ ላይም ይታወቃል።

ተጨማሪ ለማወቅ፦ mulesoo.com

#MuleSoo #ሀበሻ #ኢትዮጵያ"
"2026-07-09","Thu","190","TikTok","PROBLEM","","115","","ከምሽቱ 1 ሰዓት በኋላ ደንበኞች ያመልጡዎታል።
የተፎካካሪዎ ቻትቦት ግን ነቅቶ ይመልሳል።

ሙሉውን በመገለጫችን ሊንክ ያገኙታል።

#MuleSoo #ሀበሻ #ኢትዮጵያ #ንግድ #ቴክኖሎጂ"
"2026-07-09","Thu","190","X","PROBLEM","","88","","ዋጋ ማቅረቢያ በእጅ ይሰራሉ።
በሳምንት 4 ሰዓት ነው። በዓመት አምስት የስራ ሳምንት ማለት ነው።

mulesoo.com #MuleSoo #ሀበሻ"
"2026-07-10","Fri","191","LinkedIn","EDUCATE","","132","","የመብራት መቆራረጥ የዲዛይን ግዴታ ነው።

ለተቆራረጠ ኢንተርኔት አስቀድመው ይንደፉ። እዚህ አገር አማራጭ አይደለም።

በ WhatsApp ይጻፉልን፦ wa.me/27688529333

#MuleSoo #ሀበሻ #ኢትዮጵያ"
"2026-07-10","Fri","191","Instagram","EDUCATE","","133","","ሰዎች አያነቡም፤ በዓይን ይቃኛሉ።

አጫጭር አንቀጾች። ግልጽ ርዕሶች። በአንድ ስክሪን አንድ ሀሳብ።

ተጨማሪ ለማወቅ፦ mulesoo.com

#MuleSoo #ሀበሻ #ኢትዮጵያ #ንግድ #ቴክኖሎጂ #ዲጂታል #ቢዝነስ"
"2026-07-10","Fri","191","Facebook","EDUCATE","","112","","ምርጥ ሻጭዎ የ FAQ ገጽ ነው።

ደንበኛው በአክብሮት ያልጠየቀውን ጥያቄ አስቀድሞ ይመልሳል።

ዛሬውኑ ያናግሩን፦ wa.me/27688529333

#MuleSoo #ሀበሻ #ኢትዮጵያ"
"2026-07-10","Fri","191","TikTok","EDUCATE","","127","","አንድ ግልጽ ጥሪ ከአምስት ይሻላል።
እያንዳንዱ ተጨማሪ ቁልፍ ውሳኔ ነው፤ እያንዳንዱ ውሳኔ ሰዎችን ያሸሻል።

ሙሉውን በመገለጫችን ሊንክ ያገኙታል።

#MuleSoo #ሀበሻ #ኢትዮጵያ #ንግድ #ቴክኖሎጂ"
"2026-07-10","Fri","191","X","EDUCATE","","90","","የገዙት ኮድ የእርስዎ ይሁን።
ገንቢው ሲጠፋ ድረ-ገጽዎም አብሮ ከጠፋ፣ አልገዙትም — ተከራይተውታል።

mulesoo.com #MuleSoo #ሀበሻ"
"2026-07-11","Sat","192","LinkedIn","PROOF","yes","148","","በዚህ ወር የሰራነው፦

[እውነተኛ የደንበኛ ውጤት እዚህ ያስገቡ — ለምሳሌ፦ «የእገሌ ንግድ ቀጠሮዎች በ40% ጨመሩ»። እውነተኛ ውጤት ብቻ፤ በጭራሽ አይፈጠሩ።]

ተጨማሪ ለማወቅ፦ mulesoo.com

#MuleSoo #ሀበሻ #ኢትዮጵያ"
"2026-07-11","Sat","192","Instagram","PROOF","yes","179","","በዚህ ወር የሰራነው፦

[እውነተኛ የደንበኛ ውጤት እዚህ ያስገቡ — ለምሳሌ፦ «የእገሌ ንግድ ቀጠሮዎች በ40% ጨመሩ»። እውነተኛ ውጤት ብቻ፤ በጭራሽ አይፈጠሩ።]

ዛሬውኑ ያናግሩን፦ wa.me/27688529333

#MuleSoo #ሀበሻ #ኢትዮጵያ #ንግድ #ቴክኖሎጂ #ዲጂታል #ቢዝነስ"
"2026-07-11","Sat","192","Facebook","PROOF","yes","158","","በዚህ ወር የሰራነው፦

[እውነተኛ የደንበኛ ውጤት እዚህ ያስገቡ — ለምሳሌ፦ «የእገሌ ንግድ ቀጠሮዎች በ40% ጨመሩ»። እውነተኛ ውጤት ብቻ፤ በጭራሽ አይፈጠሩ።]

ነጻ የ30 ደቂቃ ምክክር ይያዙ፦ mulesoo.com

#MuleSoo #ሀበሻ #ኢትዮጵያ"
"2026-07-11","Sat","192","TikTok","PROOF","yes","133","","በዚህ ወር የሰራነው፦
[እውነተኛ የደንበኛ ውጤት እዚህ ያስገቡ — ለምሳሌ፦ «የእገሌ ንግድ ቀጠሮዎች በ40% ጨመሩ»።

ሙሉውን በመገለጫችን ሊንክ ያገኙታል።

#MuleSoo #ሀበሻ #ኢትዮጵያ #ንግድ #ቴክኖሎጂ"
"2026-07-11","Sat","192","X","PROOF","yes","128","","በዚህ ወር የሰራነው፦
[እውነተኛ የደንበኛ ውጤት እዚህ ያስገቡ — ለምሳሌ፦ «የእገሌ ንግድ ቀጠሮዎች በ40% ጨመሩ»። እውነተኛ ውጤት ብቻ፤ በጭራሽ አይፈጠሩ።]

mulesoo.com #MuleSoo #ሀበሻ"
"2026-07-12","Sun","193","LinkedIn","MYTH","","142","","ብዙ ጊዜ የሚባል ነገር፦ «ውድ ድረ-ገጽ ጥሩ ድረ-ገጽ ነው።»

እውነታው፦ ዋጋ ጥራት አይደለም። ድረ-ገጽ የሚለካው በሚያመጣው ደንበኛ ነው።

ዛሬውኑ ያናግሩን፦ wa.me/27688529333

#MuleSoo #ሀበሻ #ኢትዮጵያ"
"2026-07-12","Sun","193","Instagram","MYTH","","175","","ብዙ ጊዜ የሚባል ነገር፦ «QR ኮድ ጊዜው አልፎበታል።»

እውነታው፦ ዛሬ በሁሉም ጠረጴዛ ላይ ነው። ትክክለኛው ጥያቄ፦ ስንት ሰው እንደቃኘው ያውቃሉ?

ነጻ የ30 ደቂቃ ምክክር ይያዙ፦ mulesoo.com

#MuleSoo #ሀበሻ #ኢትዮጵያ #ንግድ #ቴክኖሎጂ #ዲጂታል #ቢዝነስ"
"2026-07-12","Sun","193","Facebook","MYTH","","168","","ብዙ ጊዜ የሚባል ነገር፦ «ቻትቦት ደንበኞችን ያስቀይማል።»

እውነታው፦ የሚያስቀይመው መልስ አለማግኘት ነው። ጥሩ ቻትቦት በሰከንድ ይመልሳል፤ ሰው ሲያስፈልግ ያስተላልፋል።

በ WhatsApp ይጻፉልን፦ wa.me/27688529333

#MuleSoo #ሀበሻ #ኢትዮጵያ"
"2026-07-12","Sun","193","TikTok","MYTH","","171","","ብዙ ጊዜ የሚባል ነገር፦ «AI ውድ ነው፤ ለትልልቅ ኩባንያዎች ብቻ ነው።»
እውነታው፦ ዛሬ ቻትቦት ከአንድ ሰራተኛ ወርሃዊ ደመወዝ ባነሰ ዋጋ ይሰራል — እና እረፍት አይጠይቅም።

ሙሉውን በመገለጫችን ሊንክ ያገኙታል።

#MuleSoo #ሀበሻ #ኢትዮጵያ #ንግድ #ቴክኖሎጂ"
"2026-07-12","Sun","193","X","MYTH","","116","","ብዙ ጊዜ የሚባል ነገር፦ «ሎጎ ማንኛውም ሰው መስራት ይችላል።»
እውነታው፦ ሎጎ ስዕል ብቻ አይደለም፤ በመጀመሪያ እይታ የሚቀር ማህተም ነው።

mulesoo.com #MuleSoo #ሀበሻ"
"2026-07-13","Mon","194","LinkedIn","BEHIND","","120","","የደንበኞቻችንን ድረ-ገጾች በየቀኑ እንቃኛለን።

ችግርን ከደንበኛው በፊት ማየት የስራችን አካል ነው።

ነጻ የ30 ደቂቃ ምክክር ይያዙ፦ mulesoo.com

#MuleSoo #ሀበሻ #ኢትዮጵያ"
"2026-07-13","Mon","194","Instagram","BEHIND","","174","","ትልቁ ደስታችን ደንበኛ «ራሴ አስተካከልኩት» ሲለን ነው።

ስርዓቱ የእሱ ነውና። እኛ የሰራነው መሳሪያውን ነው፤ ንግዱን የሚያሳድገው እሱ ነው።

በ WhatsApp ይጻፉልን፦ wa.me/27688529333

#MuleSoo #ሀበሻ #ኢትዮጵያ #ንግድ #ቴክኖሎጂ #ዲጂታል #ቢዝነስ"
"2026-07-13","Mon","194","Facebook","BEHIND","","113","","እያንዳንዱን ድረ-ገጽ በትንሹ ስክሪን ላይ እንፈትሻለን።

በትንሹ ስልክ ላይ ከሰራ፣ በሁሉም ላይ ይሰራል።

ተጨማሪ ለማወቅ፦ mulesoo.com

#MuleSoo #ሀበሻ #ኢትዮጵያ"
"2026-07-13","Mon","194","TikTok","BEHIND","","116","","ዛሬ አንድ ፕሮጀክት አልተቀበልንም።
ትክክለኛው ስራ ካልሆነ፣ ገንዘቡም ትክክለኛ አይደለም።

ሙሉውን በመገለጫችን ሊንክ ያገኙታል።

#MuleSoo #ሀበሻ #ኢትዮጵያ #ንግድ #ቴክኖሎጂ"
"2026-07-13","Mon","194","X","BEHIND","","113","","ደንበኛ «ትንሽ ለውጥ» ሲል እንሳቀቅ ነበር።
አሁን ግን እያንዳንዱ ደንበኛ ራሱ የሚያስተካክልበት አድሚን ፓነል እንሰጣለን። ሰላም ሆነ።

mulesoo.com #MuleSoo #ሀበሻ"
"2026-07-14","Tue","195","LinkedIn","PROMO","","150","","ወረቀት ላይ ያለ ተራ QR ኮድ በቂ አይደለም።

ማን፣ መቼ፣ ስንት ጊዜ እንደቃኘው የሚነግርዎ የምርትዎን ቀለም የያዘ ኮድ — ከ R300 ጀምሮ።

በ WhatsApp ይጻፉልን፦ wa.me/27688529333

#MuleSoo #ሀበሻ #ኢትዮጵያ"
"2026-07-14","Tue","195","Instagram","PROMO","","156","","ቀጠሮ፣ ክፍያ፣ ማስታወሻ — ሁሉም በራሱ ይስራ።

የ Auto Pilot ስርዓታችን ንግድዎን በእንቅልፍዎም ያንቀሳቅሳል። ዋጋ በፕሮጀክት።

ተጨማሪ ለማወቅ፦ mulesoo.com

#MuleSoo #ሀበሻ #ኢትዮጵያ #ንግድ #ቴክኖሎጂ #ዲጂታል #ቢዝነስ"
"2026-07-14","Tue","195","Facebook","PROMO","","114","","ንግድዎ የሚፈልገው መተግበሪያ ገበያ ላይ የለም?

እንሰራዋለን — ልክ ለእርስዎ አሰራር የተሰፋ።

ዛሬውኑ ያናግሩን፦ wa.me/27688529333

#MuleSoo #ሀበሻ #ኢትዮጵያ"
"2026-07-14","Tue","195","TikTok","PROMO","","123","","ሌሊት የሚመልስ ሰራተኛ ይፈልጋሉ?
ቻትቦታችን በሌሊትም ይመልሳል — እርስዎ ይተኛሉ፣ ንግድዎ ይሰራል።

ሙሉውን በመገለጫችን ሊንክ ያገኙታል።

#MuleSoo #ሀበሻ #ኢትዮጵያ #ንግድ #ቴክኖሎጂ"
"2026-07-14","Tue","195","X","PROMO","","117","","ወረቀት ላይ ያለ ተራ QR ኮድ በቂ አይደለም።
ማን፣ መቼ፣ ስንት ጊዜ እንደቃኘው የሚነግርዎ የምርትዎን ቀለም የያዘ ኮድ — ከ R300 ጀምሮ።

mulesoo.com #MuleSoo #ሀበሻ"
"2026-07-15","Wed","196","LinkedIn","HUMAN","","106","","ስንት ቡና እንደጠጣን አንቆጥርም።

የደንበኞቻችን ሽያጭ ግን ይቆጠራል። ቅድሚያችን ግልጽ ነው።

ተጨማሪ ለማወቅ፦ mulesoo.com

#MuleSoo #ሀበሻ #ኢትዮጵያ"
"2026-07-15","Wed","196","Instagram","HUMAN","","152","","ደንበኛ፦ «መቼ ይደርሳል?» እኛ፦ «ነገ።»

ነገ ማለታችን ግን በእውነት ነገ ነው። ያልተለመደ መሆኑን እናውቃለን። 😄

ዛሬውኑ ያናግሩን፦ wa.me/27688529333

#MuleSoo #ሀበሻ #ኢትዮጵያ #ንግድ #ቴክኖሎጂ #ዲጂታል #ቢዝነስ"
"2026-07-15","Wed","196","Facebook","HUMAN","","136","","በስብሰባ ላይ በጣም የምንጠነቀቅበት ቃል፦

«የአክስቴ ልጅ ዲዛይን ያውቃል።» — እናዳምጣለን፤ አንዳንዴ በእውነት ያውቃል። 😂

ነጻ የ30 ደቂቃ ምክክር ይያዙ፦ mulesoo.com

#MuleSoo #ሀበሻ #ኢትዮጵያ"
"2026-07-15","Wed","196","TikTok","HUMAN","","103","","WiFi ሲጠፋ የቢሮአችን ድምጽ፦ ጸጥታ።
ከዚያ ሁሉም ወደ ስልክ ዳታ።

ሙሉውን በመገለጫችን ሊንክ ያገኙታል።

#MuleSoo #ሀበሻ #ኢትዮጵያ #ንግድ #ቴክኖሎጂ"
"2026-07-15","Wed","196","X","HUMAN","","104","","በሳምንት አንድ ጊዜ ራሳችንን እንጠይቃለን፦
«ይህን ደንበኛው በራሱ ማድረግ ይችላል?» መልሱ አዎ ከሆነ፣ እናስተምረዋለን።

mulesoo.com #MuleSoo #ሀበሻ"
"2026-07-16","Thu","197","LinkedIn","PROBLEM","","133","","ድረ-ገጽዎ ለመከፈት 6 ሰከንድ ይወስዳል።

ግማሾቹ ጎብኚዎች ሳይጠብቁ ወጥተዋል። ፍጥነት ቅንጦት አይደለም፤ የሱቅዎ በር ነው።

ዛሬውኑ ያናግሩን፦ wa.me/27688529333

#MuleSoo #ሀበሻ #ኢትዮጵያ"
"2026-07-16","Thu","197","Instagram","PROBLEM","","154","","የንግድዎ ኢሜይል በ gmail ይጨርሳል።

ትልልቅ ደንበኞች ያስተውላሉ። ምንም አይሉም — ዝም ብለው መልስ አይሰጡም።

ነጻ የ30 ደቂቃ ምክክር ይያዙ፦ mulesoo.com

#MuleSoo #ሀበሻ #ኢትዮጵያ #ንግድ #ቴክኖሎጂ #ዲጂታል #ቢዝነስ"
"2026-07-16","Thu","197","Facebook","PROBLEM","","105","","የቀጠሮ መዝገብዎ ደብተር ነው።

አንድ የጠፋ ገጽ አንድ የጠፋ ወር ነው።

በ WhatsApp ይጻፉልን፦ wa.me/27688529333

#MuleSoo #ሀበሻ #ኢትዮጵያ"
"2026-07-16","Thu","197","TikTok","PROBLEM","","113","","ድረ-ገጽዎ በላፕቶፕዎ ላይ ያምራል።
ከ10 ደንበኞችዎ 9ኙ ግን በስልክ ነው የሚያዩት።

ሙሉውን በመገለጫችን ሊንክ ያገኙታል።

#MuleSoo #ሀበሻ #ኢትዮጵያ #ንግድ #ቴክኖሎጂ"
"2026-07-16","Thu","197","X","PROBLEM","","90","","ጉግል ላይ አይገኙም።
ትንሽ ስለሆኑ አይደለም — ገጾችዎ መኖራቸውን ለጉግል ማንም ስላልነገረው ነው።

mulesoo.com #MuleSoo #ሀበሻ"
"2026-07-17","Fri","198","LinkedIn","EDUCATE","","132","","የመነሻ ገጽዎ አንድ ስራ ብቻ አለው።

ምን እንደሚሰሩ፣ ለማን እንደሆነ፣ የት እንደሚጫኑ ይንገሩ። ቀሪው ሁሉ ጌጥ ነው።

ነጻ የ30 ደቂቃ ምክክር ይያዙ፦ mulesoo.com

#MuleSoo #ሀበሻ #ኢትዮጵያ"
"2026-07-17","Fri","198","Instagram","EDUCATE","","154","","ከሎጎ በፊት ዶሜይን ይግዙ።

ስሞች ይቀየራሉ። መጀመሪያ .com ወይም .co.za ያዙ፤ ከዚያ ዙሪያውን ይንደፉ።

በ WhatsApp ይጻፉልን፦ wa.me/27688529333

#MuleSoo #ሀበሻ #ኢትዮጵያ #ንግድ #ቴክኖሎጂ #ዲጂታል #ቢዝነስ"
"2026-07-17","Fri","198","Facebook","EDUCATE","","114","","ቻትቦት የሮቦት ተቀባይ አይደለም።

ማጣሪያ ነው። ቀላሉን 70% ይይዛል፤ የሚከፍለው 30% ለሰው ይደርሳል።

ተጨማሪ ለማወቅ፦ mulesoo.com

#MuleSoo #ሀበሻ #ኢትዮጵያ"
"2026-07-17","Fri","198","TikTok","EDUCATE","","137","","ፍጥነት የሚመጣው ከማይጫኑት ነገር ነው።
ከባድ ምስሎች፣ ስላይደሮች፣ የቪዲዮ ጀርባዎች — መጀመሪያ ይሰርዙ፤ ከዚያ ያሻሽሉ።

ሙሉውን በመገለጫችን ሊንክ ያገኙታል።

#MuleSoo #ሀበሻ #ኢትዮጵያ #ንግድ #ቴክኖሎጂ"
"2026-07-17","Fri","198","X","EDUCATE","","71","","ዋጋዎን ይጻፉ።
መደበቅ አያሳንሰውም፤ እርግጠኛ እንዳልሆኑ ያስመስላል።

mulesoo.com #MuleSoo #ሀበሻ"
"2026-07-18","Sat","199","LinkedIn","PROOF","yes","161","","በዚህ ወር የሰራነው፦

[እውነተኛ የደንበኛ ውጤት እዚህ ያስገቡ — ለምሳሌ፦ «የእገሌ ንግድ ቀጠሮዎች በ40% ጨመሩ»። እውነተኛ ውጤት ብቻ፤ በጭራሽ አይፈጠሩ።]

በ WhatsApp ይጻፉልን፦ wa.me/27688529333

#MuleSoo #ሀበሻ #ኢትዮጵያ"
"2026-07-18","Sat","199","Instagram","PROOF","yes","172","","በዚህ ወር የሰራነው፦

[እውነተኛ የደንበኛ ውጤት እዚህ ያስገቡ — ለምሳሌ፦ «የእገሌ ንግድ ቀጠሮዎች በ40% ጨመሩ»። እውነተኛ ውጤት ብቻ፤ በጭራሽ አይፈጠሩ።]

ተጨማሪ ለማወቅ፦ mulesoo.com

#MuleSoo #ሀበሻ #ኢትዮጵያ #ንግድ #ቴክኖሎጂ #ዲጂታል #ቢዝነስ"
"2026-07-18","Sat","199","Facebook","PROOF","yes","155","","በዚህ ወር የሰራነው፦

[እውነተኛ የደንበኛ ውጤት እዚህ ያስገቡ — ለምሳሌ፦ «የእገሌ ንግድ ቀጠሮዎች በ40% ጨመሩ»። እውነተኛ ውጤት ብቻ፤ በጭራሽ አይፈጠሩ።]

ዛሬውኑ ያናግሩን፦ wa.me/27688529333

#MuleSoo #ሀበሻ #ኢትዮጵያ"
"2026-07-18","Sat","199","TikTok","PROOF","yes","133","","በዚህ ወር የሰራነው፦
[እውነተኛ የደንበኛ ውጤት እዚህ ያስገቡ — ለምሳሌ፦ «የእገሌ ንግድ ቀጠሮዎች በ40% ጨመሩ»።

ሙሉውን በመገለጫችን ሊንክ ያገኙታል።

#MuleSoo #ሀበሻ #ኢትዮጵያ #ንግድ #ቴክኖሎጂ"
"2026-07-18","Sat","199","X","PROOF","yes","128","","በዚህ ወር የሰራነው፦
[እውነተኛ የደንበኛ ውጤት እዚህ ያስገቡ — ለምሳሌ፦ «የእገሌ ንግድ ቀጠሮዎች በ40% ጨመሩ»። እውነተኛ ውጤት ብቻ፤ በጭራሽ አይፈጠሩ።]

mulesoo.com #MuleSoo #ሀበሻ"
"2026-07-19","Sun","200","LinkedIn","MYTH","","142","","ብዙ ጊዜ የሚባል ነገር፦ «አውቶሜሽን ሰራተኞችን ያስወግዳል።»

እውነታው፦ አይደለም — አሰልቺውን ስራ ይወስዳል። ሰዎችዎ ለሚከፍለው ስራ ጊዜ ያገኛሉ።

ተጨማሪ ለማወቅ፦ mulesoo.com

#MuleSoo #ሀበሻ #ኢትዮጵያ"
"2026-07-19","Sun","200","Instagram","MYTH","","178","","ብዙ ጊዜ የሚባል ነገር፦ «ለትንሽ ንግድ ድረ-ገጽ አያስፈልግም።»

እውነታው፦ ደንበኛዎ ግን መጀመሪያ ጉግል ላይ ይፈልግዎታል። እዚያ ከሌሉ፣ ለሌላው ይደውላል።

ዛሬውኑ ያናግሩን፦ wa.me/27688529333

#MuleSoo #ሀበሻ #ኢትዮጵያ #ንግድ #ቴክኖሎጂ #ዲጂታል #ቢዝነስ"
"2026-07-19","Sun","200","Facebook","MYTH","","171","","ብዙ ጊዜ የሚባል ነገር፦ «ድረ-ገጽ አንዴ ተሰርቶ ያበቃል።»

እውነታው፦ ድረ-ገጽ እንደ ሱቅ ነው — መስታወቱ ሁልጊዜ ንጹህ መሆን አለበት። ትንሽ እንክብካቤ ትልቅ ልዩነት ያመጣል።

ነጻ የ30 ደቂቃ ምክክር ይያዙ፦ mulesoo.com

#MuleSoo #ሀበሻ #ኢትዮጵያ"
"2026-07-19","Sun","200","TikTok","MYTH","","141","","ብዙ ጊዜ የሚባል ነገር፦ «ማህበራዊ ሚዲያ ካለኝ ድረ-ገጽ አያስፈልገኝም።»
እውነታው፦ ያ ገጽ የእርስዎ አይደለም፤ ተከራይተውታል።

ሙሉውን በመገለጫችን ሊንክ ያገኙታል።

#MuleSoo #ሀበሻ #ኢትዮጵያ #ንግድ #ቴክኖሎጂ"
"2026-07-19","Sun","200","X","MYTH","","124","","ብዙ ጊዜ የሚባል ነገር፦ «ደንበኞቼ ኢንተርኔት አይጠቀሙም።»
እውነታው፦ ልጆቻቸው ግን ይጠቀማሉ — እና የቤተሰቡን ውሳኔ ብዙ ጊዜ የሚመሩት እነሱ ናቸው።

mulesoo.com #MuleSoo #ሀበሻ"
"2026-07-20","Mon","201","LinkedIn","BEHIND","","125","","አዲስ ሰው ስንቀጥር የመጀመሪያ ጥያቄያችን፦ «ማስረዳት ይችላሉ?»

ኮድ መጻፍ ይማራል፤ ግልጽነት ግን ባህሪ ነው።

ዛሬውኑ ያናግሩን፦ wa.me/27688529333

#MuleSoo #ሀበሻ #ኢትዮጵያ"
"2026-07-20","Mon","201","Instagram","BEHIND","","175","","ዛሬ ከአዲስ ደንበኛ ጋር የመጀመሪያ ስብሰባ ነበረን።

አንድም ጊዜ ስለ ቴክኖሎጂ አልተነጋገርንም — ስለ ንግዱ ብቻ። ኮዱ የሚመጣው ከዚያ በኋላ ነው።

ነጻ የ30 ደቂቃ ምክክር ይያዙ፦ mulesoo.com

#MuleSoo #ሀበሻ #ኢትዮጵያ #ንግድ #ቴክኖሎጂ #ዲጂታል #ቢዝነስ"
"2026-07-20","Mon","201","Facebook","BEHIND","","118","","ከመጨመራችን በፊት እንቀንሳለን።

የመጀመሪያው ስራችን ደንበኛው የማይፈልገውን ማስወገድ ነው።

በ WhatsApp ይጻፉልን፦ wa.me/27688529333

#MuleSoo #ሀበሻ #ኢትዮጵያ"
"2026-07-20","Mon","201","TikTok","BEHIND","","121","","የእኛ ስብሰባዎች 30 ደቂቃ ናቸው።
ከዚያ በላይ ከወሰደ፣ ችግሩ አጀንዳው ሳይሆን ዝግጅታችን ነው።

ሙሉውን በመገለጫችን ሊንክ ያገኙታል።

#MuleSoo #ሀበሻ #ኢትዮጵያ #ንግድ #ቴክኖሎጂ"
"2026-07-20","Mon","201","X","BEHIND","","99","","ኮድ ከመጻፍ በፊት እንቆጥራለን።
ስንት ጎብኚ፣ ስንት ጥያቄ፣ ስንት ሽያጭ። ቁጥር የሌለው ዲዛይን ግምት ብቻ ነው።

mulesoo.com #MuleSoo #ሀበሻ"
"2026-07-21","Tue","202","LinkedIn","PROMO","","124","","ገና በ gmail ነው የሚሰሩት?

የ @yourbusiness ኢሜይል ያሳምራል፤ ያሳምናል። ከ R400 ጀምሮ።

ነጻ የ30 ደቂቃ ምክክር ይያዙ፦ mulesoo.com

#MuleSoo #ሀበሻ #ኢትዮጵያ"
"2026-07-21","Tue","202","Instagram","PROMO","","160","","አሰልቺው የቢሮ ስራ ራሱን ይስራ።

የ AI አውቶሜሽን ስርዓቶቻችን ደረሰኝ ይልካሉ፣ ቀጠሮ ያስይዛሉ፣ ደንበኛ ይከታተላሉ።

በ WhatsApp ይጻፉልን፦ wa.me/27688529333

#MuleSoo #ሀበሻ #ኢትዮጵያ #ንግድ #ቴክኖሎጂ #ዲጂታል #ቢዝነስ"
"2026-07-21","Tue","202","Facebook","PROMO","","110","","ድረ-ገጽ ይፈልጋሉ?

ጎብኚን ወደ ከፋይ ደንበኛ የሚቀይር ድረ-ገጽ እንሰራለን። ከ R3,500 ጀምሮ።

ተጨማሪ ለማወቅ፦ mulesoo.com

#MuleSoo #ሀበሻ #ኢትዮጵያ"
"2026-07-21","Tue","202","TikTok","PROMO","","110","","ሎጎዎ ማን እንደሆኑ ይናገራል?
በአንድ እይታ የሚታወስ የምርት መለያ እንሰራለን።

ሙሉውን በመገለጫችን ሊንክ ያገኙታል።

#MuleSoo #ሀበሻ #ኢትዮጵያ #ንግድ #ቴክኖሎጂ"
"2026-07-21","Tue","202","X","PROMO","","94","","ገና በ gmail ነው የሚሰሩት?
የ @yourbusiness ኢሜይል ያሳምራል፤ ያሳምናል። ከ R400 ጀምሮ።

mulesoo.com #MuleSoo #ሀበሻ"
"2026-07-22","Wed","203","LinkedIn","HUMAN","","111","","በበዓል ቀንም «ድረ-ገጹ ደህና ነው?» ብለን እንፈትሻለን።

አዎ፣ እንደዚህ ነን።

በ WhatsApp ይጻፉልን፦ wa.me/27688529333

#MuleSoo #ሀበሻ #ኢትዮጵያ"
"2026-07-22","Wed","203","Instagram","HUMAN","","145","","ሁለት አይነት ንግድ አለ፦

ድረ-ገጽ ያለውና «በኋላ እሰራለሁ» የሚል። ሁለተኛው የመጀመሪያውን ደንበኛ ያበረክትለታል።

ተጨማሪ ለማወቅ፦ mulesoo.com

#MuleSoo #ሀበሻ #ኢትዮጵያ #ንግድ #ቴክኖሎጂ #ዲጂታል #ቢዝነስ"
"2026-07-22","Wed","203","Facebook","HUMAN","","122","","እኛ ስንተኛ ስልካችን ጸጥ ይላል ብለን እናስባለን።

ቻትቦታችን ግን በዚያው ሌሊት ሶስት ቀጠሮ ይዞ ያድራል።

ዛሬውኑ ያናግሩን፦ wa.me/27688529333

#MuleSoo #ሀበሻ #ኢትዮጵያ"
"2026-07-22","Wed","203","TikTok","HUMAN","","106","","ልጆቻችን ስራችንን ሲጠየቁ፦ «ኮምፒውተር ይነካካሉ» ይላሉ።
ትክክል ናቸው።

ሙሉውን በመገለጫችን ሊንክ ያገኙታል።

#MuleSoo #ሀበሻ #ኢትዮጵያ #ንግድ #ቴክኖሎጂ"
"2026-07-22","Wed","203","X","HUMAN","","114","","የሰማነው፦ «እንደ Apple ድረ-ገጽ ይሁን — ግን ብዙ ነገር ጨምሩበት።»
ይህ ዓረፍተ ነገር ራሱን ይቃረናል። ፈገግ ብለን እናስረዳለን።

mulesoo.com #MuleSoo #ሀበሻ"
"2026-07-23","Thu","204","LinkedIn","PROBLEM","","120","","አንድ ጥያቄ በሳምንት 30 ጊዜ በዋትስአፕ ይመልሳሉ።

ያ የደንበኛ አገልግሎት አይደለም፤ ገና ያልተሰራ ቻትቦት ነው።

ተጨማሪ ለማወቅ፦ mulesoo.com

#MuleSoo #ሀበሻ #ኢትዮጵያ"
"2026-07-23","Thu","204","Instagram","PROBLEM","","136","","ሎጎዎ በ Word የተሰራ ነው።

በትልቅ ባነር ላይ ይታወቃል። በንግድ ካርድ ላይም ይታወቃል።

ዛሬውኑ ያናግሩን፦ wa.me/27688529333

#MuleSoo #ሀበሻ #ኢትዮጵያ #ንግድ #ቴክኖሎጂ #ዲጂታል #ቢዝነስ"
"2026-07-23","Thu","204","Facebook","PROBLEM","","113","","ከምሽቱ 1 ሰዓት በኋላ ደንበኞች ያመልጡዎታል።

የተፎካካሪዎ ቻትቦት ግን ነቅቶ ይመልሳል።

ነጻ የ30 ደቂቃ ምክክር ይያዙ፦ mulesoo.com

#MuleSoo #ሀበሻ #ኢትዮጵያ"
"2026-07-23","Thu","204","TikTok","PROBLEM","","93","","ዋጋ ማቅረቢያ በእጅ ይሰራሉ።
በሳምንት 4 ሰዓት ነው።

ሙሉውን በመገለጫችን ሊንክ ያገኙታል።

#MuleSoo #ሀበሻ #ኢትዮጵያ #ንግድ #ቴክኖሎጂ"
"2026-07-23","Thu","204","X","PROBLEM","","87","","ደረሰኞችዎ ዘግይተው ይወጣሉ።
የገንዘብ ፍሰት የሂሳብ ችግር አይደለም፤ የአስተዳደር ችግር ነው።

mulesoo.com #MuleSoo #ሀበሻ"
"2026-07-24","Fri","205","LinkedIn","EDUCATE","","116","","ሰዎች አያነቡም፤ በዓይን ይቃኛሉ።

አጫጭር አንቀጾች። ግልጽ ርዕሶች። በአንድ ስክሪን አንድ ሀሳብ።

ዛሬውኑ ያናግሩን፦ wa.me/27688529333

#MuleSoo #ሀበሻ #ኢትዮጵያ"
"2026-07-24","Fri","205","Instagram","EDUCATE","","139","","ምርጥ ሻጭዎ የ FAQ ገጽ ነው።

ደንበኛው በአክብሮት ያልጠየቀውን ጥያቄ አስቀድሞ ይመልሳል።

ነጻ የ30 ደቂቃ ምክክር ይያዙ፦ mulesoo.com

#MuleSoo #ሀበሻ #ኢትዮጵያ #ንግድ #ቴክኖሎጂ #ዲጂታል #ቢዝነስ"
"2026-07-24","Fri","205","Facebook","EDUCATE","","128","","አንድ ግልጽ ጥሪ ከአምስት ይሻላል።

እያንዳንዱ ተጨማሪ ቁልፍ ውሳኔ ነው፤ እያንዳንዱ ውሳኔ ሰዎችን ያሸሻል።

በ WhatsApp ይጻፉልን፦ wa.me/27688529333

#MuleSoo #ሀበሻ #ኢትዮጵያ"
"2026-07-24","Fri","205","TikTok","EDUCATE","","122","","የገዙት ኮድ የእርስዎ ይሁን።
ገንቢው ሲጠፋ ድረ-ገጽዎም አብሮ ከጠፋ፣ አልገዙትም — ተከራይተውታል።

ሙሉውን በመገለጫችን ሊንክ ያገኙታል።

#MuleSoo #ሀበሻ #ኢትዮጵያ #ንግድ #ቴክኖሎጂ"
"2026-07-24","Fri","205","X","EDUCATE","","97","","እያንዳንዱ የቅጽ መስክ ደንበኛ ያስከፍላል።
ለመመለስ የሚያስፈልገውን ብቻ ይጠይቁ። ሌላው ሁሉ መጠበቅ ይችላል።

mulesoo.com #MuleSoo #ሀበሻ"
"2026-07-25","Sat","206","LinkedIn","PROOF","yes","158","","በዚህ ወር የሰራነው፦

[እውነተኛ የደንበኛ ውጤት እዚህ ያስገቡ — ለምሳሌ፦ «የእገሌ ንግድ ቀጠሮዎች በ40% ጨመሩ»። እውነተኛ ውጤት ብቻ፤ በጭራሽ አይፈጠሩ።]

ነጻ የ30 ደቂቃ ምክክር ይያዙ፦ mulesoo.com

#MuleSoo #ሀበሻ #ኢትዮጵያ"
"2026-07-25","Sat","206","Instagram","PROOF","yes","185","","በዚህ ወር የሰራነው፦

[እውነተኛ የደንበኛ ውጤት እዚህ ያስገቡ — ለምሳሌ፦ «የእገሌ ንግድ ቀጠሮዎች በ40% ጨመሩ»። እውነተኛ ውጤት ብቻ፤ በጭራሽ አይፈጠሩ።]

በ WhatsApp ይጻፉልን፦ wa.me/27688529333

#MuleSoo #ሀበሻ #ኢትዮጵያ #ንግድ #ቴክኖሎጂ #ዲጂታል #ቢዝነስ"
"2026-07-25","Sat","206","Facebook","PROOF","yes","148","","በዚህ ወር የሰራነው፦

[እውነተኛ የደንበኛ ውጤት እዚህ ያስገቡ — ለምሳሌ፦ «የእገሌ ንግድ ቀጠሮዎች በ40% ጨመሩ»። እውነተኛ ውጤት ብቻ፤ በጭራሽ አይፈጠሩ።]

ተጨማሪ ለማወቅ፦ mulesoo.com

#MuleSoo #ሀበሻ #ኢትዮጵያ"
"2026-07-25","Sat","206","TikTok","PROOF","yes","133","","በዚህ ወር የሰራነው፦
[እውነተኛ የደንበኛ ውጤት እዚህ ያስገቡ — ለምሳሌ፦ «የእገሌ ንግድ ቀጠሮዎች በ40% ጨመሩ»።

ሙሉውን በመገለጫችን ሊንክ ያገኙታል።

#MuleSoo #ሀበሻ #ኢትዮጵያ #ንግድ #ቴክኖሎጂ"
"2026-07-25","Sat","206","X","PROOF","yes","128","","በዚህ ወር የሰራነው፦
[እውነተኛ የደንበኛ ውጤት እዚህ ያስገቡ — ለምሳሌ፦ «የእገሌ ንግድ ቀጠሮዎች በ40% ጨመሩ»። እውነተኛ ውጤት ብቻ፤ በጭራሽ አይፈጠሩ።]

mulesoo.com #MuleSoo #ሀበሻ"
"2026-07-26","Sun","207","LinkedIn","MYTH","","154","","ብዙ ጊዜ የሚባል ነገር፦ «QR ኮድ ጊዜው አልፎበታል።»

እውነታው፦ ዛሬ በሁሉም ጠረጴዛ ላይ ነው። ትክክለኛው ጥያቄ፦ ስንት ሰው እንደቃኘው ያውቃሉ?

በ WhatsApp ይጻፉልን፦ wa.me/27688529333

#MuleSoo #ሀበሻ #ኢትዮጵያ"
"2026-07-26","Sun","207","Instagram","MYTH","","179","","ብዙ ጊዜ የሚባል ነገር፦ «ቻትቦት ደንበኞችን ያስቀይማል።»

እውነታው፦ የሚያስቀይመው መልስ አለማግኘት ነው። ጥሩ ቻትቦት በሰከንድ ይመልሳል፤ ሰው ሲያስፈልግ ያስተላልፋል።

ተጨማሪ ለማወቅ፦ mulesoo.com

#MuleSoo #ሀበሻ #ኢትዮጵያ #ንግድ #ቴክኖሎጂ #ዲጂታል #ቢዝነስ"
"2026-07-26","Sun","207","Facebook","MYTH","","166","","ብዙ ጊዜ የሚባል ነገር፦ «AI ውድ ነው፤ ለትልልቅ ኩባንያዎች ብቻ ነው።»

እውነታው፦ ዛሬ ቻትቦት ከአንድ ሰራተኛ ወርሃዊ ደመወዝ ባነሰ ዋጋ ይሰራል — እና እረፍት አይጠይቅም።

ዛሬውኑ ያናግሩን፦ wa.me/27688529333

#MuleSoo #ሀበሻ #ኢትዮጵያ"
"2026-07-26","Sun","207","TikTok","MYTH","","148","","ብዙ ጊዜ የሚባል ነገር፦ «ሎጎ ማንኛውም ሰው መስራት ይችላል።»
እውነታው፦ ሎጎ ስዕል ብቻ አይደለም፤ በመጀመሪያ እይታ የሚቀር ማህተም ነው።

ሙሉውን በመገለጫችን ሊንክ ያገኙታል።

#MuleSoo #ሀበሻ #ኢትዮጵያ #ንግድ #ቴክኖሎጂ"
"2026-07-26","Sun","207","X","MYTH","","115","","ብዙ ጊዜ የሚባል ነገር፦ «ውድ ድረ-ገጽ ጥሩ ድረ-ገጽ ነው።»
እውነታው፦ ዋጋ ጥራት አይደለም። ድረ-ገጽ የሚለካው በሚያመጣው ደንበኛ ነው።

mulesoo.com #MuleSoo #ሀበሻ"
"2026-07-27","Mon","208","LinkedIn","BEHIND","","137","","ትልቁ ደስታችን ደንበኛ «ራሴ አስተካከልኩት» ሲለን ነው።

ስርዓቱ የእሱ ነውና። እኛ የሰራነው መሳሪያውን ነው፤ ንግዱን የሚያሳድገው እሱ ነው።

ተጨማሪ ለማወቅ፦ mulesoo.com

#MuleSoo #ሀበሻ #ኢትዮጵያ"
"2026-07-27","Mon","208","Instagram","BEHIND","","144","","እያንዳንዱን ድረ-ገጽ በትንሹ ስክሪን ላይ እንፈትሻለን።

በትንሹ ስልክ ላይ ከሰራ፣ በሁሉም ላይ ይሰራል።

ዛሬውኑ ያናግሩን፦ wa.me/27688529333

#MuleSoo #ሀበሻ #ኢትዮጵያ #ንግድ #ቴክኖሎጂ #ዲጂታል #ቢዝነስ"
"2026-07-27","Mon","208","Facebook","BEHIND","","114","","ዛሬ አንድ ፕሮጀክት አልተቀበልንም።

ትክክለኛው ስራ ካልሆነ፣ ገንዘቡም ትክክለኛ አይደለም።

ነጻ የ30 ደቂቃ ምክክር ይያዙ፦ mulesoo.com

#MuleSoo #ሀበሻ #ኢትዮጵያ"
"2026-07-27","Mon","208","TikTok","BEHIND","","137","","ደንበኛ «ትንሽ ለውጥ» ሲል እንሳቀቅ ነበር።
አሁን ግን እያንዳንዱ ደንበኛ ራሱ የሚያስተካክልበት አድሚን ፓነል እንሰጣለን።

ሙሉውን በመገለጫችን ሊንክ ያገኙታል።

#MuleSoo #ሀበሻ #ኢትዮጵያ #ንግድ #ቴክኖሎጂ"
"2026-07-27","Mon","208","X","BEHIND","","90","","የደንበኞቻችንን ድረ-ገጾች በየቀኑ እንቃኛለን።
ችግርን ከደንበኛው በፊት ማየት የስራችን አካል ነው።

mulesoo.com #MuleSoo #ሀበሻ"
"2026-07-28","Tue","209","LinkedIn","PROMO","","139","","ቀጠሮ፣ ክፍያ፣ ማስታወሻ — ሁሉም በራሱ ይስራ።

የ Auto Pilot ስርዓታችን ንግድዎን በእንቅልፍዎም ያንቀሳቅሳል። ዋጋ በፕሮጀክት።

ዛሬውኑ ያናግሩን፦ wa.me/27688529333

#MuleSoo #ሀበሻ #ኢትዮጵያ"
"2026-07-28","Tue","209","Instagram","PROMO","","141","","ንግድዎ የሚፈልገው መተግበሪያ ገበያ ላይ የለም?

እንሰራዋለን — ልክ ለእርስዎ አሰራር የተሰፋ።

ነጻ የ30 ደቂቃ ምክክር ይያዙ፦ mulesoo.com

#MuleSoo #ሀበሻ #ኢትዮጵያ #ንግድ #ቴክኖሎጂ #ዲጂታል #ቢዝነስ"
"2026-07-28","Tue","209","Facebook","PROMO","","138","","ሌሊት የሚመልስ ሰራተኛ ይፈልጋሉ?

ቻትቦታችን በሌሊትም ይመልሳል — እርስዎ ይተኛሉ፣ ንግድዎ ይሰራል። ከ R2,500 ጀምሮ።

በ WhatsApp ይጻፉልን፦ wa.me/27688529333

#MuleSoo #ሀበሻ #ኢትዮጵያ"
"2026-07-28","Tue","209","TikTok","PROMO","","149","","ወረቀት ላይ ያለ ተራ QR ኮድ በቂ አይደለም።
ማን፣ መቼ፣ ስንት ጊዜ እንደቃኘው የሚነግርዎ የምርትዎን ቀለም የያዘ ኮድ — ከ R300 ጀምሮ።

ሙሉውን በመገለጫችን ሊንክ ያገኙታል።

#MuleSoo #ሀበሻ #ኢትዮጵያ #ንግድ #ቴክኖሎጂ"
"2026-07-28","Tue","209","X","PROMO","","112","","ቀጠሮ፣ ክፍያ፣ ማስታወሻ — ሁሉም በራሱ ይስራ።
የ Auto Pilot ስርዓታችን ንግድዎን በእንቅልፍዎም ያንቀሳቅሳል። ዋጋ በፕሮጀክት።

mulesoo.com #MuleSoo #ሀበሻ"
"2026-07-29","Wed","210","LinkedIn","HUMAN","","129","","ደንበኛ፦ «መቼ ይደርሳል?» እኛ፦ «ነገ።»

ነገ ማለታችን ግን በእውነት ነገ ነው። ያልተለመደ መሆኑን እናውቃለን።

ነጻ የ30 ደቂቃ ምክክር ይያዙ፦ mulesoo.com

#MuleSoo #ሀበሻ #ኢትዮጵያ"
"2026-07-29","Wed","210","Instagram","HUMAN","","163","","በስብሰባ ላይ በጣም የምንጠነቀቅበት ቃል፦

«የአክስቴ ልጅ ዲዛይን ያውቃል።» — እናዳምጣለን፤ አንዳንዴ በእውነት ያውቃል። 😂

በ WhatsApp ይጻፉልን፦ wa.me/27688529333

#MuleSoo #ሀበሻ #ኢትዮጵያ #ንግድ #ቴክኖሎጂ #ዲጂታል #ቢዝነስ"
"2026-07-29","Wed","210","Facebook","HUMAN","","103","","WiFi ሲጠፋ የቢሮአችን ድምጽ፦ ጸጥታ።

ከዚያ ሁሉም ወደ ስልክ ዳታ። ስራ አይቆምም። 😅

ተጨማሪ ለማወቅ፦ mulesoo.com

#MuleSoo #ሀበሻ #ኢትዮጵያ"
"2026-07-29","Wed","210","TikTok","HUMAN","","112","","በሳምንት አንድ ጊዜ ራሳችንን እንጠይቃለን፦
«ይህን ደንበኛው በራሱ ማድረግ ይችላል?

ሙሉውን በመገለጫችን ሊንክ ያገኙታል።

#MuleSoo #ሀበሻ #ኢትዮጵያ #ንግድ #ቴክኖሎጂ"
"2026-07-29","Wed","210","X","HUMAN","","91","","እያንዳንዱ የሎጎ ማስተካከያ ጥያቄ የሚመጣው እኩለ ሌሊት ላይ ነው።
ለምን እንደሆነ መጠየቅ አቁመናል።

mulesoo.com #MuleSoo #ሀበሻ"
"2026-07-30","Thu","211","LinkedIn","PROBLEM","","133","","የንግድዎ ኢሜይል በ gmail ይጨርሳል።

ትልልቅ ደንበኞች ያስተውላሉ። ምንም አይሉም — ዝም ብለው መልስ አይሰጡም።

በ WhatsApp ይጻፉልን፦ wa.me/27688529333

#MuleSoo #ሀበሻ #ኢትዮጵያ"
"2026-07-30","Thu","211","Instagram","PROBLEM","","116","","የቀጠሮ መዝገብዎ ደብተር ነው።

አንድ የጠፋ ገጽ አንድ የጠፋ ወር ነው።

ተጨማሪ ለማወቅ፦ mulesoo.com

#MuleSoo #ሀበሻ #ኢትዮጵያ #ንግድ #ቴክኖሎጂ #ዲጂታል #ቢዝነስ"
"2026-07-30","Thu","211","Facebook","PROBLEM","","121","","ድረ-ገጽዎ በላፕቶፕዎ ላይ ያምራል።

ከ10 ደንበኞችዎ 9ኙ ግን በስልክ ነው የሚያዩት። በስልክ አይተውታል?

ዛሬውኑ ያናግሩን፦ wa.me/27688529333

#MuleSoo #ሀበሻ #ኢትዮጵያ"
"2026-07-30","Thu","211","TikTok","PROBLEM","","122","","ጉግል ላይ አይገኙም።
ትንሽ ስለሆኑ አይደለም — ገጾችዎ መኖራቸውን ለጉግል ማንም ስላልነገረው ነው።

ሙሉውን በመገለጫችን ሊንክ ያገኙታል።

#MuleSoo #ሀበሻ #ኢትዮጵያ #ንግድ #ቴክኖሎጂ"
"2026-07-30","Thu","211","X","PROBLEM","","74","","ዋጋዎ ድረ-ገጽዎ ላይ የለም።
ሰዎች «ውድ ይሆናል» ብለው ገምተው ይሄዳሉ።

mulesoo.com #MuleSoo #ሀበሻ"
"2026-07-31","Fri","212","LinkedIn","EDUCATE","","117","","ከሎጎ በፊት ዶሜይን ይግዙ።

ስሞች ይቀየራሉ። መጀመሪያ .com ወይም .co.za ያዙ፤ ከዚያ ዙሪያውን ይንደፉ።

ተጨማሪ ለማወቅ፦ mulesoo.com

#MuleSoo #ሀበሻ #ኢትዮጵያ"
"2026-07-31","Fri","212","Instagram","EDUCATE","","145","","ቻትቦት የሮቦት ተቀባይ አይደለም።

ማጣሪያ ነው። ቀላሉን 70% ይይዛል፤ የሚከፍለው 30% ለሰው ይደርሳል።

ዛሬውኑ ያናግሩን፦ wa.me/27688529333

#MuleSoo #ሀበሻ #ኢትዮጵያ #ንግድ #ቴክኖሎጂ #ዲጂታል #ቢዝነስ"
"2026-07-31","Fri","212","Facebook","EDUCATE","","135","","ፍጥነት የሚመጣው ከማይጫኑት ነገር ነው።

ከባድ ምስሎች፣ ስላይደሮች፣ የቪዲዮ ጀርባዎች — መጀመሪያ ይሰርዙ፤ ከዚያ ያሻሽሉ።

ነጻ የ30 ደቂቃ ምክክር ይያዙ፦ mulesoo.com

#MuleSoo #ሀበሻ #ኢትዮጵያ"
"2026-07-31","Fri","212","TikTok","EDUCATE","","103","","ዋጋዎን ይጻፉ።
መደበቅ አያሳንሰውም፤ እርግጠኛ እንዳልሆኑ ያስመስላል።

ሙሉውን በመገለጫችን ሊንክ ያገኙታል።

#MuleSoo #ሀበሻ #ኢትዮጵያ #ንግድ #ቴክኖሎጂ"
"2026-07-31","Fri","212","X","EDUCATE","","82","","ምስሎችዎን ያሳንሱ።
4MB የሆነ ምስል የሆስቲንግ ችግር አይደለም፤ የምስል ችግር ነው።

mulesoo.com #MuleSoo #ሀበሻ"
"2026-08-01","Sat","213","LinkedIn","PROOF","yes","155","","በዚህ ወር የሰራነው፦

[እውነተኛ የደንበኛ ውጤት እዚህ ያስገቡ — ለምሳሌ፦ «የእገሌ ንግድ ቀጠሮዎች በ40% ጨመሩ»። እውነተኛ ውጤት ብቻ፤ በጭራሽ አይፈጠሩ።]

ዛሬውኑ ያናግሩን፦ wa.me/27688529333

#MuleSoo #ሀበሻ #ኢትዮጵያ"
"2026-08-01","Sat","213","Instagram","PROOF","yes","182","","በዚህ ወር የሰራነው፦

[እውነተኛ የደንበኛ ውጤት እዚህ ያስገቡ — ለምሳሌ፦ «የእገሌ ንግድ ቀጠሮዎች በ40% ጨመሩ»። እውነተኛ ውጤት ብቻ፤ በጭራሽ አይፈጠሩ።]

ነጻ የ30 ደቂቃ ምክክር ይያዙ፦ mulesoo.com

#MuleSoo #ሀበሻ #ኢትዮጵያ #ንግድ #ቴክኖሎጂ #ዲጂታል #ቢዝነስ"
"2026-08-01","Sat","213","Facebook","PROOF","yes","161","","በዚህ ወር የሰራነው፦

[እውነተኛ የደንበኛ ውጤት እዚህ ያስገቡ — ለምሳሌ፦ «የእገሌ ንግድ ቀጠሮዎች በ40% ጨመሩ»። እውነተኛ ውጤት ብቻ፤ በጭራሽ አይፈጠሩ።]

በ WhatsApp ይጻፉልን፦ wa.me/27688529333

#MuleSoo #ሀበሻ #ኢትዮጵያ"
"2026-08-01","Sat","213","TikTok","PROOF","yes","133","","በዚህ ወር የሰራነው፦
[እውነተኛ የደንበኛ ውጤት እዚህ ያስገቡ — ለምሳሌ፦ «የእገሌ ንግድ ቀጠሮዎች በ40% ጨመሩ»።

ሙሉውን በመገለጫችን ሊንክ ያገኙታል።

#MuleSoo #ሀበሻ #ኢትዮጵያ #ንግድ #ቴክኖሎጂ"
"2026-08-01","Sat","213","X","PROOF","yes","128","","በዚህ ወር የሰራነው፦
[እውነተኛ የደንበኛ ውጤት እዚህ ያስገቡ — ለምሳሌ፦ «የእገሌ ንግድ ቀጠሮዎች በ40% ጨመሩ»። እውነተኛ ውጤት ብቻ፤ በጭራሽ አይፈጠሩ።]

mulesoo.com #MuleSoo #ሀበሻ"
"2026-08-02","Sun","214","LinkedIn","MYTH","","157","","ብዙ ጊዜ የሚባል ነገር፦ «ለትንሽ ንግድ ድረ-ገጽ አያስፈልግም።»

እውነታው፦ ደንበኛዎ ግን መጀመሪያ ጉግል ላይ ይፈልግዎታል። እዚያ ከሌሉ፣ ለሌላው ይደውላል።

ነጻ የ30 ደቂቃ ምክክር ይያዙ፦ mulesoo.com

#MuleSoo #ሀበሻ #ኢትዮጵያ"
"2026-08-02","Sun","214","Instagram","MYTH","","198","","ብዙ ጊዜ የሚባል ነገር፦ «ድረ-ገጽ አንዴ ተሰርቶ ያበቃል።»

እውነታው፦ ድረ-ገጽ እንደ ሱቅ ነው — መስታወቱ ሁልጊዜ ንጹህ መሆን አለበት። ትንሽ እንክብካቤ ትልቅ ልዩነት ያመጣል።

በ WhatsApp ይጻፉልን፦ wa.me/27688529333

#MuleSoo #ሀበሻ #ኢትዮጵያ #ንግድ #ቴክኖሎጂ #ዲጂታል #ቢዝነስ"
"2026-08-02","Sun","214","Facebook","MYTH","","155","","ብዙ ጊዜ የሚባል ነገር፦ «ማህበራዊ ሚዲያ ካለኝ ድረ-ገጽ አያስፈልገኝም።»

እውነታው፦ ያ ገጽ የእርስዎ አይደለም፤ ተከራይተውታል። ህጎቹ ሲቀየሩ ንግድዎም አብሮ ይናወጣል።

ተጨማሪ ለማወቅ፦ mulesoo.com

#MuleSoo #ሀበሻ #ኢትዮጵያ"
"2026-08-02","Sun","214","TikTok","MYTH","","156","","ብዙ ጊዜ የሚባል ነገር፦ «ደንበኞቼ ኢንተርኔት አይጠቀሙም።»
እውነታው፦ ልጆቻቸው ግን ይጠቀማሉ — እና የቤተሰቡን ውሳኔ ብዙ ጊዜ የሚመሩት እነሱ ናቸው።

ሙሉውን በመገለጫችን ሊንክ ያገኙታል።

#MuleSoo #ሀበሻ #ኢትዮጵያ #ንግድ #ቴክኖሎጂ"
"2026-08-02","Sun","214","X","MYTH","","122","","ብዙ ጊዜ የሚባል ነገር፦ «አውቶሜሽን ሰራተኞችን ያስወግዳል።»
እውነታው፦ አይደለም — አሰልቺውን ስራ ይወስዳል። ሰዎችዎ ለሚከፍለው ስራ ጊዜ ያገኛሉ።

mulesoo.com #MuleSoo #ሀበሻ"
"2026-08-03","Mon","215","LinkedIn","BEHIND","","154","","ዛሬ ከአዲስ ደንበኛ ጋር የመጀመሪያ ስብሰባ ነበረን።

አንድም ጊዜ ስለ ቴክኖሎጂ አልተነጋገርንም — ስለ ንግዱ ብቻ። ኮዱ የሚመጣው ከዚያ በኋላ ነው።

በ WhatsApp ይጻፉልን፦ wa.me/27688529333

#MuleSoo #ሀበሻ #ኢትዮጵያ"
"2026-08-03","Mon","215","Instagram","BEHIND","","129","","ከመጨመራችን በፊት እንቀንሳለን።

የመጀመሪያው ስራችን ደንበኛው የማይፈልገውን ማስወገድ ነው።

ተጨማሪ ለማወቅ፦ mulesoo.com

#MuleSoo #ሀበሻ #ኢትዮጵያ #ንግድ #ቴክኖሎጂ #ዲጂታል #ቢዝነስ"
"2026-08-03","Mon","215","Facebook","BEHIND","","116","","የእኛ ስብሰባዎች 30 ደቂቃ ናቸው።

ከዚያ በላይ ከወሰደ፣ ችግሩ አጀንዳው ሳይሆን ዝግጅታችን ነው።

ዛሬውኑ ያናግሩን፦ wa.me/27688529333

#MuleSoo #ሀበሻ #ኢትዮጵያ"
"2026-08-03","Mon","215","TikTok","BEHIND","","106","","ኮድ ከመጻፍ በፊት እንቆጥራለን።
ስንት ጎብኚ፣ ስንት ጥያቄ፣ ስንት ሽያጭ።

ሙሉውን በመገለጫችን ሊንክ ያገኙታል።

#MuleSoo #ሀበሻ #ኢትዮጵያ #ንግድ #ቴክኖሎጂ"
"2026-08-03","Mon","215","X","BEHIND","","98","","አዲስ ሰው ስንቀጥር የመጀመሪያ ጥያቄያችን፦ «ማስረዳት ይችላሉ?»
ኮድ መጻፍ ይማራል፤ ግልጽነት ግን ባህሪ ነው።

mulesoo.com #MuleSoo #ሀበሻ"
"2026-08-04","Tue","216","LinkedIn","PROMO","","123","","አሰልቺው የቢሮ ስራ ራሱን ይስራ።

የ AI አውቶሜሽን ስርዓቶቻችን ደረሰኝ ይልካሉ፣ ቀጠሮ ያስይዛሉ፣ ደንበኛ ይከታተላሉ።

ተጨማሪ ለማወቅ፦ mulesoo.com

#MuleSoo #ሀበሻ #ኢትዮጵያ"
"2026-08-04","Tue","216","Instagram","PROMO","","141","","ድረ-ገጽ ይፈልጋሉ?

ጎብኚን ወደ ከፋይ ደንበኛ የሚቀይር ድረ-ገጽ እንሰራለን። ከ R3,500 ጀምሮ።

ዛሬውኑ ያናግሩን፦ wa.me/27688529333

#MuleSoo #ሀበሻ #ኢትዮጵያ #ንግድ #ቴክኖሎጂ #ዲጂታል #ቢዝነስ"
"2026-08-04","Tue","216","Facebook","PROMO","","120","","ሎጎዎ ማን እንደሆኑ ይናገራል?

በአንድ እይታ የሚታወስ የምርት መለያ እንሰራለን። ከ R800 ጀምሮ።

ነጻ የ30 ደቂቃ ምክክር ይያዙ፦ mulesoo.com

#MuleSoo #ሀበሻ #ኢትዮጵያ"
"2026-08-04","Tue","216","TikTok","PROMO","","114","","ገና በ gmail ነው የሚሰሩት?
የ @yourbusiness ኢሜይል ያሳምራል፤ ያሳምናል።

ሙሉውን በመገለጫችን ሊንክ ያገኙታል።

#MuleSoo #ሀበሻ #ኢትዮጵያ #ንግድ #ቴክኖሎጂ"
"2026-08-04","Tue","216","X","PROMO","","103","","አሰልቺው የቢሮ ስራ ራሱን ይስራ።
የ AI አውቶሜሽን ስርዓቶቻችን ደረሰኝ ይልካሉ፣ ቀጠሮ ያስይዛሉ፣ ደንበኛ ይከታተላሉ።

mulesoo.com #MuleSoo #ሀበሻ"
"2026-08-05","Wed","217","LinkedIn","HUMAN","","128","","ሁለት አይነት ንግድ አለ፦

ድረ-ገጽ ያለውና «በኋላ እሰራለሁ» የሚል። ሁለተኛው የመጀመሪያውን ደንበኛ ያበረክትለታል።

ዛሬውኑ ያናግሩን፦ wa.me/27688529333

#MuleSoo #ሀበሻ #ኢትዮጵያ"
"2026-08-05","Wed","217","Instagram","HUMAN","","149","","እኛ ስንተኛ ስልካችን ጸጥ ይላል ብለን እናስባለን።

ቻትቦታችን ግን በዚያው ሌሊት ሶስት ቀጠሮ ይዞ ያድራል።

ነጻ የ30 ደቂቃ ምክክር ይያዙ፦ mulesoo.com

#MuleSoo #ሀበሻ #ኢትዮጵያ #ንግድ #ቴክኖሎጂ #ዲጂታል #ቢዝነስ"
"2026-08-05","Wed","217","Facebook","HUMAN","","122","","ልጆቻችን ስራችንን ሲጠየቁ፦ «ኮምፒውተር ይነካካሉ» ይላሉ።

ትክክል ናቸው። በጣም እንነካካለን። 😄

በ WhatsApp ይጻፉልን፦ wa.me/27688529333

#MuleSoo #ሀበሻ #ኢትዮጵያ"
"2026-08-05","Wed","217","TikTok","HUMAN","","129","","የሰማነው፦ «እንደ Apple ድረ-ገጽ ይሁን — ግን ብዙ ነገር ጨምሩበት።»
ይህ ዓረፍተ ነገር ራሱን ይቃረናል።

ሙሉውን በመገለጫችን ሊንክ ያገኙታል።

#MuleSoo #ሀበሻ #ኢትዮጵያ #ንግድ #ቴክኖሎጂ"
"2026-08-05","Wed","217","X","HUMAN","","93","","የሰማነው፦ «ትንሽ ለውጥ ነው» የሚለው ዓረፍተ ነገር…
በአማካይ ሶስት ቀን ይወስዳል። ግን እንወደዋለን።

mulesoo.com #MuleSoo #ሀበሻ"
"2026-08-06","Thu","218","LinkedIn","PROBLEM","","115","","ሎጎዎ በ Word የተሰራ ነው።

በትልቅ ባነር ላይ ይታወቃል። በንግድ ካርድ ላይም ይታወቃል።

ነጻ የ30 ደቂቃ ምክክር ይያዙ፦ mulesoo.com

#MuleSoo #ሀበሻ #ኢትዮጵያ"
"2026-08-06","Thu","218","Instagram","PROBLEM","","140","","ከምሽቱ 1 ሰዓት በኋላ ደንበኞች ያመልጡዎታል።

የተፎካካሪዎ ቻትቦት ግን ነቅቶ ይመልሳል።

በ WhatsApp ይጻፉልን፦ wa.me/27688529333

#MuleSoo #ሀበሻ #ኢትዮጵያ #ንግድ #ቴክኖሎጂ #ዲጂታል #ቢዝነስ"
"2026-08-06","Thu","218","Facebook","PROBLEM","","108","","ዋጋ ማቅረቢያ በእጅ ይሰራሉ።

በሳምንት 4 ሰዓት ነው። በዓመት አምስት የስራ ሳምንት ማለት ነው።

ተጨማሪ ለማወቅ፦ mulesoo.com

#MuleSoo #ሀበሻ #ኢትዮጵያ"
"2026-08-06","Thu","218","TikTok","PROBLEM","","119","","ደረሰኞችዎ ዘግይተው ይወጣሉ።
የገንዘብ ፍሰት የሂሳብ ችግር አይደለም፤ የአስተዳደር ችግር ነው።

ሙሉውን በመገለጫችን ሊንክ ያገኙታል።

#MuleSoo #ሀበሻ #ኢትዮጵያ #ንግድ #ቴክኖሎጂ"
"2026-08-06","Thu","218","X","PROBLEM","","85","","ለጥያቄ መልስ የሚሰጡት በሁለት ቀን ነው።
ስራውን ያገኘው ግን በሁለት ሰዓት የመለሰው ነው።

mulesoo.com #MuleSoo #ሀበሻ"
"2026-08-07","Fri","219","LinkedIn","EDUCATE","","118","","ምርጥ ሻጭዎ የ FAQ ገጽ ነው።

ደንበኛው በአክብሮት ያልጠየቀውን ጥያቄ አስቀድሞ ይመልሳል።

በ WhatsApp ይጻፉልን፦ wa.me/27688529333

#MuleSoo #ሀበሻ #ኢትዮጵያ"
"2026-08-07","Fri","219","Instagram","EDUCATE","","139","","አንድ ግልጽ ጥሪ ከአምስት ይሻላል።

እያንዳንዱ ተጨማሪ ቁልፍ ውሳኔ ነው፤ እያንዳንዱ ውሳኔ ሰዎችን ያሸሻል።

ተጨማሪ ለማወቅ፦ mulesoo.com

#MuleSoo #ሀበሻ #ኢትዮጵያ #ንግድ #ቴክኖሎጂ #ዲጂታል #ቢዝነስ"
"2026-08-07","Fri","219","Facebook","EDUCATE","","117","","የገዙት ኮድ የእርስዎ ይሁን።

ገንቢው ሲጠፋ ድረ-ገጽዎም አብሮ ከጠፋ፣ አልገዙትም — ተከራይተውታል።

ዛሬውኑ ያናግሩን፦ wa.me/27688529333

#MuleSoo #ሀበሻ #ኢትዮጵያ"
"2026-08-07","Fri","219","TikTok","EDUCATE","","111","","እያንዳንዱ የቅጽ መስክ ደንበኛ ያስከፍላል።
ለመመለስ የሚያስፈልገውን ብቻ ይጠይቁ።

ሙሉውን በመገለጫችን ሊንክ ያገኙታል።

#MuleSoo #ሀበሻ #ኢትዮጵያ #ንግድ #ቴክኖሎጂ"
"2026-08-07","Fri","219","X","EDUCATE","","101","","ግምገማዎችዎ የእርስዎ SEO ናቸው።
እውነተኛ ግምገማ ያለው የጉግል ቢዝነስ ፕሮፋይል ከቆንጆ ድረ-ገጽ በላይ ይወጣል።

mulesoo.com #MuleSoo #ሀበሻ"
"2026-08-08","Sat","220","LinkedIn","PROOF","yes","148","","በዚህ ወር የሰራነው፦

[እውነተኛ የደንበኛ ውጤት እዚህ ያስገቡ — ለምሳሌ፦ «የእገሌ ንግድ ቀጠሮዎች በ40% ጨመሩ»። እውነተኛ ውጤት ብቻ፤ በጭራሽ አይፈጠሩ።]

ተጨማሪ ለማወቅ፦ mulesoo.com

#MuleSoo #ሀበሻ #ኢትዮጵያ"
"2026-08-08","Sat","220","Instagram","PROOF","yes","179","","በዚህ ወር የሰራነው፦

[እውነተኛ የደንበኛ ውጤት እዚህ ያስገቡ — ለምሳሌ፦ «የእገሌ ንግድ ቀጠሮዎች በ40% ጨመሩ»። እውነተኛ ውጤት ብቻ፤ በጭራሽ አይፈጠሩ።]

ዛሬውኑ ያናግሩን፦ wa.me/27688529333

#MuleSoo #ሀበሻ #ኢትዮጵያ #ንግድ #ቴክኖሎጂ #ዲጂታል #ቢዝነስ"
"2026-08-08","Sat","220","Facebook","PROOF","yes","158","","በዚህ ወር የሰራነው፦

[እውነተኛ የደንበኛ ውጤት እዚህ ያስገቡ — ለምሳሌ፦ «የእገሌ ንግድ ቀጠሮዎች በ40% ጨመሩ»። እውነተኛ ውጤት ብቻ፤ በጭራሽ አይፈጠሩ።]

ነጻ የ30 ደቂቃ ምክክር ይያዙ፦ mulesoo.com

#MuleSoo #ሀበሻ #ኢትዮጵያ"
"2026-08-08","Sat","220","TikTok","PROOF","yes","133","","በዚህ ወር የሰራነው፦
[እውነተኛ የደንበኛ ውጤት እዚህ ያስገቡ — ለምሳሌ፦ «የእገሌ ንግድ ቀጠሮዎች በ40% ጨመሩ»።

ሙሉውን በመገለጫችን ሊንክ ያገኙታል።

#MuleSoo #ሀበሻ #ኢትዮጵያ #ንግድ #ቴክኖሎጂ"
"2026-08-08","Sat","220","X","PROOF","yes","128","","በዚህ ወር የሰራነው፦
[እውነተኛ የደንበኛ ውጤት እዚህ ያስገቡ — ለምሳሌ፦ «የእገሌ ንግድ ቀጠሮዎች በ40% ጨመሩ»። እውነተኛ ውጤት ብቻ፤ በጭራሽ አይፈጠሩ።]

mulesoo.com #MuleSoo #ሀበሻ"
"2026-08-09","Sun","221","LinkedIn","MYTH","","162","","ብዙ ጊዜ የሚባል ነገር፦ «ቻትቦት ደንበኞችን ያስቀይማል።»

እውነታው፦ የሚያስቀይመው መልስ አለማግኘት ነው። ጥሩ ቻትቦት በሰከንድ ይመልሳል፤ ሰው ሲያስፈልግ ያስተላልፋል።

ዛሬውኑ ያናግሩን፦ wa.me/27688529333

#MuleSoo #ሀበሻ #ኢትዮጵያ"
"2026-08-09","Sun","221","Instagram","MYTH","","193","","ብዙ ጊዜ የሚባል ነገር፦ «AI ውድ ነው፤ ለትልልቅ ኩባንያዎች ብቻ ነው።»

እውነታው፦ ዛሬ ቻትቦት ከአንድ ሰራተኛ ወርሃዊ ደመወዝ ባነሰ ዋጋ ይሰራል — እና እረፍት አይጠይቅም።

ነጻ የ30 ደቂቃ ምክክር ይያዙ፦ mulesoo.com

#MuleSoo #ሀበሻ #ኢትዮጵያ #ንግድ #ቴክኖሎጂ #ዲጂታል #ቢዝነስ"
"2026-08-09","Sun","221","Facebook","MYTH","","149","","ብዙ ጊዜ የሚባል ነገር፦ «ሎጎ ማንኛውም ሰው መስራት ይችላል።»

እውነታው፦ ሎጎ ስዕል ብቻ አይደለም፤ በመጀመሪያ እይታ የሚቀር ማህተም ነው።

በ WhatsApp ይጻፉልን፦ wa.me/27688529333

#MuleSoo #ሀበሻ #ኢትዮጵያ"
"2026-08-09","Sun","221","TikTok","MYTH","","119","","ብዙ ጊዜ የሚባል ነገር፦ «ውድ ድረ-ገጽ ጥሩ ድረ-ገጽ ነው።»
እውነታው፦ ዋጋ ጥራት አይደለም።

ሙሉውን በመገለጫችን ሊንክ ያገኙታል።

#MuleSoo #ሀበሻ #ኢትዮጵያ #ንግድ #ቴክኖሎጂ"
"2026-08-09","Sun","221","X","MYTH","","121","","ብዙ ጊዜ የሚባል ነገር፦ «QR ኮድ ጊዜው አልፎበታል።»
እውነታው፦ ዛሬ በሁሉም ጠረጴዛ ላይ ነው። ትክክለኛው ጥያቄ፦ ስንት ሰው እንደቃኘው ያውቃሉ?

mulesoo.com #MuleSoo #ሀበሻ"
"2026-08-10","Mon","222","LinkedIn","BEHIND","","123","","እያንዳንዱን ድረ-ገጽ በትንሹ ስክሪን ላይ እንፈትሻለን።

በትንሹ ስልክ ላይ ከሰራ፣ በሁሉም ላይ ይሰራል።

ነጻ የ30 ደቂቃ ምክክር ይያዙ፦ mulesoo.com

#MuleSoo #ሀበሻ #ኢትዮጵያ"
"2026-08-10","Mon","222","Instagram","BEHIND","","141","","ዛሬ አንድ ፕሮጀክት አልተቀበልንም።

ትክክለኛው ስራ ካልሆነ፣ ገንዘቡም ትክክለኛ አይደለም።

በ WhatsApp ይጻፉልን፦ wa.me/27688529333

#MuleSoo #ሀበሻ #ኢትዮጵያ #ንግድ #ቴክኖሎጂ #ዲጂታል #ቢዝነስ"
"2026-08-10","Mon","222","Facebook","BEHIND","","133","","ደንበኛ «ትንሽ ለውጥ» ሲል እንሳቀቅ ነበር።

አሁን ግን እያንዳንዱ ደንበኛ ራሱ የሚያስተካክልበት አድሚን ፓነል እንሰጣለን። ሰላም ሆነ።

ተጨማሪ ለማወቅ፦ mulesoo.com

#MuleSoo #ሀበሻ #ኢትዮጵያ"
"2026-08-10","Mon","222","TikTok","BEHIND","","122","","የደንበኞቻችንን ድረ-ገጾች በየቀኑ እንቃኛለን።
ችግርን ከደንበኛው በፊት ማየት የስራችን አካል ነው።

ሙሉውን በመገለጫችን ሊንክ ያገኙታል።

#MuleSoo #ሀበሻ #ኢትዮጵያ #ንግድ #ቴክኖሎጂ"
"2026-08-10","Mon","222","X","BEHIND","","117","","ትልቁ ደስታችን ደንበኛ «ራሴ አስተካከልኩት» ሲለን ነው።
ስርዓቱ የእሱ ነውና። እኛ የሰራነው መሳሪያውን ነው፤ ንግዱን የሚያሳድገው እሱ ነው።

mulesoo.com #MuleSoo #ሀበሻ"
"2026-08-11","Tue","223","LinkedIn","PROMO","","120","","ንግድዎ የሚፈልገው መተግበሪያ ገበያ ላይ የለም?

እንሰራዋለን — ልክ ለእርስዎ አሰራር የተሰፋ።

በ WhatsApp ይጻፉልን፦ wa.me/27688529333

#MuleSoo #ሀበሻ #ኢትዮጵያ"
"2026-08-11","Tue","223","Instagram","PROMO","","149","","ሌሊት የሚመልስ ሰራተኛ ይፈልጋሉ?

ቻትቦታችን በሌሊትም ይመልሳል — እርስዎ ይተኛሉ፣ ንግድዎ ይሰራል። ከ R2,500 ጀምሮ።

ተጨማሪ ለማወቅ፦ mulesoo.com

#MuleSoo #ሀበሻ #ኢትዮጵያ #ንግድ #ቴክኖሎጂ #ዲጂታል #ቢዝነስ"
"2026-08-11","Tue","223","Facebook","PROMO","","144","","ወረቀት ላይ ያለ ተራ QR ኮድ በቂ አይደለም።

ማን፣ መቼ፣ ስንት ጊዜ እንደቃኘው የሚነግርዎ የምርትዎን ቀለም የያዘ ኮድ — ከ R300 ጀምሮ።

ዛሬውኑ ያናግሩን፦ wa.me/27688529333

#MuleSoo #ሀበሻ #ኢትዮጵያ"
"2026-08-11","Tue","223","TikTok","PROMO","","133","","ቀጠሮ፣ ክፍያ፣ ማስታወሻ — ሁሉም በራሱ ይስራ።
የ Auto Pilot ስርዓታችን ንግድዎን በእንቅልፍዎም ያንቀሳቅሳል።

ሙሉውን በመገለጫችን ሊንክ ያገኙታል።

#MuleSoo #ሀበሻ #ኢትዮጵያ #ንግድ #ቴክኖሎጂ"
"2026-08-11","Tue","223","X","PROMO","","87","","ንግድዎ የሚፈልገው መተግበሪያ ገበያ ላይ የለም?
እንሰራዋለን — ልክ ለእርስዎ አሰራር የተሰፋ።

mulesoo.com #MuleSoo #ሀበሻ"
"2026-08-12","Wed","224","LinkedIn","HUMAN","","124","","በስብሰባ ላይ በጣም የምንጠነቀቅበት ቃል፦

«የአክስቴ ልጅ ዲዛይን ያውቃል።» — እናዳምጣለን፤ አንዳንዴ በእውነት ያውቃል።

ተጨማሪ ለማወቅ፦ mulesoo.com

#MuleSoo #ሀበሻ #ኢትዮጵያ"
"2026-08-12","Wed","224","Instagram","HUMAN","","134","","WiFi ሲጠፋ የቢሮአችን ድምጽ፦ ጸጥታ።

ከዚያ ሁሉም ወደ ስልክ ዳታ። ስራ አይቆምም። 😅

ዛሬውኑ ያናግሩን፦ wa.me/27688529333

#MuleSoo #ሀበሻ #ኢትዮጵያ #ንግድ #ቴክኖሎጂ #ዲጂታል #ቢዝነስ"
"2026-08-12","Wed","224","Facebook","HUMAN","","134","","በሳምንት አንድ ጊዜ ራሳችንን እንጠይቃለን፦

«ይህን ደንበኛው በራሱ ማድረግ ይችላል?» መልሱ አዎ ከሆነ፣ እናስተምረዋለን።

ነጻ የ30 ደቂቃ ምክክር ይያዙ፦ mulesoo.com

#MuleSoo #ሀበሻ #ኢትዮጵያ"
"2026-08-12","Wed","224","TikTok","HUMAN","","123","","እያንዳንዱ የሎጎ ማስተካከያ ጥያቄ የሚመጣው እኩለ ሌሊት ላይ ነው።
ለምን እንደሆነ መጠየቅ አቁመናል።

ሙሉውን በመገለጫችን ሊንክ ያገኙታል።

#MuleSoo #ሀበሻ #ኢትዮጵያ #ንግድ #ቴክኖሎጂ"
"2026-08-12","Wed","224","X","HUMAN","","86","","ስንት ቡና እንደጠጣን አንቆጥርም።
የደንበኞቻችን ሽያጭ ግን ይቆጠራል። ቅድሚያችን ግልጽ ነው።

mulesoo.com #MuleSoo #ሀበሻ"
"2026-08-13","Thu","225","LinkedIn","PROBLEM","","99","","የቀጠሮ መዝገብዎ ደብተር ነው።

አንድ የጠፋ ገጽ አንድ የጠፋ ወር ነው።

ዛሬውኑ ያናግሩን፦ wa.me/27688529333

#MuleSoo #ሀበሻ #ኢትዮጵያ"
"2026-08-13","Thu","225","Instagram","PROBLEM","","148","","ድረ-ገጽዎ በላፕቶፕዎ ላይ ያምራል።

ከ10 ደንበኞችዎ 9ኙ ግን በስልክ ነው የሚያዩት። በስልክ አይተውታል?

ነጻ የ30 ደቂቃ ምክክር ይያዙ፦ mulesoo.com

#MuleSoo #ሀበሻ #ኢትዮጵያ #ንግድ #ቴክኖሎጂ #ዲጂታል #ቢዝነስ"
"2026-08-13","Thu","225","Facebook","PROBLEM","","123","","ጉግል ላይ አይገኙም።

ትንሽ ስለሆኑ አይደለም — ገጾችዎ መኖራቸውን ለጉግል ማንም ስላልነገረው ነው።

በ WhatsApp ይጻፉልን፦ wa.me/27688529333

#MuleSoo #ሀበሻ #ኢትዮጵያ"
"2026-08-13","Thu","225","TikTok","PROBLEM","","106","","ዋጋዎ ድረ-ገጽዎ ላይ የለም።
ሰዎች «ውድ ይሆናል» ብለው ገምተው ይሄዳሉ።

ሙሉውን በመገለጫችን ሊንክ ያገኙታል።

#MuleSoo #ሀበሻ #ኢትዮጵያ #ንግድ #ቴክኖሎጂ"
"2026-08-13","Thu","225","X","PROBLEM","","103","","ማስተካከል የማይችሉት ድረ-ገጽ እየከፈሉበት ነው።
እያንዳንዱ የጽሁፍ ለውጥ አንድ የስልክ ጥሪና ሶስት ቀን ያስወጣዎታል።

mulesoo.com #MuleSoo #ሀበሻ"
"2026-08-14","Fri","226","LinkedIn","EDUCATE","","124","","ቻትቦት የሮቦት ተቀባይ አይደለም።

ማጣሪያ ነው። ቀላሉን 70% ይይዛል፤ የሚከፍለው 30% ለሰው ይደርሳል።

ነጻ የ30 ደቂቃ ምክክር ይያዙ፦ mulesoo.com

#MuleSoo #ሀበሻ #ኢትዮጵያ"
"2026-08-14","Fri","226","Instagram","EDUCATE","","162","","ፍጥነት የሚመጣው ከማይጫኑት ነገር ነው።

ከባድ ምስሎች፣ ስላይደሮች፣ የቪዲዮ ጀርባዎች — መጀመሪያ ይሰርዙ፤ ከዚያ ያሻሽሉ።

በ WhatsApp ይጻፉልን፦ wa.me/27688529333

#MuleSoo #ሀበሻ #ኢትዮጵያ #ንግድ #ቴክኖሎጂ #ዲጂታል #ቢዝነስ"
"2026-08-14","Fri","226","Facebook","EDUCATE","","91","","ዋጋዎን ይጻፉ።

መደበቅ አያሳንሰውም፤ እርግጠኛ እንዳልሆኑ ያስመስላል።

ተጨማሪ ለማወቅ፦ mulesoo.com

#MuleSoo #ሀበሻ #ኢትዮጵያ"
"2026-08-14","Fri","226","TikTok","EDUCATE","","114","","ምስሎችዎን ያሳንሱ።
4MB የሆነ ምስል የሆስቲንግ ችግር አይደለም፤ የምስል ችግር ነው።

ሙሉውን በመገለጫችን ሊንክ ያገኙታል።

#MuleSoo #ሀበሻ #ኢትዮጵያ #ንግድ #ቴክኖሎጂ"
"2026-08-14","Fri","226","X","EDUCATE","","87","","አንድ ቁጥር ብቻ ይለኩ።
በሳምንት የሚመጡ ጥያቄዎች። ያንን የማያንቀሳቅስ ነገር ሁሉ ጌጥ ነው።

mulesoo.com #MuleSoo #ሀበሻ"
"2026-08-15","Sat","227","LinkedIn","PROOF","yes","161","","በዚህ ወር የሰራነው፦

[እውነተኛ የደንበኛ ውጤት እዚህ ያስገቡ — ለምሳሌ፦ «የእገሌ ንግድ ቀጠሮዎች በ40% ጨመሩ»። እውነተኛ ውጤት ብቻ፤ በጭራሽ አይፈጠሩ።]

በ WhatsApp ይጻፉልን፦ wa.me/27688529333

#MuleSoo #ሀበሻ #ኢትዮጵያ"
"2026-08-15","Sat","227","Instagram","PROOF","yes","172","","በዚህ ወር የሰራነው፦

[እውነተኛ የደንበኛ ውጤት እዚህ ያስገቡ — ለምሳሌ፦ «የእገሌ ንግድ ቀጠሮዎች በ40% ጨመሩ»። እውነተኛ ውጤት ብቻ፤ በጭራሽ አይፈጠሩ።]

ተጨማሪ ለማወቅ፦ mulesoo.com

#MuleSoo #ሀበሻ #ኢትዮጵያ #ንግድ #ቴክኖሎጂ #ዲጂታል #ቢዝነስ"
"2026-08-15","Sat","227","Facebook","PROOF","yes","155","","በዚህ ወር የሰራነው፦

[እውነተኛ የደንበኛ ውጤት እዚህ ያስገቡ — ለምሳሌ፦ «የእገሌ ንግድ ቀጠሮዎች በ40% ጨመሩ»። እውነተኛ ውጤት ብቻ፤ በጭራሽ አይፈጠሩ።]

ዛሬውኑ ያናግሩን፦ wa.me/27688529333

#MuleSoo #ሀበሻ #ኢትዮጵያ"
"2026-08-15","Sat","227","TikTok","PROOF","yes","133","","በዚህ ወር የሰራነው፦
[እውነተኛ የደንበኛ ውጤት እዚህ ያስገቡ — ለምሳሌ፦ «የእገሌ ንግድ ቀጠሮዎች በ40% ጨመሩ»።

ሙሉውን በመገለጫችን ሊንክ ያገኙታል።

#MuleSoo #ሀበሻ #ኢትዮጵያ #ንግድ #ቴክኖሎጂ"
"2026-08-15","Sat","227","X","PROOF","yes","128","","በዚህ ወር የሰራነው፦
[እውነተኛ የደንበኛ ውጤት እዚህ ያስገቡ — ለምሳሌ፦ «የእገሌ ንግድ ቀጠሮዎች በ40% ጨመሩ»። እውነተኛ ውጤት ብቻ፤ በጭራሽ አይፈጠሩ።]

mulesoo.com #MuleSoo #ሀበሻ"
"2026-08-16","Sun","228","LinkedIn","MYTH","","161","","ብዙ ጊዜ የሚባል ነገር፦ «ድረ-ገጽ አንዴ ተሰርቶ ያበቃል።»

እውነታው፦ ድረ-ገጽ እንደ ሱቅ ነው — መስታወቱ ሁልጊዜ ንጹህ መሆን አለበት። ትንሽ እንክብካቤ ትልቅ ልዩነት ያመጣል።

ተጨማሪ ለማወቅ፦ mulesoo.com

#MuleSoo #ሀበሻ #ኢትዮጵያ"
"2026-08-16","Sun","228","Instagram","MYTH","","186","","ብዙ ጊዜ የሚባል ነገር፦ «ማህበራዊ ሚዲያ ካለኝ ድረ-ገጽ አያስፈልገኝም።»

እውነታው፦ ያ ገጽ የእርስዎ አይደለም፤ ተከራይተውታል። ህጎቹ ሲቀየሩ ንግድዎም አብሮ ይናወጣል።

ዛሬውኑ ያናግሩን፦ wa.me/27688529333

#MuleSoo #ሀበሻ #ኢትዮጵያ #ንግድ #ቴክኖሎጂ #ዲጂታል #ቢዝነስ"
"2026-08-16","Sun","228","Facebook","MYTH","","154","","ብዙ ጊዜ የሚባል ነገር፦ «ደንበኞቼ ኢንተርኔት አይጠቀሙም።»

እውነታው፦ ልጆቻቸው ግን ይጠቀማሉ — እና የቤተሰቡን ውሳኔ ብዙ ጊዜ የሚመሩት እነሱ ናቸው።

ነጻ የ30 ደቂቃ ምክክር ይያዙ፦ mulesoo.com

#MuleSoo #ሀበሻ #ኢትዮጵያ"
"2026-08-16","Sun","228","TikTok","MYTH","","130","","ብዙ ጊዜ የሚባል ነገር፦ «አውቶሜሽን ሰራተኞችን ያስወግዳል።»
እውነታው፦ አይደለም — አሰልቺውን ስራ ይወስዳል።

ሙሉውን በመገለጫችን ሊንክ ያገኙታል።

#MuleSoo #ሀበሻ #ኢትዮጵያ #ንግድ #ቴክኖሎጂ"
"2026-08-16","Sun","228","X","MYTH","","127","","ብዙ ጊዜ የሚባል ነገር፦ «ለትንሽ ንግድ ድረ-ገጽ አያስፈልግም።»
እውነታው፦ ደንበኛዎ ግን መጀመሪያ ጉግል ላይ ይፈልግዎታል። እዚያ ከሌሉ፣ ለሌላው ይደውላል።

mulesoo.com #MuleSoo #ሀበሻ"
"2026-08-17","Mon","229","LinkedIn","BEHIND","","112","","ከመጨመራችን በፊት እንቀንሳለን።

የመጀመሪያው ስራችን ደንበኛው የማይፈልገውን ማስወገድ ነው።

ዛሬውኑ ያናግሩን፦ wa.me/27688529333

#MuleSoo #ሀበሻ #ኢትዮጵያ"
"2026-08-17","Mon","229","Instagram","BEHIND","","143","","የእኛ ስብሰባዎች 30 ደቂቃ ናቸው።

ከዚያ በላይ ከወሰደ፣ ችግሩ አጀንዳው ሳይሆን ዝግጅታችን ነው።

ነጻ የ30 ደቂቃ ምክክር ይያዙ፦ mulesoo.com

#MuleSoo #ሀበሻ #ኢትዮጵያ #ንግድ #ቴክኖሎጂ #ዲጂታል #ቢዝነስ"
"2026-08-17","Mon","229","Facebook","BEHIND","","132","","ኮድ ከመጻፍ በፊት እንቆጥራለን።

ስንት ጎብኚ፣ ስንት ጥያቄ፣ ስንት ሽያጭ። ቁጥር የሌለው ዲዛይን ግምት ብቻ ነው።

በ WhatsApp ይጻፉልን፦ wa.me/27688529333

#MuleSoo #ሀበሻ #ኢትዮጵያ"
"2026-08-17","Mon","229","TikTok","BEHIND","","130","","አዲስ ሰው ስንቀጥር የመጀመሪያ ጥያቄያችን፦ «ማስረዳት ይችላሉ?»
ኮድ መጻፍ ይማራል፤ ግልጽነት ግን ባህሪ ነው።

ሙሉውን በመገለጫችን ሊንክ ያገኙታል።

#MuleSoo #ሀበሻ #ኢትዮጵያ #ንግድ #ቴክኖሎጂ"
"2026-08-17","Mon","229","X","BEHIND","","121","","ዛሬ ከአዲስ ደንበኛ ጋር የመጀመሪያ ስብሰባ ነበረን።
አንድም ጊዜ ስለ ቴክኖሎጂ አልተነጋገርንም — ስለ ንግዱ ብቻ። ኮዱ የሚመጣው ከዚያ በኋላ ነው።

mulesoo.com #MuleSoo #ሀበሻ"
"2026-08-18","Tue","230","LinkedIn","PROMO","","120","","ድረ-ገጽ ይፈልጋሉ?

ጎብኚን ወደ ከፋይ ደንበኛ የሚቀይር ድረ-ገጽ እንሰራለን። ከ R3,500 ጀምሮ።

ነጻ የ30 ደቂቃ ምክክር ይያዙ፦ mulesoo.com

#MuleSoo #ሀበሻ #ኢትዮጵያ"
"2026-08-18","Tue","230","Instagram","PROMO","","147","","ሎጎዎ ማን እንደሆኑ ይናገራል?

በአንድ እይታ የሚታወስ የምርት መለያ እንሰራለን። ከ R800 ጀምሮ።

በ WhatsApp ይጻፉልን፦ wa.me/27688529333

#MuleSoo #ሀበሻ #ኢትዮጵያ #ንግድ #ቴክኖሎጂ #ዲጂታል #ቢዝነስ"
"2026-08-18","Tue","230","Facebook","PROMO","","114","","ገና በ gmail ነው የሚሰሩት?

የ @yourbusiness ኢሜይል ያሳምራል፤ ያሳምናል። ከ R400 ጀምሮ።

ተጨማሪ ለማወቅ፦ mulesoo.com

#MuleSoo #ሀበሻ #ኢትዮጵያ"
"2026-08-18","Tue","230","TikTok","PROMO","","135","","አሰልቺው የቢሮ ስራ ራሱን ይስራ።
የ AI አውቶሜሽን ስርዓቶቻችን ደረሰኝ ይልካሉ፣ ቀጠሮ ያስይዛሉ፣ ደንበኛ ይከታተላሉ።

ሙሉውን በመገለጫችን ሊንክ ያገኙታል።

#MuleSoo #ሀበሻ #ኢትዮጵያ #ንግድ #ቴክኖሎጂ"
"2026-08-18","Tue","230","X","PROMO","","90","","ድረ-ገጽ ይፈልጋሉ?
ጎብኚን ወደ ከፋይ ደንበኛ የሚቀይር ድረ-ገጽ እንሰራለን። ከ R3,500 ጀምሮ።

mulesoo.com #MuleSoo #ሀበሻ"
"2026-08-19","Wed","231","LinkedIn","HUMAN","","128","","እኛ ስንተኛ ስልካችን ጸጥ ይላል ብለን እናስባለን።

ቻትቦታችን ግን በዚያው ሌሊት ሶስት ቀጠሮ ይዞ ያድራል።

በ WhatsApp ይጻፉልን፦ wa.me/27688529333

#MuleSoo #ሀበሻ #ኢትዮጵያ"
"2026-08-19","Wed","231","Instagram","HUMAN","","133","","ልጆቻችን ስራችንን ሲጠየቁ፦ «ኮምፒውተር ይነካካሉ» ይላሉ።

ትክክል ናቸው። በጣም እንነካካለን። 😄

ተጨማሪ ለማወቅ፦ mulesoo.com

#MuleSoo #ሀበሻ #ኢትዮጵያ #ንግድ #ቴክኖሎጂ #ዲጂታል #ቢዝነስ"
"2026-08-19","Wed","231","Facebook","HUMAN","","143","","የሰማነው፦ «እንደ Apple ድረ-ገጽ ይሁን — ግን ብዙ ነገር ጨምሩበት።»

ይህ ዓረፍተ ነገር ራሱን ይቃረናል። ፈገግ ብለን እናስረዳለን። 😄

ዛሬውኑ ያናግሩን፦ wa.me/27688529333

#MuleSoo #ሀበሻ #ኢትዮጵያ"
"2026-08-19","Wed","231","TikTok","HUMAN","","113","","የሰማነው፦ «ትንሽ ለውጥ ነው» የሚለው ዓረፍተ ነገር…
በአማካይ ሶስት ቀን ይወስዳል።

ሙሉውን በመገለጫችን ሊንክ ያገኙታል።

#MuleSoo #ሀበሻ #ኢትዮጵያ #ንግድ #ቴክኖሎጂ"
"2026-08-19","Wed","231","X","HUMAN","","78","","በበዓል ቀንም «ድረ-ገጹ ደህና ነው?» ብለን እንፈትሻለን።
አዎ፣ እንደዚህ ነን።

mulesoo.com #MuleSoo #ሀበሻ"
"2026-08-20","Thu","232","LinkedIn","PROBLEM","","103","","ከምሽቱ 1 ሰዓት በኋላ ደንበኞች ያመልጡዎታል።

የተፎካካሪዎ ቻትቦት ግን ነቅቶ ይመልሳል።

ተጨማሪ ለማወቅ፦ mulesoo.com

#MuleSoo #ሀበሻ #ኢትዮጵያ"
"2026-08-20","Thu","232","Instagram","PROBLEM","","139","","ዋጋ ማቅረቢያ በእጅ ይሰራሉ።

በሳምንት 4 ሰዓት ነው። በዓመት አምስት የስራ ሳምንት ማለት ነው።

ዛሬውኑ ያናግሩን፦ wa.me/27688529333

#MuleSoo #ሀበሻ #ኢትዮጵያ #ንግድ #ቴክኖሎጂ #ዲጂታል #ቢዝነስ"
"2026-08-20","Thu","232","Facebook","PROBLEM","","117","","ደረሰኞችዎ ዘግይተው ይወጣሉ።

የገንዘብ ፍሰት የሂሳብ ችግር አይደለም፤ የአስተዳደር ችግር ነው።

ነጻ የ30 ደቂቃ ምክክር ይያዙ፦ mulesoo.com

#MuleSoo #ሀበሻ #ኢትዮጵያ"
"2026-08-20","Thu","232","TikTok","PROBLEM","","117","","ለጥያቄ መልስ የሚሰጡት በሁለት ቀን ነው።
ስራውን ያገኘው ግን በሁለት ሰዓት የመለሰው ነው።

ሙሉውን በመገለጫችን ሊንክ ያገኙታል።

#MuleSoo #ሀበሻ #ኢትዮጵያ #ንግድ #ቴክኖሎጂ"
"2026-08-20","Thu","232","X","PROBLEM","","90","","ደንበኞችዎ ከየት እንደመጡ አያውቁም።
ስለዚህ በሚሰራው መንገድ ላይ ተጨማሪ ገንዘብ ማዋል አይችሉም።

mulesoo.com #MuleSoo #ሀበሻ"
"2026-08-21","Fri","233","LinkedIn","EDUCATE","","122","","አንድ ግልጽ ጥሪ ከአምስት ይሻላል።

እያንዳንዱ ተጨማሪ ቁልፍ ውሳኔ ነው፤ እያንዳንዱ ውሳኔ ሰዎችን ያሸሻል።

ዛሬውኑ ያናግሩን፦ wa.me/27688529333

#MuleSoo #ሀበሻ #ኢትዮጵያ"
"2026-08-21","Fri","233","Instagram","EDUCATE","","144","","የገዙት ኮድ የእርስዎ ይሁን።

ገንቢው ሲጠፋ ድረ-ገጽዎም አብሮ ከጠፋ፣ አልገዙትም — ተከራይተውታል።

ነጻ የ30 ደቂቃ ምክክር ይያዙ፦ mulesoo.com

#MuleSoo #ሀበሻ #ኢትዮጵያ #ንግድ #ቴክኖሎጂ #ዲጂታል #ቢዝነስ"
"2026-08-21","Fri","233","Facebook","EDUCATE","","130","","እያንዳንዱ የቅጽ መስክ ደንበኛ ያስከፍላል።

ለመመለስ የሚያስፈልገውን ብቻ ይጠይቁ። ሌላው ሁሉ መጠበቅ ይችላል።

በ WhatsApp ይጻፉልን፦ wa.me/27688529333

#MuleSoo #ሀበሻ #ኢትዮጵያ"
"2026-08-21","Fri","233","TikTok","EDUCATE","","133","","ግምገማዎችዎ የእርስዎ SEO ናቸው።
እውነተኛ ግምገማ ያለው የጉግል ቢዝነስ ፕሮፋይል ከቆንጆ ድረ-ገጽ በላይ ይወጣል።

ሙሉውን በመገለጫችን ሊንክ ያገኙታል።

#MuleSoo #ሀበሻ #ኢትዮጵያ #ንግድ #ቴክኖሎጂ"
"2026-08-21","Fri","233","X","EDUCATE","","99","","የመብራት መቆራረጥ የዲዛይን ግዴታ ነው።
ለተቆራረጠ ኢንተርኔት አስቀድመው ይንደፉ። እዚህ አገር አማራጭ አይደለም።

mulesoo.com #MuleSoo #ሀበሻ"
"2026-08-22","Sat","234","LinkedIn","PROOF","yes","158","","በዚህ ወር የሰራነው፦

[እውነተኛ የደንበኛ ውጤት እዚህ ያስገቡ — ለምሳሌ፦ «የእገሌ ንግድ ቀጠሮዎች በ40% ጨመሩ»። እውነተኛ ውጤት ብቻ፤ በጭራሽ አይፈጠሩ።]

ነጻ የ30 ደቂቃ ምክክር ይያዙ፦ mulesoo.com

#MuleSoo #ሀበሻ #ኢትዮጵያ"
"2026-08-22","Sat","234","Instagram","PROOF","yes","185","","በዚህ ወር የሰራነው፦

[እውነተኛ የደንበኛ ውጤት እዚህ ያስገቡ — ለምሳሌ፦ «የእገሌ ንግድ ቀጠሮዎች በ40% ጨመሩ»። እውነተኛ ውጤት ብቻ፤ በጭራሽ አይፈጠሩ።]

በ WhatsApp ይጻፉልን፦ wa.me/27688529333

#MuleSoo #ሀበሻ #ኢትዮጵያ #ንግድ #ቴክኖሎጂ #ዲጂታል #ቢዝነስ"
"2026-08-22","Sat","234","Facebook","PROOF","yes","148","","በዚህ ወር የሰራነው፦

[እውነተኛ የደንበኛ ውጤት እዚህ ያስገቡ — ለምሳሌ፦ «የእገሌ ንግድ ቀጠሮዎች በ40% ጨመሩ»። እውነተኛ ውጤት ብቻ፤ በጭራሽ አይፈጠሩ።]

ተጨማሪ ለማወቅ፦ mulesoo.com

#MuleSoo #ሀበሻ #ኢትዮጵያ"
"2026-08-22","Sat","234","TikTok","PROOF","yes","133","","በዚህ ወር የሰራነው፦
[እውነተኛ የደንበኛ ውጤት እዚህ ያስገቡ — ለምሳሌ፦ «የእገሌ ንግድ ቀጠሮዎች በ40% ጨመሩ»።

ሙሉውን በመገለጫችን ሊንክ ያገኙታል።

#MuleSoo #ሀበሻ #ኢትዮጵያ #ንግድ #ቴክኖሎጂ"
"2026-08-22","Sat","234","X","PROOF","yes","128","","በዚህ ወር የሰራነው፦
[እውነተኛ የደንበኛ ውጤት እዚህ ያስገቡ — ለምሳሌ፦ «የእገሌ ንግድ ቀጠሮዎች በ40% ጨመሩ»። እውነተኛ ውጤት ብቻ፤ በጭራሽ አይፈጠሩ።]

mulesoo.com #MuleSoo #ሀበሻ"
"2026-08-23","Sun","235","LinkedIn","MYTH","","172","","ብዙ ጊዜ የሚባል ነገር፦ «AI ውድ ነው፤ ለትልልቅ ኩባንያዎች ብቻ ነው።»

እውነታው፦ ዛሬ ቻትቦት ከአንድ ሰራተኛ ወርሃዊ ደመወዝ ባነሰ ዋጋ ይሰራል — እና እረፍት አይጠይቅም።

በ WhatsApp ይጻፉልን፦ wa.me/27688529333

#MuleSoo #ሀበሻ #ኢትዮጵያ"
"2026-08-23","Sun","235","Instagram","MYTH","","160","","ብዙ ጊዜ የሚባል ነገር፦ «ሎጎ ማንኛውም ሰው መስራት ይችላል።»

እውነታው፦ ሎጎ ስዕል ብቻ አይደለም፤ በመጀመሪያ እይታ የሚቀር ማህተም ነው።

ተጨማሪ ለማወቅ፦ mulesoo.com

#MuleSoo #ሀበሻ #ኢትዮጵያ #ንግድ #ቴክኖሎጂ #ዲጂታል #ቢዝነስ"
"2026-08-23","Sun","235","Facebook","MYTH","","142","","ብዙ ጊዜ የሚባል ነገር፦ «ውድ ድረ-ገጽ ጥሩ ድረ-ገጽ ነው።»

እውነታው፦ ዋጋ ጥራት አይደለም። ድረ-ገጽ የሚለካው በሚያመጣው ደንበኛ ነው።

ዛሬውኑ ያናግሩን፦ wa.me/27688529333

#MuleSoo #ሀበሻ #ኢትዮጵያ"
"2026-08-23","Sun","235","TikTok","MYTH","","121","","ብዙ ጊዜ የሚባል ነገር፦ «QR ኮድ ጊዜው አልፎበታል።»
እውነታው፦ ዛሬ በሁሉም ጠረጴዛ ላይ ነው።

ሙሉውን በመገለጫችን ሊንክ ያገኙታል።

#MuleSoo #ሀበሻ #ኢትዮጵያ #ንግድ #ቴክኖሎጂ"
"2026-08-23","Sun","235","X","MYTH","","135","","ብዙ ጊዜ የሚባል ነገር፦ «ቻትቦት ደንበኞችን ያስቀይማል።»
እውነታው፦ የሚያስቀይመው መልስ አለማግኘት ነው። ጥሩ ቻትቦት በሰከንድ ይመልሳል፤ ሰው ሲያስፈልግ ያስተላልፋል።

mulesoo.com #MuleSoo #ሀበሻ"
"2026-08-24","Mon","236","LinkedIn","BEHIND","","104","","ዛሬ አንድ ፕሮጀክት አልተቀበልንም።

ትክክለኛው ስራ ካልሆነ፣ ገንዘቡም ትክክለኛ አይደለም።

ተጨማሪ ለማወቅ፦ mulesoo.com

#MuleSoo #ሀበሻ #ኢትዮጵያ"
"2026-08-24","Mon","236","Instagram","BEHIND","","164","","ደንበኛ «ትንሽ ለውጥ» ሲል እንሳቀቅ ነበር።

አሁን ግን እያንዳንዱ ደንበኛ ራሱ የሚያስተካክልበት አድሚን ፓነል እንሰጣለን። ሰላም ሆነ።

ዛሬውኑ ያናግሩን፦ wa.me/27688529333

#MuleSoo #ሀበሻ #ኢትዮጵያ #ንግድ #ቴክኖሎጂ #ዲጂታል #ቢዝነስ"
"2026-08-24","Mon","236","Facebook","BEHIND","","120","","የደንበኞቻችንን ድረ-ገጾች በየቀኑ እንቃኛለን።

ችግርን ከደንበኛው በፊት ማየት የስራችን አካል ነው።

ነጻ የ30 ደቂቃ ምክክር ይያዙ፦ mulesoo.com

#MuleSoo #ሀበሻ #ኢትዮጵያ"
"2026-08-24","Mon","236","TikTok","BEHIND","","109","","ትልቁ ደስታችን ደንበኛ «ራሴ አስተካከልኩት» ሲለን ነው።
ስርዓቱ የእሱ ነውና።

ሙሉውን በመገለጫችን ሊንክ ያገኙታል።

#MuleSoo #ሀበሻ #ኢትዮጵያ #ንግድ #ቴክኖሎጂ"
"2026-08-24","Mon","236","X","BEHIND","","93","","እያንዳንዱን ድረ-ገጽ በትንሹ ስክሪን ላይ እንፈትሻለን።
በትንሹ ስልክ ላይ ከሰራ፣ በሁሉም ላይ ይሰራል።

mulesoo.com #MuleSoo #ሀበሻ"
"2026-08-25","Tue","237","LinkedIn","PROMO","","132","","ሌሊት የሚመልስ ሰራተኛ ይፈልጋሉ?

ቻትቦታችን በሌሊትም ይመልሳል — እርስዎ ይተኛሉ፣ ንግድዎ ይሰራል። ከ R2,500 ጀምሮ።

ዛሬውኑ ያናግሩን፦ wa.me/27688529333

#MuleSoo #ሀበሻ #ኢትዮጵያ"
"2026-08-25","Tue","237","Instagram","PROMO","","171","","ወረቀት ላይ ያለ ተራ QR ኮድ በቂ አይደለም።

ማን፣ መቼ፣ ስንት ጊዜ እንደቃኘው የሚነግርዎ የምርትዎን ቀለም የያዘ ኮድ — ከ R300 ጀምሮ።

ነጻ የ30 ደቂቃ ምክክር ይያዙ፦ mulesoo.com

#MuleSoo #ሀበሻ #ኢትዮጵያ #ንግድ #ቴክኖሎጂ #ዲጂታል #ቢዝነስ"
"2026-08-25","Tue","237","Facebook","PROMO","","145","","ቀጠሮ፣ ክፍያ፣ ማስታወሻ — ሁሉም በራሱ ይስራ።

የ Auto Pilot ስርዓታችን ንግድዎን በእንቅልፍዎም ያንቀሳቅሳል። ዋጋ በፕሮጀክት።

በ WhatsApp ይጻፉልን፦ wa.me/27688529333

#MuleSoo #ሀበሻ #ኢትዮጵያ"
"2026-08-25","Tue","237","TikTok","PROMO","","119","","ንግድዎ የሚፈልገው መተግበሪያ ገበያ ላይ የለም?
እንሰራዋለን — ልክ ለእርስዎ አሰራር የተሰፋ።

ሙሉውን በመገለጫችን ሊንክ ያገኙታል።

#MuleSoo #ሀበሻ #ኢትዮጵያ #ንግድ #ቴክኖሎጂ"
"2026-08-25","Tue","237","X","PROMO","","105","","ሌሊት የሚመልስ ሰራተኛ ይፈልጋሉ?
ቻትቦታችን በሌሊትም ይመልሳል — እርስዎ ይተኛሉ፣ ንግድዎ ይሰራል። ከ R2,500 ጀምሮ።

mulesoo.com #MuleSoo #ሀበሻ"
"2026-08-26","Wed","238","LinkedIn","HUMAN","","111","","WiFi ሲጠፋ የቢሮአችን ድምጽ፦ ጸጥታ።

ከዚያ ሁሉም ወደ ስልክ ዳታ። ስራ አይቆምም።

ነጻ የ30 ደቂቃ ምክክር ይያዙ፦ mulesoo.com

#MuleSoo #ሀበሻ #ኢትዮጵያ"
"2026-08-26","Wed","238","Instagram","HUMAN","","161","","በሳምንት አንድ ጊዜ ራሳችንን እንጠይቃለን፦

«ይህን ደንበኛው በራሱ ማድረግ ይችላል?» መልሱ አዎ ከሆነ፣ እናስተምረዋለን።

በ WhatsApp ይጻፉልን፦ wa.me/27688529333

#MuleSoo #ሀበሻ #ኢትዮጵያ #ንግድ #ቴክኖሎጂ #ዲጂታል #ቢዝነስ"
"2026-08-26","Wed","238","Facebook","HUMAN","","111","","እያንዳንዱ የሎጎ ማስተካከያ ጥያቄ የሚመጣው እኩለ ሌሊት ላይ ነው።

ለምን እንደሆነ መጠየቅ አቁመናል።

ተጨማሪ ለማወቅ፦ mulesoo.com

#MuleSoo #ሀበሻ #ኢትዮጵያ"
"2026-08-26","Wed","238","TikTok","HUMAN","","103","","ስንት ቡና እንደጠጣን አንቆጥርም።
የደንበኞቻችን ሽያጭ ግን ይቆጠራል።

ሙሉውን በመገለጫችን ሊንክ ያገኙታል።

#MuleSoo #ሀበሻ #ኢትዮጵያ #ንግድ #ቴክኖሎጂ"
"2026-08-26","Wed","238","X","HUMAN","","99","","ደንበኛ፦ «መቼ ይደርሳል?» እኛ፦ «ነገ።»
ነገ ማለታችን ግን በእውነት ነገ ነው። ያልተለመደ መሆኑን እናውቃለን።

mulesoo.com #MuleSoo #ሀበሻ"
"2026-08-27","Thu","239","LinkedIn","PROBLEM","","127","","ድረ-ገጽዎ በላፕቶፕዎ ላይ ያምራል።

ከ10 ደንበኞችዎ 9ኙ ግን በስልክ ነው የሚያዩት። በስልክ አይተውታል?

በ WhatsApp ይጻፉልን፦ wa.me/27688529333

#MuleSoo #ሀበሻ #ኢትዮጵያ"
"2026-08-27","Thu","239","Instagram","PROBLEM","","134","","ጉግል ላይ አይገኙም።

ትንሽ ስለሆኑ አይደለም — ገጾችዎ መኖራቸውን ለጉግል ማንም ስላልነገረው ነው።

ተጨማሪ ለማወቅ፦ mulesoo.com

#MuleSoo #ሀበሻ #ኢትዮጵያ #ንግድ #ቴክኖሎጂ #ዲጂታል #ቢዝነስ"
"2026-08-27","Thu","239","Facebook","PROBLEM","","101","","ዋጋዎ ድረ-ገጽዎ ላይ የለም።

ሰዎች «ውድ ይሆናል» ብለው ገምተው ይሄዳሉ።

ዛሬውኑ ያናግሩን፦ wa.me/27688529333

#MuleSoo #ሀበሻ #ኢትዮጵያ"
"2026-08-27","Thu","239","TikTok","PROBLEM","","135","","ማስተካከል የማይችሉት ድረ-ገጽ እየከፈሉበት ነው።
እያንዳንዱ የጽሁፍ ለውጥ አንድ የስልክ ጥሪና ሶስት ቀን ያስወጣዎታል።

ሙሉውን በመገለጫችን ሊንክ ያገኙታል።

#MuleSoo #ሀበሻ #ኢትዮጵያ #ንግድ #ቴክኖሎጂ"
"2026-08-27","Thu","239","X","PROBLEM","","106","","ድረ-ገጽዎ ለመከፈት 6 ሰከንድ ይወስዳል።
ግማሾቹ ጎብኚዎች ሳይጠብቁ ወጥተዋል። ፍጥነት ቅንጦት አይደለም፤ የሱቅዎ በር ነው።

mulesoo.com #MuleSoo #ሀበሻ"
"2026-08-28","Fri","240","LinkedIn","EDUCATE","","125","","ፍጥነት የሚመጣው ከማይጫኑት ነገር ነው።

ከባድ ምስሎች፣ ስላይደሮች፣ የቪዲዮ ጀርባዎች — መጀመሪያ ይሰርዙ፤ ከዚያ ያሻሽሉ።

ተጨማሪ ለማወቅ፦ mulesoo.com

#MuleSoo #ሀበሻ #ኢትዮጵያ"
"2026-08-28","Fri","240","Instagram","EDUCATE","","122","","ዋጋዎን ይጻፉ።

መደበቅ አያሳንሰውም፤ እርግጠኛ እንዳልሆኑ ያስመስላል።

ዛሬውኑ ያናግሩን፦ wa.me/27688529333

#MuleSoo #ሀበሻ #ኢትዮጵያ #ንግድ #ቴክኖሎጂ #ዲጂታል #ቢዝነስ"
"2026-08-28","Fri","240","Facebook","EDUCATE","","112","","ምስሎችዎን ያሳንሱ።

4MB የሆነ ምስል የሆስቲንግ ችግር አይደለም፤ የምስል ችግር ነው።

ነጻ የ30 ደቂቃ ምክክር ይያዙ፦ mulesoo.com

#MuleSoo #ሀበሻ #ኢትዮጵያ"
"2026-08-28","Fri","240","TikTok","EDUCATE","","92","","አንድ ቁጥር ብቻ ይለኩ።
በሳምንት የሚመጡ ጥያቄዎች።

ሙሉውን በመገለጫችን ሊንክ ያገኙታል።

#MuleSoo #ሀበሻ #ኢትዮጵያ #ንግድ #ቴክኖሎጂ"
"2026-08-28","Fri","240","X","EDUCATE","","102","","የመነሻ ገጽዎ አንድ ስራ ብቻ አለው።
ምን እንደሚሰሩ፣ ለማን እንደሆነ፣ የት እንደሚጫኑ ይንገሩ። ቀሪው ሁሉ ጌጥ ነው።

mulesoo.com #MuleSoo #ሀበሻ"
"2026-08-29","Sat","241","LinkedIn","PROOF","yes","155","","በዚህ ወር የሰራነው፦

[እውነተኛ የደንበኛ ውጤት እዚህ ያስገቡ — ለምሳሌ፦ «የእገሌ ንግድ ቀጠሮዎች በ40% ጨመሩ»። እውነተኛ ውጤት ብቻ፤ በጭራሽ አይፈጠሩ።]

ዛሬውኑ ያናግሩን፦ wa.me/27688529333

#MuleSoo #ሀበሻ #ኢትዮጵያ"
"2026-08-29","Sat","241","Instagram","PROOF","yes","182","","በዚህ ወር የሰራነው፦

[እውነተኛ የደንበኛ ውጤት እዚህ ያስገቡ — ለምሳሌ፦ «የእገሌ ንግድ ቀጠሮዎች በ40% ጨመሩ»። እውነተኛ ውጤት ብቻ፤ በጭራሽ አይፈጠሩ።]

ነጻ የ30 ደቂቃ ምክክር ይያዙ፦ mulesoo.com

#MuleSoo #ሀበሻ #ኢትዮጵያ #ንግድ #ቴክኖሎጂ #ዲጂታል #ቢዝነስ"
"2026-08-29","Sat","241","Facebook","PROOF","yes","161","","በዚህ ወር የሰራነው፦

[እውነተኛ የደንበኛ ውጤት እዚህ ያስገቡ — ለምሳሌ፦ «የእገሌ ንግድ ቀጠሮዎች በ40% ጨመሩ»። እውነተኛ ውጤት ብቻ፤ በጭራሽ አይፈጠሩ።]

በ WhatsApp ይጻፉልን፦ wa.me/27688529333

#MuleSoo #ሀበሻ #ኢትዮጵያ"
"2026-08-29","Sat","241","TikTok","PROOF","yes","133","","በዚህ ወር የሰራነው፦
[እውነተኛ የደንበኛ ውጤት እዚህ ያስገቡ — ለምሳሌ፦ «የእገሌ ንግድ ቀጠሮዎች በ40% ጨመሩ»።

ሙሉውን በመገለጫችን ሊንክ ያገኙታል።

#MuleSoo #ሀበሻ #ኢትዮጵያ #ንግድ #ቴክኖሎጂ"
"2026-08-29","Sat","241","X","PROOF","yes","128","","በዚህ ወር የሰራነው፦
[እውነተኛ የደንበኛ ውጤት እዚህ ያስገቡ — ለምሳሌ፦ «የእገሌ ንግድ ቀጠሮዎች በ40% ጨመሩ»። እውነተኛ ውጤት ብቻ፤ በጭራሽ አይፈጠሩ።]

mulesoo.com #MuleSoo #ሀበሻ"
"2026-08-30","Sun","242","LinkedIn","MYTH","","165","","ብዙ ጊዜ የሚባል ነገር፦ «ማህበራዊ ሚዲያ ካለኝ ድረ-ገጽ አያስፈልገኝም።»

እውነታው፦ ያ ገጽ የእርስዎ አይደለም፤ ተከራይተውታል። ህጎቹ ሲቀየሩ ንግድዎም አብሮ ይናወጣል።

ነጻ የ30 ደቂቃ ምክክር ይያዙ፦ mulesoo.com

#MuleSoo #ሀበሻ #ኢትዮጵያ"
"2026-08-30","Sun","242","Instagram","MYTH","","181","","ብዙ ጊዜ የሚባል ነገር፦ «ደንበኞቼ ኢንተርኔት አይጠቀሙም።»

እውነታው፦ ልጆቻቸው ግን ይጠቀማሉ — እና የቤተሰቡን ውሳኔ ብዙ ጊዜ የሚመሩት እነሱ ናቸው።

በ WhatsApp ይጻፉልን፦ wa.me/27688529333

#MuleSoo #ሀበሻ #ኢትዮጵያ #ንግድ #ቴክኖሎጂ #ዲጂታል #ቢዝነስ"
"2026-08-30","Sun","242","Facebook","MYTH","","142","","ብዙ ጊዜ የሚባል ነገር፦ «አውቶሜሽን ሰራተኞችን ያስወግዳል።»

እውነታው፦ አይደለም — አሰልቺውን ስራ ይወስዳል። ሰዎችዎ ለሚከፍለው ስራ ጊዜ ያገኛሉ።

ተጨማሪ ለማወቅ፦ mulesoo.com

#MuleSoo #ሀበሻ #ኢትዮጵያ"
"2026-08-30","Sun","242","TikTok","MYTH","","138","","ብዙ ጊዜ የሚባል ነገር፦ «ለትንሽ ንግድ ድረ-ገጽ አያስፈልግም።»
እውነታው፦ ደንበኛዎ ግን መጀመሪያ ጉግል ላይ ይፈልግዎታል።

ሙሉውን በመገለጫችን ሊንክ ያገኙታል።

#MuleSoo #ሀበሻ #ኢትዮጵያ #ንግድ #ቴክኖሎጂ"
"2026-08-30","Sun","242","X","MYTH","","141","","ብዙ ጊዜ የሚባል ነገር፦ «ድረ-ገጽ አንዴ ተሰርቶ ያበቃል።»
እውነታው፦ ድረ-ገጽ እንደ ሱቅ ነው — መስታወቱ ሁልጊዜ ንጹህ መሆን አለበት። ትንሽ እንክብካቤ ትልቅ ልዩነት ያመጣል።

mulesoo.com #MuleSoo #ሀበሻ"
"2026-08-31","Mon","243","LinkedIn","BEHIND","","122","","የእኛ ስብሰባዎች 30 ደቂቃ ናቸው።

ከዚያ በላይ ከወሰደ፣ ችግሩ አጀንዳው ሳይሆን ዝግጅታችን ነው።

በ WhatsApp ይጻፉልን፦ wa.me/27688529333

#MuleSoo #ሀበሻ #ኢትዮጵያ"
"2026-08-31","Mon","243","Instagram","BEHIND","","143","","ኮድ ከመጻፍ በፊት እንቆጥራለን።

ስንት ጎብኚ፣ ስንት ጥያቄ፣ ስንት ሽያጭ። ቁጥር የሌለው ዲዛይን ግምት ብቻ ነው።

ተጨማሪ ለማወቅ፦ mulesoo.com

#MuleSoo #ሀበሻ #ኢትዮጵያ #ንግድ #ቴክኖሎጂ #ዲጂታል #ቢዝነስ"
"2026-08-31","Mon","243","Facebook","BEHIND","","125","","አዲስ ሰው ስንቀጥር የመጀመሪያ ጥያቄያችን፦ «ማስረዳት ይችላሉ?»

ኮድ መጻፍ ይማራል፤ ግልጽነት ግን ባህሪ ነው።

ዛሬውኑ ያናግሩን፦ wa.me/27688529333

#MuleSoo #ሀበሻ #ኢትዮጵያ"
"2026-08-31","Mon","243","TikTok","BEHIND","","132","","ዛሬ ከአዲስ ደንበኛ ጋር የመጀመሪያ ስብሰባ ነበረን።
አንድም ጊዜ ስለ ቴክኖሎጂ አልተነጋገርንም — ስለ ንግዱ ብቻ።

ሙሉውን በመገለጫችን ሊንክ ያገኙታል።

#MuleSoo #ሀበሻ #ኢትዮጵያ #ንግድ #ቴክኖሎጂ"
"2026-08-31","Mon","243","X","BEHIND","","85","","ከመጨመራችን በፊት እንቀንሳለን።
የመጀመሪያው ስራችን ደንበኛው የማይፈልገውን ማስወገድ ነው።

mulesoo.com #MuleSoo #ሀበሻ"
"2026-09-01","Tue","244","LinkedIn","PROMO","","110","","ሎጎዎ ማን እንደሆኑ ይናገራል?

በአንድ እይታ የሚታወስ የምርት መለያ እንሰራለን። ከ R800 ጀምሮ።

ተጨማሪ ለማወቅ፦ mulesoo.com

#MuleSoo #ሀበሻ #ኢትዮጵያ"
"2026-09-01","Tue","244","Instagram","PROMO","","145","","ገና በ gmail ነው የሚሰሩት?

የ @yourbusiness ኢሜይል ያሳምራል፤ ያሳምናል። ከ R400 ጀምሮ።

ዛሬውኑ ያናግሩን፦ wa.me/27688529333

#MuleSoo #ሀበሻ #ኢትዮጵያ #ንግድ #ቴክኖሎጂ #ዲጂታል #ቢዝነስ"
"2026-09-01","Tue","244","Facebook","PROMO","","133","","አሰልቺው የቢሮ ስራ ራሱን ይስራ።

የ AI አውቶሜሽን ስርዓቶቻችን ደረሰኝ ይልካሉ፣ ቀጠሮ ያስይዛሉ፣ ደንበኛ ይከታተላሉ።

ነጻ የ30 ደቂቃ ምክክር ይያዙ፦ mulesoo.com

#MuleSoo #ሀበሻ #ኢትዮጵያ"
"2026-09-01","Tue","244","TikTok","PROMO","","108","","ድረ-ገጽ ይፈልጋሉ?
ጎብኚን ወደ ከፋይ ደንበኛ የሚቀይር ድረ-ገጽ እንሰራለን።

ሙሉውን በመገለጫችን ሊንክ ያገኙታል።

#MuleSoo #ሀበሻ #ኢትዮጵያ #ንግድ #ቴክኖሎጂ"
"2026-09-01","Tue","244","X","PROMO","","90","","ሎጎዎ ማን እንደሆኑ ይናገራል?
በአንድ እይታ የሚታወስ የምርት መለያ እንሰራለን። ከ R800 ጀምሮ።

mulesoo.com #MuleSoo #ሀበሻ"
"2026-09-02","Wed","245","LinkedIn","HUMAN","","114","","ልጆቻችን ስራችንን ሲጠየቁ፦ «ኮምፒውተር ይነካካሉ» ይላሉ።

ትክክል ናቸው። በጣም እንነካካለን።

ዛሬውኑ ያናግሩን፦ wa.me/27688529333

#MuleSoo #ሀበሻ #ኢትዮጵያ"
"2026-09-02","Wed","245","Instagram","HUMAN","","170","","የሰማነው፦ «እንደ Apple ድረ-ገጽ ይሁን — ግን ብዙ ነገር ጨምሩበት።»

ይህ ዓረፍተ ነገር ራሱን ይቃረናል። ፈገግ ብለን እናስረዳለን። 😄

ነጻ የ30 ደቂቃ ምክክር ይያዙ፦ mulesoo.com

#MuleSoo #ሀበሻ #ኢትዮጵያ #ንግድ #ቴክኖሎጂ #ዲጂታል #ቢዝነስ"
"2026-09-02","Wed","245","Facebook","HUMAN","","128","","የሰማነው፦ «ትንሽ ለውጥ ነው» የሚለው ዓረፍተ ነገር…

በአማካይ ሶስት ቀን ይወስዳል። ግን እንወደዋለን። 😅

በ WhatsApp ይጻፉልን፦ wa.me/27688529333

#MuleSoo #ሀበሻ #ኢትዮጵያ"
"2026-09-02","Wed","245","TikTok","HUMAN","","110","","በበዓል ቀንም «ድረ-ገጹ ደህና ነው?» ብለን እንፈትሻለን።
አዎ፣ እንደዚህ ነን።

ሙሉውን በመገለጫችን ሊንክ ያገኙታል።

#MuleSoo #ሀበሻ #ኢትዮጵያ #ንግድ #ቴክኖሎጂ"
"2026-09-02","Wed","245","X","HUMAN","","101","","ሁለት አይነት ንግድ አለ፦
ድረ-ገጽ ያለውና «በኋላ እሰራለሁ» የሚል። ሁለተኛው የመጀመሪያውን ደንበኛ ያበረክትለታል።

mulesoo.com #MuleSoo #ሀበሻ"
"2026-09-03","Thu","246","LinkedIn","PROBLEM","","118","","ዋጋ ማቅረቢያ በእጅ ይሰራሉ።

በሳምንት 4 ሰዓት ነው። በዓመት አምስት የስራ ሳምንት ማለት ነው።

ነጻ የ30 ደቂቃ ምክክር ይያዙ፦ mulesoo.com

#MuleSoo #ሀበሻ #ኢትዮጵያ"
"2026-09-03","Thu","246","Instagram","PROBLEM","","144","","ደረሰኞችዎ ዘግይተው ይወጣሉ።

የገንዘብ ፍሰት የሂሳብ ችግር አይደለም፤ የአስተዳደር ችግር ነው።

በ WhatsApp ይጻፉልን፦ wa.me/27688529333

#MuleSoo #ሀበሻ #ኢትዮጵያ #ንግድ #ቴክኖሎጂ #ዲጂታል #ቢዝነስ"
"2026-09-03","Thu","246","Facebook","PROBLEM","","105","","ለጥያቄ መልስ የሚሰጡት በሁለት ቀን ነው።

ስራውን ያገኘው ግን በሁለት ሰዓት የመለሰው ነው።

ተጨማሪ ለማወቅ፦ mulesoo.com

#MuleSoo #ሀበሻ #ኢትዮጵያ"
"2026-09-03","Thu","246","TikTok","PROBLEM","","122","","ደንበኞችዎ ከየት እንደመጡ አያውቁም።
ስለዚህ በሚሰራው መንገድ ላይ ተጨማሪ ገንዘብ ማዋል አይችሉም።

ሙሉውን በመገለጫችን ሊንክ ያገኙታል።

#MuleSoo #ሀበሻ #ኢትዮጵያ #ንግድ #ቴክኖሎጂ"
"2026-09-03","Thu","246","X","PROBLEM","","100","","አንድ ጥያቄ በሳምንት 30 ጊዜ በዋትስአፕ ይመልሳሉ።
ያ የደንበኛ አገልግሎት አይደለም፤ ገና ያልተሰራ ቻትቦት ነው።

mulesoo.com #MuleSoo #ሀበሻ"
"2026-09-04","Fri","247","LinkedIn","EDUCATE","","123","","የገዙት ኮድ የእርስዎ ይሁን።

ገንቢው ሲጠፋ ድረ-ገጽዎም አብሮ ከጠፋ፣ አልገዙትም — ተከራይተውታል።

በ WhatsApp ይጻፉልን፦ wa.me/27688529333

#MuleSoo #ሀበሻ #ኢትዮጵያ"
"2026-09-04","Fri","247","Instagram","EDUCATE","","141","","እያንዳንዱ የቅጽ መስክ ደንበኛ ያስከፍላል።

ለመመለስ የሚያስፈልገውን ብቻ ይጠይቁ። ሌላው ሁሉ መጠበቅ ይችላል።

ተጨማሪ ለማወቅ፦ mulesoo.com

#MuleSoo #ሀበሻ #ኢትዮጵያ #ንግድ #ቴክኖሎጂ #ዲጂታል #ቢዝነስ"
"2026-09-04","Fri","247","Facebook","EDUCATE","","128","","ግምገማዎችዎ የእርስዎ SEO ናቸው።

እውነተኛ ግምገማ ያለው የጉግል ቢዝነስ ፕሮፋይል ከቆንጆ ድረ-ገጽ በላይ ይወጣል።

ዛሬውኑ ያናግሩን፦ wa.me/27688529333

#MuleSoo #ሀበሻ #ኢትዮጵያ"
"2026-09-04","Fri","247","TikTok","EDUCATE","","111","","የመብራት መቆራረጥ የዲዛይን ግዴታ ነው።
ለተቆራረጠ ኢንተርኔት አስቀድመው ይንደፉ።

ሙሉውን በመገለጫችን ሊንክ ያገኙታል።

#MuleSoo #ሀበሻ #ኢትዮጵያ #ንግድ #ቴክኖሎጂ"
"2026-09-04","Fri","247","X","EDUCATE","","89","","ሰዎች አያነቡም፤ በዓይን ይቃኛሉ።
አጫጭር አንቀጾች። ግልጽ ርዕሶች። በአንድ ስክሪን አንድ ሀሳብ።

mulesoo.com #MuleSoo #ሀበሻ"
"2026-09-05","Sat","248","LinkedIn","PROOF","yes","148","","በዚህ ወር የሰራነው፦

[እውነተኛ የደንበኛ ውጤት እዚህ ያስገቡ — ለምሳሌ፦ «የእገሌ ንግድ ቀጠሮዎች በ40% ጨመሩ»። እውነተኛ ውጤት ብቻ፤ በጭራሽ አይፈጠሩ።]

ተጨማሪ ለማወቅ፦ mulesoo.com

#MuleSoo #ሀበሻ #ኢትዮጵያ"
"2026-09-05","Sat","248","Instagram","PROOF","yes","179","","በዚህ ወር የሰራነው፦

[እውነተኛ የደንበኛ ውጤት እዚህ ያስገቡ — ለምሳሌ፦ «የእገሌ ንግድ ቀጠሮዎች በ40% ጨመሩ»። እውነተኛ ውጤት ብቻ፤ በጭራሽ አይፈጠሩ።]

ዛሬውኑ ያናግሩን፦ wa.me/27688529333

#MuleSoo #ሀበሻ #ኢትዮጵያ #ንግድ #ቴክኖሎጂ #ዲጂታል #ቢዝነስ"
"2026-09-05","Sat","248","Facebook","PROOF","yes","158","","በዚህ ወር የሰራነው፦

[እውነተኛ የደንበኛ ውጤት እዚህ ያስገቡ — ለምሳሌ፦ «የእገሌ ንግድ ቀጠሮዎች በ40% ጨመሩ»። እውነተኛ ውጤት ብቻ፤ በጭራሽ አይፈጠሩ።]

ነጻ የ30 ደቂቃ ምክክር ይያዙ፦ mulesoo.com

#MuleSoo #ሀበሻ #ኢትዮጵያ"
"2026-09-05","Sat","248","TikTok","PROOF","yes","133","","በዚህ ወር የሰራነው፦
[እውነተኛ የደንበኛ ውጤት እዚህ ያስገቡ — ለምሳሌ፦ «የእገሌ ንግድ ቀጠሮዎች በ40% ጨመሩ»።

ሙሉውን በመገለጫችን ሊንክ ያገኙታል።

#MuleSoo #ሀበሻ #ኢትዮጵያ #ንግድ #ቴክኖሎጂ"
"2026-09-05","Sat","248","X","PROOF","yes","128","","በዚህ ወር የሰራነው፦
[እውነተኛ የደንበኛ ውጤት እዚህ ያስገቡ — ለምሳሌ፦ «የእገሌ ንግድ ቀጠሮዎች በ40% ጨመሩ»። እውነተኛ ውጤት ብቻ፤ በጭራሽ አይፈጠሩ።]

mulesoo.com #MuleSoo #ሀበሻ"
"2026-09-06","Sun","249","LinkedIn","MYTH","","143","","ብዙ ጊዜ የሚባል ነገር፦ «ሎጎ ማንኛውም ሰው መስራት ይችላል።»

እውነታው፦ ሎጎ ስዕል ብቻ አይደለም፤ በመጀመሪያ እይታ የሚቀር ማህተም ነው።

ዛሬውኑ ያናግሩን፦ wa.me/27688529333

#MuleSoo #ሀበሻ #ኢትዮጵያ"
"2026-09-06","Sun","249","Instagram","MYTH","","169","","ብዙ ጊዜ የሚባል ነገር፦ «ውድ ድረ-ገጽ ጥሩ ድረ-ገጽ ነው።»

እውነታው፦ ዋጋ ጥራት አይደለም። ድረ-ገጽ የሚለካው በሚያመጣው ደንበኛ ነው።

ነጻ የ30 ደቂቃ ምክክር ይያዙ፦ mulesoo.com

#MuleSoo #ሀበሻ #ኢትዮጵያ #ንግድ #ቴክኖሎጂ #ዲጂታል #ቢዝነስ"
"2026-09-06","Sun","249","Facebook","MYTH","","154","","ብዙ ጊዜ የሚባል ነገር፦ «QR ኮድ ጊዜው አልፎበታል።»

እውነታው፦ ዛሬ በሁሉም ጠረጴዛ ላይ ነው። ትክክለኛው ጥያቄ፦ ስንት ሰው እንደቃኘው ያውቃሉ?

በ WhatsApp ይጻፉልን፦ wa.me/27688529333

#MuleSoo #ሀበሻ #ኢትዮጵያ"
"2026-09-06","Sun","249","TikTok","MYTH","","127","","ብዙ ጊዜ የሚባል ነገር፦ «ቻትቦት ደንበኞችን ያስቀይማል።»
እውነታው፦ የሚያስቀይመው መልስ አለማግኘት ነው።

ሙሉውን በመገለጫችን ሊንክ ያገኙታል።

#MuleSoo #ሀበሻ #ኢትዮጵያ #ንግድ #ቴክኖሎጂ"
"2026-09-06","Sun","249","X","MYTH","","139","","ብዙ ጊዜ የሚባል ነገር፦ «AI ውድ ነው፤ ለትልልቅ ኩባንያዎች ብቻ ነው።»
እውነታው፦ ዛሬ ቻትቦት ከአንድ ሰራተኛ ወርሃዊ ደመወዝ ባነሰ ዋጋ ይሰራል — እና እረፍት አይጠይቅም።

mulesoo.com #MuleSoo #ሀበሻ"
"2026-09-07","Mon","250","LinkedIn","BEHIND","","143","","ደንበኛ «ትንሽ ለውጥ» ሲል እንሳቀቅ ነበር።

አሁን ግን እያንዳንዱ ደንበኛ ራሱ የሚያስተካክልበት አድሚን ፓነል እንሰጣለን። ሰላም ሆነ።

ነጻ የ30 ደቂቃ ምክክር ይያዙ፦ mulesoo.com

#MuleSoo #ሀበሻ #ኢትዮጵያ"
"2026-09-07","Mon","250","Instagram","BEHIND","","147","","የደንበኞቻችንን ድረ-ገጾች በየቀኑ እንቃኛለን።

ችግርን ከደንበኛው በፊት ማየት የስራችን አካል ነው።

በ WhatsApp ይጻፉልን፦ wa.me/27688529333

#MuleSoo #ሀበሻ #ኢትዮጵያ #ንግድ #ቴክኖሎጂ #ዲጂታል #ቢዝነስ"
"2026-09-07","Mon","250","Facebook","BEHIND","","137","","ትልቁ ደስታችን ደንበኛ «ራሴ አስተካከልኩት» ሲለን ነው።

ስርዓቱ የእሱ ነውና። እኛ የሰራነው መሳሪያውን ነው፤ ንግዱን የሚያሳድገው እሱ ነው።

ተጨማሪ ለማወቅ፦ mulesoo.com

#MuleSoo #ሀበሻ #ኢትዮጵያ"
"2026-09-07","Mon","250","TikTok","BEHIND","","125","","እያንዳንዱን ድረ-ገጽ በትንሹ ስክሪን ላይ እንፈትሻለን።
በትንሹ ስልክ ላይ ከሰራ፣ በሁሉም ላይ ይሰራል።

ሙሉውን በመገለጫችን ሊንክ ያገኙታል።

#MuleSoo #ሀበሻ #ኢትዮጵያ #ንግድ #ቴክኖሎጂ"
"2026-09-07","Mon","250","X","BEHIND","","84","","ዛሬ አንድ ፕሮጀክት አልተቀበልንም።
ትክክለኛው ስራ ካልሆነ፣ ገንዘቡም ትክክለኛ አይደለም።

mulesoo.com #MuleSoo #ሀበሻ"
"2026-09-08","Tue","251","LinkedIn","PROMO","","150","","ወረቀት ላይ ያለ ተራ QR ኮድ በቂ አይደለም።

ማን፣ መቼ፣ ስንት ጊዜ እንደቃኘው የሚነግርዎ የምርትዎን ቀለም የያዘ ኮድ — ከ R300 ጀምሮ።

በ WhatsApp ይጻፉልን፦ wa.me/27688529333

#MuleSoo #ሀበሻ #ኢትዮጵያ"
"2026-09-08","Tue","251","Instagram","PROMO","","156","","ቀጠሮ፣ ክፍያ፣ ማስታወሻ — ሁሉም በራሱ ይስራ።

የ Auto Pilot ስርዓታችን ንግድዎን በእንቅልፍዎም ያንቀሳቅሳል። ዋጋ በፕሮጀክት።

ተጨማሪ ለማወቅ፦ mulesoo.com

#MuleSoo #ሀበሻ #ኢትዮጵያ #ንግድ #ቴክኖሎጂ #ዲጂታል #ቢዝነስ"
"2026-09-08","Tue","251","Facebook","PROMO","","114","","ንግድዎ የሚፈልገው መተግበሪያ ገበያ ላይ የለም?

እንሰራዋለን — ልክ ለእርስዎ አሰራር የተሰፋ።

ዛሬውኑ ያናግሩን፦ wa.me/27688529333

#MuleSoo #ሀበሻ #ኢትዮጵያ"
"2026-09-08","Tue","251","TikTok","PROMO","","123","","ሌሊት የሚመልስ ሰራተኛ ይፈልጋሉ?
ቻትቦታችን በሌሊትም ይመልሳል — እርስዎ ይተኛሉ፣ ንግድዎ ይሰራል።

ሙሉውን በመገለጫችን ሊንክ ያገኙታል።

#MuleSoo #ሀበሻ #ኢትዮጵያ #ንግድ #ቴክኖሎጂ"
"2026-09-08","Tue","251","X","PROMO","","117","","ወረቀት ላይ ያለ ተራ QR ኮድ በቂ አይደለም።
ማን፣ መቼ፣ ስንት ጊዜ እንደቃኘው የሚነግርዎ የምርትዎን ቀለም የያዘ ኮድ — ከ R300 ጀምሮ።

mulesoo.com #MuleSoo #ሀበሻ"
"2026-09-09","Wed","252","LinkedIn","HUMAN","","124","","በሳምንት አንድ ጊዜ ራሳችንን እንጠይቃለን፦

«ይህን ደንበኛው በራሱ ማድረግ ይችላል?» መልሱ አዎ ከሆነ፣ እናስተምረዋለን።

ተጨማሪ ለማወቅ፦ mulesoo.com

#MuleSoo #ሀበሻ #ኢትዮጵያ"
"2026-09-09","Wed","252","Instagram","HUMAN","","142","","እያንዳንዱ የሎጎ ማስተካከያ ጥያቄ የሚመጣው እኩለ ሌሊት ላይ ነው።

ለምን እንደሆነ መጠየቅ አቁመናል።

ዛሬውኑ ያናግሩን፦ wa.me/27688529333

#MuleSoo #ሀበሻ #ኢትዮጵያ #ንግድ #ቴክኖሎጂ #ዲጂታል #ቢዝነስ"
"2026-09-09","Wed","252","Facebook","HUMAN","","118","","ስንት ቡና እንደጠጣን አንቆጥርም።

የደንበኞቻችን ሽያጭ ግን ይቆጠራል። ቅድሚያችን ግልጽ ነው። ☕

ነጻ የ30 ደቂቃ ምክክር ይያዙ፦ mulesoo.com

#MuleSoo #ሀበሻ #ኢትዮጵያ"
"2026-09-09","Wed","252","TikTok","HUMAN","","111","","ደንበኛ፦ «መቼ ይደርሳል?» እኛ፦ «ነገ።»
ነገ ማለታችን ግን በእውነት ነገ ነው።

ሙሉውን በመገለጫችን ሊንክ ያገኙታል።

#MuleSoo #ሀበሻ #ኢትዮጵያ #ንግድ #ቴክኖሎጂ"
"2026-09-09","Wed","252","X","HUMAN","","104","","በስብሰባ ላይ በጣም የምንጠነቀቅበት ቃል፦
«የአክስቴ ልጅ ዲዛይን ያውቃል።» — እናዳምጣለን፤ አንዳንዴ በእውነት ያውቃል።

mulesoo.com #MuleSoo #ሀበሻ"
"2026-09-10","Thu","253","LinkedIn","PROBLEM","","117","","ጉግል ላይ አይገኙም።

ትንሽ ስለሆኑ አይደለም — ገጾችዎ መኖራቸውን ለጉግል ማንም ስላልነገረው ነው።

ዛሬውኑ ያናግሩን፦ wa.me/27688529333

#MuleSoo #ሀበሻ #ኢትዮጵያ"
"2026-09-10","Thu","253","Instagram","PROBLEM","","128","","ዋጋዎ ድረ-ገጽዎ ላይ የለም።

ሰዎች «ውድ ይሆናል» ብለው ገምተው ይሄዳሉ።

ነጻ የ30 ደቂቃ ምክክር ይያዙ፦ mulesoo.com

#MuleSoo #ሀበሻ #ኢትዮጵያ #ንግድ #ቴክኖሎጂ #ዲጂታል #ቢዝነስ"
"2026-09-10","Thu","253","Facebook","PROBLEM","","136","","ማስተካከል የማይችሉት ድረ-ገጽ እየከፈሉበት ነው።

እያንዳንዱ የጽሁፍ ለውጥ አንድ የስልክ ጥሪና ሶስት ቀን ያስወጣዎታል።

በ WhatsApp ይጻፉልን፦ wa.me/27688529333

#MuleSoo #ሀበሻ #ኢትዮጵያ"
"2026-09-10","Thu","253","TikTok","PROBLEM","","109","","ድረ-ገጽዎ ለመከፈት 6 ሰከንድ ይወስዳል።
ግማሾቹ ጎብኚዎች ሳይጠብቁ ወጥተዋል።

ሙሉውን በመገለጫችን ሊንክ ያገኙታል።

#MuleSoo #ሀበሻ #ኢትዮጵያ #ንግድ #ቴክኖሎጂ"
"2026-09-10","Thu","253","X","PROBLEM","","100","","የንግድዎ ኢሜይል በ gmail ይጨርሳል።
ትልልቅ ደንበኞች ያስተውላሉ። ምንም አይሉም — ዝም ብለው መልስ አይሰጡም።

mulesoo.com #MuleSoo #ሀበሻ"
"2026-09-11","Fri","254","LinkedIn","EDUCATE","","101","","ዋጋዎን ይጻፉ።

መደበቅ አያሳንሰውም፤ እርግጠኛ እንዳልሆኑ ያስመስላል።

ነጻ የ30 ደቂቃ ምክክር ይያዙ፦ mulesoo.com

#MuleSoo #ሀበሻ #ኢትዮጵያ"
"2026-09-11","Fri","254","Instagram","EDUCATE","","139","","ምስሎችዎን ያሳንሱ።

4MB የሆነ ምስል የሆስቲንግ ችግር አይደለም፤ የምስል ችግር ነው።

በ WhatsApp ይጻፉልን፦ wa.me/27688529333

#MuleSoo #ሀበሻ #ኢትዮጵያ #ንግድ #ቴክኖሎጂ #ዲጂታል #ቢዝነስ"
"2026-09-11","Fri","254","Facebook","EDUCATE","","107","","አንድ ቁጥር ብቻ ይለኩ።

በሳምንት የሚመጡ ጥያቄዎች። ያንን የማያንቀሳቅስ ነገር ሁሉ ጌጥ ነው።

ተጨማሪ ለማወቅ፦ mulesoo.com

#MuleSoo #ሀበሻ #ኢትዮጵያ"
"2026-09-11","Fri","254","TikTok","EDUCATE","","120","","የመነሻ ገጽዎ አንድ ስራ ብቻ አለው።
ምን እንደሚሰሩ፣ ለማን እንደሆነ፣ የት እንደሚጫኑ ይንገሩ።

ሙሉውን በመገለጫችን ሊንክ ያገኙታል።

#MuleSoo #ሀበሻ #ኢትዮጵያ #ንግድ #ቴክኖሎጂ"
"2026-09-11","Fri","254","X","EDUCATE","","97","","ከሎጎ በፊት ዶሜይን ይግዙ።
ስሞች ይቀየራሉ። መጀመሪያ .com ወይም .co.za ያዙ፤ ከዚያ ዙሪያውን ይንደፉ።

mulesoo.com #MuleSoo #ሀበሻ"
"2026-09-12","Sat","255","LinkedIn","PROOF","yes","161","","በዚህ ወር የሰራነው፦

[እውነተኛ የደንበኛ ውጤት እዚህ ያስገቡ — ለምሳሌ፦ «የእገሌ ንግድ ቀጠሮዎች በ40% ጨመሩ»። እውነተኛ ውጤት ብቻ፤ በጭራሽ አይፈጠሩ።]

በ WhatsApp ይጻፉልን፦ wa.me/27688529333

#MuleSoo #ሀበሻ #ኢትዮጵያ"
"2026-09-12","Sat","255","Instagram","PROOF","yes","172","","በዚህ ወር የሰራነው፦

[እውነተኛ የደንበኛ ውጤት እዚህ ያስገቡ — ለምሳሌ፦ «የእገሌ ንግድ ቀጠሮዎች በ40% ጨመሩ»። እውነተኛ ውጤት ብቻ፤ በጭራሽ አይፈጠሩ።]

ተጨማሪ ለማወቅ፦ mulesoo.com

#MuleSoo #ሀበሻ #ኢትዮጵያ #ንግድ #ቴክኖሎጂ #ዲጂታል #ቢዝነስ"
"2026-09-12","Sat","255","Facebook","PROOF","yes","155","","በዚህ ወር የሰራነው፦

[እውነተኛ የደንበኛ ውጤት እዚህ ያስገቡ — ለምሳሌ፦ «የእገሌ ንግድ ቀጠሮዎች በ40% ጨመሩ»። እውነተኛ ውጤት ብቻ፤ በጭራሽ አይፈጠሩ።]

ዛሬውኑ ያናግሩን፦ wa.me/27688529333

#MuleSoo #ሀበሻ #ኢትዮጵያ"
"2026-09-12","Sat","255","TikTok","PROOF","yes","133","","በዚህ ወር የሰራነው፦
[እውነተኛ የደንበኛ ውጤት እዚህ ያስገቡ — ለምሳሌ፦ «የእገሌ ንግድ ቀጠሮዎች በ40% ጨመሩ»።

ሙሉውን በመገለጫችን ሊንክ ያገኙታል።

#MuleSoo #ሀበሻ #ኢትዮጵያ #ንግድ #ቴክኖሎጂ"
"2026-09-12","Sat","255","X","PROOF","yes","128","","በዚህ ወር የሰራነው፦
[እውነተኛ የደንበኛ ውጤት እዚህ ያስገቡ — ለምሳሌ፦ «የእገሌ ንግድ ቀጠሮዎች በ40% ጨመሩ»። እውነተኛ ውጤት ብቻ፤ በጭራሽ አይፈጠሩ።]

mulesoo.com #MuleSoo #ሀበሻ"
"2026-09-13","Sun","256","LinkedIn","MYTH","","144","","ብዙ ጊዜ የሚባል ነገር፦ «ደንበኞቼ ኢንተርኔት አይጠቀሙም።»

እውነታው፦ ልጆቻቸው ግን ይጠቀማሉ — እና የቤተሰቡን ውሳኔ ብዙ ጊዜ የሚመሩት እነሱ ናቸው።

ተጨማሪ ለማወቅ፦ mulesoo.com

#MuleSoo #ሀበሻ #ኢትዮጵያ"
"2026-09-13","Sun","256","Instagram","MYTH","","173","","ብዙ ጊዜ የሚባል ነገር፦ «አውቶሜሽን ሰራተኞችን ያስወግዳል።»

እውነታው፦ አይደለም — አሰልቺውን ስራ ይወስዳል። ሰዎችዎ ለሚከፍለው ስራ ጊዜ ያገኛሉ።

ዛሬውኑ ያናግሩን፦ wa.me/27688529333

#MuleSoo #ሀበሻ #ኢትዮጵያ #ንግድ #ቴክኖሎጂ #ዲጂታል #ቢዝነስ"
"2026-09-13","Sun","256","Facebook","MYTH","","157","","ብዙ ጊዜ የሚባል ነገር፦ «ለትንሽ ንግድ ድረ-ገጽ አያስፈልግም።»

እውነታው፦ ደንበኛዎ ግን መጀመሪያ ጉግል ላይ ይፈልግዎታል። እዚያ ከሌሉ፣ ለሌላው ይደውላል።

ነጻ የ30 ደቂቃ ምክክር ይያዙ፦ mulesoo.com

#MuleSoo #ሀበሻ #ኢትዮጵያ"
"2026-09-13","Sun","256","TikTok","MYTH","","147","","ብዙ ጊዜ የሚባል ነገር፦ «ድረ-ገጽ አንዴ ተሰርቶ ያበቃል።»
እውነታው፦ ድረ-ገጽ እንደ ሱቅ ነው — መስታወቱ ሁልጊዜ ንጹህ መሆን አለበት።

ሙሉውን በመገለጫችን ሊንክ ያገኙታል።

#MuleSoo #ሀበሻ #ኢትዮጵያ #ንግድ #ቴክኖሎጂ"
"2026-09-13","Sun","256","X","MYTH","","135","","ብዙ ጊዜ የሚባል ነገር፦ «ማህበራዊ ሚዲያ ካለኝ ድረ-ገጽ አያስፈልገኝም።»
እውነታው፦ ያ ገጽ የእርስዎ አይደለም፤ ተከራይተውታል። ህጎቹ ሲቀየሩ ንግድዎም አብሮ ይናወጣል።

mulesoo.com #MuleSoo #ሀበሻ"
"2026-09-14","Mon","257","LinkedIn","BEHIND","","126","","ኮድ ከመጻፍ በፊት እንቆጥራለን።

ስንት ጎብኚ፣ ስንት ጥያቄ፣ ስንት ሽያጭ። ቁጥር የሌለው ዲዛይን ግምት ብቻ ነው።

ዛሬውኑ ያናግሩን፦ wa.me/27688529333

#MuleSoo #ሀበሻ #ኢትዮጵያ"
"2026-09-14","Mon","257","Instagram","BEHIND","","152","","አዲስ ሰው ስንቀጥር የመጀመሪያ ጥያቄያችን፦ «ማስረዳት ይችላሉ?»

ኮድ መጻፍ ይማራል፤ ግልጽነት ግን ባህሪ ነው።

ነጻ የ30 ደቂቃ ምክክር ይያዙ፦ mulesoo.com

#MuleSoo #ሀበሻ #ኢትዮጵያ #ንግድ #ቴክኖሎጂ #ዲጂታል #ቢዝነስ"
"2026-09-14","Mon","257","Facebook","BEHIND","","154","","ዛሬ ከአዲስ ደንበኛ ጋር የመጀመሪያ ስብሰባ ነበረን።

አንድም ጊዜ ስለ ቴክኖሎጂ አልተነጋገርንም — ስለ ንግዱ ብቻ። ኮዱ የሚመጣው ከዚያ በኋላ ነው።

በ WhatsApp ይጻፉልን፦ wa.me/27688529333

#MuleSoo #ሀበሻ #ኢትዮጵያ"
"2026-09-14","Mon","257","TikTok","BEHIND","","117","","ከመጨመራችን በፊት እንቀንሳለን።
የመጀመሪያው ስራችን ደንበኛው የማይፈልገውን ማስወገድ ነው።

ሙሉውን በመገለጫችን ሊንክ ያገኙታል።

#MuleSoo #ሀበሻ #ኢትዮጵያ #ንግድ #ቴክኖሎጂ"
"2026-09-14","Mon","257","X","BEHIND","","89","","የእኛ ስብሰባዎች 30 ደቂቃ ናቸው።
ከዚያ በላይ ከወሰደ፣ ችግሩ አጀንዳው ሳይሆን ዝግጅታችን ነው።

mulesoo.com #MuleSoo #ሀበሻ"
"2026-09-15","Tue","258","LinkedIn","PROMO","","124","","ገና በ gmail ነው የሚሰሩት?

የ @yourbusiness ኢሜይል ያሳምራል፤ ያሳምናል። ከ R400 ጀምሮ።

ነጻ የ30 ደቂቃ ምክክር ይያዙ፦ mulesoo.com

#MuleSoo #ሀበሻ #ኢትዮጵያ"
"2026-09-15","Tue","258","Instagram","PROMO","","160","","አሰልቺው የቢሮ ስራ ራሱን ይስራ።

የ AI አውቶሜሽን ስርዓቶቻችን ደረሰኝ ይልካሉ፣ ቀጠሮ ያስይዛሉ፣ ደንበኛ ይከታተላሉ።

በ WhatsApp ይጻፉልን፦ wa.me/27688529333

#MuleSoo #ሀበሻ #ኢትዮጵያ #ንግድ #ቴክኖሎጂ #ዲጂታል #ቢዝነስ"
"2026-09-15","Tue","258","Facebook","PROMO","","110","","ድረ-ገጽ ይፈልጋሉ?

ጎብኚን ወደ ከፋይ ደንበኛ የሚቀይር ድረ-ገጽ እንሰራለን። ከ R3,500 ጀምሮ።

ተጨማሪ ለማወቅ፦ mulesoo.com

#MuleSoo #ሀበሻ #ኢትዮጵያ"
"2026-09-15","Tue","258","TikTok","PROMO","","110","","ሎጎዎ ማን እንደሆኑ ይናገራል?
በአንድ እይታ የሚታወስ የምርት መለያ እንሰራለን።

ሙሉውን በመገለጫችን ሊንክ ያገኙታል።

#MuleSoo #ሀበሻ #ኢትዮጵያ #ንግድ #ቴክኖሎጂ"
"2026-09-15","Tue","258","X","PROMO","","94","","ገና በ gmail ነው የሚሰሩት?
የ @yourbusiness ኢሜይል ያሳምራል፤ ያሳምናል። ከ R400 ጀምሮ።

mulesoo.com #MuleSoo #ሀበሻ"
"2026-09-16","Wed","259","LinkedIn","HUMAN","","147","","የሰማነው፦ «እንደ Apple ድረ-ገጽ ይሁን — ግን ብዙ ነገር ጨምሩበት።»

ይህ ዓረፍተ ነገር ራሱን ይቃረናል። ፈገግ ብለን እናስረዳለን።

በ WhatsApp ይጻፉልን፦ wa.me/27688529333

#MuleSoo #ሀበሻ #ኢትዮጵያ"
"2026-09-16","Wed","259","Instagram","HUMAN","","139","","የሰማነው፦ «ትንሽ ለውጥ ነው» የሚለው ዓረፍተ ነገር…

በአማካይ ሶስት ቀን ይወስዳል። ግን እንወደዋለን። 😅

ተጨማሪ ለማወቅ፦ mulesoo.com

#MuleSoo #ሀበሻ #ኢትዮጵያ #ንግድ #ቴክኖሎጂ #ዲጂታል #ቢዝነስ"
"2026-09-16","Wed","259","Facebook","HUMAN","","107","","በበዓል ቀንም «ድረ-ገጹ ደህና ነው?» ብለን እንፈትሻለን።

አዎ፣ እንደዚህ ነን። 🙈

ዛሬውኑ ያናግሩን፦ wa.me/27688529333

#MuleSoo #ሀበሻ #ኢትዮጵያ"
"2026-09-16","Wed","259","TikTok","HUMAN","","103","","ሁለት አይነት ንግድ አለ፦
ድረ-ገጽ ያለውና «በኋላ እሰራለሁ» የሚል።

ሙሉውን በመገለጫችን ሊንክ ያገኙታል።

#MuleSoo #ሀበሻ #ኢትዮጵያ #ንግድ #ቴክኖሎጂ"
"2026-09-16","Wed","259","X","HUMAN","","95","","እኛ ስንተኛ ስልካችን ጸጥ ይላል ብለን እናስባለን።
ቻትቦታችን ግን በዚያው ሌሊት ሶስት ቀጠሮ ይዞ ያድራል።

mulesoo.com #MuleSoo #ሀበሻ"
"2026-09-17","Thu","260","LinkedIn","PROBLEM","","107","","ደረሰኞችዎ ዘግይተው ይወጣሉ።

የገንዘብ ፍሰት የሂሳብ ችግር አይደለም፤ የአስተዳደር ችግር ነው።

ተጨማሪ ለማወቅ፦ mulesoo.com

#MuleSoo #ሀበሻ #ኢትዮጵያ"
"2026-09-17","Thu","260","Instagram","PROBLEM","","136","","ለጥያቄ መልስ የሚሰጡት በሁለት ቀን ነው።

ስራውን ያገኘው ግን በሁለት ሰዓት የመለሰው ነው።

ዛሬውኑ ያናግሩን፦ wa.me/27688529333

#MuleSoo #ሀበሻ #ኢትዮጵያ #ንግድ #ቴክኖሎጂ #ዲጂታል #ቢዝነስ"
"2026-09-17","Thu","260","Facebook","PROBLEM","","120","","ደንበኞችዎ ከየት እንደመጡ አያውቁም።

ስለዚህ በሚሰራው መንገድ ላይ ተጨማሪ ገንዘብ ማዋል አይችሉም።

ነጻ የ30 ደቂቃ ምክክር ይያዙ፦ mulesoo.com

#MuleSoo #ሀበሻ #ኢትዮጵያ"
"2026-09-17","Thu","260","TikTok","PROBLEM","","132","","አንድ ጥያቄ በሳምንት 30 ጊዜ በዋትስአፕ ይመልሳሉ።
ያ የደንበኛ አገልግሎት አይደለም፤ ገና ያልተሰራ ቻትቦት ነው።

ሙሉውን በመገለጫችን ሊንክ ያገኙታል።

#MuleSoo #ሀበሻ #ኢትዮጵያ #ንግድ #ቴክኖሎጂ"
"2026-09-17","Thu","260","X","PROBLEM","","85","","ሎጎዎ በ Word የተሰራ ነው።
በትልቅ ባነር ላይ ይታወቃል። በንግድ ካርድ ላይም ይታወቃል።

mulesoo.com #MuleSoo #ሀበሻ"
"2026-09-18","Fri","261","LinkedIn","EDUCATE","","124","","እያንዳንዱ የቅጽ መስክ ደንበኛ ያስከፍላል።

ለመመለስ የሚያስፈልገውን ብቻ ይጠይቁ። ሌላው ሁሉ መጠበቅ ይችላል።

ዛሬውኑ ያናግሩን፦ wa.me/27688529333

#MuleSoo #ሀበሻ #ኢትዮጵያ"
"2026-09-18","Fri","261","Instagram","EDUCATE","","155","","ግምገማዎችዎ የእርስዎ SEO ናቸው።

እውነተኛ ግምገማ ያለው የጉግል ቢዝነስ ፕሮፋይል ከቆንጆ ድረ-ገጽ በላይ ይወጣል።

ነጻ የ30 ደቂቃ ምክክር ይያዙ፦ mulesoo.com

#MuleSoo #ሀበሻ #ኢትዮጵያ #ንግድ #ቴክኖሎጂ #ዲጂታል #ቢዝነስ"
"2026-09-18","Fri","261","Facebook","EDUCATE","","132","","የመብራት መቆራረጥ የዲዛይን ግዴታ ነው።

ለተቆራረጠ ኢንተርኔት አስቀድመው ይንደፉ። እዚህ አገር አማራጭ አይደለም።

በ WhatsApp ይጻፉልን፦ wa.me/27688529333

#MuleSoo #ሀበሻ #ኢትዮጵያ"
"2026-09-18","Fri","261","TikTok","EDUCATE","","92","","ሰዎች አያነቡም፤ በዓይን ይቃኛሉ።
አጫጭር አንቀጾች።

ሙሉውን በመገለጫችን ሊንክ ያገኙታል።

#MuleSoo #ሀበሻ #ኢትዮጵያ #ንግድ #ቴክኖሎጂ"
"2026-09-18","Fri","261","X","EDUCATE","","85","","ምርጥ ሻጭዎ የ FAQ ገጽ ነው።
ደንበኛው በአክብሮት ያልጠየቀውን ጥያቄ አስቀድሞ ይመልሳል።

mulesoo.com #MuleSoo #ሀበሻ"
"2026-09-19","Sat","262","LinkedIn","PROOF","yes","158","","በዚህ ወር የሰራነው፦

[እውነተኛ የደንበኛ ውጤት እዚህ ያስገቡ — ለምሳሌ፦ «የእገሌ ንግድ ቀጠሮዎች በ40% ጨመሩ»። እውነተኛ ውጤት ብቻ፤ በጭራሽ አይፈጠሩ።]

ነጻ የ30 ደቂቃ ምክክር ይያዙ፦ mulesoo.com

#MuleSoo #ሀበሻ #ኢትዮጵያ"
"2026-09-19","Sat","262","Instagram","PROOF","yes","185","","በዚህ ወር የሰራነው፦

[እውነተኛ የደንበኛ ውጤት እዚህ ያስገቡ — ለምሳሌ፦ «የእገሌ ንግድ ቀጠሮዎች በ40% ጨመሩ»። እውነተኛ ውጤት ብቻ፤ በጭራሽ አይፈጠሩ።]

በ WhatsApp ይጻፉልን፦ wa.me/27688529333

#MuleSoo #ሀበሻ #ኢትዮጵያ #ንግድ #ቴክኖሎጂ #ዲጂታል #ቢዝነስ"
"2026-09-19","Sat","262","Facebook","PROOF","yes","148","","በዚህ ወር የሰራነው፦

[እውነተኛ የደንበኛ ውጤት እዚህ ያስገቡ — ለምሳሌ፦ «የእገሌ ንግድ ቀጠሮዎች በ40% ጨመሩ»። እውነተኛ ውጤት ብቻ፤ በጭራሽ አይፈጠሩ።]

ተጨማሪ ለማወቅ፦ mulesoo.com

#MuleSoo #ሀበሻ #ኢትዮጵያ"
"2026-09-19","Sat","262","TikTok","PROOF","yes","133","","በዚህ ወር የሰራነው፦
[እውነተኛ የደንበኛ ውጤት እዚህ ያስገቡ — ለምሳሌ፦ «የእገሌ ንግድ ቀጠሮዎች በ40% ጨመሩ»።

ሙሉውን በመገለጫችን ሊንክ ያገኙታል።

#MuleSoo #ሀበሻ #ኢትዮጵያ #ንግድ #ቴክኖሎጂ"
"2026-09-19","Sat","262","X","PROOF","yes","128","","በዚህ ወር የሰራነው፦
[እውነተኛ የደንበኛ ውጤት እዚህ ያስገቡ — ለምሳሌ፦ «የእገሌ ንግድ ቀጠሮዎች በ40% ጨመሩ»። እውነተኛ ውጤት ብቻ፤ በጭራሽ አይፈጠሩ።]

mulesoo.com #MuleSoo #ሀበሻ"
"2026-09-20","Sun","263","LinkedIn","MYTH","","148","","ብዙ ጊዜ የሚባል ነገር፦ «ውድ ድረ-ገጽ ጥሩ ድረ-ገጽ ነው።»

እውነታው፦ ዋጋ ጥራት አይደለም። ድረ-ገጽ የሚለካው በሚያመጣው ደንበኛ ነው።

በ WhatsApp ይጻፉልን፦ wa.me/27688529333

#MuleSoo #ሀበሻ #ኢትዮጵያ"
"2026-09-20","Sun","263","Instagram","MYTH","","165","","ብዙ ጊዜ የሚባል ነገር፦ «QR ኮድ ጊዜው አልፎበታል።»

እውነታው፦ ዛሬ በሁሉም ጠረጴዛ ላይ ነው። ትክክለኛው ጥያቄ፦ ስንት ሰው እንደቃኘው ያውቃሉ?

ተጨማሪ ለማወቅ፦ mulesoo.com

#MuleSoo #ሀበሻ #ኢትዮጵያ #ንግድ #ቴክኖሎጂ #ዲጂታል #ቢዝነስ"
"2026-09-20","Sun","263","Facebook","MYTH","","162","","ብዙ ጊዜ የሚባል ነገር፦ «ቻትቦት ደንበኞችን ያስቀይማል።»

እውነታው፦ የሚያስቀይመው መልስ አለማግኘት ነው። ጥሩ ቻትቦት በሰከንድ ይመልሳል፤ ሰው ሲያስፈልግ ያስተላልፋል።

ዛሬውኑ ያናግሩን፦ wa.me/27688529333

#MuleSoo #ሀበሻ #ኢትዮጵያ"
"2026-09-20","Sun","263","TikTok","MYTH","","171","","ብዙ ጊዜ የሚባል ነገር፦ «AI ውድ ነው፤ ለትልልቅ ኩባንያዎች ብቻ ነው።»
እውነታው፦ ዛሬ ቻትቦት ከአንድ ሰራተኛ ወርሃዊ ደመወዝ ባነሰ ዋጋ ይሰራል — እና እረፍት አይጠይቅም።

ሙሉውን በመገለጫችን ሊንክ ያገኙታል።

#MuleSoo #ሀበሻ #ኢትዮጵያ #ንግድ #ቴክኖሎጂ"
"2026-09-20","Sun","263","X","MYTH","","116","","ብዙ ጊዜ የሚባል ነገር፦ «ሎጎ ማንኛውም ሰው መስራት ይችላል።»
እውነታው፦ ሎጎ ስዕል ብቻ አይደለም፤ በመጀመሪያ እይታ የሚቀር ማህተም ነው።

mulesoo.com #MuleSoo #ሀበሻ"
"2026-09-21","Mon","264","LinkedIn","BEHIND","","110","","የደንበኞቻችንን ድረ-ገጾች በየቀኑ እንቃኛለን።

ችግርን ከደንበኛው በፊት ማየት የስራችን አካል ነው።

ተጨማሪ ለማወቅ፦ mulesoo.com

#MuleSoo #ሀበሻ #ኢትዮጵያ"
"2026-09-21","Mon","264","Instagram","BEHIND","","168","","ትልቁ ደስታችን ደንበኛ «ራሴ አስተካከልኩት» ሲለን ነው።

ስርዓቱ የእሱ ነውና። እኛ የሰራነው መሳሪያውን ነው፤ ንግዱን የሚያሳድገው እሱ ነው።

ዛሬውኑ ያናግሩን፦ wa.me/27688529333

#MuleSoo #ሀበሻ #ኢትዮጵያ #ንግድ #ቴክኖሎጂ #ዲጂታል #ቢዝነስ"
"2026-09-21","Mon","264","Facebook","BEHIND","","123","","እያንዳንዱን ድረ-ገጽ በትንሹ ስክሪን ላይ እንፈትሻለን።

በትንሹ ስልክ ላይ ከሰራ፣ በሁሉም ላይ ይሰራል።

ነጻ የ30 ደቂቃ ምክክር ይያዙ፦ mulesoo.com

#MuleSoo #ሀበሻ #ኢትዮጵያ"
"2026-09-21","Mon","264","TikTok","BEHIND","","116","","ዛሬ አንድ ፕሮጀክት አልተቀበልንም።
ትክክለኛው ስራ ካልሆነ፣ ገንዘቡም ትክክለኛ አይደለም።

ሙሉውን በመገለጫችን ሊንክ ያገኙታል።

#MuleSoo #ሀበሻ #ኢትዮጵያ #ንግድ #ቴክኖሎጂ"
"2026-09-21","Mon","264","X","BEHIND","","113","","ደንበኛ «ትንሽ ለውጥ» ሲል እንሳቀቅ ነበር።
አሁን ግን እያንዳንዱ ደንበኛ ራሱ የሚያስተካክልበት አድሚን ፓነል እንሰጣለን። ሰላም ሆነ።

mulesoo.com #MuleSoo #ሀበሻ"
"2026-09-22","Tue","265","LinkedIn","PROMO","","139","","ቀጠሮ፣ ክፍያ፣ ማስታወሻ — ሁሉም በራሱ ይስራ።

የ Auto Pilot ስርዓታችን ንግድዎን በእንቅልፍዎም ያንቀሳቅሳል። ዋጋ በፕሮጀክት።

ዛሬውኑ ያናግሩን፦ wa.me/27688529333

#MuleSoo #ሀበሻ #ኢትዮጵያ"
"2026-09-22","Tue","265","Instagram","PROMO","","141","","ንግድዎ የሚፈልገው መተግበሪያ ገበያ ላይ የለም?

እንሰራዋለን — ልክ ለእርስዎ አሰራር የተሰፋ።

ነጻ የ30 ደቂቃ ምክክር ይያዙ፦ mulesoo.com

#MuleSoo #ሀበሻ #ኢትዮጵያ #ንግድ #ቴክኖሎጂ #ዲጂታል #ቢዝነስ"
"2026-09-22","Tue","265","Facebook","PROMO","","138","","ሌሊት የሚመልስ ሰራተኛ ይፈልጋሉ?

ቻትቦታችን በሌሊትም ይመልሳል — እርስዎ ይተኛሉ፣ ንግድዎ ይሰራል። ከ R2,500 ጀምሮ።

በ WhatsApp ይጻፉልን፦ wa.me/27688529333

#MuleSoo #ሀበሻ #ኢትዮጵያ"
"2026-09-22","Tue","265","TikTok","PROMO","","149","","ወረቀት ላይ ያለ ተራ QR ኮድ በቂ አይደለም።
ማን፣ መቼ፣ ስንት ጊዜ እንደቃኘው የሚነግርዎ የምርትዎን ቀለም የያዘ ኮድ — ከ R300 ጀምሮ።

ሙሉውን በመገለጫችን ሊንክ ያገኙታል።

#MuleSoo #ሀበሻ #ኢትዮጵያ #ንግድ #ቴክኖሎጂ"
"2026-09-22","Tue","265","X","PROMO","","112","","ቀጠሮ፣ ክፍያ፣ ማስታወሻ — ሁሉም በራሱ ይስራ።
የ Auto Pilot ስርዓታችን ንግድዎን በእንቅልፍዎም ያንቀሳቅሳል። ዋጋ በፕሮጀክት።

mulesoo.com #MuleSoo #ሀበሻ"
"2026-09-23","Wed","266","LinkedIn","HUMAN","","121","","እያንዳንዱ የሎጎ ማስተካከያ ጥያቄ የሚመጣው እኩለ ሌሊት ላይ ነው።

ለምን እንደሆነ መጠየቅ አቁመናል።

ነጻ የ30 ደቂቃ ምክክር ይያዙ፦ mulesoo.com

#MuleSoo #ሀበሻ #ኢትዮጵያ"
"2026-09-23","Wed","266","Instagram","HUMAN","","145","","ስንት ቡና እንደጠጣን አንቆጥርም።

የደንበኞቻችን ሽያጭ ግን ይቆጠራል። ቅድሚያችን ግልጽ ነው። ☕

በ WhatsApp ይጻፉልን፦ wa.me/27688529333

#MuleSoo #ሀበሻ #ኢትዮጵያ #ንግድ #ቴክኖሎጂ #ዲጂታል #ቢዝነስ"
"2026-09-23","Wed","266","Facebook","HUMAN","","121","","ደንበኛ፦ «መቼ ይደርሳል?» እኛ፦ «ነገ።»

ነገ ማለታችን ግን በእውነት ነገ ነው። ያልተለመደ መሆኑን እናውቃለን። 😄

ተጨማሪ ለማወቅ፦ mulesoo.com

#MuleSoo #ሀበሻ #ኢትዮጵያ"
"2026-09-23","Wed","266","TikTok","HUMAN","","106","","በስብሰባ ላይ በጣም የምንጠነቀቅበት ቃል፦
«የአክስቴ ልጅ ዲዛይን ያውቃል።

ሙሉውን በመገለጫችን ሊንክ ያገኙታል።

#MuleSoo #ሀበሻ #ኢትዮጵያ #ንግድ #ቴክኖሎጂ"
"2026-09-23","Wed","266","X","HUMAN","","81","","WiFi ሲጠፋ የቢሮአችን ድምጽ፦ ጸጥታ።
ከዚያ ሁሉም ወደ ስልክ ዳታ። ስራ አይቆምም።

mulesoo.com #MuleSoo #ሀበሻ"
"2026-09-24","Thu","267","LinkedIn","PROBLEM","","107","","ዋጋዎ ድረ-ገጽዎ ላይ የለም።

ሰዎች «ውድ ይሆናል» ብለው ገምተው ይሄዳሉ።

በ WhatsApp ይጻፉልን፦ wa.me/27688529333

#MuleSoo #ሀበሻ #ኢትዮጵያ"
"2026-09-24","Thu","267","Instagram","PROBLEM","","147","","ማስተካከል የማይችሉት ድረ-ገጽ እየከፈሉበት ነው።

እያንዳንዱ የጽሁፍ ለውጥ አንድ የስልክ ጥሪና ሶስት ቀን ያስወጣዎታል።

ተጨማሪ ለማወቅ፦ mulesoo.com

#MuleSoo #ሀበሻ #ኢትዮጵያ #ንግድ #ቴክኖሎጂ #ዲጂታል #ቢዝነስ"
"2026-09-24","Thu","267","Facebook","PROBLEM","","133","","ድረ-ገጽዎ ለመከፈት 6 ሰከንድ ይወስዳል።

ግማሾቹ ጎብኚዎች ሳይጠብቁ ወጥተዋል። ፍጥነት ቅንጦት አይደለም፤ የሱቅዎ በር ነው።

ዛሬውኑ ያናግሩን፦ wa.me/27688529333

#MuleSoo #ሀበሻ #ኢትዮጵያ"
"2026-09-24","Thu","267","TikTok","PROBLEM","","103","","የንግድዎ ኢሜይል በ gmail ይጨርሳል።
ትልልቅ ደንበኞች ያስተውላሉ።

ሙሉውን በመገለጫችን ሊንክ ያገኙታል።

#MuleSoo #ሀበሻ #ኢትዮጵያ #ንግድ #ቴክኖሎጂ"
"2026-09-24","Thu","267","X","PROBLEM","","72","","የቀጠሮ መዝገብዎ ደብተር ነው።
አንድ የጠፋ ገጽ አንድ የጠፋ ወር ነው።

mulesoo.com #MuleSoo #ሀበሻ"
"2026-09-25","Fri","268","LinkedIn","EDUCATE","","102","","ምስሎችዎን ያሳንሱ።

4MB የሆነ ምስል የሆስቲንግ ችግር አይደለም፤ የምስል ችግር ነው።

ተጨማሪ ለማወቅ፦ mulesoo.com

#MuleSoo #ሀበሻ #ኢትዮጵያ"
"2026-09-25","Fri","268","Instagram","EDUCATE","","138","","አንድ ቁጥር ብቻ ይለኩ።

በሳምንት የሚመጡ ጥያቄዎች። ያንን የማያንቀሳቅስ ነገር ሁሉ ጌጥ ነው።

ዛሬውኑ ያናግሩን፦ wa.me/27688529333

#MuleSoo #ሀበሻ #ኢትዮጵያ #ንግድ #ቴክኖሎጂ #ዲጂታል #ቢዝነስ"
"2026-09-25","Fri","268","Facebook","EDUCATE","","132","","የመነሻ ገጽዎ አንድ ስራ ብቻ አለው።

ምን እንደሚሰሩ፣ ለማን እንደሆነ፣ የት እንደሚጫኑ ይንገሩ። ቀሪው ሁሉ ጌጥ ነው።

ነጻ የ30 ደቂቃ ምክክር ይያዙ፦ mulesoo.com

#MuleSoo #ሀበሻ #ኢትዮጵያ"
"2026-09-25","Fri","268","TikTok","EDUCATE","","87","","ከሎጎ በፊት ዶሜይን ይግዙ።
ስሞች ይቀየራሉ።

ሙሉውን በመገለጫችን ሊንክ ያገኙታል።

#MuleSoo #ሀበሻ #ኢትዮጵያ #ንግድ #ቴክኖሎጂ"
"2026-09-25","Fri","268","X","EDUCATE","","94","","ቻትቦት የሮቦት ተቀባይ አይደለም።
ማጣሪያ ነው። ቀላሉን 70% ይይዛል፤ የሚከፍለው 30% ለሰው ይደርሳል።

mulesoo.com #MuleSoo #ሀበሻ"
"2026-09-26","Sat","269","LinkedIn","PROOF","yes","155","","በዚህ ወር የሰራነው፦

[እውነተኛ የደንበኛ ውጤት እዚህ ያስገቡ — ለምሳሌ፦ «የእገሌ ንግድ ቀጠሮዎች በ40% ጨመሩ»። እውነተኛ ውጤት ብቻ፤ በጭራሽ አይፈጠሩ።]

ዛሬውኑ ያናግሩን፦ wa.me/27688529333

#MuleSoo #ሀበሻ #ኢትዮጵያ"
"2026-09-26","Sat","269","Instagram","PROOF","yes","182","","በዚህ ወር የሰራነው፦

[እውነተኛ የደንበኛ ውጤት እዚህ ያስገቡ — ለምሳሌ፦ «የእገሌ ንግድ ቀጠሮዎች በ40% ጨመሩ»። እውነተኛ ውጤት ብቻ፤ በጭራሽ አይፈጠሩ።]

ነጻ የ30 ደቂቃ ምክክር ይያዙ፦ mulesoo.com

#MuleSoo #ሀበሻ #ኢትዮጵያ #ንግድ #ቴክኖሎጂ #ዲጂታል #ቢዝነስ"
"2026-09-26","Sat","269","Facebook","PROOF","yes","161","","በዚህ ወር የሰራነው፦

[እውነተኛ የደንበኛ ውጤት እዚህ ያስገቡ — ለምሳሌ፦ «የእገሌ ንግድ ቀጠሮዎች በ40% ጨመሩ»። እውነተኛ ውጤት ብቻ፤ በጭራሽ አይፈጠሩ።]

በ WhatsApp ይጻፉልን፦ wa.me/27688529333

#MuleSoo #ሀበሻ #ኢትዮጵያ"
"2026-09-26","Sat","269","TikTok","PROOF","yes","133","","በዚህ ወር የሰራነው፦
[እውነተኛ የደንበኛ ውጤት እዚህ ያስገቡ — ለምሳሌ፦ «የእገሌ ንግድ ቀጠሮዎች በ40% ጨመሩ»።

ሙሉውን በመገለጫችን ሊንክ ያገኙታል።

#MuleSoo #ሀበሻ #ኢትዮጵያ #ንግድ #ቴክኖሎጂ"
"2026-09-26","Sat","269","X","PROOF","yes","128","","በዚህ ወር የሰራነው፦
[እውነተኛ የደንበኛ ውጤት እዚህ ያስገቡ — ለምሳሌ፦ «የእገሌ ንግድ ቀጠሮዎች በ40% ጨመሩ»። እውነተኛ ውጤት ብቻ፤ በጭራሽ አይፈጠሩ።]

mulesoo.com #MuleSoo #ሀበሻ"
"2026-09-27","Sun","270","LinkedIn","MYTH","","152","","ብዙ ጊዜ የሚባል ነገር፦ «አውቶሜሽን ሰራተኞችን ያስወግዳል።»

እውነታው፦ አይደለም — አሰልቺውን ስራ ይወስዳል። ሰዎችዎ ለሚከፍለው ስራ ጊዜ ያገኛሉ።

ነጻ የ30 ደቂቃ ምክክር ይያዙ፦ mulesoo.com

#MuleSoo #ሀበሻ #ኢትዮጵያ"
"2026-09-27","Sun","270","Instagram","MYTH","","184","","ብዙ ጊዜ የሚባል ነገር፦ «ለትንሽ ንግድ ድረ-ገጽ አያስፈልግም።»

እውነታው፦ ደንበኛዎ ግን መጀመሪያ ጉግል ላይ ይፈልግዎታል። እዚያ ከሌሉ፣ ለሌላው ይደውላል።

በ WhatsApp ይጻፉልን፦ wa.me/27688529333

#MuleSoo #ሀበሻ #ኢትዮጵያ #ንግድ #ቴክኖሎጂ #ዲጂታል #ቢዝነስ"
"2026-09-27","Sun","270","Facebook","MYTH","","161","","ብዙ ጊዜ የሚባል ነገር፦ «ድረ-ገጽ አንዴ ተሰርቶ ያበቃል።»

እውነታው፦ ድረ-ገጽ እንደ ሱቅ ነው — መስታወቱ ሁልጊዜ ንጹህ መሆን አለበት። ትንሽ እንክብካቤ ትልቅ ልዩነት ያመጣል።

ተጨማሪ ለማወቅ፦ mulesoo.com

#MuleSoo #ሀበሻ #ኢትዮጵያ"
"2026-09-27","Sun","270","TikTok","MYTH","","141","","ብዙ ጊዜ የሚባል ነገር፦ «ማህበራዊ ሚዲያ ካለኝ ድረ-ገጽ አያስፈልገኝም።»
እውነታው፦ ያ ገጽ የእርስዎ አይደለም፤ ተከራይተውታል።

ሙሉውን በመገለጫችን ሊንክ ያገኙታል።

#MuleSoo #ሀበሻ #ኢትዮጵያ #ንግድ #ቴክኖሎጂ"
"2026-09-27","Sun","270","X","MYTH","","124","","ብዙ ጊዜ የሚባል ነገር፦ «ደንበኞቼ ኢንተርኔት አይጠቀሙም።»
እውነታው፦ ልጆቻቸው ግን ይጠቀማሉ — እና የቤተሰቡን ውሳኔ ብዙ ጊዜ የሚመሩት እነሱ ናቸው።

mulesoo.com #MuleSoo #ሀበሻ"
"2026-09-28","Mon","271","LinkedIn","BEHIND","","131","","አዲስ ሰው ስንቀጥር የመጀመሪያ ጥያቄያችን፦ «ማስረዳት ይችላሉ?»

ኮድ መጻፍ ይማራል፤ ግልጽነት ግን ባህሪ ነው።

በ WhatsApp ይጻፉልን፦ wa.me/27688529333

#MuleSoo #ሀበሻ #ኢትዮጵያ"
"2026-09-28","Mon","271","Instagram","BEHIND","","165","","ዛሬ ከአዲስ ደንበኛ ጋር የመጀመሪያ ስብሰባ ነበረን።

አንድም ጊዜ ስለ ቴክኖሎጂ አልተነጋገርንም — ስለ ንግዱ ብቻ። ኮዱ የሚመጣው ከዚያ በኋላ ነው።

ተጨማሪ ለማወቅ፦ mulesoo.com

#MuleSoo #ሀበሻ #ኢትዮጵያ #ንግድ #ቴክኖሎጂ #ዲጂታል #ቢዝነስ"
"2026-09-28","Mon","271","Facebook","BEHIND","","112","","ከመጨመራችን በፊት እንቀንሳለን።

የመጀመሪያው ስራችን ደንበኛው የማይፈልገውን ማስወገድ ነው።

ዛሬውኑ ያናግሩን፦ wa.me/27688529333

#MuleSoo #ሀበሻ #ኢትዮጵያ"
"2026-09-28","Mon","271","TikTok","BEHIND","","121","","የእኛ ስብሰባዎች 30 ደቂቃ ናቸው።
ከዚያ በላይ ከወሰደ፣ ችግሩ አጀንዳው ሳይሆን ዝግጅታችን ነው።

ሙሉውን በመገለጫችን ሊንክ ያገኙታል።

#MuleSoo #ሀበሻ #ኢትዮጵያ #ንግድ #ቴክኖሎጂ"
"2026-09-28","Mon","271","X","BEHIND","","99","","ኮድ ከመጻፍ በፊት እንቆጥራለን።
ስንት ጎብኚ፣ ስንት ጥያቄ፣ ስንት ሽያጭ። ቁጥር የሌለው ዲዛይን ግምት ብቻ ነው።

mulesoo.com #MuleSoo #ሀበሻ"
"2026-09-29","Tue","272","LinkedIn","PROMO","","123","","አሰልቺው የቢሮ ስራ ራሱን ይስራ።

የ AI አውቶሜሽን ስርዓቶቻችን ደረሰኝ ይልካሉ፣ ቀጠሮ ያስይዛሉ፣ ደንበኛ ይከታተላሉ።

ተጨማሪ ለማወቅ፦ mulesoo.com

#MuleSoo #ሀበሻ #ኢትዮጵያ"
"2026-09-29","Tue","272","Instagram","PROMO","","141","","ድረ-ገጽ ይፈልጋሉ?

ጎብኚን ወደ ከፋይ ደንበኛ የሚቀይር ድረ-ገጽ እንሰራለን። ከ R3,500 ጀምሮ።

ዛሬውኑ ያናግሩን፦ wa.me/27688529333

#MuleSoo #ሀበሻ #ኢትዮጵያ #ንግድ #ቴክኖሎጂ #ዲጂታል #ቢዝነስ"
"2026-09-29","Tue","272","Facebook","PROMO","","120","","ሎጎዎ ማን እንደሆኑ ይናገራል?

በአንድ እይታ የሚታወስ የምርት መለያ እንሰራለን። ከ R800 ጀምሮ።

ነጻ የ30 ደቂቃ ምክክር ይያዙ፦ mulesoo.com

#MuleSoo #ሀበሻ #ኢትዮጵያ"
"2026-09-29","Tue","272","TikTok","PROMO","","114","","ገና በ gmail ነው የሚሰሩት?
የ @yourbusiness ኢሜይል ያሳምራል፤ ያሳምናል።

ሙሉውን በመገለጫችን ሊንክ ያገኙታል።

#MuleSoo #ሀበሻ #ኢትዮጵያ #ንግድ #ቴክኖሎጂ"
"2026-09-29","Tue","272","X","PROMO","","103","","አሰልቺው የቢሮ ስራ ራሱን ይስራ።
የ AI አውቶሜሽን ስርዓቶቻችን ደረሰኝ ይልካሉ፣ ቀጠሮ ያስይዛሉ፣ ደንበኛ ይከታተላሉ።

mulesoo.com #MuleSoo #ሀበሻ"
"2026-09-30","Wed","273","LinkedIn","HUMAN","","120","","የሰማነው፦ «ትንሽ ለውጥ ነው» የሚለው ዓረፍተ ነገር…

በአማካይ ሶስት ቀን ይወስዳል። ግን እንወደዋለን።

ዛሬውኑ ያናግሩን፦ wa.me/27688529333

#MuleSoo #ሀበሻ #ኢትዮጵያ"
"2026-09-30","Wed","273","Instagram","HUMAN","","134","","በበዓል ቀንም «ድረ-ገጹ ደህና ነው?» ብለን እንፈትሻለን።

አዎ፣ እንደዚህ ነን። 🙈

ነጻ የ30 ደቂቃ ምክክር ይያዙ፦ mulesoo.com

#MuleSoo #ሀበሻ #ኢትዮጵያ #ንግድ #ቴክኖሎጂ #ዲጂታል #ቢዝነስ"
"2026-09-30","Wed","273","Facebook","HUMAN","","134","","ሁለት አይነት ንግድ አለ፦

ድረ-ገጽ ያለውና «በኋላ እሰራለሁ» የሚል። ሁለተኛው የመጀመሪያውን ደንበኛ ያበረክትለታል።

በ WhatsApp ይጻፉልን፦ wa.me/27688529333

#MuleSoo #ሀበሻ #ኢትዮጵያ"
"2026-09-30","Wed","273","TikTok","HUMAN","","127","","እኛ ስንተኛ ስልካችን ጸጥ ይላል ብለን እናስባለን።
ቻትቦታችን ግን በዚያው ሌሊት ሶስት ቀጠሮ ይዞ ያድራል።

ሙሉውን በመገለጫችን ሊንክ ያገኙታል።

#MuleSoo #ሀበሻ #ኢትዮጵያ #ንግድ #ቴክኖሎጂ"
"2026-09-30","Wed","273","X","HUMAN","","87","","ልጆቻችን ስራችንን ሲጠየቁ፦ «ኮምፒውተር ይነካካሉ» ይላሉ።
ትክክል ናቸው። በጣም እንነካካለን።

mulesoo.com #MuleSoo #ሀበሻ"
"2026-10-01","Thu","274","LinkedIn","PROBLEM","","115","","ለጥያቄ መልስ የሚሰጡት በሁለት ቀን ነው።

ስራውን ያገኘው ግን በሁለት ሰዓት የመለሰው ነው።

ነጻ የ30 ደቂቃ ምክክር ይያዙ፦ mulesoo.com

#MuleSoo #ሀበሻ #ኢትዮጵያ"
"2026-10-01","Thu","274","Instagram","PROBLEM","","147","","ደንበኞችዎ ከየት እንደመጡ አያውቁም።

ስለዚህ በሚሰራው መንገድ ላይ ተጨማሪ ገንዘብ ማዋል አይችሉም።

በ WhatsApp ይጻፉልን፦ wa.me/27688529333

#MuleSoo #ሀበሻ #ኢትዮጵያ #ንግድ #ቴክኖሎጂ #ዲጂታል #ቢዝነስ"
"2026-10-01","Thu","274","Facebook","PROBLEM","","120","","አንድ ጥያቄ በሳምንት 30 ጊዜ በዋትስአፕ ይመልሳሉ።

ያ የደንበኛ አገልግሎት አይደለም፤ ገና ያልተሰራ ቻትቦት ነው።

ተጨማሪ ለማወቅ፦ mulesoo.com

#MuleSoo #ሀበሻ #ኢትዮጵያ"
"2026-10-01","Thu","274","TikTok","PROBLEM","","97","","ሎጎዎ በ Word የተሰራ ነው።
በትልቅ ባነር ላይ ይታወቃል።

ሙሉውን በመገለጫችን ሊንክ ያገኙታል።

#MuleSoo #ሀበሻ #ኢትዮጵያ #ንግድ #ቴክኖሎጂ"
"2026-10-01","Thu","274","X","PROBLEM","","83","","ከምሽቱ 1 ሰዓት በኋላ ደንበኞች ያመልጡዎታል።
የተፎካካሪዎ ቻትቦት ግን ነቅቶ ይመልሳል።

mulesoo.com #MuleSoo #ሀበሻ"
"2026-10-02","Fri","275","LinkedIn","EDUCATE","","134","","ግምገማዎችዎ የእርስዎ SEO ናቸው።

እውነተኛ ግምገማ ያለው የጉግል ቢዝነስ ፕሮፋይል ከቆንጆ ድረ-ገጽ በላይ ይወጣል።

በ WhatsApp ይጻፉልን፦ wa.me/27688529333

#MuleSoo #ሀበሻ #ኢትዮጵያ"
"2026-10-02","Fri","275","Instagram","EDUCATE","","143","","የመብራት መቆራረጥ የዲዛይን ግዴታ ነው።

ለተቆራረጠ ኢንተርኔት አስቀድመው ይንደፉ። እዚህ አገር አማራጭ አይደለም።

ተጨማሪ ለማወቅ፦ mulesoo.com

#MuleSoo #ሀበሻ #ኢትዮጵያ #ንግድ #ቴክኖሎጂ #ዲጂታል #ቢዝነስ"
"2026-10-02","Fri","275","Facebook","EDUCATE","","116","","ሰዎች አያነቡም፤ በዓይን ይቃኛሉ።

አጫጭር አንቀጾች። ግልጽ ርዕሶች። በአንድ ስክሪን አንድ ሀሳብ።

ዛሬውኑ ያናግሩን፦ wa.me/27688529333

#MuleSoo #ሀበሻ #ኢትዮጵያ"
"2026-10-02","Fri","275","TikTok","EDUCATE","","117","","ምርጥ ሻጭዎ የ FAQ ገጽ ነው።
ደንበኛው በአክብሮት ያልጠየቀውን ጥያቄ አስቀድሞ ይመልሳል።

ሙሉውን በመገለጫችን ሊንክ ያገኙታል።

#MuleSoo #ሀበሻ #ኢትዮጵያ #ንግድ #ቴክኖሎጂ"
"2026-10-02","Fri","275","X","EDUCATE","","95","","አንድ ግልጽ ጥሪ ከአምስት ይሻላል።
እያንዳንዱ ተጨማሪ ቁልፍ ውሳኔ ነው፤ እያንዳንዱ ውሳኔ ሰዎችን ያሸሻል።

mulesoo.com #MuleSoo #ሀበሻ"
"2026-10-03","Sat","276","LinkedIn","PROOF","yes","148","","በዚህ ወር የሰራነው፦

[እውነተኛ የደንበኛ ውጤት እዚህ ያስገቡ — ለምሳሌ፦ «የእገሌ ንግድ ቀጠሮዎች በ40% ጨመሩ»። እውነተኛ ውጤት ብቻ፤ በጭራሽ አይፈጠሩ።]

ተጨማሪ ለማወቅ፦ mulesoo.com

#MuleSoo #ሀበሻ #ኢትዮጵያ"
"2026-10-03","Sat","276","Instagram","PROOF","yes","179","","በዚህ ወር የሰራነው፦

[እውነተኛ የደንበኛ ውጤት እዚህ ያስገቡ — ለምሳሌ፦ «የእገሌ ንግድ ቀጠሮዎች በ40% ጨመሩ»። እውነተኛ ውጤት ብቻ፤ በጭራሽ አይፈጠሩ።]

ዛሬውኑ ያናግሩን፦ wa.me/27688529333

#MuleSoo #ሀበሻ #ኢትዮጵያ #ንግድ #ቴክኖሎጂ #ዲጂታል #ቢዝነስ"
"2026-10-03","Sat","276","Facebook","PROOF","yes","158","","በዚህ ወር የሰራነው፦

[እውነተኛ የደንበኛ ውጤት እዚህ ያስገቡ — ለምሳሌ፦ «የእገሌ ንግድ ቀጠሮዎች በ40% ጨመሩ»። እውነተኛ ውጤት ብቻ፤ በጭራሽ አይፈጠሩ።]

ነጻ የ30 ደቂቃ ምክክር ይያዙ፦ mulesoo.com

#MuleSoo #ሀበሻ #ኢትዮጵያ"
"2026-10-03","Sat","276","TikTok","PROOF","yes","133","","በዚህ ወር የሰራነው፦
[እውነተኛ የደንበኛ ውጤት እዚህ ያስገቡ — ለምሳሌ፦ «የእገሌ ንግድ ቀጠሮዎች በ40% ጨመሩ»።

ሙሉውን በመገለጫችን ሊንክ ያገኙታል።

#MuleSoo #ሀበሻ #ኢትዮጵያ #ንግድ #ቴክኖሎጂ"
"2026-10-03","Sat","276","X","PROOF","yes","128","","በዚህ ወር የሰራነው፦
[እውነተኛ የደንበኛ ውጤት እዚህ ያስገቡ — ለምሳሌ፦ «የእገሌ ንግድ ቀጠሮዎች በ40% ጨመሩ»። እውነተኛ ውጤት ብቻ፤ በጭራሽ አይፈጠሩ።]

mulesoo.com #MuleSoo #ሀበሻ"
"2026-10-04","Sun","277","LinkedIn","MYTH","","148","","ብዙ ጊዜ የሚባል ነገር፦ «QR ኮድ ጊዜው አልፎበታል።»

እውነታው፦ ዛሬ በሁሉም ጠረጴዛ ላይ ነው። ትክክለኛው ጥያቄ፦ ስንት ሰው እንደቃኘው ያውቃሉ?

ዛሬውኑ ያናግሩን፦ wa.me/27688529333

#MuleSoo #ሀበሻ #ኢትዮጵያ"
"2026-10-04","Sun","277","Instagram","MYTH","","189","","ብዙ ጊዜ የሚባል ነገር፦ «ቻትቦት ደንበኞችን ያስቀይማል።»

እውነታው፦ የሚያስቀይመው መልስ አለማግኘት ነው። ጥሩ ቻትቦት በሰከንድ ይመልሳል፤ ሰው ሲያስፈልግ ያስተላልፋል።

ነጻ የ30 ደቂቃ ምክክር ይያዙ፦ mulesoo.com

#MuleSoo #ሀበሻ #ኢትዮጵያ #ንግድ #ቴክኖሎጂ #ዲጂታል #ቢዝነስ"
"2026-10-04","Sun","277","Facebook","MYTH","","172","","ብዙ ጊዜ የሚባል ነገር፦ «AI ውድ ነው፤ ለትልልቅ ኩባንያዎች ብቻ ነው።»

እውነታው፦ ዛሬ ቻትቦት ከአንድ ሰራተኛ ወርሃዊ ደመወዝ ባነሰ ዋጋ ይሰራል — እና እረፍት አይጠይቅም።

በ WhatsApp ይጻፉልን፦ wa.me/27688529333

#MuleSoo #ሀበሻ #ኢትዮጵያ"
"2026-10-04","Sun","277","TikTok","MYTH","","148","","ብዙ ጊዜ የሚባል ነገር፦ «ሎጎ ማንኛውም ሰው መስራት ይችላል።»
እውነታው፦ ሎጎ ስዕል ብቻ አይደለም፤ በመጀመሪያ እይታ የሚቀር ማህተም ነው።

ሙሉውን በመገለጫችን ሊንክ ያገኙታል።

#MuleSoo #ሀበሻ #ኢትዮጵያ #ንግድ #ቴክኖሎጂ"
"2026-10-04","Sun","277","X","MYTH","","115","","ብዙ ጊዜ የሚባል ነገር፦ «ውድ ድረ-ገጽ ጥሩ ድረ-ገጽ ነው።»
እውነታው፦ ዋጋ ጥራት አይደለም። ድረ-ገጽ የሚለካው በሚያመጣው ደንበኛ ነው።

mulesoo.com #MuleSoo #ሀበሻ"
"2026-10-05","Mon","278","LinkedIn","BEHIND","","147","","ትልቁ ደስታችን ደንበኛ «ራሴ አስተካከልኩት» ሲለን ነው።

ስርዓቱ የእሱ ነውና። እኛ የሰራነው መሳሪያውን ነው፤ ንግዱን የሚያሳድገው እሱ ነው።

ነጻ የ30 ደቂቃ ምክክር ይያዙ፦ mulesoo.com

#MuleSoo #ሀበሻ #ኢትዮጵያ"
"2026-10-05","Mon","278","Instagram","BEHIND","","150","","እያንዳንዱን ድረ-ገጽ በትንሹ ስክሪን ላይ እንፈትሻለን።

በትንሹ ስልክ ላይ ከሰራ፣ በሁሉም ላይ ይሰራል።

በ WhatsApp ይጻፉልን፦ wa.me/27688529333

#MuleSoo #ሀበሻ #ኢትዮጵያ #ንግድ #ቴክኖሎጂ #ዲጂታል #ቢዝነስ"
"2026-10-05","Mon","278","Facebook","BEHIND","","104","","ዛሬ አንድ ፕሮጀክት አልተቀበልንም።

ትክክለኛው ስራ ካልሆነ፣ ገንዘቡም ትክክለኛ አይደለም።

ተጨማሪ ለማወቅ፦ mulesoo.com

#MuleSoo #ሀበሻ #ኢትዮጵያ"
"2026-10-05","Mon","278","TikTok","BEHIND","","137","","ደንበኛ «ትንሽ ለውጥ» ሲል እንሳቀቅ ነበር።
አሁን ግን እያንዳንዱ ደንበኛ ራሱ የሚያስተካክልበት አድሚን ፓነል እንሰጣለን።

ሙሉውን በመገለጫችን ሊንክ ያገኙታል።

#MuleSoo #ሀበሻ #ኢትዮጵያ #ንግድ #ቴክኖሎጂ"
"2026-10-05","Mon","278","X","BEHIND","","90","","የደንበኞቻችንን ድረ-ገጾች በየቀኑ እንቃኛለን።
ችግርን ከደንበኛው በፊት ማየት የስራችን አካል ነው።

mulesoo.com #MuleSoo #ሀበሻ"
"2026-10-06","Tue","279","LinkedIn","PROMO","","120","","ንግድዎ የሚፈልገው መተግበሪያ ገበያ ላይ የለም?

እንሰራዋለን — ልክ ለእርስዎ አሰራር የተሰፋ።

በ WhatsApp ይጻፉልን፦ wa.me/27688529333

#MuleSoo #ሀበሻ #ኢትዮጵያ"
"2026-10-06","Tue","279","Instagram","PROMO","","149","","ሌሊት የሚመልስ ሰራተኛ ይፈልጋሉ?

ቻትቦታችን በሌሊትም ይመልሳል — እርስዎ ይተኛሉ፣ ንግድዎ ይሰራል። ከ R2,500 ጀምሮ።

ተጨማሪ ለማወቅ፦ mulesoo.com

#MuleSoo #ሀበሻ #ኢትዮጵያ #ንግድ #ቴክኖሎጂ #ዲጂታል #ቢዝነስ"
"2026-10-06","Tue","279","Facebook","PROMO","","144","","ወረቀት ላይ ያለ ተራ QR ኮድ በቂ አይደለም።

ማን፣ መቼ፣ ስንት ጊዜ እንደቃኘው የሚነግርዎ የምርትዎን ቀለም የያዘ ኮድ — ከ R300 ጀምሮ።

ዛሬውኑ ያናግሩን፦ wa.me/27688529333

#MuleSoo #ሀበሻ #ኢትዮጵያ"
"2026-10-06","Tue","279","TikTok","PROMO","","133","","ቀጠሮ፣ ክፍያ፣ ማስታወሻ — ሁሉም በራሱ ይስራ።
የ Auto Pilot ስርዓታችን ንግድዎን በእንቅልፍዎም ያንቀሳቅሳል።

ሙሉውን በመገለጫችን ሊንክ ያገኙታል።

#MuleSoo #ሀበሻ #ኢትዮጵያ #ንግድ #ቴክኖሎጂ"
"2026-10-06","Tue","279","X","PROMO","","87","","ንግድዎ የሚፈልገው መተግበሪያ ገበያ ላይ የለም?
እንሰራዋለን — ልክ ለእርስዎ አሰራር የተሰፋ።

mulesoo.com #MuleSoo #ሀበሻ"
"2026-10-07","Wed","280","LinkedIn","HUMAN","","106","","ስንት ቡና እንደጠጣን አንቆጥርም።

የደንበኞቻችን ሽያጭ ግን ይቆጠራል። ቅድሚያችን ግልጽ ነው።

ተጨማሪ ለማወቅ፦ mulesoo.com

#MuleSoo #ሀበሻ #ኢትዮጵያ"
"2026-10-07","Wed","280","Instagram","HUMAN","","152","","ደንበኛ፦ «መቼ ይደርሳል?» እኛ፦ «ነገ።»

ነገ ማለታችን ግን በእውነት ነገ ነው። ያልተለመደ መሆኑን እናውቃለን። 😄

ዛሬውኑ ያናግሩን፦ wa.me/27688529333

#MuleSoo #ሀበሻ #ኢትዮጵያ #ንግድ #ቴክኖሎጂ #ዲጂታል #ቢዝነስ"
"2026-10-07","Wed","280","Facebook","HUMAN","","136","","በስብሰባ ላይ በጣም የምንጠነቀቅበት ቃል፦

«የአክስቴ ልጅ ዲዛይን ያውቃል።» — እናዳምጣለን፤ አንዳንዴ በእውነት ያውቃል። 😂

ነጻ የ30 ደቂቃ ምክክር ይያዙ፦ mulesoo.com

#MuleSoo #ሀበሻ #ኢትዮጵያ"
"2026-10-07","Wed","280","TikTok","HUMAN","","103","","WiFi ሲጠፋ የቢሮአችን ድምጽ፦ ጸጥታ።
ከዚያ ሁሉም ወደ ስልክ ዳታ።

ሙሉውን በመገለጫችን ሊንክ ያገኙታል።

#MuleSoo #ሀበሻ #ኢትዮጵያ #ንግድ #ቴክኖሎጂ"
"2026-10-07","Wed","280","X","HUMAN","","104","","በሳምንት አንድ ጊዜ ራሳችንን እንጠይቃለን፦
«ይህን ደንበኛው በራሱ ማድረግ ይችላል?» መልሱ አዎ ከሆነ፣ እናስተምረዋለን።

mulesoo.com #MuleSoo #ሀበሻ"
"2026-10-08","Thu","281","LinkedIn","PROBLEM","","130","","ማስተካከል የማይችሉት ድረ-ገጽ እየከፈሉበት ነው።

እያንዳንዱ የጽሁፍ ለውጥ አንድ የስልክ ጥሪና ሶስት ቀን ያስወጣዎታል።

ዛሬውኑ ያናግሩን፦ wa.me/27688529333

#MuleSoo #ሀበሻ #ኢትዮጵያ"
"2026-10-08","Thu","281","Instagram","PROBLEM","","160","","ድረ-ገጽዎ ለመከፈት 6 ሰከንድ ይወስዳል።

ግማሾቹ ጎብኚዎች ሳይጠብቁ ወጥተዋል። ፍጥነት ቅንጦት አይደለም፤ የሱቅዎ በር ነው።

ነጻ የ30 ደቂቃ ምክክር ይያዙ፦ mulesoo.com

#MuleSoo #ሀበሻ #ኢትዮጵያ #ንግድ #ቴክኖሎጂ #ዲጂታል #ቢዝነስ"
"2026-10-08","Thu","281","Facebook","PROBLEM","","133","","የንግድዎ ኢሜይል በ gmail ይጨርሳል።

ትልልቅ ደንበኞች ያስተውላሉ። ምንም አይሉም — ዝም ብለው መልስ አይሰጡም።

በ WhatsApp ይጻፉልን፦ wa.me/27688529333

#MuleSoo #ሀበሻ #ኢትዮጵያ"
"2026-10-08","Thu","281","TikTok","PROBLEM","","104","","የቀጠሮ መዝገብዎ ደብተር ነው።
አንድ የጠፋ ገጽ አንድ የጠፋ ወር ነው።

ሙሉውን በመገለጫችን ሊንክ ያገኙታል።

#MuleSoo #ሀበሻ #ኢትዮጵያ #ንግድ #ቴክኖሎጂ"
"2026-10-08","Thu","281","X","PROBLEM","","94","","ድረ-ገጽዎ በላፕቶፕዎ ላይ ያምራል።
ከ10 ደንበኞችዎ 9ኙ ግን በስልክ ነው የሚያዩት። በስልክ አይተውታል?

mulesoo.com #MuleSoo #ሀበሻ"
"2026-10-09","Fri","282","LinkedIn","EDUCATE","","117","","አንድ ቁጥር ብቻ ይለኩ።

በሳምንት የሚመጡ ጥያቄዎች። ያንን የማያንቀሳቅስ ነገር ሁሉ ጌጥ ነው።

ነጻ የ30 ደቂቃ ምክክር ይያዙ፦ mulesoo.com

#MuleSoo #ሀበሻ #ኢትዮጵያ"
"2026-10-09","Fri","282","Instagram","EDUCATE","","159","","የመነሻ ገጽዎ አንድ ስራ ብቻ አለው።

ምን እንደሚሰሩ፣ ለማን እንደሆነ፣ የት እንደሚጫኑ ይንገሩ። ቀሪው ሁሉ ጌጥ ነው።

በ WhatsApp ይጻፉልን፦ wa.me/27688529333

#MuleSoo #ሀበሻ #ኢትዮጵያ #ንግድ #ቴክኖሎጂ #ዲጂታል #ቢዝነስ"
"2026-10-09","Fri","282","Facebook","EDUCATE","","117","","ከሎጎ በፊት ዶሜይን ይግዙ።

ስሞች ይቀየራሉ። መጀመሪያ .com ወይም .co.za ያዙ፤ ከዚያ ዙሪያውን ይንደፉ።

ተጨማሪ ለማወቅ፦ mulesoo.com

#MuleSoo #ሀበሻ #ኢትዮጵያ"
"2026-10-09","Fri","282","TikTok","EDUCATE","","89","","ቻትቦት የሮቦት ተቀባይ አይደለም።
ማጣሪያ ነው።

ሙሉውን በመገለጫችን ሊንክ ያገኙታል።

#MuleSoo #ሀበሻ #ኢትዮጵያ #ንግድ #ቴክኖሎጂ"
"2026-10-09","Fri","282","X","EDUCATE","","105","","ፍጥነት የሚመጣው ከማይጫኑት ነገር ነው።
ከባድ ምስሎች፣ ስላይደሮች፣ የቪዲዮ ጀርባዎች — መጀመሪያ ይሰርዙ፤ ከዚያ ያሻሽሉ።

mulesoo.com #MuleSoo #ሀበሻ"
"2026-10-10","Sat","283","LinkedIn","PROOF","yes","161","","በዚህ ወር የሰራነው፦

[እውነተኛ የደንበኛ ውጤት እዚህ ያስገቡ — ለምሳሌ፦ «የእገሌ ንግድ ቀጠሮዎች በ40% ጨመሩ»። እውነተኛ ውጤት ብቻ፤ በጭራሽ አይፈጠሩ።]

በ WhatsApp ይጻፉልን፦ wa.me/27688529333

#MuleSoo #ሀበሻ #ኢትዮጵያ"
"2026-10-10","Sat","283","Instagram","PROOF","yes","172","","በዚህ ወር የሰራነው፦

[እውነተኛ የደንበኛ ውጤት እዚህ ያስገቡ — ለምሳሌ፦ «የእገሌ ንግድ ቀጠሮዎች በ40% ጨመሩ»። እውነተኛ ውጤት ብቻ፤ በጭራሽ አይፈጠሩ።]

ተጨማሪ ለማወቅ፦ mulesoo.com

#MuleSoo #ሀበሻ #ኢትዮጵያ #ንግድ #ቴክኖሎጂ #ዲጂታል #ቢዝነስ"
"2026-10-10","Sat","283","Facebook","PROOF","yes","155","","በዚህ ወር የሰራነው፦

[እውነተኛ የደንበኛ ውጤት እዚህ ያስገቡ — ለምሳሌ፦ «የእገሌ ንግድ ቀጠሮዎች በ40% ጨመሩ»። እውነተኛ ውጤት ብቻ፤ በጭራሽ አይፈጠሩ።]

ዛሬውኑ ያናግሩን፦ wa.me/27688529333

#MuleSoo #ሀበሻ #ኢትዮጵያ"
"2026-10-10","Sat","283","TikTok","PROOF","yes","133","","በዚህ ወር የሰራነው፦
[እውነተኛ የደንበኛ ውጤት እዚህ ያስገቡ — ለምሳሌ፦ «የእገሌ ንግድ ቀጠሮዎች በ40% ጨመሩ»።

ሙሉውን በመገለጫችን ሊንክ ያገኙታል።

#MuleSoo #ሀበሻ #ኢትዮጵያ #ንግድ #ቴክኖሎጂ"
"2026-10-10","Sat","283","X","PROOF","yes","128","","በዚህ ወር የሰራነው፦
[እውነተኛ የደንበኛ ውጤት እዚህ ያስገቡ — ለምሳሌ፦ «የእገሌ ንግድ ቀጠሮዎች በ40% ጨመሩ»። እውነተኛ ውጤት ብቻ፤ በጭራሽ አይፈጠሩ።]

mulesoo.com #MuleSoo #ሀበሻ"
"2026-10-11","Sun","284","LinkedIn","MYTH","","147","","ብዙ ጊዜ የሚባል ነገር፦ «ለትንሽ ንግድ ድረ-ገጽ አያስፈልግም።»

እውነታው፦ ደንበኛዎ ግን መጀመሪያ ጉግል ላይ ይፈልግዎታል። እዚያ ከሌሉ፣ ለሌላው ይደውላል።

ተጨማሪ ለማወቅ፦ mulesoo.com

#MuleSoo #ሀበሻ #ኢትዮጵያ"
"2026-10-11","Sun","284","Instagram","MYTH","","192","","ብዙ ጊዜ የሚባል ነገር፦ «ድረ-ገጽ አንዴ ተሰርቶ ያበቃል።»

እውነታው፦ ድረ-ገጽ እንደ ሱቅ ነው — መስታወቱ ሁልጊዜ ንጹህ መሆን አለበት። ትንሽ እንክብካቤ ትልቅ ልዩነት ያመጣል።

ዛሬውኑ ያናግሩን፦ wa.me/27688529333

#MuleSoo #ሀበሻ #ኢትዮጵያ #ንግድ #ቴክኖሎጂ #ዲጂታል #ቢዝነስ"
"2026-10-11","Sun","284","Facebook","MYTH","","165","","ብዙ ጊዜ የሚባል ነገር፦ «ማህበራዊ ሚዲያ ካለኝ ድረ-ገጽ አያስፈልገኝም።»

እውነታው፦ ያ ገጽ የእርስዎ አይደለም፤ ተከራይተውታል። ህጎቹ ሲቀየሩ ንግድዎም አብሮ ይናወጣል።

ነጻ የ30 ደቂቃ ምክክር ይያዙ፦ mulesoo.com

#MuleSoo #ሀበሻ #ኢትዮጵያ"
"2026-10-11","Sun","284","TikTok","MYTH","","156","","ብዙ ጊዜ የሚባል ነገር፦ «ደንበኞቼ ኢንተርኔት አይጠቀሙም።»
እውነታው፦ ልጆቻቸው ግን ይጠቀማሉ — እና የቤተሰቡን ውሳኔ ብዙ ጊዜ የሚመሩት እነሱ ናቸው።

ሙሉውን በመገለጫችን ሊንክ ያገኙታል።

#MuleSoo #ሀበሻ #ኢትዮጵያ #ንግድ #ቴክኖሎጂ"
"2026-10-11","Sun","284","X","MYTH","","122","","ብዙ ጊዜ የሚባል ነገር፦ «አውቶሜሽን ሰራተኞችን ያስወግዳል።»
እውነታው፦ አይደለም — አሰልቺውን ስራ ይወስዳል። ሰዎችዎ ለሚከፍለው ስራ ጊዜ ያገኛሉ።

mulesoo.com #MuleSoo #ሀበሻ"
"2026-10-12","Mon","285","LinkedIn","BEHIND","","148","","ዛሬ ከአዲስ ደንበኛ ጋር የመጀመሪያ ስብሰባ ነበረን።

አንድም ጊዜ ስለ ቴክኖሎጂ አልተነጋገርንም — ስለ ንግዱ ብቻ። ኮዱ የሚመጣው ከዚያ በኋላ ነው።

ዛሬውኑ ያናግሩን፦ wa.me/27688529333

#MuleSoo #ሀበሻ #ኢትዮጵያ"
"2026-10-12","Mon","285","Instagram","BEHIND","","139","","ከመጨመራችን በፊት እንቀንሳለን።

የመጀመሪያው ስራችን ደንበኛው የማይፈልገውን ማስወገድ ነው።

ነጻ የ30 ደቂቃ ምክክር ይያዙ፦ mulesoo.com

#MuleSoo #ሀበሻ #ኢትዮጵያ #ንግድ #ቴክኖሎጂ #ዲጂታል #ቢዝነስ"
"2026-10-12","Mon","285","Facebook","BEHIND","","122","","የእኛ ስብሰባዎች 30 ደቂቃ ናቸው።

ከዚያ በላይ ከወሰደ፣ ችግሩ አጀንዳው ሳይሆን ዝግጅታችን ነው።

በ WhatsApp ይጻፉልን፦ wa.me/27688529333

#MuleSoo #ሀበሻ #ኢትዮጵያ"
"2026-10-12","Mon","285","TikTok","BEHIND","","106","","ኮድ ከመጻፍ በፊት እንቆጥራለን።
ስንት ጎብኚ፣ ስንት ጥያቄ፣ ስንት ሽያጭ።

ሙሉውን በመገለጫችን ሊንክ ያገኙታል።

#MuleSoo #ሀበሻ #ኢትዮጵያ #ንግድ #ቴክኖሎጂ"
"2026-10-12","Mon","285","X","BEHIND","","98","","አዲስ ሰው ስንቀጥር የመጀመሪያ ጥያቄያችን፦ «ማስረዳት ይችላሉ?»
ኮድ መጻፍ ይማራል፤ ግልጽነት ግን ባህሪ ነው።

mulesoo.com #MuleSoo #ሀበሻ"
"2026-10-13","Tue","286","LinkedIn","PROMO","","120","","ድረ-ገጽ ይፈልጋሉ?

ጎብኚን ወደ ከፋይ ደንበኛ የሚቀይር ድረ-ገጽ እንሰራለን። ከ R3,500 ጀምሮ።

ነጻ የ30 ደቂቃ ምክክር ይያዙ፦ mulesoo.com

#MuleSoo #ሀበሻ #ኢትዮጵያ"
"2026-10-13","Tue","286","Instagram","PROMO","","147","","ሎጎዎ ማን እንደሆኑ ይናገራል?

በአንድ እይታ የሚታወስ የምርት መለያ እንሰራለን። ከ R800 ጀምሮ።

በ WhatsApp ይጻፉልን፦ wa.me/27688529333

#MuleSoo #ሀበሻ #ኢትዮጵያ #ንግድ #ቴክኖሎጂ #ዲጂታል #ቢዝነስ"
"2026-10-13","Tue","286","Facebook","PROMO","","114","","ገና በ gmail ነው የሚሰሩት?

የ @yourbusiness ኢሜይል ያሳምራል፤ ያሳምናል። ከ R400 ጀምሮ።

ተጨማሪ ለማወቅ፦ mulesoo.com

#MuleSoo #ሀበሻ #ኢትዮጵያ"
"2026-10-13","Tue","286","TikTok","PROMO","","135","","አሰልቺው የቢሮ ስራ ራሱን ይስራ።
የ AI አውቶሜሽን ስርዓቶቻችን ደረሰኝ ይልካሉ፣ ቀጠሮ ያስይዛሉ፣ ደንበኛ ይከታተላሉ።

ሙሉውን በመገለጫችን ሊንክ ያገኙታል።

#MuleSoo #ሀበሻ #ኢትዮጵያ #ንግድ #ቴክኖሎጂ"
"2026-10-13","Tue","286","X","PROMO","","90","","ድረ-ገጽ ይፈልጋሉ?
ጎብኚን ወደ ከፋይ ደንበኛ የሚቀይር ድረ-ገጽ እንሰራለን። ከ R3,500 ጀምሮ።

mulesoo.com #MuleSoo #ሀበሻ"
"2026-10-14","Wed","287","LinkedIn","HUMAN","","111","","በበዓል ቀንም «ድረ-ገጹ ደህና ነው?» ብለን እንፈትሻለን።

አዎ፣ እንደዚህ ነን።

በ WhatsApp ይጻፉልን፦ wa.me/27688529333

#MuleSoo #ሀበሻ #ኢትዮጵያ"
"2026-10-14","Wed","287","Instagram","HUMAN","","145","","ሁለት አይነት ንግድ አለ፦

ድረ-ገጽ ያለውና «በኋላ እሰራለሁ» የሚል። ሁለተኛው የመጀመሪያውን ደንበኛ ያበረክትለታል።

ተጨማሪ ለማወቅ፦ mulesoo.com

#MuleSoo #ሀበሻ #ኢትዮጵያ #ንግድ #ቴክኖሎጂ #ዲጂታል #ቢዝነስ"
"2026-10-14","Wed","287","Facebook","HUMAN","","122","","እኛ ስንተኛ ስልካችን ጸጥ ይላል ብለን እናስባለን።

ቻትቦታችን ግን በዚያው ሌሊት ሶስት ቀጠሮ ይዞ ያድራል።

ዛሬውኑ ያናግሩን፦ wa.me/27688529333

#MuleSoo #ሀበሻ #ኢትዮጵያ"
"2026-10-14","Wed","287","TikTok","HUMAN","","106","","ልጆቻችን ስራችንን ሲጠየቁ፦ «ኮምፒውተር ይነካካሉ» ይላሉ።
ትክክል ናቸው።

ሙሉውን በመገለጫችን ሊንክ ያገኙታል።

#MuleSoo #ሀበሻ #ኢትዮጵያ #ንግድ #ቴክኖሎጂ"
"2026-10-14","Wed","287","X","HUMAN","","114","","የሰማነው፦ «እንደ Apple ድረ-ገጽ ይሁን — ግን ብዙ ነገር ጨምሩበት።»
ይህ ዓረፍተ ነገር ራሱን ይቃረናል። ፈገግ ብለን እናስረዳለን።

mulesoo.com #MuleSoo #ሀበሻ"
"2026-10-15","Thu","288","LinkedIn","PROBLEM","","110","","ደንበኞችዎ ከየት እንደመጡ አያውቁም።

ስለዚህ በሚሰራው መንገድ ላይ ተጨማሪ ገንዘብ ማዋል አይችሉም።

ተጨማሪ ለማወቅ፦ mulesoo.com

#MuleSoo #ሀበሻ #ኢትዮጵያ"
"2026-10-15","Thu","288","Instagram","PROBLEM","","151","","አንድ ጥያቄ በሳምንት 30 ጊዜ በዋትስአፕ ይመልሳሉ።

ያ የደንበኛ አገልግሎት አይደለም፤ ገና ያልተሰራ ቻትቦት ነው።

ዛሬውኑ ያናግሩን፦ wa.me/27688529333

#MuleSoo #ሀበሻ #ኢትዮጵያ #ንግድ #ቴክኖሎጂ #ዲጂታል #ቢዝነስ"
"2026-10-15","Thu","288","Facebook","PROBLEM","","115","","ሎጎዎ በ Word የተሰራ ነው።

በትልቅ ባነር ላይ ይታወቃል። በንግድ ካርድ ላይም ይታወቃል።

ነጻ የ30 ደቂቃ ምክክር ይያዙ፦ mulesoo.com

#MuleSoo #ሀበሻ #ኢትዮጵያ"
"2026-10-15","Thu","288","TikTok","PROBLEM","","115","","ከምሽቱ 1 ሰዓት በኋላ ደንበኞች ያመልጡዎታል።
የተፎካካሪዎ ቻትቦት ግን ነቅቶ ይመልሳል።

ሙሉውን በመገለጫችን ሊንክ ያገኙታል።

#MuleSoo #ሀበሻ #ኢትዮጵያ #ንግድ #ቴክኖሎጂ"
"2026-10-15","Thu","288","X","PROBLEM","","88","","ዋጋ ማቅረቢያ በእጅ ይሰራሉ።
በሳምንት 4 ሰዓት ነው። በዓመት አምስት የስራ ሳምንት ማለት ነው።

mulesoo.com #MuleSoo #ሀበሻ"
"2026-10-16","Fri","289","LinkedIn","EDUCATE","","126","","የመብራት መቆራረጥ የዲዛይን ግዴታ ነው።

ለተቆራረጠ ኢንተርኔት አስቀድመው ይንደፉ። እዚህ አገር አማራጭ አይደለም።

ዛሬውኑ ያናግሩን፦ wa.me/27688529333

#MuleSoo #ሀበሻ #ኢትዮጵያ"
"2026-10-16","Fri","289","Instagram","EDUCATE","","143","","ሰዎች አያነቡም፤ በዓይን ይቃኛሉ።

አጫጭር አንቀጾች። ግልጽ ርዕሶች። በአንድ ስክሪን አንድ ሀሳብ።

ነጻ የ30 ደቂቃ ምክክር ይያዙ፦ mulesoo.com

#MuleSoo #ሀበሻ #ኢትዮጵያ #ንግድ #ቴክኖሎጂ #ዲጂታል #ቢዝነስ"
"2026-10-16","Fri","289","Facebook","EDUCATE","","118","","ምርጥ ሻጭዎ የ FAQ ገጽ ነው።

ደንበኛው በአክብሮት ያልጠየቀውን ጥያቄ አስቀድሞ ይመልሳል።

በ WhatsApp ይጻፉልን፦ wa.me/27688529333

#MuleSoo #ሀበሻ #ኢትዮጵያ"
"2026-10-16","Fri","289","TikTok","EDUCATE","","127","","አንድ ግልጽ ጥሪ ከአምስት ይሻላል።
እያንዳንዱ ተጨማሪ ቁልፍ ውሳኔ ነው፤ እያንዳንዱ ውሳኔ ሰዎችን ያሸሻል።

ሙሉውን በመገለጫችን ሊንክ ያገኙታል።

#MuleSoo #ሀበሻ #ኢትዮጵያ #ንግድ #ቴክኖሎጂ"
"2026-10-16","Fri","289","X","EDUCATE","","90","","የገዙት ኮድ የእርስዎ ይሁን።
ገንቢው ሲጠፋ ድረ-ገጽዎም አብሮ ከጠፋ፣ አልገዙትም — ተከራይተውታል።

mulesoo.com #MuleSoo #ሀበሻ"
"2026-10-17","Sat","290","LinkedIn","PROOF","yes","158","","በዚህ ወር የሰራነው፦

[እውነተኛ የደንበኛ ውጤት እዚህ ያስገቡ — ለምሳሌ፦ «የእገሌ ንግድ ቀጠሮዎች በ40% ጨመሩ»። እውነተኛ ውጤት ብቻ፤ በጭራሽ አይፈጠሩ።]

ነጻ የ30 ደቂቃ ምክክር ይያዙ፦ mulesoo.com

#MuleSoo #ሀበሻ #ኢትዮጵያ"
"2026-10-17","Sat","290","Instagram","PROOF","yes","185","","በዚህ ወር የሰራነው፦

[እውነተኛ የደንበኛ ውጤት እዚህ ያስገቡ — ለምሳሌ፦ «የእገሌ ንግድ ቀጠሮዎች በ40% ጨመሩ»። እውነተኛ ውጤት ብቻ፤ በጭራሽ አይፈጠሩ።]

በ WhatsApp ይጻፉልን፦ wa.me/27688529333

#MuleSoo #ሀበሻ #ኢትዮጵያ #ንግድ #ቴክኖሎጂ #ዲጂታል #ቢዝነስ"
"2026-10-17","Sat","290","Facebook","PROOF","yes","148","","በዚህ ወር የሰራነው፦

[እውነተኛ የደንበኛ ውጤት እዚህ ያስገቡ — ለምሳሌ፦ «የእገሌ ንግድ ቀጠሮዎች በ40% ጨመሩ»። እውነተኛ ውጤት ብቻ፤ በጭራሽ አይፈጠሩ።]

ተጨማሪ ለማወቅ፦ mulesoo.com

#MuleSoo #ሀበሻ #ኢትዮጵያ"
"2026-10-17","Sat","290","TikTok","PROOF","yes","133","","በዚህ ወር የሰራነው፦
[እውነተኛ የደንበኛ ውጤት እዚህ ያስገቡ — ለምሳሌ፦ «የእገሌ ንግድ ቀጠሮዎች በ40% ጨመሩ»።

ሙሉውን በመገለጫችን ሊንክ ያገኙታል።

#MuleSoo #ሀበሻ #ኢትዮጵያ #ንግድ #ቴክኖሎጂ"
"2026-10-17","Sat","290","X","PROOF","yes","128","","በዚህ ወር የሰራነው፦
[እውነተኛ የደንበኛ ውጤት እዚህ ያስገቡ — ለምሳሌ፦ «የእገሌ ንግድ ቀጠሮዎች በ40% ጨመሩ»። እውነተኛ ውጤት ብቻ፤ በጭራሽ አይፈጠሩ።]

mulesoo.com #MuleSoo #ሀበሻ"
"2026-10-18","Sun","291","LinkedIn","MYTH","","168","","ብዙ ጊዜ የሚባል ነገር፦ «ቻትቦት ደንበኞችን ያስቀይማል።»

እውነታው፦ የሚያስቀይመው መልስ አለማግኘት ነው። ጥሩ ቻትቦት በሰከንድ ይመልሳል፤ ሰው ሲያስፈልግ ያስተላልፋል።

በ WhatsApp ይጻፉልን፦ wa.me/27688529333

#MuleSoo #ሀበሻ #ኢትዮጵያ"
"2026-10-18","Sun","291","Instagram","MYTH","","183","","ብዙ ጊዜ የሚባል ነገር፦ «AI ውድ ነው፤ ለትልልቅ ኩባንያዎች ብቻ ነው።»

እውነታው፦ ዛሬ ቻትቦት ከአንድ ሰራተኛ ወርሃዊ ደመወዝ ባነሰ ዋጋ ይሰራል — እና እረፍት አይጠይቅም።

ተጨማሪ ለማወቅ፦ mulesoo.com

#MuleSoo #ሀበሻ #ኢትዮጵያ #ንግድ #ቴክኖሎጂ #ዲጂታል #ቢዝነስ"
"2026-10-18","Sun","291","Facebook","MYTH","","143","","ብዙ ጊዜ የሚባል ነገር፦ «ሎጎ ማንኛውም ሰው መስራት ይችላል።»

እውነታው፦ ሎጎ ስዕል ብቻ አይደለም፤ በመጀመሪያ እይታ የሚቀር ማህተም ነው።

ዛሬውኑ ያናግሩን፦ wa.me/27688529333

#MuleSoo #ሀበሻ #ኢትዮጵያ"
"2026-10-18","Sun","291","TikTok","MYTH","","119","","ብዙ ጊዜ የሚባል ነገር፦ «ውድ ድረ-ገጽ ጥሩ ድረ-ገጽ ነው።»
እውነታው፦ ዋጋ ጥራት አይደለም።

ሙሉውን በመገለጫችን ሊንክ ያገኙታል።

#MuleSoo #ሀበሻ #ኢትዮጵያ #ንግድ #ቴክኖሎጂ"
"2026-10-18","Sun","291","X","MYTH","","121","","ብዙ ጊዜ የሚባል ነገር፦ «QR ኮድ ጊዜው አልፎበታል።»
እውነታው፦ ዛሬ በሁሉም ጠረጴዛ ላይ ነው። ትክክለኛው ጥያቄ፦ ስንት ሰው እንደቃኘው ያውቃሉ?

mulesoo.com #MuleSoo #ሀበሻ"
"2026-10-19","Mon","292","LinkedIn","BEHIND","","113","","እያንዳንዱን ድረ-ገጽ በትንሹ ስክሪን ላይ እንፈትሻለን።

በትንሹ ስልክ ላይ ከሰራ፣ በሁሉም ላይ ይሰራል።

ተጨማሪ ለማወቅ፦ mulesoo.com

#MuleSoo #ሀበሻ #ኢትዮጵያ"
"2026-10-19","Mon","292","Instagram","BEHIND","","135","","ዛሬ አንድ ፕሮጀክት አልተቀበልንም።

ትክክለኛው ስራ ካልሆነ፣ ገንዘቡም ትክክለኛ አይደለም።

ዛሬውኑ ያናግሩን፦ wa.me/27688529333

#MuleSoo #ሀበሻ #ኢትዮጵያ #ንግድ #ቴክኖሎጂ #ዲጂታል #ቢዝነስ"
"2026-10-19","Mon","292","Facebook","BEHIND","","143","","ደንበኛ «ትንሽ ለውጥ» ሲል እንሳቀቅ ነበር።

አሁን ግን እያንዳንዱ ደንበኛ ራሱ የሚያስተካክልበት አድሚን ፓነል እንሰጣለን። ሰላም ሆነ።

ነጻ የ30 ደቂቃ ምክክር ይያዙ፦ mulesoo.com

#MuleSoo #ሀበሻ #ኢትዮጵያ"
"2026-10-19","Mon","292","TikTok","BEHIND","","122","","የደንበኞቻችንን ድረ-ገጾች በየቀኑ እንቃኛለን።
ችግርን ከደንበኛው በፊት ማየት የስራችን አካል ነው።

ሙሉውን በመገለጫችን ሊንክ ያገኙታል።

#MuleSoo #ሀበሻ #ኢትዮጵያ #ንግድ #ቴክኖሎጂ"
"2026-10-19","Mon","292","X","BEHIND","","117","","ትልቁ ደስታችን ደንበኛ «ራሴ አስተካከልኩት» ሲለን ነው።
ስርዓቱ የእሱ ነውና። እኛ የሰራነው መሳሪያውን ነው፤ ንግዱን የሚያሳድገው እሱ ነው።

mulesoo.com #MuleSoo #ሀበሻ"
"2026-10-20","Tue","293","LinkedIn","PROMO","","132","","ሌሊት የሚመልስ ሰራተኛ ይፈልጋሉ?

ቻትቦታችን በሌሊትም ይመልሳል — እርስዎ ይተኛሉ፣ ንግድዎ ይሰራል። ከ R2,500 ጀምሮ።

ዛሬውኑ ያናግሩን፦ wa.me/27688529333

#MuleSoo #ሀበሻ #ኢትዮጵያ"
"2026-10-20","Tue","293","Instagram","PROMO","","171","","ወረቀት ላይ ያለ ተራ QR ኮድ በቂ አይደለም።

ማን፣ መቼ፣ ስንት ጊዜ እንደቃኘው የሚነግርዎ የምርትዎን ቀለም የያዘ ኮድ — ከ R300 ጀምሮ።

ነጻ የ30 ደቂቃ ምክክር ይያዙ፦ mulesoo.com

#MuleSoo #ሀበሻ #ኢትዮጵያ #ንግድ #ቴክኖሎጂ #ዲጂታል #ቢዝነስ"
"2026-10-20","Tue","293","Facebook","PROMO","","145","","ቀጠሮ፣ ክፍያ፣ ማስታወሻ — ሁሉም በራሱ ይስራ።

የ Auto Pilot ስርዓታችን ንግድዎን በእንቅልፍዎም ያንቀሳቅሳል። ዋጋ በፕሮጀክት።

በ WhatsApp ይጻፉልን፦ wa.me/27688529333

#MuleSoo #ሀበሻ #ኢትዮጵያ"
"2026-10-20","Tue","293","TikTok","PROMO","","119","","ንግድዎ የሚፈልገው መተግበሪያ ገበያ ላይ የለም?
እንሰራዋለን — ልክ ለእርስዎ አሰራር የተሰፋ።

ሙሉውን በመገለጫችን ሊንክ ያገኙታል።

#MuleSoo #ሀበሻ #ኢትዮጵያ #ንግድ #ቴክኖሎጂ"
"2026-10-20","Tue","293","X","PROMO","","105","","ሌሊት የሚመልስ ሰራተኛ ይፈልጋሉ?
ቻትቦታችን በሌሊትም ይመልሳል — እርስዎ ይተኛሉ፣ ንግድዎ ይሰራል። ከ R2,500 ጀምሮ።

mulesoo.com #MuleSoo #ሀበሻ"
"2026-10-21","Wed","294","LinkedIn","HUMAN","","129","","ደንበኛ፦ «መቼ ይደርሳል?» እኛ፦ «ነገ።»

ነገ ማለታችን ግን በእውነት ነገ ነው። ያልተለመደ መሆኑን እናውቃለን።

ነጻ የ30 ደቂቃ ምክክር ይያዙ፦ mulesoo.com

#MuleSoo #ሀበሻ #ኢትዮጵያ"
"2026-10-21","Wed","294","Instagram","HUMAN","","163","","በስብሰባ ላይ በጣም የምንጠነቀቅበት ቃል፦

«የአክስቴ ልጅ ዲዛይን ያውቃል።» — እናዳምጣለን፤ አንዳንዴ በእውነት ያውቃል። 😂

በ WhatsApp ይጻፉልን፦ wa.me/27688529333

#MuleSoo #ሀበሻ #ኢትዮጵያ #ንግድ #ቴክኖሎጂ #ዲጂታል #ቢዝነስ"
"2026-10-21","Wed","294","Facebook","HUMAN","","103","","WiFi ሲጠፋ የቢሮአችን ድምጽ፦ ጸጥታ።

ከዚያ ሁሉም ወደ ስልክ ዳታ። ስራ አይቆምም። 😅

ተጨማሪ ለማወቅ፦ mulesoo.com

#MuleSoo #ሀበሻ #ኢትዮጵያ"
"2026-10-21","Wed","294","TikTok","HUMAN","","112","","በሳምንት አንድ ጊዜ ራሳችንን እንጠይቃለን፦
«ይህን ደንበኛው በራሱ ማድረግ ይችላል?

ሙሉውን በመገለጫችን ሊንክ ያገኙታል።

#MuleSoo #ሀበሻ #ኢትዮጵያ #ንግድ #ቴክኖሎጂ"
"2026-10-21","Wed","294","X","HUMAN","","91","","እያንዳንዱ የሎጎ ማስተካከያ ጥያቄ የሚመጣው እኩለ ሌሊት ላይ ነው።
ለምን እንደሆነ መጠየቅ አቁመናል።

mulesoo.com #MuleSoo #ሀበሻ"
"2026-10-22","Thu","295","LinkedIn","PROBLEM","","139","","ድረ-ገጽዎ ለመከፈት 6 ሰከንድ ይወስዳል።

ግማሾቹ ጎብኚዎች ሳይጠብቁ ወጥተዋል። ፍጥነት ቅንጦት አይደለም፤ የሱቅዎ በር ነው።

በ WhatsApp ይጻፉልን፦ wa.me/27688529333

#MuleSoo #ሀበሻ #ኢትዮጵያ"
"2026-10-22","Thu","295","Instagram","PROBLEM","","144","","የንግድዎ ኢሜይል በ gmail ይጨርሳል።

ትልልቅ ደንበኞች ያስተውላሉ። ምንም አይሉም — ዝም ብለው መልስ አይሰጡም።

ተጨማሪ ለማወቅ፦ mulesoo.com

#MuleSoo #ሀበሻ #ኢትዮጵያ #ንግድ #ቴክኖሎጂ #ዲጂታል #ቢዝነስ"
"2026-10-22","Thu","295","Facebook","PROBLEM","","99","","የቀጠሮ መዝገብዎ ደብተር ነው።

አንድ የጠፋ ገጽ አንድ የጠፋ ወር ነው።

ዛሬውኑ ያናግሩን፦ wa.me/27688529333

#MuleSoo #ሀበሻ #ኢትዮጵያ"
"2026-10-22","Thu","295","TikTok","PROBLEM","","113","","ድረ-ገጽዎ በላፕቶፕዎ ላይ ያምራል።
ከ10 ደንበኞችዎ 9ኙ ግን በስልክ ነው የሚያዩት።

ሙሉውን በመገለጫችን ሊንክ ያገኙታል።

#MuleSoo #ሀበሻ #ኢትዮጵያ #ንግድ #ቴክኖሎጂ"
"2026-10-22","Thu","295","X","PROBLEM","","90","","ጉግል ላይ አይገኙም።
ትንሽ ስለሆኑ አይደለም — ገጾችዎ መኖራቸውን ለጉግል ማንም ስላልነገረው ነው።

mulesoo.com #MuleSoo #ሀበሻ"
"2026-10-23","Fri","296","LinkedIn","EDUCATE","","122","","የመነሻ ገጽዎ አንድ ስራ ብቻ አለው።

ምን እንደሚሰሩ፣ ለማን እንደሆነ፣ የት እንደሚጫኑ ይንገሩ። ቀሪው ሁሉ ጌጥ ነው።

ተጨማሪ ለማወቅ፦ mulesoo.com

#MuleSoo #ሀበሻ #ኢትዮጵያ"
"2026-10-23","Fri","296","Instagram","EDUCATE","","148","","ከሎጎ በፊት ዶሜይን ይግዙ።

ስሞች ይቀየራሉ። መጀመሪያ .com ወይም .co.za ያዙ፤ ከዚያ ዙሪያውን ይንደፉ።

ዛሬውኑ ያናግሩን፦ wa.me/27688529333

#MuleSoo #ሀበሻ #ኢትዮጵያ #ንግድ #ቴክኖሎጂ #ዲጂታል #ቢዝነስ"
"2026-10-23","Fri","296","Facebook","EDUCATE","","124","","ቻትቦት የሮቦት ተቀባይ አይደለም።

ማጣሪያ ነው። ቀላሉን 70% ይይዛል፤ የሚከፍለው 30% ለሰው ይደርሳል።

ነጻ የ30 ደቂቃ ምክክር ይያዙ፦ mulesoo.com

#MuleSoo #ሀበሻ #ኢትዮጵያ"
"2026-10-23","Fri","296","TikTok","EDUCATE","","137","","ፍጥነት የሚመጣው ከማይጫኑት ነገር ነው።
ከባድ ምስሎች፣ ስላይደሮች፣ የቪዲዮ ጀርባዎች — መጀመሪያ ይሰርዙ፤ ከዚያ ያሻሽሉ።

ሙሉውን በመገለጫችን ሊንክ ያገኙታል።

#MuleSoo #ሀበሻ #ኢትዮጵያ #ንግድ #ቴክኖሎጂ"
"2026-10-23","Fri","296","X","EDUCATE","","71","","ዋጋዎን ይጻፉ።
መደበቅ አያሳንሰውም፤ እርግጠኛ እንዳልሆኑ ያስመስላል።

mulesoo.com #MuleSoo #ሀበሻ"
"2026-10-24","Sat","297","LinkedIn","PROOF","yes","155","","በዚህ ወር የሰራነው፦

[እውነተኛ የደንበኛ ውጤት እዚህ ያስገቡ — ለምሳሌ፦ «የእገሌ ንግድ ቀጠሮዎች በ40% ጨመሩ»። እውነተኛ ውጤት ብቻ፤ በጭራሽ አይፈጠሩ።]

ዛሬውኑ ያናግሩን፦ wa.me/27688529333

#MuleSoo #ሀበሻ #ኢትዮጵያ"
"2026-10-24","Sat","297","Instagram","PROOF","yes","182","","በዚህ ወር የሰራነው፦

[እውነተኛ የደንበኛ ውጤት እዚህ ያስገቡ — ለምሳሌ፦ «የእገሌ ንግድ ቀጠሮዎች በ40% ጨመሩ»። እውነተኛ ውጤት ብቻ፤ በጭራሽ አይፈጠሩ።]

ነጻ የ30 ደቂቃ ምክክር ይያዙ፦ mulesoo.com

#MuleSoo #ሀበሻ #ኢትዮጵያ #ንግድ #ቴክኖሎጂ #ዲጂታል #ቢዝነስ"
"2026-10-24","Sat","297","Facebook","PROOF","yes","161","","በዚህ ወር የሰራነው፦

[እውነተኛ የደንበኛ ውጤት እዚህ ያስገቡ — ለምሳሌ፦ «የእገሌ ንግድ ቀጠሮዎች በ40% ጨመሩ»። እውነተኛ ውጤት ብቻ፤ በጭራሽ አይፈጠሩ።]

በ WhatsApp ይጻፉልን፦ wa.me/27688529333

#MuleSoo #ሀበሻ #ኢትዮጵያ"
"2026-10-24","Sat","297","TikTok","PROOF","yes","133","","በዚህ ወር የሰራነው፦
[እውነተኛ የደንበኛ ውጤት እዚህ ያስገቡ — ለምሳሌ፦ «የእገሌ ንግድ ቀጠሮዎች በ40% ጨመሩ»።

ሙሉውን በመገለጫችን ሊንክ ያገኙታል።

#MuleSoo #ሀበሻ #ኢትዮጵያ #ንግድ #ቴክኖሎጂ"
"2026-10-24","Sat","297","X","PROOF","yes","128","","በዚህ ወር የሰራነው፦
[እውነተኛ የደንበኛ ውጤት እዚህ ያስገቡ — ለምሳሌ፦ «የእገሌ ንግድ ቀጠሮዎች በ40% ጨመሩ»። እውነተኛ ውጤት ብቻ፤ በጭራሽ አይፈጠሩ።]

mulesoo.com #MuleSoo #ሀበሻ"
"2026-10-25","Sun","298","LinkedIn","MYTH","","171","","ብዙ ጊዜ የሚባል ነገር፦ «ድረ-ገጽ አንዴ ተሰርቶ ያበቃል።»

እውነታው፦ ድረ-ገጽ እንደ ሱቅ ነው — መስታወቱ ሁልጊዜ ንጹህ መሆን አለበት። ትንሽ እንክብካቤ ትልቅ ልዩነት ያመጣል።

ነጻ የ30 ደቂቃ ምክክር ይያዙ፦ mulesoo.com

#MuleSoo #ሀበሻ #ኢትዮጵያ"
"2026-10-25","Sun","298","Instagram","MYTH","","192","","ብዙ ጊዜ የሚባል ነገር፦ «ማህበራዊ ሚዲያ ካለኝ ድረ-ገጽ አያስፈልገኝም።»

እውነታው፦ ያ ገጽ የእርስዎ አይደለም፤ ተከራይተውታል። ህጎቹ ሲቀየሩ ንግድዎም አብሮ ይናወጣል።

በ WhatsApp ይጻፉልን፦ wa.me/27688529333

#MuleSoo #ሀበሻ #ኢትዮጵያ #ንግድ #ቴክኖሎጂ #ዲጂታል #ቢዝነስ"
"2026-10-25","Sun","298","Facebook","MYTH","","144","","ብዙ ጊዜ የሚባል ነገር፦ «ደንበኞቼ ኢንተርኔት አይጠቀሙም።»

እውነታው፦ ልጆቻቸው ግን ይጠቀማሉ — እና የቤተሰቡን ውሳኔ ብዙ ጊዜ የሚመሩት እነሱ ናቸው።

ተጨማሪ ለማወቅ፦ mulesoo.com

#MuleSoo #ሀበሻ #ኢትዮጵያ"
"2026-10-25","Sun","298","TikTok","MYTH","","130","","ብዙ ጊዜ የሚባል ነገር፦ «አውቶሜሽን ሰራተኞችን ያስወግዳል።»
እውነታው፦ አይደለም — አሰልቺውን ስራ ይወስዳል።

ሙሉውን በመገለጫችን ሊንክ ያገኙታል።

#MuleSoo #ሀበሻ #ኢትዮጵያ #ንግድ #ቴክኖሎጂ"
"2026-10-25","Sun","298","X","MYTH","","127","","ብዙ ጊዜ የሚባል ነገር፦ «ለትንሽ ንግድ ድረ-ገጽ አያስፈልግም።»
እውነታው፦ ደንበኛዎ ግን መጀመሪያ ጉግል ላይ ይፈልግዎታል። እዚያ ከሌሉ፣ ለሌላው ይደውላል።

mulesoo.com #MuleSoo #ሀበሻ"
"2026-10-26","Mon","299","LinkedIn","BEHIND","","118","","ከመጨመራችን በፊት እንቀንሳለን።

የመጀመሪያው ስራችን ደንበኛው የማይፈልገውን ማስወገድ ነው።

በ WhatsApp ይጻፉልን፦ wa.me/27688529333

#MuleSoo #ሀበሻ #ኢትዮጵያ"
"2026-10-26","Mon","299","Instagram","BEHIND","","133","","የእኛ ስብሰባዎች 30 ደቂቃ ናቸው።

ከዚያ በላይ ከወሰደ፣ ችግሩ አጀንዳው ሳይሆን ዝግጅታችን ነው።

ተጨማሪ ለማወቅ፦ mulesoo.com

#MuleSoo #ሀበሻ #ኢትዮጵያ #ንግድ #ቴክኖሎጂ #ዲጂታል #ቢዝነስ"
"2026-10-26","Mon","299","Facebook","BEHIND","","126","","ኮድ ከመጻፍ በፊት እንቆጥራለን።

ስንት ጎብኚ፣ ስንት ጥያቄ፣ ስንት ሽያጭ። ቁጥር የሌለው ዲዛይን ግምት ብቻ ነው።

ዛሬውኑ ያናግሩን፦ wa.me/27688529333

#MuleSoo #ሀበሻ #ኢትዮጵያ"
"2026-10-26","Mon","299","TikTok","BEHIND","","130","","አዲስ ሰው ስንቀጥር የመጀመሪያ ጥያቄያችን፦ «ማስረዳት ይችላሉ?»
ኮድ መጻፍ ይማራል፤ ግልጽነት ግን ባህሪ ነው።

ሙሉውን በመገለጫችን ሊንክ ያገኙታል።

#MuleSoo #ሀበሻ #ኢትዮጵያ #ንግድ #ቴክኖሎጂ"
"2026-10-26","Mon","299","X","BEHIND","","121","","ዛሬ ከአዲስ ደንበኛ ጋር የመጀመሪያ ስብሰባ ነበረን።
አንድም ጊዜ ስለ ቴክኖሎጂ አልተነጋገርንም — ስለ ንግዱ ብቻ። ኮዱ የሚመጣው ከዚያ በኋላ ነው።

mulesoo.com #MuleSoo #ሀበሻ"
"2026-10-27","Tue","300","LinkedIn","PROMO","","110","","ሎጎዎ ማን እንደሆኑ ይናገራል?

በአንድ እይታ የሚታወስ የምርት መለያ እንሰራለን። ከ R800 ጀምሮ።

ተጨማሪ ለማወቅ፦ mulesoo.com

#MuleSoo #ሀበሻ #ኢትዮጵያ"
"2026-10-27","Tue","300","Instagram","PROMO","","145","","ገና በ gmail ነው የሚሰሩት?

የ @yourbusiness ኢሜይል ያሳምራል፤ ያሳምናል። ከ R400 ጀምሮ።

ዛሬውኑ ያናግሩን፦ wa.me/27688529333

#MuleSoo #ሀበሻ #ኢትዮጵያ #ንግድ #ቴክኖሎጂ #ዲጂታል #ቢዝነስ"
"2026-10-27","Tue","300","Facebook","PROMO","","133","","አሰልቺው የቢሮ ስራ ራሱን ይስራ።

የ AI አውቶሜሽን ስርዓቶቻችን ደረሰኝ ይልካሉ፣ ቀጠሮ ያስይዛሉ፣ ደንበኛ ይከታተላሉ።

ነጻ የ30 ደቂቃ ምክክር ይያዙ፦ mulesoo.com

#MuleSoo #ሀበሻ #ኢትዮጵያ"
"2026-10-27","Tue","300","TikTok","PROMO","","108","","ድረ-ገጽ ይፈልጋሉ?
ጎብኚን ወደ ከፋይ ደንበኛ የሚቀይር ድረ-ገጽ እንሰራለን።

ሙሉውን በመገለጫችን ሊንክ ያገኙታል።

#MuleSoo #ሀበሻ #ኢትዮጵያ #ንግድ #ቴክኖሎጂ"
"2026-10-27","Tue","300","X","PROMO","","90","","ሎጎዎ ማን እንደሆኑ ይናገራል?
በአንድ እይታ የሚታወስ የምርት መለያ እንሰራለን። ከ R800 ጀምሮ።

mulesoo.com #MuleSoo #ሀበሻ"
"2026-10-28","Wed","301","LinkedIn","HUMAN","","128","","ሁለት አይነት ንግድ አለ፦

ድረ-ገጽ ያለውና «በኋላ እሰራለሁ» የሚል። ሁለተኛው የመጀመሪያውን ደንበኛ ያበረክትለታል።

ዛሬውኑ ያናግሩን፦ wa.me/27688529333

#MuleSoo #ሀበሻ #ኢትዮጵያ"
"2026-10-28","Wed","301","Instagram","HUMAN","","149","","እኛ ስንተኛ ስልካችን ጸጥ ይላል ብለን እናስባለን።

ቻትቦታችን ግን በዚያው ሌሊት ሶስት ቀጠሮ ይዞ ያድራል።

ነጻ የ30 ደቂቃ ምክክር ይያዙ፦ mulesoo.com

#MuleSoo #ሀበሻ #ኢትዮጵያ #ንግድ #ቴክኖሎጂ #ዲጂታል #ቢዝነስ"
"2026-10-28","Wed","301","Facebook","HUMAN","","122","","ልጆቻችን ስራችንን ሲጠየቁ፦ «ኮምፒውተር ይነካካሉ» ይላሉ።

ትክክል ናቸው። በጣም እንነካካለን። 😄

በ WhatsApp ይጻፉልን፦ wa.me/27688529333

#MuleSoo #ሀበሻ #ኢትዮጵያ"
"2026-10-28","Wed","301","TikTok","HUMAN","","129","","የሰማነው፦ «እንደ Apple ድረ-ገጽ ይሁን — ግን ብዙ ነገር ጨምሩበት።»
ይህ ዓረፍተ ነገር ራሱን ይቃረናል።

ሙሉውን በመገለጫችን ሊንክ ያገኙታል።

#MuleSoo #ሀበሻ #ኢትዮጵያ #ንግድ #ቴክኖሎጂ"
"2026-10-28","Wed","301","X","HUMAN","","93","","የሰማነው፦ «ትንሽ ለውጥ ነው» የሚለው ዓረፍተ ነገር…
በአማካይ ሶስት ቀን ይወስዳል። ግን እንወደዋለን።

mulesoo.com #MuleSoo #ሀበሻ"
"2026-10-29","Thu","302","LinkedIn","PROBLEM","","130","","አንድ ጥያቄ በሳምንት 30 ጊዜ በዋትስአፕ ይመልሳሉ።

ያ የደንበኛ አገልግሎት አይደለም፤ ገና ያልተሰራ ቻትቦት ነው።

ነጻ የ30 ደቂቃ ምክክር ይያዙ፦ mulesoo.com

#MuleSoo #ሀበሻ #ኢትዮጵያ"
"2026-10-29","Thu","302","Instagram","PROBLEM","","142","","ሎጎዎ በ Word የተሰራ ነው።

በትልቅ ባነር ላይ ይታወቃል። በንግድ ካርድ ላይም ይታወቃል።

በ WhatsApp ይጻፉልን፦ wa.me/27688529333

#MuleSoo #ሀበሻ #ኢትዮጵያ #ንግድ #ቴክኖሎጂ #ዲጂታል #ቢዝነስ"
"2026-10-29","Thu","302","Facebook","PROBLEM","","103","","ከምሽቱ 1 ሰዓት በኋላ ደንበኞች ያመልጡዎታል።

የተፎካካሪዎ ቻትቦት ግን ነቅቶ ይመልሳል።

ተጨማሪ ለማወቅ፦ mulesoo.com

#MuleSoo #ሀበሻ #ኢትዮጵያ"
"2026-10-29","Thu","302","TikTok","PROBLEM","","93","","ዋጋ ማቅረቢያ በእጅ ይሰራሉ።
በሳምንት 4 ሰዓት ነው።

ሙሉውን በመገለጫችን ሊንክ ያገኙታል።

#MuleSoo #ሀበሻ #ኢትዮጵያ #ንግድ #ቴክኖሎጂ"
"2026-10-29","Thu","302","X","PROBLEM","","87","","ደረሰኞችዎ ዘግይተው ይወጣሉ።
የገንዘብ ፍሰት የሂሳብ ችግር አይደለም፤ የአስተዳደር ችግር ነው።

mulesoo.com #MuleSoo #ሀበሻ"
"2026-10-30","Fri","303","LinkedIn","EDUCATE","","122","","ሰዎች አያነቡም፤ በዓይን ይቃኛሉ።

አጫጭር አንቀጾች። ግልጽ ርዕሶች። በአንድ ስክሪን አንድ ሀሳብ።

በ WhatsApp ይጻፉልን፦ wa.me/27688529333

#MuleSoo #ሀበሻ #ኢትዮጵያ"
"2026-10-30","Fri","303","Instagram","EDUCATE","","129","","ምርጥ ሻጭዎ የ FAQ ገጽ ነው።

ደንበኛው በአክብሮት ያልጠየቀውን ጥያቄ አስቀድሞ ይመልሳል።

ተጨማሪ ለማወቅ፦ mulesoo.com

#MuleSoo #ሀበሻ #ኢትዮጵያ #ንግድ #ቴክኖሎጂ #ዲጂታል #ቢዝነስ"
"2026-10-30","Fri","303","Facebook","EDUCATE","","122","","አንድ ግልጽ ጥሪ ከአምስት ይሻላል።

እያንዳንዱ ተጨማሪ ቁልፍ ውሳኔ ነው፤ እያንዳንዱ ውሳኔ ሰዎችን ያሸሻል።

ዛሬውኑ ያናግሩን፦ wa.me/27688529333

#MuleSoo #ሀበሻ #ኢትዮጵያ"
"2026-10-30","Fri","303","TikTok","EDUCATE","","122","","የገዙት ኮድ የእርስዎ ይሁን።
ገንቢው ሲጠፋ ድረ-ገጽዎም አብሮ ከጠፋ፣ አልገዙትም — ተከራይተውታል።

ሙሉውን በመገለጫችን ሊንክ ያገኙታል።

#MuleSoo #ሀበሻ #ኢትዮጵያ #ንግድ #ቴክኖሎጂ"
"2026-10-30","Fri","303","X","EDUCATE","","97","","እያንዳንዱ የቅጽ መስክ ደንበኛ ያስከፍላል።
ለመመለስ የሚያስፈልገውን ብቻ ይጠይቁ። ሌላው ሁሉ መጠበቅ ይችላል።

mulesoo.com #MuleSoo #ሀበሻ"
"2026-10-31","Sat","304","LinkedIn","PROOF","yes","148","","በዚህ ወር የሰራነው፦

[እውነተኛ የደንበኛ ውጤት እዚህ ያስገቡ — ለምሳሌ፦ «የእገሌ ንግድ ቀጠሮዎች በ40% ጨመሩ»። እውነተኛ ውጤት ብቻ፤ በጭራሽ አይፈጠሩ።]

ተጨማሪ ለማወቅ፦ mulesoo.com

#MuleSoo #ሀበሻ #ኢትዮጵያ"
"2026-10-31","Sat","304","Instagram","PROOF","yes","179","","በዚህ ወር የሰራነው፦

[እውነተኛ የደንበኛ ውጤት እዚህ ያስገቡ — ለምሳሌ፦ «የእገሌ ንግድ ቀጠሮዎች በ40% ጨመሩ»። እውነተኛ ውጤት ብቻ፤ በጭራሽ አይፈጠሩ።]

ዛሬውኑ ያናግሩን፦ wa.me/27688529333

#MuleSoo #ሀበሻ #ኢትዮጵያ #ንግድ #ቴክኖሎጂ #ዲጂታል #ቢዝነስ"
"2026-10-31","Sat","304","Facebook","PROOF","yes","158","","በዚህ ወር የሰራነው፦

[እውነተኛ የደንበኛ ውጤት እዚህ ያስገቡ — ለምሳሌ፦ «የእገሌ ንግድ ቀጠሮዎች በ40% ጨመሩ»። እውነተኛ ውጤት ብቻ፤ በጭራሽ አይፈጠሩ።]

ነጻ የ30 ደቂቃ ምክክር ይያዙ፦ mulesoo.com

#MuleSoo #ሀበሻ #ኢትዮጵያ"
"2026-10-31","Sat","304","TikTok","PROOF","yes","133","","በዚህ ወር የሰራነው፦
[እውነተኛ የደንበኛ ውጤት እዚህ ያስገቡ — ለምሳሌ፦ «የእገሌ ንግድ ቀጠሮዎች በ40% ጨመሩ»።

ሙሉውን በመገለጫችን ሊንክ ያገኙታል።

#MuleSoo #ሀበሻ #ኢትዮጵያ #ንግድ #ቴክኖሎጂ"
"2026-10-31","Sat","304","X","PROOF","yes","128","","በዚህ ወር የሰራነው፦
[እውነተኛ የደንበኛ ውጤት እዚህ ያስገቡ — ለምሳሌ፦ «የእገሌ ንግድ ቀጠሮዎች በ40% ጨመሩ»። እውነተኛ ውጤት ብቻ፤ በጭራሽ አይፈጠሩ።]

mulesoo.com #MuleSoo #ሀበሻ"
"2026-11-01","Sun","305","LinkedIn","MYTH","","166","","ብዙ ጊዜ የሚባል ነገር፦ «AI ውድ ነው፤ ለትልልቅ ኩባንያዎች ብቻ ነው።»

እውነታው፦ ዛሬ ቻትቦት ከአንድ ሰራተኛ ወርሃዊ ደመወዝ ባነሰ ዋጋ ይሰራል — እና እረፍት አይጠይቅም።

ዛሬውኑ ያናግሩን፦ wa.me/27688529333

#MuleSoo #ሀበሻ #ኢትዮጵያ"
"2026-11-01","Sun","305","Instagram","MYTH","","170","","ብዙ ጊዜ የሚባል ነገር፦ «ሎጎ ማንኛውም ሰው መስራት ይችላል።»

እውነታው፦ ሎጎ ስዕል ብቻ አይደለም፤ በመጀመሪያ እይታ የሚቀር ማህተም ነው።

ነጻ የ30 ደቂቃ ምክክር ይያዙ፦ mulesoo.com

#MuleSoo #ሀበሻ #ኢትዮጵያ #ንግድ #ቴክኖሎጂ #ዲጂታል #ቢዝነስ"
"2026-11-01","Sun","305","Facebook","MYTH","","148","","ብዙ ጊዜ የሚባል ነገር፦ «ውድ ድረ-ገጽ ጥሩ ድረ-ገጽ ነው።»

እውነታው፦ ዋጋ ጥራት አይደለም። ድረ-ገጽ የሚለካው በሚያመጣው ደንበኛ ነው።

በ WhatsApp ይጻፉልን፦ wa.me/27688529333

#MuleSoo #ሀበሻ #ኢትዮጵያ"
"2026-11-01","Sun","305","TikTok","MYTH","","121","","ብዙ ጊዜ የሚባል ነገር፦ «QR ኮድ ጊዜው አልፎበታል።»
እውነታው፦ ዛሬ በሁሉም ጠረጴዛ ላይ ነው።

ሙሉውን በመገለጫችን ሊንክ ያገኙታል።

#MuleSoo #ሀበሻ #ኢትዮጵያ #ንግድ #ቴክኖሎጂ"
"2026-11-01","Sun","305","X","MYTH","","135","","ብዙ ጊዜ የሚባል ነገር፦ «ቻትቦት ደንበኞችን ያስቀይማል።»
እውነታው፦ የሚያስቀይመው መልስ አለማግኘት ነው። ጥሩ ቻትቦት በሰከንድ ይመልሳል፤ ሰው ሲያስፈልግ ያስተላልፋል።

mulesoo.com #MuleSoo #ሀበሻ"
"2026-11-02","Mon","306","LinkedIn","BEHIND","","114","","ዛሬ አንድ ፕሮጀክት አልተቀበልንም።

ትክክለኛው ስራ ካልሆነ፣ ገንዘቡም ትክክለኛ አይደለም።

ነጻ የ30 ደቂቃ ምክክር ይያዙ፦ mulesoo.com

#MuleSoo #ሀበሻ #ኢትዮጵያ"
"2026-11-02","Mon","306","Instagram","BEHIND","","170","","ደንበኛ «ትንሽ ለውጥ» ሲል እንሳቀቅ ነበር።

አሁን ግን እያንዳንዱ ደንበኛ ራሱ የሚያስተካክልበት አድሚን ፓነል እንሰጣለን። ሰላም ሆነ።

በ WhatsApp ይጻፉልን፦ wa.me/27688529333

#MuleSoo #ሀበሻ #ኢትዮጵያ #ንግድ #ቴክኖሎጂ #ዲጂታል #ቢዝነስ"
"2026-11-02","Mon","306","Facebook","BEHIND","","110","","የደንበኞቻችንን ድረ-ገጾች በየቀኑ እንቃኛለን።

ችግርን ከደንበኛው በፊት ማየት የስራችን አካል ነው።

ተጨማሪ ለማወቅ፦ mulesoo.com

#MuleSoo #ሀበሻ #ኢትዮጵያ"
"2026-11-02","Mon","306","TikTok","BEHIND","","109","","ትልቁ ደስታችን ደንበኛ «ራሴ አስተካከልኩት» ሲለን ነው።
ስርዓቱ የእሱ ነውና።

ሙሉውን በመገለጫችን ሊንክ ያገኙታል።

#MuleSoo #ሀበሻ #ኢትዮጵያ #ንግድ #ቴክኖሎጂ"
"2026-11-02","Mon","306","X","BEHIND","","93","","እያንዳንዱን ድረ-ገጽ በትንሹ ስክሪን ላይ እንፈትሻለን።
በትንሹ ስልክ ላይ ከሰራ፣ በሁሉም ላይ ይሰራል።

mulesoo.com #MuleSoo #ሀበሻ"
"2026-11-03","Tue","307","LinkedIn","PROMO","","150","","ወረቀት ላይ ያለ ተራ QR ኮድ በቂ አይደለም።

ማን፣ መቼ፣ ስንት ጊዜ እንደቃኘው የሚነግርዎ የምርትዎን ቀለም የያዘ ኮድ — ከ R300 ጀምሮ።

በ WhatsApp ይጻፉልን፦ wa.me/27688529333

#MuleSoo #ሀበሻ #ኢትዮጵያ"
"2026-11-03","Tue","307","Instagram","PROMO","","156","","ቀጠሮ፣ ክፍያ፣ ማስታወሻ — ሁሉም በራሱ ይስራ።

የ Auto Pilot ስርዓታችን ንግድዎን በእንቅልፍዎም ያንቀሳቅሳል። ዋጋ በፕሮጀክት።

ተጨማሪ ለማወቅ፦ mulesoo.com

#MuleSoo #ሀበሻ #ኢትዮጵያ #ንግድ #ቴክኖሎጂ #ዲጂታል #ቢዝነስ"
"2026-11-03","Tue","307","Facebook","PROMO","","114","","ንግድዎ የሚፈልገው መተግበሪያ ገበያ ላይ የለም?

እንሰራዋለን — ልክ ለእርስዎ አሰራር የተሰፋ።

ዛሬውኑ ያናግሩን፦ wa.me/27688529333

#MuleSoo #ሀበሻ #ኢትዮጵያ"
"2026-11-03","Tue","307","TikTok","PROMO","","123","","ሌሊት የሚመልስ ሰራተኛ ይፈልጋሉ?
ቻትቦታችን በሌሊትም ይመልሳል — እርስዎ ይተኛሉ፣ ንግድዎ ይሰራል።

ሙሉውን በመገለጫችን ሊንክ ያገኙታል።

#MuleSoo #ሀበሻ #ኢትዮጵያ #ንግድ #ቴክኖሎጂ"
"2026-11-03","Tue","307","X","PROMO","","117","","ወረቀት ላይ ያለ ተራ QR ኮድ በቂ አይደለም።
ማን፣ መቼ፣ ስንት ጊዜ እንደቃኘው የሚነግርዎ የምርትዎን ቀለም የያዘ ኮድ — ከ R300 ጀምሮ።

mulesoo.com #MuleSoo #ሀበሻ"
"2026-11-04","Wed","308","LinkedIn","HUMAN","","124","","በስብሰባ ላይ በጣም የምንጠነቀቅበት ቃል፦

«የአክስቴ ልጅ ዲዛይን ያውቃል።» — እናዳምጣለን፤ አንዳንዴ በእውነት ያውቃል።

ተጨማሪ ለማወቅ፦ mulesoo.com

#MuleSoo #ሀበሻ #ኢትዮጵያ"
"2026-11-04","Wed","308","Instagram","HUMAN","","134","","WiFi ሲጠፋ የቢሮአችን ድምጽ፦ ጸጥታ።

ከዚያ ሁሉም ወደ ስልክ ዳታ። ስራ አይቆምም። 😅

ዛሬውኑ ያናግሩን፦ wa.me/27688529333

#MuleSoo #ሀበሻ #ኢትዮጵያ #ንግድ #ቴክኖሎጂ #ዲጂታል #ቢዝነስ"
"2026-11-04","Wed","308","Facebook","HUMAN","","134","","በሳምንት አንድ ጊዜ ራሳችንን እንጠይቃለን፦

«ይህን ደንበኛው በራሱ ማድረግ ይችላል?» መልሱ አዎ ከሆነ፣ እናስተምረዋለን።

ነጻ የ30 ደቂቃ ምክክር ይያዙ፦ mulesoo.com

#MuleSoo #ሀበሻ #ኢትዮጵያ"
"2026-11-04","Wed","308","TikTok","HUMAN","","123","","እያንዳንዱ የሎጎ ማስተካከያ ጥያቄ የሚመጣው እኩለ ሌሊት ላይ ነው።
ለምን እንደሆነ መጠየቅ አቁመናል።

ሙሉውን በመገለጫችን ሊንክ ያገኙታል።

#MuleSoo #ሀበሻ #ኢትዮጵያ #ንግድ #ቴክኖሎጂ"
"2026-11-04","Wed","308","X","HUMAN","","86","","ስንት ቡና እንደጠጣን አንቆጥርም።
የደንበኞቻችን ሽያጭ ግን ይቆጠራል። ቅድሚያችን ግልጽ ነው።

mulesoo.com #MuleSoo #ሀበሻ"
"2026-11-05","Thu","309","LinkedIn","PROBLEM","","127","","የንግድዎ ኢሜይል በ gmail ይጨርሳል።

ትልልቅ ደንበኞች ያስተውላሉ። ምንም አይሉም — ዝም ብለው መልስ አይሰጡም።

ዛሬውኑ ያናግሩን፦ wa.me/27688529333

#MuleSoo #ሀበሻ #ኢትዮጵያ"
"2026-11-05","Thu","309","Instagram","PROBLEM","","126","","የቀጠሮ መዝገብዎ ደብተር ነው።

አንድ የጠፋ ገጽ አንድ የጠፋ ወር ነው።

ነጻ የ30 ደቂቃ ምክክር ይያዙ፦ mulesoo.com

#MuleSoo #ሀበሻ #ኢትዮጵያ #ንግድ #ቴክኖሎጂ #ዲጂታል #ቢዝነስ"
"2026-11-05","Thu","309","Facebook","PROBLEM","","127","","ድረ-ገጽዎ በላፕቶፕዎ ላይ ያምራል።

ከ10 ደንበኞችዎ 9ኙ ግን በስልክ ነው የሚያዩት። በስልክ አይተውታል?

በ WhatsApp ይጻፉልን፦ wa.me/27688529333

#MuleSoo #ሀበሻ #ኢትዮጵያ"
"2026-11-05","Thu","309","TikTok","PROBLEM","","122","","ጉግል ላይ አይገኙም።
ትንሽ ስለሆኑ አይደለም — ገጾችዎ መኖራቸውን ለጉግል ማንም ስላልነገረው ነው።

ሙሉውን በመገለጫችን ሊንክ ያገኙታል።

#MuleSoo #ሀበሻ #ኢትዮጵያ #ንግድ #ቴክኖሎጂ"
"2026-11-05","Thu","309","X","PROBLEM","","74","","ዋጋዎ ድረ-ገጽዎ ላይ የለም።
ሰዎች «ውድ ይሆናል» ብለው ገምተው ይሄዳሉ።

mulesoo.com #MuleSoo #ሀበሻ"
"2026-11-06","Fri","310","LinkedIn","EDUCATE","","127","","ከሎጎ በፊት ዶሜይን ይግዙ።

ስሞች ይቀየራሉ። መጀመሪያ .com ወይም .co.za ያዙ፤ ከዚያ ዙሪያውን ይንደፉ።

ነጻ የ30 ደቂቃ ምክክር ይያዙ፦ mulesoo.com

#MuleSoo #ሀበሻ #ኢትዮጵያ"
"2026-11-06","Fri","310","Instagram","EDUCATE","","151","","ቻትቦት የሮቦት ተቀባይ አይደለም።

ማጣሪያ ነው። ቀላሉን 70% ይይዛል፤ የሚከፍለው 30% ለሰው ይደርሳል።

በ WhatsApp ይጻፉልን፦ wa.me/27688529333

#MuleSoo #ሀበሻ #ኢትዮጵያ #ንግድ #ቴክኖሎጂ #ዲጂታል #ቢዝነስ"
"2026-11-06","Fri","310","Facebook","EDUCATE","","125","","ፍጥነት የሚመጣው ከማይጫኑት ነገር ነው።

ከባድ ምስሎች፣ ስላይደሮች፣ የቪዲዮ ጀርባዎች — መጀመሪያ ይሰርዙ፤ ከዚያ ያሻሽሉ።

ተጨማሪ ለማወቅ፦ mulesoo.com

#MuleSoo #ሀበሻ #ኢትዮጵያ"
"2026-11-06","Fri","310","TikTok","EDUCATE","","103","","ዋጋዎን ይጻፉ።
መደበቅ አያሳንሰውም፤ እርግጠኛ እንዳልሆኑ ያስመስላል።

ሙሉውን በመገለጫችን ሊንክ ያገኙታል።

#MuleSoo #ሀበሻ #ኢትዮጵያ #ንግድ #ቴክኖሎጂ"
"2026-11-06","Fri","310","X","EDUCATE","","82","","ምስሎችዎን ያሳንሱ።
4MB የሆነ ምስል የሆስቲንግ ችግር አይደለም፤ የምስል ችግር ነው።

mulesoo.com #MuleSoo #ሀበሻ"
"2026-11-07","Sat","311","LinkedIn","PROOF","yes","161","","በዚህ ወር የሰራነው፦

[እውነተኛ የደንበኛ ውጤት እዚህ ያስገቡ — ለምሳሌ፦ «የእገሌ ንግድ ቀጠሮዎች በ40% ጨመሩ»። እውነተኛ ውጤት ብቻ፤ በጭራሽ አይፈጠሩ።]

በ WhatsApp ይጻፉልን፦ wa.me/27688529333

#MuleSoo #ሀበሻ #ኢትዮጵያ"
"2026-11-07","Sat","311","Instagram","PROOF","yes","172","","በዚህ ወር የሰራነው፦

[እውነተኛ የደንበኛ ውጤት እዚህ ያስገቡ — ለምሳሌ፦ «የእገሌ ንግድ ቀጠሮዎች በ40% ጨመሩ»። እውነተኛ ውጤት ብቻ፤ በጭራሽ አይፈጠሩ።]

ተጨማሪ ለማወቅ፦ mulesoo.com

#MuleSoo #ሀበሻ #ኢትዮጵያ #ንግድ #ቴክኖሎጂ #ዲጂታል #ቢዝነስ"
"2026-11-07","Sat","311","Facebook","PROOF","yes","155","","በዚህ ወር የሰራነው፦

[እውነተኛ የደንበኛ ውጤት እዚህ ያስገቡ — ለምሳሌ፦ «የእገሌ ንግድ ቀጠሮዎች በ40% ጨመሩ»። እውነተኛ ውጤት ብቻ፤ በጭራሽ አይፈጠሩ።]

ዛሬውኑ ያናግሩን፦ wa.me/27688529333

#MuleSoo #ሀበሻ #ኢትዮጵያ"
"2026-11-07","Sat","311","TikTok","PROOF","yes","133","","በዚህ ወር የሰራነው፦
[እውነተኛ የደንበኛ ውጤት እዚህ ያስገቡ — ለምሳሌ፦ «የእገሌ ንግድ ቀጠሮዎች በ40% ጨመሩ»።

ሙሉውን በመገለጫችን ሊንክ ያገኙታል።

#MuleSoo #ሀበሻ #ኢትዮጵያ #ንግድ #ቴክኖሎጂ"
"2026-11-07","Sat","311","X","PROOF","yes","128","","በዚህ ወር የሰራነው፦
[እውነተኛ የደንበኛ ውጤት እዚህ ያስገቡ — ለምሳሌ፦ «የእገሌ ንግድ ቀጠሮዎች በ40% ጨመሩ»። እውነተኛ ውጤት ብቻ፤ በጭራሽ አይፈጠሩ።]

mulesoo.com #MuleSoo #ሀበሻ"
"2026-11-08","Sun","312","LinkedIn","MYTH","","155","","ብዙ ጊዜ የሚባል ነገር፦ «ማህበራዊ ሚዲያ ካለኝ ድረ-ገጽ አያስፈልገኝም።»

እውነታው፦ ያ ገጽ የእርስዎ አይደለም፤ ተከራይተውታል። ህጎቹ ሲቀየሩ ንግድዎም አብሮ ይናወጣል።

ተጨማሪ ለማወቅ፦ mulesoo.com

#MuleSoo #ሀበሻ #ኢትዮጵያ"
"2026-11-08","Sun","312","Instagram","MYTH","","175","","ብዙ ጊዜ የሚባል ነገር፦ «ደንበኞቼ ኢንተርኔት አይጠቀሙም።»

እውነታው፦ ልጆቻቸው ግን ይጠቀማሉ — እና የቤተሰቡን ውሳኔ ብዙ ጊዜ የሚመሩት እነሱ ናቸው።

ዛሬውኑ ያናግሩን፦ wa.me/27688529333

#MuleSoo #ሀበሻ #ኢትዮጵያ #ንግድ #ቴክኖሎጂ #ዲጂታል #ቢዝነስ"
"2026-11-08","Sun","312","Facebook","MYTH","","152","","ብዙ ጊዜ የሚባል ነገር፦ «አውቶሜሽን ሰራተኞችን ያስወግዳል።»

እውነታው፦ አይደለም — አሰልቺውን ስራ ይወስዳል። ሰዎችዎ ለሚከፍለው ስራ ጊዜ ያገኛሉ።

ነጻ የ30 ደቂቃ ምክክር ይያዙ፦ mulesoo.com

#MuleSoo #ሀበሻ #ኢትዮጵያ"
"2026-11-08","Sun","312","TikTok","MYTH","","138","","ብዙ ጊዜ የሚባል ነገር፦ «ለትንሽ ንግድ ድረ-ገጽ አያስፈልግም።»
እውነታው፦ ደንበኛዎ ግን መጀመሪያ ጉግል ላይ ይፈልግዎታል።

ሙሉውን በመገለጫችን ሊንክ ያገኙታል።

#MuleSoo #ሀበሻ #ኢትዮጵያ #ንግድ #ቴክኖሎጂ"
"2026-11-08","Sun","312","X","MYTH","","141","","ብዙ ጊዜ የሚባል ነገር፦ «ድረ-ገጽ አንዴ ተሰርቶ ያበቃል።»
እውነታው፦ ድረ-ገጽ እንደ ሱቅ ነው — መስታወቱ ሁልጊዜ ንጹህ መሆን አለበት። ትንሽ እንክብካቤ ትልቅ ልዩነት ያመጣል።

mulesoo.com #MuleSoo #ሀበሻ"
"2026-11-09","Mon","313","LinkedIn","BEHIND","","116","","የእኛ ስብሰባዎች 30 ደቂቃ ናቸው።

ከዚያ በላይ ከወሰደ፣ ችግሩ አጀንዳው ሳይሆን ዝግጅታችን ነው።

ዛሬውኑ ያናግሩን፦ wa.me/27688529333

#MuleSoo #ሀበሻ #ኢትዮጵያ"
"2026-11-09","Mon","313","Instagram","BEHIND","","153","","ኮድ ከመጻፍ በፊት እንቆጥራለን።

ስንት ጎብኚ፣ ስንት ጥያቄ፣ ስንት ሽያጭ። ቁጥር የሌለው ዲዛይን ግምት ብቻ ነው።

ነጻ የ30 ደቂቃ ምክክር ይያዙ፦ mulesoo.com

#MuleSoo #ሀበሻ #ኢትዮጵያ #ንግድ #ቴክኖሎጂ #ዲጂታል #ቢዝነስ"
"2026-11-09","Mon","313","Facebook","BEHIND","","131","","አዲስ ሰው ስንቀጥር የመጀመሪያ ጥያቄያችን፦ «ማስረዳት ይችላሉ?»

ኮድ መጻፍ ይማራል፤ ግልጽነት ግን ባህሪ ነው።

በ WhatsApp ይጻፉልን፦ wa.me/27688529333

#MuleSoo #ሀበሻ #ኢትዮጵያ"
"2026-11-09","Mon","313","TikTok","BEHIND","","132","","ዛሬ ከአዲስ ደንበኛ ጋር የመጀመሪያ ስብሰባ ነበረን።
አንድም ጊዜ ስለ ቴክኖሎጂ አልተነጋገርንም — ስለ ንግዱ ብቻ።

ሙሉውን በመገለጫችን ሊንክ ያገኙታል።

#MuleSoo #ሀበሻ #ኢትዮጵያ #ንግድ #ቴክኖሎጂ"
"2026-11-09","Mon","313","X","BEHIND","","85","","ከመጨመራችን በፊት እንቀንሳለን።
የመጀመሪያው ስራችን ደንበኛው የማይፈልገውን ማስወገድ ነው።

mulesoo.com #MuleSoo #ሀበሻ"
"2026-11-10","Tue","314","LinkedIn","PROMO","","124","","ገና በ gmail ነው የሚሰሩት?

የ @yourbusiness ኢሜይል ያሳምራል፤ ያሳምናል። ከ R400 ጀምሮ።

ነጻ የ30 ደቂቃ ምክክር ይያዙ፦ mulesoo.com

#MuleSoo #ሀበሻ #ኢትዮጵያ"
"2026-11-10","Tue","314","Instagram","PROMO","","160","","አሰልቺው የቢሮ ስራ ራሱን ይስራ።

የ AI አውቶሜሽን ስርዓቶቻችን ደረሰኝ ይልካሉ፣ ቀጠሮ ያስይዛሉ፣ ደንበኛ ይከታተላሉ።

በ WhatsApp ይጻፉልን፦ wa.me/27688529333

#MuleSoo #ሀበሻ #ኢትዮጵያ #ንግድ #ቴክኖሎጂ #ዲጂታል #ቢዝነስ"
"2026-11-10","Tue","314","Facebook","PROMO","","110","","ድረ-ገጽ ይፈልጋሉ?

ጎብኚን ወደ ከፋይ ደንበኛ የሚቀይር ድረ-ገጽ እንሰራለን። ከ R3,500 ጀምሮ።

ተጨማሪ ለማወቅ፦ mulesoo.com

#MuleSoo #ሀበሻ #ኢትዮጵያ"
"2026-11-10","Tue","314","TikTok","PROMO","","110","","ሎጎዎ ማን እንደሆኑ ይናገራል?
በአንድ እይታ የሚታወስ የምርት መለያ እንሰራለን።

ሙሉውን በመገለጫችን ሊንክ ያገኙታል።

#MuleSoo #ሀበሻ #ኢትዮጵያ #ንግድ #ቴክኖሎጂ"
"2026-11-10","Tue","314","X","PROMO","","94","","ገና በ gmail ነው የሚሰሩት?
የ @yourbusiness ኢሜይል ያሳምራል፤ ያሳምናል። ከ R400 ጀምሮ።

mulesoo.com #MuleSoo #ሀበሻ"
"2026-11-11","Wed","315","LinkedIn","HUMAN","","128","","እኛ ስንተኛ ስልካችን ጸጥ ይላል ብለን እናስባለን።

ቻትቦታችን ግን በዚያው ሌሊት ሶስት ቀጠሮ ይዞ ያድራል።

በ WhatsApp ይጻፉልን፦ wa.me/27688529333

#MuleSoo #ሀበሻ #ኢትዮጵያ"
"2026-11-11","Wed","315","Instagram","HUMAN","","133","","ልጆቻችን ስራችንን ሲጠየቁ፦ «ኮምፒውተር ይነካካሉ» ይላሉ።

ትክክል ናቸው። በጣም እንነካካለን። 😄

ተጨማሪ ለማወቅ፦ mulesoo.com

#MuleSoo #ሀበሻ #ኢትዮጵያ #ንግድ #ቴክኖሎጂ #ዲጂታል #ቢዝነስ"
"2026-11-11","Wed","315","Facebook","HUMAN","","143","","የሰማነው፦ «እንደ Apple ድረ-ገጽ ይሁን — ግን ብዙ ነገር ጨምሩበት።»

ይህ ዓረፍተ ነገር ራሱን ይቃረናል። ፈገግ ብለን እናስረዳለን። 😄

ዛሬውኑ ያናግሩን፦ wa.me/27688529333

#MuleSoo #ሀበሻ #ኢትዮጵያ"
"2026-11-11","Wed","315","TikTok","HUMAN","","113","","የሰማነው፦ «ትንሽ ለውጥ ነው» የሚለው ዓረፍተ ነገር…
በአማካይ ሶስት ቀን ይወስዳል።

ሙሉውን በመገለጫችን ሊንክ ያገኙታል።

#MuleSoo #ሀበሻ #ኢትዮጵያ #ንግድ #ቴክኖሎጂ"
"2026-11-11","Wed","315","X","HUMAN","","78","","በበዓል ቀንም «ድረ-ገጹ ደህና ነው?» ብለን እንፈትሻለን።
አዎ፣ እንደዚህ ነን።

mulesoo.com #MuleSoo #ሀበሻ"
"2026-11-12","Thu","316","LinkedIn","PROBLEM","","105","","ሎጎዎ በ Word የተሰራ ነው።

በትልቅ ባነር ላይ ይታወቃል። በንግድ ካርድ ላይም ይታወቃል።

ተጨማሪ ለማወቅ፦ mulesoo.com

#MuleSoo #ሀበሻ #ኢትዮጵያ"
"2026-11-12","Thu","316","Instagram","PROBLEM","","134","","ከምሽቱ 1 ሰዓት በኋላ ደንበኞች ያመልጡዎታል።

የተፎካካሪዎ ቻትቦት ግን ነቅቶ ይመልሳል።

ዛሬውኑ ያናግሩን፦ wa.me/27688529333

#MuleSoo #ሀበሻ #ኢትዮጵያ #ንግድ #ቴክኖሎጂ #ዲጂታል #ቢዝነስ"
"2026-11-12","Thu","316","Facebook","PROBLEM","","118","","ዋጋ ማቅረቢያ በእጅ ይሰራሉ።

በሳምንት 4 ሰዓት ነው። በዓመት አምስት የስራ ሳምንት ማለት ነው።

ነጻ የ30 ደቂቃ ምክክር ይያዙ፦ mulesoo.com

#MuleSoo #ሀበሻ #ኢትዮጵያ"
"2026-11-12","Thu","316","TikTok","PROBLEM","","119","","ደረሰኞችዎ ዘግይተው ይወጣሉ።
የገንዘብ ፍሰት የሂሳብ ችግር አይደለም፤ የአስተዳደር ችግር ነው።

ሙሉውን በመገለጫችን ሊንክ ያገኙታል።

#MuleSoo #ሀበሻ #ኢትዮጵያ #ንግድ #ቴክኖሎጂ"
"2026-11-12","Thu","316","X","PROBLEM","","85","","ለጥያቄ መልስ የሚሰጡት በሁለት ቀን ነው።
ስራውን ያገኘው ግን በሁለት ሰዓት የመለሰው ነው።

mulesoo.com #MuleSoo #ሀበሻ"
"2026-11-13","Fri","317","LinkedIn","EDUCATE","","112","","ምርጥ ሻጭዎ የ FAQ ገጽ ነው።

ደንበኛው በአክብሮት ያልጠየቀውን ጥያቄ አስቀድሞ ይመልሳል።

ዛሬውኑ ያናግሩን፦ wa.me/27688529333

#MuleSoo #ሀበሻ #ኢትዮጵያ"
"2026-11-13","Fri","317","Instagram","EDUCATE","","149","","አንድ ግልጽ ጥሪ ከአምስት ይሻላል።

እያንዳንዱ ተጨማሪ ቁልፍ ውሳኔ ነው፤ እያንዳንዱ ውሳኔ ሰዎችን ያሸሻል።

ነጻ የ30 ደቂቃ ምክክር ይያዙ፦ mulesoo.com

#MuleSoo #ሀበሻ #ኢትዮጵያ #ንግድ #ቴክኖሎጂ #ዲጂታል #ቢዝነስ"
"2026-11-13","Fri","317","Facebook","EDUCATE","","123","","የገዙት ኮድ የእርስዎ ይሁን።

ገንቢው ሲጠፋ ድረ-ገጽዎም አብሮ ከጠፋ፣ አልገዙትም — ተከራይተውታል።

በ WhatsApp ይጻፉልን፦ wa.me/27688529333

#MuleSoo #ሀበሻ #ኢትዮጵያ"
"2026-11-13","Fri","317","TikTok","EDUCATE","","111","","እያንዳንዱ የቅጽ መስክ ደንበኛ ያስከፍላል።
ለመመለስ የሚያስፈልገውን ብቻ ይጠይቁ።

ሙሉውን በመገለጫችን ሊንክ ያገኙታል።

#MuleSoo #ሀበሻ #ኢትዮጵያ #ንግድ #ቴክኖሎጂ"
"2026-11-13","Fri","317","X","EDUCATE","","101","","ግምገማዎችዎ የእርስዎ SEO ናቸው።
እውነተኛ ግምገማ ያለው የጉግል ቢዝነስ ፕሮፋይል ከቆንጆ ድረ-ገጽ በላይ ይወጣል።

mulesoo.com #MuleSoo #ሀበሻ"
"2026-11-14","Sat","318","LinkedIn","PROOF","yes","158","","በዚህ ወር የሰራነው፦

[እውነተኛ የደንበኛ ውጤት እዚህ ያስገቡ — ለምሳሌ፦ «የእገሌ ንግድ ቀጠሮዎች በ40% ጨመሩ»። እውነተኛ ውጤት ብቻ፤ በጭራሽ አይፈጠሩ።]

ነጻ የ30 ደቂቃ ምክክር ይያዙ፦ mulesoo.com

#MuleSoo #ሀበሻ #ኢትዮጵያ"
"2026-11-14","Sat","318","Instagram","PROOF","yes","185","","በዚህ ወር የሰራነው፦

[እውነተኛ የደንበኛ ውጤት እዚህ ያስገቡ — ለምሳሌ፦ «የእገሌ ንግድ ቀጠሮዎች በ40% ጨመሩ»። እውነተኛ ውጤት ብቻ፤ በጭራሽ አይፈጠሩ።]

በ WhatsApp ይጻፉልን፦ wa.me/27688529333

#MuleSoo #ሀበሻ #ኢትዮጵያ #ንግድ #ቴክኖሎጂ #ዲጂታል #ቢዝነስ"
"2026-11-14","Sat","318","Facebook","PROOF","yes","148","","በዚህ ወር የሰራነው፦

[እውነተኛ የደንበኛ ውጤት እዚህ ያስገቡ — ለምሳሌ፦ «የእገሌ ንግድ ቀጠሮዎች በ40% ጨመሩ»። እውነተኛ ውጤት ብቻ፤ በጭራሽ አይፈጠሩ።]

ተጨማሪ ለማወቅ፦ mulesoo.com

#MuleSoo #ሀበሻ #ኢትዮጵያ"
"2026-11-14","Sat","318","TikTok","PROOF","yes","133","","በዚህ ወር የሰራነው፦
[እውነተኛ የደንበኛ ውጤት እዚህ ያስገቡ — ለምሳሌ፦ «የእገሌ ንግድ ቀጠሮዎች በ40% ጨመሩ»።

ሙሉውን በመገለጫችን ሊንክ ያገኙታል።

#MuleSoo #ሀበሻ #ኢትዮጵያ #ንግድ #ቴክኖሎጂ"
"2026-11-14","Sat","318","X","PROOF","yes","128","","በዚህ ወር የሰራነው፦
[እውነተኛ የደንበኛ ውጤት እዚህ ያስገቡ — ለምሳሌ፦ «የእገሌ ንግድ ቀጠሮዎች በ40% ጨመሩ»። እውነተኛ ውጤት ብቻ፤ በጭራሽ አይፈጠሩ።]

mulesoo.com #MuleSoo #ሀበሻ"
"2026-11-15","Sun","319","LinkedIn","MYTH","","149","","ብዙ ጊዜ የሚባል ነገር፦ «ሎጎ ማንኛውም ሰው መስራት ይችላል።»

እውነታው፦ ሎጎ ስዕል ብቻ አይደለም፤ በመጀመሪያ እይታ የሚቀር ማህተም ነው።

በ WhatsApp ይጻፉልን፦ wa.me/27688529333

#MuleSoo #ሀበሻ #ኢትዮጵያ"
"2026-11-15","Sun","319","Instagram","MYTH","","159","","ብዙ ጊዜ የሚባል ነገር፦ «ውድ ድረ-ገጽ ጥሩ ድረ-ገጽ ነው።»

እውነታው፦ ዋጋ ጥራት አይደለም። ድረ-ገጽ የሚለካው በሚያመጣው ደንበኛ ነው።

ተጨማሪ ለማወቅ፦ mulesoo.com

#MuleSoo #ሀበሻ #ኢትዮጵያ #ንግድ #ቴክኖሎጂ #ዲጂታል #ቢዝነስ"
"2026-11-15","Sun","319","Facebook","MYTH","","148","","ብዙ ጊዜ የሚባል ነገር፦ «QR ኮድ ጊዜው አልፎበታል።»

እውነታው፦ ዛሬ በሁሉም ጠረጴዛ ላይ ነው። ትክክለኛው ጥያቄ፦ ስንት ሰው እንደቃኘው ያውቃሉ?

ዛሬውኑ ያናግሩን፦ wa.me/27688529333

#MuleSoo #ሀበሻ #ኢትዮጵያ"
"2026-11-15","Sun","319","TikTok","MYTH","","127","","ብዙ ጊዜ የሚባል ነገር፦ «ቻትቦት ደንበኞችን ያስቀይማል።»
እውነታው፦ የሚያስቀይመው መልስ አለማግኘት ነው።

ሙሉውን በመገለጫችን ሊንክ ያገኙታል።

#MuleSoo #ሀበሻ #ኢትዮጵያ #ንግድ #ቴክኖሎጂ"
"2026-11-15","Sun","319","X","MYTH","","139","","ብዙ ጊዜ የሚባል ነገር፦ «AI ውድ ነው፤ ለትልልቅ ኩባንያዎች ብቻ ነው።»
እውነታው፦ ዛሬ ቻትቦት ከአንድ ሰራተኛ ወርሃዊ ደመወዝ ባነሰ ዋጋ ይሰራል — እና እረፍት አይጠይቅም።

mulesoo.com #MuleSoo #ሀበሻ"
"2026-11-16","Mon","320","LinkedIn","BEHIND","","133","","ደንበኛ «ትንሽ ለውጥ» ሲል እንሳቀቅ ነበር።

አሁን ግን እያንዳንዱ ደንበኛ ራሱ የሚያስተካክልበት አድሚን ፓነል እንሰጣለን። ሰላም ሆነ።

ተጨማሪ ለማወቅ፦ mulesoo.com

#MuleSoo #ሀበሻ #ኢትዮጵያ"
"2026-11-16","Mon","320","Instagram","BEHIND","","141","","የደንበኞቻችንን ድረ-ገጾች በየቀኑ እንቃኛለን።

ችግርን ከደንበኛው በፊት ማየት የስራችን አካል ነው።

ዛሬውኑ ያናግሩን፦ wa.me/27688529333

#MuleSoo #ሀበሻ #ኢትዮጵያ #ንግድ #ቴክኖሎጂ #ዲጂታል #ቢዝነስ"
"2026-11-16","Mon","320","Facebook","BEHIND","","147","","ትልቁ ደስታችን ደንበኛ «ራሴ አስተካከልኩት» ሲለን ነው።

ስርዓቱ የእሱ ነውና። እኛ የሰራነው መሳሪያውን ነው፤ ንግዱን የሚያሳድገው እሱ ነው።

ነጻ የ30 ደቂቃ ምክክር ይያዙ፦ mulesoo.com

#MuleSoo #ሀበሻ #ኢትዮጵያ"
"2026-11-16","Mon","320","TikTok","BEHIND","","125","","እያንዳንዱን ድረ-ገጽ በትንሹ ስክሪን ላይ እንፈትሻለን።
በትንሹ ስልክ ላይ ከሰራ፣ በሁሉም ላይ ይሰራል።

ሙሉውን በመገለጫችን ሊንክ ያገኙታል።

#MuleSoo #ሀበሻ #ኢትዮጵያ #ንግድ #ቴክኖሎጂ"
"2026-11-16","Mon","320","X","BEHIND","","84","","ዛሬ አንድ ፕሮጀክት አልተቀበልንም።
ትክክለኛው ስራ ካልሆነ፣ ገንዘቡም ትክክለኛ አይደለም።

mulesoo.com #MuleSoo #ሀበሻ"
"2026-11-17","Tue","321","LinkedIn","PROMO","","139","","ቀጠሮ፣ ክፍያ፣ ማስታወሻ — ሁሉም በራሱ ይስራ።

የ Auto Pilot ስርዓታችን ንግድዎን በእንቅልፍዎም ያንቀሳቅሳል። ዋጋ በፕሮጀክት።

ዛሬውኑ ያናግሩን፦ wa.me/27688529333

#MuleSoo #ሀበሻ #ኢትዮጵያ"
"2026-11-17","Tue","321","Instagram","PROMO","","141","","ንግድዎ የሚፈልገው መተግበሪያ ገበያ ላይ የለም?

እንሰራዋለን — ልክ ለእርስዎ አሰራር የተሰፋ።

ነጻ የ30 ደቂቃ ምክክር ይያዙ፦ mulesoo.com

#MuleSoo #ሀበሻ #ኢትዮጵያ #ንግድ #ቴክኖሎጂ #ዲጂታል #ቢዝነስ"
"2026-11-17","Tue","321","Facebook","PROMO","","138","","ሌሊት የሚመልስ ሰራተኛ ይፈልጋሉ?

ቻትቦታችን በሌሊትም ይመልሳል — እርስዎ ይተኛሉ፣ ንግድዎ ይሰራል። ከ R2,500 ጀምሮ።

በ WhatsApp ይጻፉልን፦ wa.me/27688529333

#MuleSoo #ሀበሻ #ኢትዮጵያ"
"2026-11-17","Tue","321","TikTok","PROMO","","149","","ወረቀት ላይ ያለ ተራ QR ኮድ በቂ አይደለም።
ማን፣ መቼ፣ ስንት ጊዜ እንደቃኘው የሚነግርዎ የምርትዎን ቀለም የያዘ ኮድ — ከ R300 ጀምሮ።

ሙሉውን በመገለጫችን ሊንክ ያገኙታል።

#MuleSoo #ሀበሻ #ኢትዮጵያ #ንግድ #ቴክኖሎጂ"
"2026-11-17","Tue","321","X","PROMO","","112","","ቀጠሮ፣ ክፍያ፣ ማስታወሻ — ሁሉም በራሱ ይስራ።
የ Auto Pilot ስርዓታችን ንግድዎን በእንቅልፍዎም ያንቀሳቅሳል። ዋጋ በፕሮጀክት።

mulesoo.com #MuleSoo #ሀበሻ"
"2026-11-18","Wed","322","LinkedIn","HUMAN","","111","","WiFi ሲጠፋ የቢሮአችን ድምጽ፦ ጸጥታ።

ከዚያ ሁሉም ወደ ስልክ ዳታ። ስራ አይቆምም።

ነጻ የ30 ደቂቃ ምክክር ይያዙ፦ mulesoo.com

#MuleSoo #ሀበሻ #ኢትዮጵያ"
"2026-11-18","Wed","322","Instagram","HUMAN","","161","","በሳምንት አንድ ጊዜ ራሳችንን እንጠይቃለን፦

«ይህን ደንበኛው በራሱ ማድረግ ይችላል?» መልሱ አዎ ከሆነ፣ እናስተምረዋለን።

በ WhatsApp ይጻፉልን፦ wa.me/27688529333

#MuleSoo #ሀበሻ #ኢትዮጵያ #ንግድ #ቴክኖሎጂ #ዲጂታል #ቢዝነስ"
"2026-11-18","Wed","322","Facebook","HUMAN","","111","","እያንዳንዱ የሎጎ ማስተካከያ ጥያቄ የሚመጣው እኩለ ሌሊት ላይ ነው።

ለምን እንደሆነ መጠየቅ አቁመናል።

ተጨማሪ ለማወቅ፦ mulesoo.com

#MuleSoo #ሀበሻ #ኢትዮጵያ"
"2026-11-18","Wed","322","TikTok","HUMAN","","103","","ስንት ቡና እንደጠጣን አንቆጥርም።
የደንበኞቻችን ሽያጭ ግን ይቆጠራል።

ሙሉውን በመገለጫችን ሊንክ ያገኙታል።

#MuleSoo #ሀበሻ #ኢትዮጵያ #ንግድ #ቴክኖሎጂ"
"2026-11-18","Wed","322","X","HUMAN","","99","","ደንበኛ፦ «መቼ ይደርሳል?» እኛ፦ «ነገ።»
ነገ ማለታችን ግን በእውነት ነገ ነው። ያልተለመደ መሆኑን እናውቃለን።

mulesoo.com #MuleSoo #ሀበሻ"
"2026-11-19","Thu","323","LinkedIn","PROBLEM","","105","","የቀጠሮ መዝገብዎ ደብተር ነው።

አንድ የጠፋ ገጽ አንድ የጠፋ ወር ነው።

በ WhatsApp ይጻፉልን፦ wa.me/27688529333

#MuleSoo #ሀበሻ #ኢትዮጵያ"
"2026-11-19","Thu","323","Instagram","PROBLEM","","138","","ድረ-ገጽዎ በላፕቶፕዎ ላይ ያምራል።

ከ10 ደንበኞችዎ 9ኙ ግን በስልክ ነው የሚያዩት። በስልክ አይተውታል?

ተጨማሪ ለማወቅ፦ mulesoo.com

#MuleSoo #ሀበሻ #ኢትዮጵያ #ንግድ #ቴክኖሎጂ #ዲጂታል #ቢዝነስ"
"2026-11-19","Thu","323","Facebook","PROBLEM","","117","","ጉግል ላይ አይገኙም።

ትንሽ ስለሆኑ አይደለም — ገጾችዎ መኖራቸውን ለጉግል ማንም ስላልነገረው ነው።

ዛሬውኑ ያናግሩን፦ wa.me/27688529333

#MuleSoo #ሀበሻ #ኢትዮጵያ"
"2026-11-19","Thu","323","TikTok","PROBLEM","","106","","ዋጋዎ ድረ-ገጽዎ ላይ የለም።
ሰዎች «ውድ ይሆናል» ብለው ገምተው ይሄዳሉ።

ሙሉውን በመገለጫችን ሊንክ ያገኙታል።

#MuleSoo #ሀበሻ #ኢትዮጵያ #ንግድ #ቴክኖሎጂ"
"2026-11-19","Thu","323","X","PROBLEM","","103","","ማስተካከል የማይችሉት ድረ-ገጽ እየከፈሉበት ነው።
እያንዳንዱ የጽሁፍ ለውጥ አንድ የስልክ ጥሪና ሶስት ቀን ያስወጣዎታል።

mulesoo.com #MuleSoo #ሀበሻ"
"2026-11-20","Fri","324","LinkedIn","EDUCATE","","114","","ቻትቦት የሮቦት ተቀባይ አይደለም።

ማጣሪያ ነው። ቀላሉን 70% ይይዛል፤ የሚከፍለው 30% ለሰው ይደርሳል።

ተጨማሪ ለማወቅ፦ mulesoo.com

#MuleSoo #ሀበሻ #ኢትዮጵያ"
"2026-11-20","Fri","324","Instagram","EDUCATE","","156","","ፍጥነት የሚመጣው ከማይጫኑት ነገር ነው።

ከባድ ምስሎች፣ ስላይደሮች፣ የቪዲዮ ጀርባዎች — መጀመሪያ ይሰርዙ፤ ከዚያ ያሻሽሉ።

ዛሬውኑ ያናግሩን፦ wa.me/27688529333

#MuleSoo #ሀበሻ #ኢትዮጵያ #ንግድ #ቴክኖሎጂ #ዲጂታል #ቢዝነስ"
"2026-11-20","Fri","324","Facebook","EDUCATE","","101","","ዋጋዎን ይጻፉ።

መደበቅ አያሳንሰውም፤ እርግጠኛ እንዳልሆኑ ያስመስላል።

ነጻ የ30 ደቂቃ ምክክር ይያዙ፦ mulesoo.com

#MuleSoo #ሀበሻ #ኢትዮጵያ"
"2026-11-20","Fri","324","TikTok","EDUCATE","","114","","ምስሎችዎን ያሳንሱ።
4MB የሆነ ምስል የሆስቲንግ ችግር አይደለም፤ የምስል ችግር ነው።

ሙሉውን በመገለጫችን ሊንክ ያገኙታል።

#MuleSoo #ሀበሻ #ኢትዮጵያ #ንግድ #ቴክኖሎጂ"
"2026-11-20","Fri","324","X","EDUCATE","","87","","አንድ ቁጥር ብቻ ይለኩ።
በሳምንት የሚመጡ ጥያቄዎች። ያንን የማያንቀሳቅስ ነገር ሁሉ ጌጥ ነው።

mulesoo.com #MuleSoo #ሀበሻ"
"2026-11-21","Sat","325","LinkedIn","PROOF","yes","155","","በዚህ ወር የሰራነው፦

[እውነተኛ የደንበኛ ውጤት እዚህ ያስገቡ — ለምሳሌ፦ «የእገሌ ንግድ ቀጠሮዎች በ40% ጨመሩ»። እውነተኛ ውጤት ብቻ፤ በጭራሽ አይፈጠሩ።]

ዛሬውኑ ያናግሩን፦ wa.me/27688529333

#MuleSoo #ሀበሻ #ኢትዮጵያ"
"2026-11-21","Sat","325","Instagram","PROOF","yes","182","","በዚህ ወር የሰራነው፦

[እውነተኛ የደንበኛ ውጤት እዚህ ያስገቡ — ለምሳሌ፦ «የእገሌ ንግድ ቀጠሮዎች በ40% ጨመሩ»። እውነተኛ ውጤት ብቻ፤ በጭራሽ አይፈጠሩ።]

ነጻ የ30 ደቂቃ ምክክር ይያዙ፦ mulesoo.com

#MuleSoo #ሀበሻ #ኢትዮጵያ #ንግድ #ቴክኖሎጂ #ዲጂታል #ቢዝነስ"
"2026-11-21","Sat","325","Facebook","PROOF","yes","161","","በዚህ ወር የሰራነው፦

[እውነተኛ የደንበኛ ውጤት እዚህ ያስገቡ — ለምሳሌ፦ «የእገሌ ንግድ ቀጠሮዎች በ40% ጨመሩ»። እውነተኛ ውጤት ብቻ፤ በጭራሽ አይፈጠሩ።]

በ WhatsApp ይጻፉልን፦ wa.me/27688529333

#MuleSoo #ሀበሻ #ኢትዮጵያ"
"2026-11-21","Sat","325","TikTok","PROOF","yes","133","","በዚህ ወር የሰራነው፦
[እውነተኛ የደንበኛ ውጤት እዚህ ያስገቡ — ለምሳሌ፦ «የእገሌ ንግድ ቀጠሮዎች በ40% ጨመሩ»።

ሙሉውን በመገለጫችን ሊንክ ያገኙታል።

#MuleSoo #ሀበሻ #ኢትዮጵያ #ንግድ #ቴክኖሎጂ"
"2026-11-21","Sat","325","X","PROOF","yes","128","","በዚህ ወር የሰራነው፦
[እውነተኛ የደንበኛ ውጤት እዚህ ያስገቡ — ለምሳሌ፦ «የእገሌ ንግድ ቀጠሮዎች በ40% ጨመሩ»። እውነተኛ ውጤት ብቻ፤ በጭራሽ አይፈጠሩ።]

mulesoo.com #MuleSoo #ሀበሻ"
"2026-11-22","Sun","326","LinkedIn","MYTH","","154","","ብዙ ጊዜ የሚባል ነገር፦ «ደንበኞቼ ኢንተርኔት አይጠቀሙም።»

እውነታው፦ ልጆቻቸው ግን ይጠቀማሉ — እና የቤተሰቡን ውሳኔ ብዙ ጊዜ የሚመሩት እነሱ ናቸው።

ነጻ የ30 ደቂቃ ምክክር ይያዙ፦ mulesoo.com

#MuleSoo #ሀበሻ #ኢትዮጵያ"
"2026-11-22","Sun","326","Instagram","MYTH","","179","","ብዙ ጊዜ የሚባል ነገር፦ «አውቶሜሽን ሰራተኞችን ያስወግዳል።»

እውነታው፦ አይደለም — አሰልቺውን ስራ ይወስዳል። ሰዎችዎ ለሚከፍለው ስራ ጊዜ ያገኛሉ።

በ WhatsApp ይጻፉልን፦ wa.me/27688529333

#MuleSoo #ሀበሻ #ኢትዮጵያ #ንግድ #ቴክኖሎጂ #ዲጂታል #ቢዝነስ"
"2026-11-22","Sun","326","Facebook","MYTH","","147","","ብዙ ጊዜ የሚባል ነገር፦ «ለትንሽ ንግድ ድረ-ገጽ አያስፈልግም።»

እውነታው፦ ደንበኛዎ ግን መጀመሪያ ጉግል ላይ ይፈልግዎታል። እዚያ ከሌሉ፣ ለሌላው ይደውላል።

ተጨማሪ ለማወቅ፦ mulesoo.com

#MuleSoo #ሀበሻ #ኢትዮጵያ"
"2026-11-22","Sun","326","TikTok","MYTH","","147","","ብዙ ጊዜ የሚባል ነገር፦ «ድረ-ገጽ አንዴ ተሰርቶ ያበቃል።»
እውነታው፦ ድረ-ገጽ እንደ ሱቅ ነው — መስታወቱ ሁልጊዜ ንጹህ መሆን አለበት።

ሙሉውን በመገለጫችን ሊንክ ያገኙታል።

#MuleSoo #ሀበሻ #ኢትዮጵያ #ንግድ #ቴክኖሎጂ"
"2026-11-22","Sun","326","X","MYTH","","135","","ብዙ ጊዜ የሚባል ነገር፦ «ማህበራዊ ሚዲያ ካለኝ ድረ-ገጽ አያስፈልገኝም።»
እውነታው፦ ያ ገጽ የእርስዎ አይደለም፤ ተከራይተውታል። ህጎቹ ሲቀየሩ ንግድዎም አብሮ ይናወጣል።

mulesoo.com #MuleSoo #ሀበሻ"
"2026-11-23","Mon","327","LinkedIn","BEHIND","","132","","ኮድ ከመጻፍ በፊት እንቆጥራለን።

ስንት ጎብኚ፣ ስንት ጥያቄ፣ ስንት ሽያጭ። ቁጥር የሌለው ዲዛይን ግምት ብቻ ነው።

በ WhatsApp ይጻፉልን፦ wa.me/27688529333

#MuleSoo #ሀበሻ #ኢትዮጵያ"
"2026-11-23","Mon","327","Instagram","BEHIND","","142","","አዲስ ሰው ስንቀጥር የመጀመሪያ ጥያቄያችን፦ «ማስረዳት ይችላሉ?»

ኮድ መጻፍ ይማራል፤ ግልጽነት ግን ባህሪ ነው።

ተጨማሪ ለማወቅ፦ mulesoo.com

#MuleSoo #ሀበሻ #ኢትዮጵያ #ንግድ #ቴክኖሎጂ #ዲጂታል #ቢዝነስ"
"2026-11-23","Mon","327","Facebook","BEHIND","","148","","ዛሬ ከአዲስ ደንበኛ ጋር የመጀመሪያ ስብሰባ ነበረን።

አንድም ጊዜ ስለ ቴክኖሎጂ አልተነጋገርንም — ስለ ንግዱ ብቻ። ኮዱ የሚመጣው ከዚያ በኋላ ነው።

ዛሬውኑ ያናግሩን፦ wa.me/27688529333

#MuleSoo #ሀበሻ #ኢትዮጵያ"
"2026-11-23","Mon","327","TikTok","BEHIND","","117","","ከመጨመራችን በፊት እንቀንሳለን።
የመጀመሪያው ስራችን ደንበኛው የማይፈልገውን ማስወገድ ነው።

ሙሉውን በመገለጫችን ሊንክ ያገኙታል።

#MuleSoo #ሀበሻ #ኢትዮጵያ #ንግድ #ቴክኖሎጂ"
"2026-11-23","Mon","327","X","BEHIND","","89","","የእኛ ስብሰባዎች 30 ደቂቃ ናቸው።
ከዚያ በላይ ከወሰደ፣ ችግሩ አጀንዳው ሳይሆን ዝግጅታችን ነው።

mulesoo.com #MuleSoo #ሀበሻ"
"2026-11-24","Tue","328","LinkedIn","PROMO","","123","","አሰልቺው የቢሮ ስራ ራሱን ይስራ።

የ AI አውቶሜሽን ስርዓቶቻችን ደረሰኝ ይልካሉ፣ ቀጠሮ ያስይዛሉ፣ ደንበኛ ይከታተላሉ።

ተጨማሪ ለማወቅ፦ mulesoo.com

#MuleSoo #ሀበሻ #ኢትዮጵያ"
"2026-11-24","Tue","328","Instagram","PROMO","","141","","ድረ-ገጽ ይፈልጋሉ?

ጎብኚን ወደ ከፋይ ደንበኛ የሚቀይር ድረ-ገጽ እንሰራለን። ከ R3,500 ጀምሮ።

ዛሬውኑ ያናግሩን፦ wa.me/27688529333

#MuleSoo #ሀበሻ #ኢትዮጵያ #ንግድ #ቴክኖሎጂ #ዲጂታል #ቢዝነስ"
"2026-11-24","Tue","328","Facebook","PROMO","","120","","ሎጎዎ ማን እንደሆኑ ይናገራል?

በአንድ እይታ የሚታወስ የምርት መለያ እንሰራለን። ከ R800 ጀምሮ።

ነጻ የ30 ደቂቃ ምክክር ይያዙ፦ mulesoo.com

#MuleSoo #ሀበሻ #ኢትዮጵያ"
"2026-11-24","Tue","328","TikTok","PROMO","","114","","ገና በ gmail ነው የሚሰሩት?
የ @yourbusiness ኢሜይል ያሳምራል፤ ያሳምናል።

ሙሉውን በመገለጫችን ሊንክ ያገኙታል።

#MuleSoo #ሀበሻ #ኢትዮጵያ #ንግድ #ቴክኖሎጂ"
"2026-11-24","Tue","328","X","PROMO","","103","","አሰልቺው የቢሮ ስራ ራሱን ይስራ።
የ AI አውቶሜሽን ስርዓቶቻችን ደረሰኝ ይልካሉ፣ ቀጠሮ ያስይዛሉ፣ ደንበኛ ይከታተላሉ።

mulesoo.com #MuleSoo #ሀበሻ"
"2026-11-25","Wed","329","LinkedIn","HUMAN","","114","","ልጆቻችን ስራችንን ሲጠየቁ፦ «ኮምፒውተር ይነካካሉ» ይላሉ።

ትክክል ናቸው። በጣም እንነካካለን።

ዛሬውኑ ያናግሩን፦ wa.me/27688529333

#MuleSoo #ሀበሻ #ኢትዮጵያ"
"2026-11-25","Wed","329","Instagram","HUMAN","","170","","የሰማነው፦ «እንደ Apple ድረ-ገጽ ይሁን — ግን ብዙ ነገር ጨምሩበት።»

ይህ ዓረፍተ ነገር ራሱን ይቃረናል። ፈገግ ብለን እናስረዳለን። 😄

ነጻ የ30 ደቂቃ ምክክር ይያዙ፦ mulesoo.com

#MuleSoo #ሀበሻ #ኢትዮጵያ #ንግድ #ቴክኖሎጂ #ዲጂታል #ቢዝነስ"
"2026-11-25","Wed","329","Facebook","HUMAN","","128","","የሰማነው፦ «ትንሽ ለውጥ ነው» የሚለው ዓረፍተ ነገር…

በአማካይ ሶስት ቀን ይወስዳል። ግን እንወደዋለን። 😅

በ WhatsApp ይጻፉልን፦ wa.me/27688529333

#MuleSoo #ሀበሻ #ኢትዮጵያ"
"2026-11-25","Wed","329","TikTok","HUMAN","","110","","በበዓል ቀንም «ድረ-ገጹ ደህና ነው?» ብለን እንፈትሻለን።
አዎ፣ እንደዚህ ነን።

ሙሉውን በመገለጫችን ሊንክ ያገኙታል።

#MuleSoo #ሀበሻ #ኢትዮጵያ #ንግድ #ቴክኖሎጂ"
"2026-11-25","Wed","329","X","HUMAN","","101","","ሁለት አይነት ንግድ አለ፦
ድረ-ገጽ ያለውና «በኋላ እሰራለሁ» የሚል። ሁለተኛው የመጀመሪያውን ደንበኛ ያበረክትለታል።

mulesoo.com #MuleSoo #ሀበሻ"
"2026-11-26","Thu","330","LinkedIn","PROBLEM","","113","","ከምሽቱ 1 ሰዓት በኋላ ደንበኞች ያመልጡዎታል።

የተፎካካሪዎ ቻትቦት ግን ነቅቶ ይመልሳል።

ነጻ የ30 ደቂቃ ምክክር ይያዙ፦ mulesoo.com

#MuleSoo #ሀበሻ #ኢትዮጵያ"
"2026-11-26","Thu","330","Instagram","PROBLEM","","145","","ዋጋ ማቅረቢያ በእጅ ይሰራሉ።

በሳምንት 4 ሰዓት ነው። በዓመት አምስት የስራ ሳምንት ማለት ነው።

በ WhatsApp ይጻፉልን፦ wa.me/27688529333

#MuleSoo #ሀበሻ #ኢትዮጵያ #ንግድ #ቴክኖሎጂ #ዲጂታል #ቢዝነስ"
"2026-11-26","Thu","330","Facebook","PROBLEM","","107","","ደረሰኞችዎ ዘግይተው ይወጣሉ።

የገንዘብ ፍሰት የሂሳብ ችግር አይደለም፤ የአስተዳደር ችግር ነው።

ተጨማሪ ለማወቅ፦ mulesoo.com

#MuleSoo #ሀበሻ #ኢትዮጵያ"
"2026-11-26","Thu","330","TikTok","PROBLEM","","117","","ለጥያቄ መልስ የሚሰጡት በሁለት ቀን ነው።
ስራውን ያገኘው ግን በሁለት ሰዓት የመለሰው ነው።

ሙሉውን በመገለጫችን ሊንክ ያገኙታል።

#MuleSoo #ሀበሻ #ኢትዮጵያ #ንግድ #ቴክኖሎጂ"
"2026-11-26","Thu","330","X","PROBLEM","","90","","ደንበኞችዎ ከየት እንደመጡ አያውቁም።
ስለዚህ በሚሰራው መንገድ ላይ ተጨማሪ ገንዘብ ማዋል አይችሉም።

mulesoo.com #MuleSoo #ሀበሻ"
"2026-11-27","Fri","331","LinkedIn","EDUCATE","","128","","አንድ ግልጽ ጥሪ ከአምስት ይሻላል።

እያንዳንዱ ተጨማሪ ቁልፍ ውሳኔ ነው፤ እያንዳንዱ ውሳኔ ሰዎችን ያሸሻል።

በ WhatsApp ይጻፉልን፦ wa.me/27688529333

#MuleSoo #ሀበሻ #ኢትዮጵያ"
"2026-11-27","Fri","331","Instagram","EDUCATE","","134","","የገዙት ኮድ የእርስዎ ይሁን።

ገንቢው ሲጠፋ ድረ-ገጽዎም አብሮ ከጠፋ፣ አልገዙትም — ተከራይተውታል።

ተጨማሪ ለማወቅ፦ mulesoo.com

#MuleSoo #ሀበሻ #ኢትዮጵያ #ንግድ #ቴክኖሎጂ #ዲጂታል #ቢዝነስ"
"2026-11-27","Fri","331","Facebook","EDUCATE","","124","","እያንዳንዱ የቅጽ መስክ ደንበኛ ያስከፍላል።

ለመመለስ የሚያስፈልገውን ብቻ ይጠይቁ። ሌላው ሁሉ መጠበቅ ይችላል።

ዛሬውኑ ያናግሩን፦ wa.me/27688529333

#MuleSoo #ሀበሻ #ኢትዮጵያ"
"2026-11-27","Fri","331","TikTok","EDUCATE","","133","","ግምገማዎችዎ የእርስዎ SEO ናቸው።
እውነተኛ ግምገማ ያለው የጉግል ቢዝነስ ፕሮፋይል ከቆንጆ ድረ-ገጽ በላይ ይወጣል።

ሙሉውን በመገለጫችን ሊንክ ያገኙታል።

#MuleSoo #ሀበሻ #ኢትዮጵያ #ንግድ #ቴክኖሎጂ"
"2026-11-27","Fri","331","X","EDUCATE","","99","","የመብራት መቆራረጥ የዲዛይን ግዴታ ነው።
ለተቆራረጠ ኢንተርኔት አስቀድመው ይንደፉ። እዚህ አገር አማራጭ አይደለም።

mulesoo.com #MuleSoo #ሀበሻ"
"2026-11-28","Sat","332","LinkedIn","PROOF","yes","148","","በዚህ ወር የሰራነው፦

[እውነተኛ የደንበኛ ውጤት እዚህ ያስገቡ — ለምሳሌ፦ «የእገሌ ንግድ ቀጠሮዎች በ40% ጨመሩ»። እውነተኛ ውጤት ብቻ፤ በጭራሽ አይፈጠሩ።]

ተጨማሪ ለማወቅ፦ mulesoo.com

#MuleSoo #ሀበሻ #ኢትዮጵያ"
"2026-11-28","Sat","332","Instagram","PROOF","yes","179","","በዚህ ወር የሰራነው፦

[እውነተኛ የደንበኛ ውጤት እዚህ ያስገቡ — ለምሳሌ፦ «የእገሌ ንግድ ቀጠሮዎች በ40% ጨመሩ»። እውነተኛ ውጤት ብቻ፤ በጭራሽ አይፈጠሩ።]

ዛሬውኑ ያናግሩን፦ wa.me/27688529333

#MuleSoo #ሀበሻ #ኢትዮጵያ #ንግድ #ቴክኖሎጂ #ዲጂታል #ቢዝነስ"
"2026-11-28","Sat","332","Facebook","PROOF","yes","158","","በዚህ ወር የሰራነው፦

[እውነተኛ የደንበኛ ውጤት እዚህ ያስገቡ — ለምሳሌ፦ «የእገሌ ንግድ ቀጠሮዎች በ40% ጨመሩ»። እውነተኛ ውጤት ብቻ፤ በጭራሽ አይፈጠሩ።]

ነጻ የ30 ደቂቃ ምክክር ይያዙ፦ mulesoo.com

#MuleSoo #ሀበሻ #ኢትዮጵያ"
"2026-11-28","Sat","332","TikTok","PROOF","yes","133","","በዚህ ወር የሰራነው፦
[እውነተኛ የደንበኛ ውጤት እዚህ ያስገቡ — ለምሳሌ፦ «የእገሌ ንግድ ቀጠሮዎች በ40% ጨመሩ»።

ሙሉውን በመገለጫችን ሊንክ ያገኙታል።

#MuleSoo #ሀበሻ #ኢትዮጵያ #ንግድ #ቴክኖሎጂ"
"2026-11-28","Sat","332","X","PROOF","yes","128","","በዚህ ወር የሰራነው፦
[እውነተኛ የደንበኛ ውጤት እዚህ ያስገቡ — ለምሳሌ፦ «የእገሌ ንግድ ቀጠሮዎች በ40% ጨመሩ»። እውነተኛ ውጤት ብቻ፤ በጭራሽ አይፈጠሩ።]

mulesoo.com #MuleSoo #ሀበሻ"
"2026-11-29","Sun","333","LinkedIn","MYTH","","142","","ብዙ ጊዜ የሚባል ነገር፦ «ውድ ድረ-ገጽ ጥሩ ድረ-ገጽ ነው።»

እውነታው፦ ዋጋ ጥራት አይደለም። ድረ-ገጽ የሚለካው በሚያመጣው ደንበኛ ነው።

ዛሬውኑ ያናግሩን፦ wa.me/27688529333

#MuleSoo #ሀበሻ #ኢትዮጵያ"
"2026-11-29","Sun","333","Instagram","MYTH","","175","","ብዙ ጊዜ የሚባል ነገር፦ «QR ኮድ ጊዜው አልፎበታል።»

እውነታው፦ ዛሬ በሁሉም ጠረጴዛ ላይ ነው። ትክክለኛው ጥያቄ፦ ስንት ሰው እንደቃኘው ያውቃሉ?

ነጻ የ30 ደቂቃ ምክክር ይያዙ፦ mulesoo.com

#MuleSoo #ሀበሻ #ኢትዮጵያ #ንግድ #ቴክኖሎጂ #ዲጂታል #ቢዝነስ"
"2026-11-29","Sun","333","Facebook","MYTH","","168","","ብዙ ጊዜ የሚባል ነገር፦ «ቻትቦት ደንበኞችን ያስቀይማል።»

እውነታው፦ የሚያስቀይመው መልስ አለማግኘት ነው። ጥሩ ቻትቦት በሰከንድ ይመልሳል፤ ሰው ሲያስፈልግ ያስተላልፋል።

በ WhatsApp ይጻፉልን፦ wa.me/27688529333

#MuleSoo #ሀበሻ #ኢትዮጵያ"
"2026-11-29","Sun","333","TikTok","MYTH","","171","","ብዙ ጊዜ የሚባል ነገር፦ «AI ውድ ነው፤ ለትልልቅ ኩባንያዎች ብቻ ነው።»
እውነታው፦ ዛሬ ቻትቦት ከአንድ ሰራተኛ ወርሃዊ ደመወዝ ባነሰ ዋጋ ይሰራል — እና እረፍት አይጠይቅም።

ሙሉውን በመገለጫችን ሊንክ ያገኙታል።

#MuleSoo #ሀበሻ #ኢትዮጵያ #ንግድ #ቴክኖሎጂ"
"2026-11-29","Sun","333","X","MYTH","","116","","ብዙ ጊዜ የሚባል ነገር፦ «ሎጎ ማንኛውም ሰው መስራት ይችላል።»
እውነታው፦ ሎጎ ስዕል ብቻ አይደለም፤ በመጀመሪያ እይታ የሚቀር ማህተም ነው።

mulesoo.com #MuleSoo #ሀበሻ"
"2026-11-30","Mon","334","LinkedIn","BEHIND","","120","","የደንበኞቻችንን ድረ-ገጾች በየቀኑ እንቃኛለን።

ችግርን ከደንበኛው በፊት ማየት የስራችን አካል ነው።

ነጻ የ30 ደቂቃ ምክክር ይያዙ፦ mulesoo.com

#MuleSoo #ሀበሻ #ኢትዮጵያ"
"2026-11-30","Mon","334","Instagram","BEHIND","","174","","ትልቁ ደስታችን ደንበኛ «ራሴ አስተካከልኩት» ሲለን ነው።

ስርዓቱ የእሱ ነውና። እኛ የሰራነው መሳሪያውን ነው፤ ንግዱን የሚያሳድገው እሱ ነው።

በ WhatsApp ይጻፉልን፦ wa.me/27688529333

#MuleSoo #ሀበሻ #ኢትዮጵያ #ንግድ #ቴክኖሎጂ #ዲጂታል #ቢዝነስ"
"2026-11-30","Mon","334","Facebook","BEHIND","","113","","እያንዳንዱን ድረ-ገጽ በትንሹ ስክሪን ላይ እንፈትሻለን።

በትንሹ ስልክ ላይ ከሰራ፣ በሁሉም ላይ ይሰራል።

ተጨማሪ ለማወቅ፦ mulesoo.com

#MuleSoo #ሀበሻ #ኢትዮጵያ"
"2026-11-30","Mon","334","TikTok","BEHIND","","116","","ዛሬ አንድ ፕሮጀክት አልተቀበልንም።
ትክክለኛው ስራ ካልሆነ፣ ገንዘቡም ትክክለኛ አይደለም።

ሙሉውን በመገለጫችን ሊንክ ያገኙታል።

#MuleSoo #ሀበሻ #ኢትዮጵያ #ንግድ #ቴክኖሎጂ"
"2026-11-30","Mon","334","X","BEHIND","","113","","ደንበኛ «ትንሽ ለውጥ» ሲል እንሳቀቅ ነበር።
አሁን ግን እያንዳንዱ ደንበኛ ራሱ የሚያስተካክልበት አድሚን ፓነል እንሰጣለን። ሰላም ሆነ።

mulesoo.com #MuleSoo #ሀበሻ"
"2026-12-01","Tue","335","LinkedIn","PROMO","","120","","ንግድዎ የሚፈልገው መተግበሪያ ገበያ ላይ የለም?

እንሰራዋለን — ልክ ለእርስዎ አሰራር የተሰፋ።

በ WhatsApp ይጻፉልን፦ wa.me/27688529333

#MuleSoo #ሀበሻ #ኢትዮጵያ"
"2026-12-01","Tue","335","Instagram","PROMO","","149","","ሌሊት የሚመልስ ሰራተኛ ይፈልጋሉ?

ቻትቦታችን በሌሊትም ይመልሳል — እርስዎ ይተኛሉ፣ ንግድዎ ይሰራል። ከ R2,500 ጀምሮ።

ተጨማሪ ለማወቅ፦ mulesoo.com

#MuleSoo #ሀበሻ #ኢትዮጵያ #ንግድ #ቴክኖሎጂ #ዲጂታል #ቢዝነስ"
"2026-12-01","Tue","335","Facebook","PROMO","","144","","ወረቀት ላይ ያለ ተራ QR ኮድ በቂ አይደለም።

ማን፣ መቼ፣ ስንት ጊዜ እንደቃኘው የሚነግርዎ የምርትዎን ቀለም የያዘ ኮድ — ከ R300 ጀምሮ።

ዛሬውኑ ያናግሩን፦ wa.me/27688529333

#MuleSoo #ሀበሻ #ኢትዮጵያ"
"2026-12-01","Tue","335","TikTok","PROMO","","133","","ቀጠሮ፣ ክፍያ፣ ማስታወሻ — ሁሉም በራሱ ይስራ።
የ Auto Pilot ስርዓታችን ንግድዎን በእንቅልፍዎም ያንቀሳቅሳል።

ሙሉውን በመገለጫችን ሊንክ ያገኙታል።

#MuleSoo #ሀበሻ #ኢትዮጵያ #ንግድ #ቴክኖሎጂ"
"2026-12-01","Tue","335","X","PROMO","","87","","ንግድዎ የሚፈልገው መተግበሪያ ገበያ ላይ የለም?
እንሰራዋለን — ልክ ለእርስዎ አሰራር የተሰፋ።

mulesoo.com #MuleSoo #ሀበሻ"
"2026-12-02","Wed","336","LinkedIn","HUMAN","","124","","በሳምንት አንድ ጊዜ ራሳችንን እንጠይቃለን፦

«ይህን ደንበኛው በራሱ ማድረግ ይችላል?» መልሱ አዎ ከሆነ፣ እናስተምረዋለን።

ተጨማሪ ለማወቅ፦ mulesoo.com

#MuleSoo #ሀበሻ #ኢትዮጵያ"
"2026-12-02","Wed","336","Instagram","HUMAN","","142","","እያንዳንዱ የሎጎ ማስተካከያ ጥያቄ የሚመጣው እኩለ ሌሊት ላይ ነው።

ለምን እንደሆነ መጠየቅ አቁመናል።

ዛሬውኑ ያናግሩን፦ wa.me/27688529333

#MuleSoo #ሀበሻ #ኢትዮጵያ #ንግድ #ቴክኖሎጂ #ዲጂታል #ቢዝነስ"
"2026-12-02","Wed","336","Facebook","HUMAN","","118","","ስንት ቡና እንደጠጣን አንቆጥርም።

የደንበኞቻችን ሽያጭ ግን ይቆጠራል። ቅድሚያችን ግልጽ ነው። ☕

ነጻ የ30 ደቂቃ ምክክር ይያዙ፦ mulesoo.com

#MuleSoo #ሀበሻ #ኢትዮጵያ"
"2026-12-02","Wed","336","TikTok","HUMAN","","111","","ደንበኛ፦ «መቼ ይደርሳል?» እኛ፦ «ነገ።»
ነገ ማለታችን ግን በእውነት ነገ ነው።

ሙሉውን በመገለጫችን ሊንክ ያገኙታል።

#MuleSoo #ሀበሻ #ኢትዮጵያ #ንግድ #ቴክኖሎጂ"
"2026-12-02","Wed","336","X","HUMAN","","104","","በስብሰባ ላይ በጣም የምንጠነቀቅበት ቃል፦
«የአክስቴ ልጅ ዲዛይን ያውቃል።» — እናዳምጣለን፤ አንዳንዴ በእውነት ያውቃል።

mulesoo.com #MuleSoo #ሀበሻ"
"2026-12-03","Thu","337","LinkedIn","PROBLEM","","121","","ድረ-ገጽዎ በላፕቶፕዎ ላይ ያምራል።

ከ10 ደንበኞችዎ 9ኙ ግን በስልክ ነው የሚያዩት። በስልክ አይተውታል?

ዛሬውኑ ያናግሩን፦ wa.me/27688529333

#MuleSoo #ሀበሻ #ኢትዮጵያ"
"2026-12-03","Thu","337","Instagram","PROBLEM","","144","","ጉግል ላይ አይገኙም።

ትንሽ ስለሆኑ አይደለም — ገጾችዎ መኖራቸውን ለጉግል ማንም ስላልነገረው ነው።

ነጻ የ30 ደቂቃ ምክክር ይያዙ፦ mulesoo.com

#MuleSoo #ሀበሻ #ኢትዮጵያ #ንግድ #ቴክኖሎጂ #ዲጂታል #ቢዝነስ"
"2026-12-03","Thu","337","Facebook","PROBLEM","","107","","ዋጋዎ ድረ-ገጽዎ ላይ የለም።

ሰዎች «ውድ ይሆናል» ብለው ገምተው ይሄዳሉ።

በ WhatsApp ይጻፉልን፦ wa.me/27688529333

#MuleSoo #ሀበሻ #ኢትዮጵያ"
"2026-12-03","Thu","337","TikTok","PROBLEM","","135","","ማስተካከል የማይችሉት ድረ-ገጽ እየከፈሉበት ነው።
እያንዳንዱ የጽሁፍ ለውጥ አንድ የስልክ ጥሪና ሶስት ቀን ያስወጣዎታል።

ሙሉውን በመገለጫችን ሊንክ ያገኙታል።

#MuleSoo #ሀበሻ #ኢትዮጵያ #ንግድ #ቴክኖሎጂ"
"2026-12-03","Thu","337","X","PROBLEM","","106","","ድረ-ገጽዎ ለመከፈት 6 ሰከንድ ይወስዳል።
ግማሾቹ ጎብኚዎች ሳይጠብቁ ወጥተዋል። ፍጥነት ቅንጦት አይደለም፤ የሱቅዎ በር ነው።

mulesoo.com #MuleSoo #ሀበሻ"
"2026-12-04","Fri","338","LinkedIn","EDUCATE","","135","","ፍጥነት የሚመጣው ከማይጫኑት ነገር ነው።

ከባድ ምስሎች፣ ስላይደሮች፣ የቪዲዮ ጀርባዎች — መጀመሪያ ይሰርዙ፤ ከዚያ ያሻሽሉ።

ነጻ የ30 ደቂቃ ምክክር ይያዙ፦ mulesoo.com

#MuleSoo #ሀበሻ #ኢትዮጵያ"
"2026-12-04","Fri","338","Instagram","EDUCATE","","128","","ዋጋዎን ይጻፉ።

መደበቅ አያሳንሰውም፤ እርግጠኛ እንዳልሆኑ ያስመስላል።

በ WhatsApp ይጻፉልን፦ wa.me/27688529333

#MuleSoo #ሀበሻ #ኢትዮጵያ #ንግድ #ቴክኖሎጂ #ዲጂታል #ቢዝነስ"
"2026-12-04","Fri","338","Facebook","EDUCATE","","102","","ምስሎችዎን ያሳንሱ።

4MB የሆነ ምስል የሆስቲንግ ችግር አይደለም፤ የምስል ችግር ነው።

ተጨማሪ ለማወቅ፦ mulesoo.com

#MuleSoo #ሀበሻ #ኢትዮጵያ"
"2026-12-04","Fri","338","TikTok","EDUCATE","","92","","አንድ ቁጥር ብቻ ይለኩ።
በሳምንት የሚመጡ ጥያቄዎች።

ሙሉውን በመገለጫችን ሊንክ ያገኙታል።

#MuleSoo #ሀበሻ #ኢትዮጵያ #ንግድ #ቴክኖሎጂ"
"2026-12-04","Fri","338","X","EDUCATE","","102","","የመነሻ ገጽዎ አንድ ስራ ብቻ አለው።
ምን እንደሚሰሩ፣ ለማን እንደሆነ፣ የት እንደሚጫኑ ይንገሩ። ቀሪው ሁሉ ጌጥ ነው።

mulesoo.com #MuleSoo #ሀበሻ"
"2026-12-05","Sat","339","LinkedIn","PROOF","yes","161","","በዚህ ወር የሰራነው፦

[እውነተኛ የደንበኛ ውጤት እዚህ ያስገቡ — ለምሳሌ፦ «የእገሌ ንግድ ቀጠሮዎች በ40% ጨመሩ»። እውነተኛ ውጤት ብቻ፤ በጭራሽ አይፈጠሩ።]

በ WhatsApp ይጻፉልን፦ wa.me/27688529333

#MuleSoo #ሀበሻ #ኢትዮጵያ"
"2026-12-05","Sat","339","Instagram","PROOF","yes","172","","በዚህ ወር የሰራነው፦

[እውነተኛ የደንበኛ ውጤት እዚህ ያስገቡ — ለምሳሌ፦ «የእገሌ ንግድ ቀጠሮዎች በ40% ጨመሩ»። እውነተኛ ውጤት ብቻ፤ በጭራሽ አይፈጠሩ።]

ተጨማሪ ለማወቅ፦ mulesoo.com

#MuleSoo #ሀበሻ #ኢትዮጵያ #ንግድ #ቴክኖሎጂ #ዲጂታል #ቢዝነስ"
"2026-12-05","Sat","339","Facebook","PROOF","yes","155","","በዚህ ወር የሰራነው፦

[እውነተኛ የደንበኛ ውጤት እዚህ ያስገቡ — ለምሳሌ፦ «የእገሌ ንግድ ቀጠሮዎች በ40% ጨመሩ»። እውነተኛ ውጤት ብቻ፤ በጭራሽ አይፈጠሩ።]

ዛሬውኑ ያናግሩን፦ wa.me/27688529333

#MuleSoo #ሀበሻ #ኢትዮጵያ"
"2026-12-05","Sat","339","TikTok","PROOF","yes","133","","በዚህ ወር የሰራነው፦
[እውነተኛ የደንበኛ ውጤት እዚህ ያስገቡ — ለምሳሌ፦ «የእገሌ ንግድ ቀጠሮዎች በ40% ጨመሩ»።

ሙሉውን በመገለጫችን ሊንክ ያገኙታል።

#MuleSoo #ሀበሻ #ኢትዮጵያ #ንግድ #ቴክኖሎጂ"
"2026-12-05","Sat","339","X","PROOF","yes","128","","በዚህ ወር የሰራነው፦
[እውነተኛ የደንበኛ ውጤት እዚህ ያስገቡ — ለምሳሌ፦ «የእገሌ ንግድ ቀጠሮዎች በ40% ጨመሩ»። እውነተኛ ውጤት ብቻ፤ በጭራሽ አይፈጠሩ።]

mulesoo.com #MuleSoo #ሀበሻ"
"2026-12-06","Sun","340","LinkedIn","MYTH","","142","","ብዙ ጊዜ የሚባል ነገር፦ «አውቶሜሽን ሰራተኞችን ያስወግዳል።»

እውነታው፦ አይደለም — አሰልቺውን ስራ ይወስዳል። ሰዎችዎ ለሚከፍለው ስራ ጊዜ ያገኛሉ።

ተጨማሪ ለማወቅ፦ mulesoo.com

#MuleSoo #ሀበሻ #ኢትዮጵያ"
"2026-12-06","Sun","340","Instagram","MYTH","","178","","ብዙ ጊዜ የሚባል ነገር፦ «ለትንሽ ንግድ ድረ-ገጽ አያስፈልግም።»

እውነታው፦ ደንበኛዎ ግን መጀመሪያ ጉግል ላይ ይፈልግዎታል። እዚያ ከሌሉ፣ ለሌላው ይደውላል።

ዛሬውኑ ያናግሩን፦ wa.me/27688529333

#MuleSoo #ሀበሻ #ኢትዮጵያ #ንግድ #ቴክኖሎጂ #ዲጂታል #ቢዝነስ"
"2026-12-06","Sun","340","Facebook","MYTH","","171","","ብዙ ጊዜ የሚባል ነገር፦ «ድረ-ገጽ አንዴ ተሰርቶ ያበቃል።»

እውነታው፦ ድረ-ገጽ እንደ ሱቅ ነው — መስታወቱ ሁልጊዜ ንጹህ መሆን አለበት። ትንሽ እንክብካቤ ትልቅ ልዩነት ያመጣል።

ነጻ የ30 ደቂቃ ምክክር ይያዙ፦ mulesoo.com

#MuleSoo #ሀበሻ #ኢትዮጵያ"
"2026-12-06","Sun","340","TikTok","MYTH","","141","","ብዙ ጊዜ የሚባል ነገር፦ «ማህበራዊ ሚዲያ ካለኝ ድረ-ገጽ አያስፈልገኝም።»
እውነታው፦ ያ ገጽ የእርስዎ አይደለም፤ ተከራይተውታል።

ሙሉውን በመገለጫችን ሊንክ ያገኙታል።

#MuleSoo #ሀበሻ #ኢትዮጵያ #ንግድ #ቴክኖሎጂ"
"2026-12-06","Sun","340","X","MYTH","","124","","ብዙ ጊዜ የሚባል ነገር፦ «ደንበኞቼ ኢንተርኔት አይጠቀሙም።»
እውነታው፦ ልጆቻቸው ግን ይጠቀማሉ — እና የቤተሰቡን ውሳኔ ብዙ ጊዜ የሚመሩት እነሱ ናቸው።

mulesoo.com #MuleSoo #ሀበሻ"
"2026-12-07","Mon","341","LinkedIn","BEHIND","","125","","አዲስ ሰው ስንቀጥር የመጀመሪያ ጥያቄያችን፦ «ማስረዳት ይችላሉ?»

ኮድ መጻፍ ይማራል፤ ግልጽነት ግን ባህሪ ነው።

ዛሬውኑ ያናግሩን፦ wa.me/27688529333

#MuleSoo #ሀበሻ #ኢትዮጵያ"
"2026-12-07","Mon","341","Instagram","BEHIND","","175","","ዛሬ ከአዲስ ደንበኛ ጋር የመጀመሪያ ስብሰባ ነበረን።

አንድም ጊዜ ስለ ቴክኖሎጂ አልተነጋገርንም — ስለ ንግዱ ብቻ። ኮዱ የሚመጣው ከዚያ በኋላ ነው።

ነጻ የ30 ደቂቃ ምክክር ይያዙ፦ mulesoo.com

#MuleSoo #ሀበሻ #ኢትዮጵያ #ንግድ #ቴክኖሎጂ #ዲጂታል #ቢዝነስ"
"2026-12-07","Mon","341","Facebook","BEHIND","","118","","ከመጨመራችን በፊት እንቀንሳለን።

የመጀመሪያው ስራችን ደንበኛው የማይፈልገውን ማስወገድ ነው።

በ WhatsApp ይጻፉልን፦ wa.me/27688529333

#MuleSoo #ሀበሻ #ኢትዮጵያ"
"2026-12-07","Mon","341","TikTok","BEHIND","","121","","የእኛ ስብሰባዎች 30 ደቂቃ ናቸው።
ከዚያ በላይ ከወሰደ፣ ችግሩ አጀንዳው ሳይሆን ዝግጅታችን ነው።

ሙሉውን በመገለጫችን ሊንክ ያገኙታል።

#MuleSoo #ሀበሻ #ኢትዮጵያ #ንግድ #ቴክኖሎጂ"
"2026-12-07","Mon","341","X","BEHIND","","99","","ኮድ ከመጻፍ በፊት እንቆጥራለን።
ስንት ጎብኚ፣ ስንት ጥያቄ፣ ስንት ሽያጭ። ቁጥር የሌለው ዲዛይን ግምት ብቻ ነው።

mulesoo.com #MuleSoo #ሀበሻ"
"2026-12-08","Tue","342","LinkedIn","PROMO","","120","","ድረ-ገጽ ይፈልጋሉ?

ጎብኚን ወደ ከፋይ ደንበኛ የሚቀይር ድረ-ገጽ እንሰራለን። ከ R3,500 ጀምሮ።

ነጻ የ30 ደቂቃ ምክክር ይያዙ፦ mulesoo.com

#MuleSoo #ሀበሻ #ኢትዮጵያ"
"2026-12-08","Tue","342","Instagram","PROMO","","147","","ሎጎዎ ማን እንደሆኑ ይናገራል?

በአንድ እይታ የሚታወስ የምርት መለያ እንሰራለን። ከ R800 ጀምሮ።

በ WhatsApp ይጻፉልን፦ wa.me/27688529333

#MuleSoo #ሀበሻ #ኢትዮጵያ #ንግድ #ቴክኖሎጂ #ዲጂታል #ቢዝነስ"
"2026-12-08","Tue","342","Facebook","PROMO","","114","","ገና በ gmail ነው የሚሰሩት?

የ @yourbusiness ኢሜይል ያሳምራል፤ ያሳምናል። ከ R400 ጀምሮ።

ተጨማሪ ለማወቅ፦ mulesoo.com

#MuleSoo #ሀበሻ #ኢትዮጵያ"
"2026-12-08","Tue","342","TikTok","PROMO","","135","","አሰልቺው የቢሮ ስራ ራሱን ይስራ።
የ AI አውቶሜሽን ስርዓቶቻችን ደረሰኝ ይልካሉ፣ ቀጠሮ ያስይዛሉ፣ ደንበኛ ይከታተላሉ።

ሙሉውን በመገለጫችን ሊንክ ያገኙታል።

#MuleSoo #ሀበሻ #ኢትዮጵያ #ንግድ #ቴክኖሎጂ"
"2026-12-08","Tue","342","X","PROMO","","90","","ድረ-ገጽ ይፈልጋሉ?
ጎብኚን ወደ ከፋይ ደንበኛ የሚቀይር ድረ-ገጽ እንሰራለን። ከ R3,500 ጀምሮ።

mulesoo.com #MuleSoo #ሀበሻ"
"2026-12-09","Wed","343","LinkedIn","HUMAN","","147","","የሰማነው፦ «እንደ Apple ድረ-ገጽ ይሁን — ግን ብዙ ነገር ጨምሩበት።»

ይህ ዓረፍተ ነገር ራሱን ይቃረናል። ፈገግ ብለን እናስረዳለን።

በ WhatsApp ይጻፉልን፦ wa.me/27688529333

#MuleSoo #ሀበሻ #ኢትዮጵያ"
"2026-12-09","Wed","343","Instagram","HUMAN","","139","","የሰማነው፦ «ትንሽ ለውጥ ነው» የሚለው ዓረፍተ ነገር…

በአማካይ ሶስት ቀን ይወስዳል። ግን እንወደዋለን። 😅

ተጨማሪ ለማወቅ፦ mulesoo.com

#MuleSoo #ሀበሻ #ኢትዮጵያ #ንግድ #ቴክኖሎጂ #ዲጂታል #ቢዝነስ"
"2026-12-09","Wed","343","Facebook","HUMAN","","107","","በበዓል ቀንም «ድረ-ገጹ ደህና ነው?» ብለን እንፈትሻለን።

አዎ፣ እንደዚህ ነን። 🙈

ዛሬውኑ ያናግሩን፦ wa.me/27688529333

#MuleSoo #ሀበሻ #ኢትዮጵያ"
"2026-12-09","Wed","343","TikTok","HUMAN","","103","","ሁለት አይነት ንግድ አለ፦
ድረ-ገጽ ያለውና «በኋላ እሰራለሁ» የሚል።

ሙሉውን በመገለጫችን ሊንክ ያገኙታል።

#MuleSoo #ሀበሻ #ኢትዮጵያ #ንግድ #ቴክኖሎጂ"
"2026-12-09","Wed","343","X","HUMAN","","95","","እኛ ስንተኛ ስልካችን ጸጥ ይላል ብለን እናስባለን።
ቻትቦታችን ግን በዚያው ሌሊት ሶስት ቀጠሮ ይዞ ያድራል።

mulesoo.com #MuleSoo #ሀበሻ"
"2026-12-10","Thu","344","LinkedIn","PROBLEM","","108","","ዋጋ ማቅረቢያ በእጅ ይሰራሉ።

በሳምንት 4 ሰዓት ነው። በዓመት አምስት የስራ ሳምንት ማለት ነው።

ተጨማሪ ለማወቅ፦ mulesoo.com

#MuleSoo #ሀበሻ #ኢትዮጵያ"
"2026-12-10","Thu","344","Instagram","PROBLEM","","138","","ደረሰኞችዎ ዘግይተው ይወጣሉ።

የገንዘብ ፍሰት የሂሳብ ችግር አይደለም፤ የአስተዳደር ችግር ነው።

ዛሬውኑ ያናግሩን፦ wa.me/27688529333

#MuleSoo #ሀበሻ #ኢትዮጵያ #ንግድ #ቴክኖሎጂ #ዲጂታል #ቢዝነስ"
"2026-12-10","Thu","344","Facebook","PROBLEM","","115","","ለጥያቄ መልስ የሚሰጡት በሁለት ቀን ነው።

ስራውን ያገኘው ግን በሁለት ሰዓት የመለሰው ነው።

ነጻ የ30 ደቂቃ ምክክር ይያዙ፦ mulesoo.com

#MuleSoo #ሀበሻ #ኢትዮጵያ"
"2026-12-10","Thu","344","TikTok","PROBLEM","","122","","ደንበኞችዎ ከየት እንደመጡ አያውቁም።
ስለዚህ በሚሰራው መንገድ ላይ ተጨማሪ ገንዘብ ማዋል አይችሉም።

ሙሉውን በመገለጫችን ሊንክ ያገኙታል።

#MuleSoo #ሀበሻ #ኢትዮጵያ #ንግድ #ቴክኖሎጂ"
"2026-12-10","Thu","344","X","PROBLEM","","100","","አንድ ጥያቄ በሳምንት 30 ጊዜ በዋትስአፕ ይመልሳሉ።
ያ የደንበኛ አገልግሎት አይደለም፤ ገና ያልተሰራ ቻትቦት ነው።

mulesoo.com #MuleSoo #ሀበሻ"
"2026-12-11","Fri","345","LinkedIn","EDUCATE","","117","","የገዙት ኮድ የእርስዎ ይሁን።

ገንቢው ሲጠፋ ድረ-ገጽዎም አብሮ ከጠፋ፣ አልገዙትም — ተከራይተውታል።

ዛሬውኑ ያናግሩን፦ wa.me/27688529333

#MuleSoo #ሀበሻ #ኢትዮጵያ"
"2026-12-11","Fri","345","Instagram","EDUCATE","","151","","እያንዳንዱ የቅጽ መስክ ደንበኛ ያስከፍላል።

ለመመለስ የሚያስፈልገውን ብቻ ይጠይቁ። ሌላው ሁሉ መጠበቅ ይችላል።

ነጻ የ30 ደቂቃ ምክክር ይያዙ፦ mulesoo.com

#MuleSoo #ሀበሻ #ኢትዮጵያ #ንግድ #ቴክኖሎጂ #ዲጂታል #ቢዝነስ"
"2026-12-11","Fri","345","Facebook","EDUCATE","","134","","ግምገማዎችዎ የእርስዎ SEO ናቸው።

እውነተኛ ግምገማ ያለው የጉግል ቢዝነስ ፕሮፋይል ከቆንጆ ድረ-ገጽ በላይ ይወጣል።

በ WhatsApp ይጻፉልን፦ wa.me/27688529333

#MuleSoo #ሀበሻ #ኢትዮጵያ"
"2026-12-11","Fri","345","TikTok","EDUCATE","","111","","የመብራት መቆራረጥ የዲዛይን ግዴታ ነው።
ለተቆራረጠ ኢንተርኔት አስቀድመው ይንደፉ።

ሙሉውን በመገለጫችን ሊንክ ያገኙታል።

#MuleSoo #ሀበሻ #ኢትዮጵያ #ንግድ #ቴክኖሎጂ"
"2026-12-11","Fri","345","X","EDUCATE","","89","","ሰዎች አያነቡም፤ በዓይን ይቃኛሉ።
አጫጭር አንቀጾች። ግልጽ ርዕሶች። በአንድ ስክሪን አንድ ሀሳብ።

mulesoo.com #MuleSoo #ሀበሻ"
"2026-12-12","Sat","346","LinkedIn","PROOF","yes","158","","በዚህ ወር የሰራነው፦

[እውነተኛ የደንበኛ ውጤት እዚህ ያስገቡ — ለምሳሌ፦ «የእገሌ ንግድ ቀጠሮዎች በ40% ጨመሩ»። እውነተኛ ውጤት ብቻ፤ በጭራሽ አይፈጠሩ።]

ነጻ የ30 ደቂቃ ምክክር ይያዙ፦ mulesoo.com

#MuleSoo #ሀበሻ #ኢትዮጵያ"
"2026-12-12","Sat","346","Instagram","PROOF","yes","185","","በዚህ ወር የሰራነው፦

[እውነተኛ የደንበኛ ውጤት እዚህ ያስገቡ — ለምሳሌ፦ «የእገሌ ንግድ ቀጠሮዎች በ40% ጨመሩ»። እውነተኛ ውጤት ብቻ፤ በጭራሽ አይፈጠሩ።]

በ WhatsApp ይጻፉልን፦ wa.me/27688529333

#MuleSoo #ሀበሻ #ኢትዮጵያ #ንግድ #ቴክኖሎጂ #ዲጂታል #ቢዝነስ"
"2026-12-12","Sat","346","Facebook","PROOF","yes","148","","በዚህ ወር የሰራነው፦

[እውነተኛ የደንበኛ ውጤት እዚህ ያስገቡ — ለምሳሌ፦ «የእገሌ ንግድ ቀጠሮዎች በ40% ጨመሩ»። እውነተኛ ውጤት ብቻ፤ በጭራሽ አይፈጠሩ።]

ተጨማሪ ለማወቅ፦ mulesoo.com

#MuleSoo #ሀበሻ #ኢትዮጵያ"
"2026-12-12","Sat","346","TikTok","PROOF","yes","133","","በዚህ ወር የሰራነው፦
[እውነተኛ የደንበኛ ውጤት እዚህ ያስገቡ — ለምሳሌ፦ «የእገሌ ንግድ ቀጠሮዎች በ40% ጨመሩ»።

ሙሉውን በመገለጫችን ሊንክ ያገኙታል።

#MuleSoo #ሀበሻ #ኢትዮጵያ #ንግድ #ቴክኖሎጂ"
"2026-12-12","Sat","346","X","PROOF","yes","128","","በዚህ ወር የሰራነው፦
[እውነተኛ የደንበኛ ውጤት እዚህ ያስገቡ — ለምሳሌ፦ «የእገሌ ንግድ ቀጠሮዎች በ40% ጨመሩ»። እውነተኛ ውጤት ብቻ፤ በጭራሽ አይፈጠሩ።]

mulesoo.com #MuleSoo #ሀበሻ"
"2026-12-13","Sun","347","LinkedIn","MYTH","","154","","ብዙ ጊዜ የሚባል ነገር፦ «QR ኮድ ጊዜው አልፎበታል።»

እውነታው፦ ዛሬ በሁሉም ጠረጴዛ ላይ ነው። ትክክለኛው ጥያቄ፦ ስንት ሰው እንደቃኘው ያውቃሉ?

በ WhatsApp ይጻፉልን፦ wa.me/27688529333

#MuleSoo #ሀበሻ #ኢትዮጵያ"
"2026-12-13","Sun","347","Instagram","MYTH","","179","","ብዙ ጊዜ የሚባል ነገር፦ «ቻትቦት ደንበኞችን ያስቀይማል።»

እውነታው፦ የሚያስቀይመው መልስ አለማግኘት ነው። ጥሩ ቻትቦት በሰከንድ ይመልሳል፤ ሰው ሲያስፈልግ ያስተላልፋል።

ተጨማሪ ለማወቅ፦ mulesoo.com

#MuleSoo #ሀበሻ #ኢትዮጵያ #ንግድ #ቴክኖሎጂ #ዲጂታል #ቢዝነስ"
"2026-12-13","Sun","347","Facebook","MYTH","","166","","ብዙ ጊዜ የሚባል ነገር፦ «AI ውድ ነው፤ ለትልልቅ ኩባንያዎች ብቻ ነው።»

እውነታው፦ ዛሬ ቻትቦት ከአንድ ሰራተኛ ወርሃዊ ደመወዝ ባነሰ ዋጋ ይሰራል — እና እረፍት አይጠይቅም።

ዛሬውኑ ያናግሩን፦ wa.me/27688529333

#MuleSoo #ሀበሻ #ኢትዮጵያ"
"2026-12-13","Sun","347","TikTok","MYTH","","148","","ብዙ ጊዜ የሚባል ነገር፦ «ሎጎ ማንኛውም ሰው መስራት ይችላል።»
እውነታው፦ ሎጎ ስዕል ብቻ አይደለም፤ በመጀመሪያ እይታ የሚቀር ማህተም ነው።

ሙሉውን በመገለጫችን ሊንክ ያገኙታል።

#MuleSoo #ሀበሻ #ኢትዮጵያ #ንግድ #ቴክኖሎጂ"
"2026-12-13","Sun","347","X","MYTH","","115","","ብዙ ጊዜ የሚባል ነገር፦ «ውድ ድረ-ገጽ ጥሩ ድረ-ገጽ ነው።»
እውነታው፦ ዋጋ ጥራት አይደለም። ድረ-ገጽ የሚለካው በሚያመጣው ደንበኛ ነው።

mulesoo.com #MuleSoo #ሀበሻ"
"2026-12-14","Mon","348","LinkedIn","BEHIND","","137","","ትልቁ ደስታችን ደንበኛ «ራሴ አስተካከልኩት» ሲለን ነው።

ስርዓቱ የእሱ ነውና። እኛ የሰራነው መሳሪያውን ነው፤ ንግዱን የሚያሳድገው እሱ ነው።

ተጨማሪ ለማወቅ፦ mulesoo.com

#MuleSoo #ሀበሻ #ኢትዮጵያ"
"2026-12-14","Mon","348","Instagram","BEHIND","","144","","እያንዳንዱን ድረ-ገጽ በትንሹ ስክሪን ላይ እንፈትሻለን።

በትንሹ ስልክ ላይ ከሰራ፣ በሁሉም ላይ ይሰራል።

ዛሬውኑ ያናግሩን፦ wa.me/27688529333

#MuleSoo #ሀበሻ #ኢትዮጵያ #ንግድ #ቴክኖሎጂ #ዲጂታል #ቢዝነስ"
"2026-12-14","Mon","348","Facebook","BEHIND","","114","","ዛሬ አንድ ፕሮጀክት አልተቀበልንም።

ትክክለኛው ስራ ካልሆነ፣ ገንዘቡም ትክክለኛ አይደለም።

ነጻ የ30 ደቂቃ ምክክር ይያዙ፦ mulesoo.com

#MuleSoo #ሀበሻ #ኢትዮጵያ"
"2026-12-14","Mon","348","TikTok","BEHIND","","137","","ደንበኛ «ትንሽ ለውጥ» ሲል እንሳቀቅ ነበር።
አሁን ግን እያንዳንዱ ደንበኛ ራሱ የሚያስተካክልበት አድሚን ፓነል እንሰጣለን።

ሙሉውን በመገለጫችን ሊንክ ያገኙታል።

#MuleSoo #ሀበሻ #ኢትዮጵያ #ንግድ #ቴክኖሎጂ"
"2026-12-14","Mon","348","X","BEHIND","","90","","የደንበኞቻችንን ድረ-ገጾች በየቀኑ እንቃኛለን።
ችግርን ከደንበኛው በፊት ማየት የስራችን አካል ነው።

mulesoo.com #MuleSoo #ሀበሻ"
"2026-12-15","Tue","349","LinkedIn","PROMO","","132","","ሌሊት የሚመልስ ሰራተኛ ይፈልጋሉ?

ቻትቦታችን በሌሊትም ይመልሳል — እርስዎ ይተኛሉ፣ ንግድዎ ይሰራል። ከ R2,500 ጀምሮ።

ዛሬውኑ ያናግሩን፦ wa.me/27688529333

#MuleSoo #ሀበሻ #ኢትዮጵያ"
"2026-12-15","Tue","349","Instagram","PROMO","","171","","ወረቀት ላይ ያለ ተራ QR ኮድ በቂ አይደለም።

ማን፣ መቼ፣ ስንት ጊዜ እንደቃኘው የሚነግርዎ የምርትዎን ቀለም የያዘ ኮድ — ከ R300 ጀምሮ።

ነጻ የ30 ደቂቃ ምክክር ይያዙ፦ mulesoo.com

#MuleSoo #ሀበሻ #ኢትዮጵያ #ንግድ #ቴክኖሎጂ #ዲጂታል #ቢዝነስ"
"2026-12-15","Tue","349","Facebook","PROMO","","145","","ቀጠሮ፣ ክፍያ፣ ማስታወሻ — ሁሉም በራሱ ይስራ።

የ Auto Pilot ስርዓታችን ንግድዎን በእንቅልፍዎም ያንቀሳቅሳል። ዋጋ በፕሮጀክት።

በ WhatsApp ይጻፉልን፦ wa.me/27688529333

#MuleSoo #ሀበሻ #ኢትዮጵያ"
"2026-12-15","Tue","349","TikTok","PROMO","","119","","ንግድዎ የሚፈልገው መተግበሪያ ገበያ ላይ የለም?
እንሰራዋለን — ልክ ለእርስዎ አሰራር የተሰፋ።

ሙሉውን በመገለጫችን ሊንክ ያገኙታል።

#MuleSoo #ሀበሻ #ኢትዮጵያ #ንግድ #ቴክኖሎጂ"
"2026-12-15","Tue","349","X","PROMO","","105","","ሌሊት የሚመልስ ሰራተኛ ይፈልጋሉ?
ቻትቦታችን በሌሊትም ይመልሳል — እርስዎ ይተኛሉ፣ ንግድዎ ይሰራል። ከ R2,500 ጀምሮ።

mulesoo.com #MuleSoo #ሀበሻ"
"2026-12-16","Wed","350","LinkedIn","HUMAN","","121","","እያንዳንዱ የሎጎ ማስተካከያ ጥያቄ የሚመጣው እኩለ ሌሊት ላይ ነው።

ለምን እንደሆነ መጠየቅ አቁመናል።

ነጻ የ30 ደቂቃ ምክክር ይያዙ፦ mulesoo.com

#MuleSoo #ሀበሻ #ኢትዮጵያ"
"2026-12-16","Wed","350","Instagram","HUMAN","","145","","ስንት ቡና እንደጠጣን አንቆጥርም።

የደንበኞቻችን ሽያጭ ግን ይቆጠራል። ቅድሚያችን ግልጽ ነው። ☕

በ WhatsApp ይጻፉልን፦ wa.me/27688529333

#MuleSoo #ሀበሻ #ኢትዮጵያ #ንግድ #ቴክኖሎጂ #ዲጂታል #ቢዝነስ"
"2026-12-16","Wed","350","Facebook","HUMAN","","121","","ደንበኛ፦ «መቼ ይደርሳል?» እኛ፦ «ነገ።»

ነገ ማለታችን ግን በእውነት ነገ ነው። ያልተለመደ መሆኑን እናውቃለን። 😄

ተጨማሪ ለማወቅ፦ mulesoo.com

#MuleSoo #ሀበሻ #ኢትዮጵያ"
"2026-12-16","Wed","350","TikTok","HUMAN","","106","","በስብሰባ ላይ በጣም የምንጠነቀቅበት ቃል፦
«የአክስቴ ልጅ ዲዛይን ያውቃል።

ሙሉውን በመገለጫችን ሊንክ ያገኙታል።

#MuleSoo #ሀበሻ #ኢትዮጵያ #ንግድ #ቴክኖሎጂ"
"2026-12-16","Wed","350","X","HUMAN","","81","","WiFi ሲጠፋ የቢሮአችን ድምጽ፦ ጸጥታ።
ከዚያ ሁሉም ወደ ስልክ ዳታ። ስራ አይቆምም።

mulesoo.com #MuleSoo #ሀበሻ"
"2026-12-17","Thu","351","LinkedIn","PROBLEM","","123","","ጉግል ላይ አይገኙም።

ትንሽ ስለሆኑ አይደለም — ገጾችዎ መኖራቸውን ለጉግል ማንም ስላልነገረው ነው።

በ WhatsApp ይጻፉልን፦ wa.me/27688529333

#MuleSoo #ሀበሻ #ኢትዮጵያ"
"2026-12-17","Thu","351","Instagram","PROBLEM","","118","","ዋጋዎ ድረ-ገጽዎ ላይ የለም።

ሰዎች «ውድ ይሆናል» ብለው ገምተው ይሄዳሉ።

ተጨማሪ ለማወቅ፦ mulesoo.com

#MuleSoo #ሀበሻ #ኢትዮጵያ #ንግድ #ቴክኖሎጂ #ዲጂታል #ቢዝነስ"
"2026-12-17","Thu","351","Facebook","PROBLEM","","130","","ማስተካከል የማይችሉት ድረ-ገጽ እየከፈሉበት ነው።

እያንዳንዱ የጽሁፍ ለውጥ አንድ የስልክ ጥሪና ሶስት ቀን ያስወጣዎታል።

ዛሬውኑ ያናግሩን፦ wa.me/27688529333

#MuleSoo #ሀበሻ #ኢትዮጵያ"
"2026-12-17","Thu","351","TikTok","PROBLEM","","109","","ድረ-ገጽዎ ለመከፈት 6 ሰከንድ ይወስዳል።
ግማሾቹ ጎብኚዎች ሳይጠብቁ ወጥተዋል።

ሙሉውን በመገለጫችን ሊንክ ያገኙታል።

#MuleSoo #ሀበሻ #ኢትዮጵያ #ንግድ #ቴክኖሎጂ"
"2026-12-17","Thu","351","X","PROBLEM","","100","","የንግድዎ ኢሜይል በ gmail ይጨርሳል።
ትልልቅ ደንበኞች ያስተውላሉ። ምንም አይሉም — ዝም ብለው መልስ አይሰጡም።

mulesoo.com #MuleSoo #ሀበሻ"
"2026-12-18","Fri","352","LinkedIn","EDUCATE","","91","","ዋጋዎን ይጻፉ።

መደበቅ አያሳንሰውም፤ እርግጠኛ እንዳልሆኑ ያስመስላል።

ተጨማሪ ለማወቅ፦ mulesoo.com

#MuleSoo #ሀበሻ #ኢትዮጵያ"
"2026-12-18","Fri","352","Instagram","EDUCATE","","133","","ምስሎችዎን ያሳንሱ።

4MB የሆነ ምስል የሆስቲንግ ችግር አይደለም፤ የምስል ችግር ነው።

ዛሬውኑ ያናግሩን፦ wa.me/27688529333

#MuleSoo #ሀበሻ #ኢትዮጵያ #ንግድ #ቴክኖሎጂ #ዲጂታል #ቢዝነስ"
"2026-12-18","Fri","352","Facebook","EDUCATE","","117","","አንድ ቁጥር ብቻ ይለኩ።

በሳምንት የሚመጡ ጥያቄዎች። ያንን የማያንቀሳቅስ ነገር ሁሉ ጌጥ ነው።

ነጻ የ30 ደቂቃ ምክክር ይያዙ፦ mulesoo.com

#MuleSoo #ሀበሻ #ኢትዮጵያ"
"2026-12-18","Fri","352","TikTok","EDUCATE","","120","","የመነሻ ገጽዎ አንድ ስራ ብቻ አለው።
ምን እንደሚሰሩ፣ ለማን እንደሆነ፣ የት እንደሚጫኑ ይንገሩ።

ሙሉውን በመገለጫችን ሊንክ ያገኙታል።

#MuleSoo #ሀበሻ #ኢትዮጵያ #ንግድ #ቴክኖሎጂ"
"2026-12-18","Fri","352","X","EDUCATE","","97","","ከሎጎ በፊት ዶሜይን ይግዙ።
ስሞች ይቀየራሉ። መጀመሪያ .com ወይም .co.za ያዙ፤ ከዚያ ዙሪያውን ይንደፉ።

mulesoo.com #MuleSoo #ሀበሻ"
"2026-12-19","Sat","353","LinkedIn","PROOF","yes","155","","በዚህ ወር የሰራነው፦

[እውነተኛ የደንበኛ ውጤት እዚህ ያስገቡ — ለምሳሌ፦ «የእገሌ ንግድ ቀጠሮዎች በ40% ጨመሩ»። እውነተኛ ውጤት ብቻ፤ በጭራሽ አይፈጠሩ።]

ዛሬውኑ ያናግሩን፦ wa.me/27688529333

#MuleSoo #ሀበሻ #ኢትዮጵያ"
"2026-12-19","Sat","353","Instagram","PROOF","yes","182","","በዚህ ወር የሰራነው፦

[እውነተኛ የደንበኛ ውጤት እዚህ ያስገቡ — ለምሳሌ፦ «የእገሌ ንግድ ቀጠሮዎች በ40% ጨመሩ»። እውነተኛ ውጤት ብቻ፤ በጭራሽ አይፈጠሩ።]

ነጻ የ30 ደቂቃ ምክክር ይያዙ፦ mulesoo.com

#MuleSoo #ሀበሻ #ኢትዮጵያ #ንግድ #ቴክኖሎጂ #ዲጂታል #ቢዝነስ"
"2026-12-19","Sat","353","Facebook","PROOF","yes","161","","በዚህ ወር የሰራነው፦

[እውነተኛ የደንበኛ ውጤት እዚህ ያስገቡ — ለምሳሌ፦ «የእገሌ ንግድ ቀጠሮዎች በ40% ጨመሩ»። እውነተኛ ውጤት ብቻ፤ በጭራሽ አይፈጠሩ።]

በ WhatsApp ይጻፉልን፦ wa.me/27688529333

#MuleSoo #ሀበሻ #ኢትዮጵያ"
"2026-12-19","Sat","353","TikTok","PROOF","yes","133","","በዚህ ወር የሰራነው፦
[እውነተኛ የደንበኛ ውጤት እዚህ ያስገቡ — ለምሳሌ፦ «የእገሌ ንግድ ቀጠሮዎች በ40% ጨመሩ»።

ሙሉውን በመገለጫችን ሊንክ ያገኙታል።

#MuleSoo #ሀበሻ #ኢትዮጵያ #ንግድ #ቴክኖሎጂ"
"2026-12-19","Sat","353","X","PROOF","yes","128","","በዚህ ወር የሰራነው፦
[እውነተኛ የደንበኛ ውጤት እዚህ ያስገቡ — ለምሳሌ፦ «የእገሌ ንግድ ቀጠሮዎች በ40% ጨመሩ»። እውነተኛ ውጤት ብቻ፤ በጭራሽ አይፈጠሩ።]

mulesoo.com #MuleSoo #ሀበሻ"
"2026-12-20","Sun","354","LinkedIn","MYTH","","157","","ብዙ ጊዜ የሚባል ነገር፦ «ለትንሽ ንግድ ድረ-ገጽ አያስፈልግም።»

እውነታው፦ ደንበኛዎ ግን መጀመሪያ ጉግል ላይ ይፈልግዎታል። እዚያ ከሌሉ፣ ለሌላው ይደውላል።

ነጻ የ30 ደቂቃ ምክክር ይያዙ፦ mulesoo.com

#MuleSoo #ሀበሻ #ኢትዮጵያ"
"2026-12-20","Sun","354","Instagram","MYTH","","198","","ብዙ ጊዜ የሚባል ነገር፦ «ድረ-ገጽ አንዴ ተሰርቶ ያበቃል።»

እውነታው፦ ድረ-ገጽ እንደ ሱቅ ነው — መስታወቱ ሁልጊዜ ንጹህ መሆን አለበት። ትንሽ እንክብካቤ ትልቅ ልዩነት ያመጣል።

በ WhatsApp ይጻፉልን፦ wa.me/27688529333

#MuleSoo #ሀበሻ #ኢትዮጵያ #ንግድ #ቴክኖሎጂ #ዲጂታል #ቢዝነስ"
"2026-12-20","Sun","354","Facebook","MYTH","","155","","ብዙ ጊዜ የሚባል ነገር፦ «ማህበራዊ ሚዲያ ካለኝ ድረ-ገጽ አያስፈልገኝም።»

እውነታው፦ ያ ገጽ የእርስዎ አይደለም፤ ተከራይተውታል። ህጎቹ ሲቀየሩ ንግድዎም አብሮ ይናወጣል።

ተጨማሪ ለማወቅ፦ mulesoo.com

#MuleSoo #ሀበሻ #ኢትዮጵያ"
"2026-12-20","Sun","354","TikTok","MYTH","","156","","ብዙ ጊዜ የሚባል ነገር፦ «ደንበኞቼ ኢንተርኔት አይጠቀሙም።»
እውነታው፦ ልጆቻቸው ግን ይጠቀማሉ — እና የቤተሰቡን ውሳኔ ብዙ ጊዜ የሚመሩት እነሱ ናቸው።

ሙሉውን በመገለጫችን ሊንክ ያገኙታል።

#MuleSoo #ሀበሻ #ኢትዮጵያ #ንግድ #ቴክኖሎጂ"
"2026-12-20","Sun","354","X","MYTH","","122","","ብዙ ጊዜ የሚባል ነገር፦ «አውቶሜሽን ሰራተኞችን ያስወግዳል።»
እውነታው፦ አይደለም — አሰልቺውን ስራ ይወስዳል። ሰዎችዎ ለሚከፍለው ስራ ጊዜ ያገኛሉ።

mulesoo.com #MuleSoo #ሀበሻ"
"2026-12-21","Mon","355","LinkedIn","BEHIND","","154","","ዛሬ ከአዲስ ደንበኛ ጋር የመጀመሪያ ስብሰባ ነበረን።

አንድም ጊዜ ስለ ቴክኖሎጂ አልተነጋገርንም — ስለ ንግዱ ብቻ። ኮዱ የሚመጣው ከዚያ በኋላ ነው።

በ WhatsApp ይጻፉልን፦ wa.me/27688529333

#MuleSoo #ሀበሻ #ኢትዮጵያ"
"2026-12-21","Mon","355","Instagram","BEHIND","","129","","ከመጨመራችን በፊት እንቀንሳለን።

የመጀመሪያው ስራችን ደንበኛው የማይፈልገውን ማስወገድ ነው።

ተጨማሪ ለማወቅ፦ mulesoo.com

#MuleSoo #ሀበሻ #ኢትዮጵያ #ንግድ #ቴክኖሎጂ #ዲጂታል #ቢዝነስ"
"2026-12-21","Mon","355","Facebook","BEHIND","","116","","የእኛ ስብሰባዎች 30 ደቂቃ ናቸው።

ከዚያ በላይ ከወሰደ፣ ችግሩ አጀንዳው ሳይሆን ዝግጅታችን ነው።

ዛሬውኑ ያናግሩን፦ wa.me/27688529333

#MuleSoo #ሀበሻ #ኢትዮጵያ"
"2026-12-21","Mon","355","TikTok","BEHIND","","106","","ኮድ ከመጻፍ በፊት እንቆጥራለን።
ስንት ጎብኚ፣ ስንት ጥያቄ፣ ስንት ሽያጭ።

ሙሉውን በመገለጫችን ሊንክ ያገኙታል።

#MuleSoo #ሀበሻ #ኢትዮጵያ #ንግድ #ቴክኖሎጂ"
"2026-12-21","Mon","355","X","BEHIND","","98","","አዲስ ሰው ስንቀጥር የመጀመሪያ ጥያቄያችን፦ «ማስረዳት ይችላሉ?»
ኮድ መጻፍ ይማራል፤ ግልጽነት ግን ባህሪ ነው።

mulesoo.com #MuleSoo #ሀበሻ"
"2026-12-22","Tue","356","LinkedIn","PROMO","","110","","ሎጎዎ ማን እንደሆኑ ይናገራል?

በአንድ እይታ የሚታወስ የምርት መለያ እንሰራለን። ከ R800 ጀምሮ።

ተጨማሪ ለማወቅ፦ mulesoo.com

#MuleSoo #ሀበሻ #ኢትዮጵያ"
"2026-12-22","Tue","356","Instagram","PROMO","","145","","ገና በ gmail ነው የሚሰሩት?

የ @yourbusiness ኢሜይል ያሳምራል፤ ያሳምናል። ከ R400 ጀምሮ።

ዛሬውኑ ያናግሩን፦ wa.me/27688529333

#MuleSoo #ሀበሻ #ኢትዮጵያ #ንግድ #ቴክኖሎጂ #ዲጂታል #ቢዝነስ"
"2026-12-22","Tue","356","Facebook","PROMO","","133","","አሰልቺው የቢሮ ስራ ራሱን ይስራ።

የ AI አውቶሜሽን ስርዓቶቻችን ደረሰኝ ይልካሉ፣ ቀጠሮ ያስይዛሉ፣ ደንበኛ ይከታተላሉ።

ነጻ የ30 ደቂቃ ምክክር ይያዙ፦ mulesoo.com

#MuleSoo #ሀበሻ #ኢትዮጵያ"
"2026-12-22","Tue","356","TikTok","PROMO","","108","","ድረ-ገጽ ይፈልጋሉ?
ጎብኚን ወደ ከፋይ ደንበኛ የሚቀይር ድረ-ገጽ እንሰራለን።

ሙሉውን በመገለጫችን ሊንክ ያገኙታል።

#MuleSoo #ሀበሻ #ኢትዮጵያ #ንግድ #ቴክኖሎጂ"
"2026-12-22","Tue","356","X","PROMO","","90","","ሎጎዎ ማን እንደሆኑ ይናገራል?
በአንድ እይታ የሚታወስ የምርት መለያ እንሰራለን። ከ R800 ጀምሮ።

mulesoo.com #MuleSoo #ሀበሻ"
"2026-12-23","Wed","357","LinkedIn","HUMAN","","120","","የሰማነው፦ «ትንሽ ለውጥ ነው» የሚለው ዓረፍተ ነገር…

በአማካይ ሶስት ቀን ይወስዳል። ግን እንወደዋለን።

ዛሬውኑ ያናግሩን፦ wa.me/27688529333

#MuleSoo #ሀበሻ #ኢትዮጵያ"
"2026-12-23","Wed","357","Instagram","HUMAN","","134","","በበዓል ቀንም «ድረ-ገጹ ደህና ነው?» ብለን እንፈትሻለን።

አዎ፣ እንደዚህ ነን። 🙈

ነጻ የ30 ደቂቃ ምክክር ይያዙ፦ mulesoo.com

#MuleSoo #ሀበሻ #ኢትዮጵያ #ንግድ #ቴክኖሎጂ #ዲጂታል #ቢዝነስ"
"2026-12-23","Wed","357","Facebook","HUMAN","","134","","ሁለት አይነት ንግድ አለ፦

ድረ-ገጽ ያለውና «በኋላ እሰራለሁ» የሚል። ሁለተኛው የመጀመሪያውን ደንበኛ ያበረክትለታል።

በ WhatsApp ይጻፉልን፦ wa.me/27688529333

#MuleSoo #ሀበሻ #ኢትዮጵያ"
"2026-12-23","Wed","357","TikTok","HUMAN","","127","","እኛ ስንተኛ ስልካችን ጸጥ ይላል ብለን እናስባለን።
ቻትቦታችን ግን በዚያው ሌሊት ሶስት ቀጠሮ ይዞ ያድራል።

ሙሉውን በመገለጫችን ሊንክ ያገኙታል።

#MuleSoo #ሀበሻ #ኢትዮጵያ #ንግድ #ቴክኖሎጂ"
"2026-12-23","Wed","357","X","HUMAN","","87","","ልጆቻችን ስራችንን ሲጠየቁ፦ «ኮምፒውተር ይነካካሉ» ይላሉ።
ትክክል ናቸው። በጣም እንነካካለን።

mulesoo.com #MuleSoo #ሀበሻ"
"2026-12-24","Thu","358","LinkedIn","PROBLEM","","117","","ደረሰኞችዎ ዘግይተው ይወጣሉ።

የገንዘብ ፍሰት የሂሳብ ችግር አይደለም፤ የአስተዳደር ችግር ነው።

ነጻ የ30 ደቂቃ ምክክር ይያዙ፦ mulesoo.com

#MuleSoo #ሀበሻ #ኢትዮጵያ"
"2026-12-24","Thu","358","Instagram","PROBLEM","","142","","ለጥያቄ መልስ የሚሰጡት በሁለት ቀን ነው።

ስራውን ያገኘው ግን በሁለት ሰዓት የመለሰው ነው።

በ WhatsApp ይጻፉልን፦ wa.me/27688529333

#MuleSoo #ሀበሻ #ኢትዮጵያ #ንግድ #ቴክኖሎጂ #ዲጂታል #ቢዝነስ"
"2026-12-24","Thu","358","Facebook","PROBLEM","","110","","ደንበኞችዎ ከየት እንደመጡ አያውቁም።

ስለዚህ በሚሰራው መንገድ ላይ ተጨማሪ ገንዘብ ማዋል አይችሉም።

ተጨማሪ ለማወቅ፦ mulesoo.com

#MuleSoo #ሀበሻ #ኢትዮጵያ"
"2026-12-24","Thu","358","TikTok","PROBLEM","","132","","አንድ ጥያቄ በሳምንት 30 ጊዜ በዋትስአፕ ይመልሳሉ።
ያ የደንበኛ አገልግሎት አይደለም፤ ገና ያልተሰራ ቻትቦት ነው።

ሙሉውን በመገለጫችን ሊንክ ያገኙታል።

#MuleSoo #ሀበሻ #ኢትዮጵያ #ንግድ #ቴክኖሎጂ"
"2026-12-24","Thu","358","X","PROBLEM","","85","","ሎጎዎ በ Word የተሰራ ነው።
በትልቅ ባነር ላይ ይታወቃል። በንግድ ካርድ ላይም ይታወቃል።

mulesoo.com #MuleSoo #ሀበሻ"
"2026-12-25","Fri","359","LinkedIn","EDUCATE","","130","","እያንዳንዱ የቅጽ መስክ ደንበኛ ያስከፍላል።

ለመመለስ የሚያስፈልገውን ብቻ ይጠይቁ። ሌላው ሁሉ መጠበቅ ይችላል።

በ WhatsApp ይጻፉልን፦ wa.me/27688529333

#MuleSoo #ሀበሻ #ኢትዮጵያ"
"2026-12-25","Fri","359","Instagram","EDUCATE","","145","","ግምገማዎችዎ የእርስዎ SEO ናቸው።

እውነተኛ ግምገማ ያለው የጉግል ቢዝነስ ፕሮፋይል ከቆንጆ ድረ-ገጽ በላይ ይወጣል።

ተጨማሪ ለማወቅ፦ mulesoo.com

#MuleSoo #ሀበሻ #ኢትዮጵያ #ንግድ #ቴክኖሎጂ #ዲጂታል #ቢዝነስ"
"2026-12-25","Fri","359","Facebook","EDUCATE","","126","","የመብራት መቆራረጥ የዲዛይን ግዴታ ነው።

ለተቆራረጠ ኢንተርኔት አስቀድመው ይንደፉ። እዚህ አገር አማራጭ አይደለም።

ዛሬውኑ ያናግሩን፦ wa.me/27688529333

#MuleSoo #ሀበሻ #ኢትዮጵያ"
"2026-12-25","Fri","359","TikTok","EDUCATE","","92","","ሰዎች አያነቡም፤ በዓይን ይቃኛሉ።
አጫጭር አንቀጾች።

ሙሉውን በመገለጫችን ሊንክ ያገኙታል።

#MuleSoo #ሀበሻ #ኢትዮጵያ #ንግድ #ቴክኖሎጂ"
"2026-12-25","Fri","359","X","EDUCATE","","85","","ምርጥ ሻጭዎ የ FAQ ገጽ ነው።
ደንበኛው በአክብሮት ያልጠየቀውን ጥያቄ አስቀድሞ ይመልሳል።

mulesoo.com #MuleSoo #ሀበሻ"
"2026-12-26","Sat","360","LinkedIn","PROOF","yes","148","","በዚህ ወር የሰራነው፦

[እውነተኛ የደንበኛ ውጤት እዚህ ያስገቡ — ለምሳሌ፦ «የእገሌ ንግድ ቀጠሮዎች በ40% ጨመሩ»። እውነተኛ ውጤት ብቻ፤ በጭራሽ አይፈጠሩ።]

ተጨማሪ ለማወቅ፦ mulesoo.com

#MuleSoo #ሀበሻ #ኢትዮጵያ"
"2026-12-26","Sat","360","Instagram","PROOF","yes","179","","በዚህ ወር የሰራነው፦

[እውነተኛ የደንበኛ ውጤት እዚህ ያስገቡ — ለምሳሌ፦ «የእገሌ ንግድ ቀጠሮዎች በ40% ጨመሩ»። እውነተኛ ውጤት ብቻ፤ በጭራሽ አይፈጠሩ።]

ዛሬውኑ ያናግሩን፦ wa.me/27688529333

#MuleSoo #ሀበሻ #ኢትዮጵያ #ንግድ #ቴክኖሎጂ #ዲጂታል #ቢዝነስ"
"2026-12-26","Sat","360","Facebook","PROOF","yes","158","","በዚህ ወር የሰራነው፦

[እውነተኛ የደንበኛ ውጤት እዚህ ያስገቡ — ለምሳሌ፦ «የእገሌ ንግድ ቀጠሮዎች በ40% ጨመሩ»። እውነተኛ ውጤት ብቻ፤ በጭራሽ አይፈጠሩ።]

ነጻ የ30 ደቂቃ ምክክር ይያዙ፦ mulesoo.com

#MuleSoo #ሀበሻ #ኢትዮጵያ"
"2026-12-26","Sat","360","TikTok","PROOF","yes","133","","በዚህ ወር የሰራነው፦
[እውነተኛ የደንበኛ ውጤት እዚህ ያስገቡ — ለምሳሌ፦ «የእገሌ ንግድ ቀጠሮዎች በ40% ጨመሩ»።

ሙሉውን በመገለጫችን ሊንክ ያገኙታል።

#MuleSoo #ሀበሻ #ኢትዮጵያ #ንግድ #ቴክኖሎጂ"
"2026-12-26","Sat","360","X","PROOF","yes","128","","በዚህ ወር የሰራነው፦
[እውነተኛ የደንበኛ ውጤት እዚህ ያስገቡ — ለምሳሌ፦ «የእገሌ ንግድ ቀጠሮዎች በ40% ጨመሩ»። እውነተኛ ውጤት ብቻ፤ በጭራሽ አይፈጠሩ።]

mulesoo.com #MuleSoo #ሀበሻ"
"2026-12-27","Sun","361","LinkedIn","MYTH","","162","","ብዙ ጊዜ የሚባል ነገር፦ «ቻትቦት ደንበኞችን ያስቀይማል።»

እውነታው፦ የሚያስቀይመው መልስ አለማግኘት ነው። ጥሩ ቻትቦት በሰከንድ ይመልሳል፤ ሰው ሲያስፈልግ ያስተላልፋል።

ዛሬውኑ ያናግሩን፦ wa.me/27688529333

#MuleSoo #ሀበሻ #ኢትዮጵያ"
"2026-12-27","Sun","361","Instagram","MYTH","","193","","ብዙ ጊዜ የሚባል ነገር፦ «AI ውድ ነው፤ ለትልልቅ ኩባንያዎች ብቻ ነው።»

እውነታው፦ ዛሬ ቻትቦት ከአንድ ሰራተኛ ወርሃዊ ደመወዝ ባነሰ ዋጋ ይሰራል — እና እረፍት አይጠይቅም።

ነጻ የ30 ደቂቃ ምክክር ይያዙ፦ mulesoo.com

#MuleSoo #ሀበሻ #ኢትዮጵያ #ንግድ #ቴክኖሎጂ #ዲጂታል #ቢዝነስ"
"2026-12-27","Sun","361","Facebook","MYTH","","149","","ብዙ ጊዜ የሚባል ነገር፦ «ሎጎ ማንኛውም ሰው መስራት ይችላል።»

እውነታው፦ ሎጎ ስዕል ብቻ አይደለም፤ በመጀመሪያ እይታ የሚቀር ማህተም ነው።

በ WhatsApp ይጻፉልን፦ wa.me/27688529333

#MuleSoo #ሀበሻ #ኢትዮጵያ"
"2026-12-27","Sun","361","TikTok","MYTH","","119","","ብዙ ጊዜ የሚባል ነገር፦ «ውድ ድረ-ገጽ ጥሩ ድረ-ገጽ ነው።»
እውነታው፦ ዋጋ ጥራት አይደለም።

ሙሉውን በመገለጫችን ሊንክ ያገኙታል።

#MuleSoo #ሀበሻ #ኢትዮጵያ #ንግድ #ቴክኖሎጂ"
"2026-12-27","Sun","361","X","MYTH","","121","","ብዙ ጊዜ የሚባል ነገር፦ «QR ኮድ ጊዜው አልፎበታል።»
እውነታው፦ ዛሬ በሁሉም ጠረጴዛ ላይ ነው። ትክክለኛው ጥያቄ፦ ስንት ሰው እንደቃኘው ያውቃሉ?

mulesoo.com #MuleSoo #ሀበሻ"
"2026-12-28","Mon","362","LinkedIn","BEHIND","","123","","እያንዳንዱን ድረ-ገጽ በትንሹ ስክሪን ላይ እንፈትሻለን።

በትንሹ ስልክ ላይ ከሰራ፣ በሁሉም ላይ ይሰራል።

ነጻ የ30 ደቂቃ ምክክር ይያዙ፦ mulesoo.com

#MuleSoo #ሀበሻ #ኢትዮጵያ"
"2026-12-28","Mon","362","Instagram","BEHIND","","141","","ዛሬ አንድ ፕሮጀክት አልተቀበልንም።

ትክክለኛው ስራ ካልሆነ፣ ገንዘቡም ትክክለኛ አይደለም።

በ WhatsApp ይጻፉልን፦ wa.me/27688529333

#MuleSoo #ሀበሻ #ኢትዮጵያ #ንግድ #ቴክኖሎጂ #ዲጂታል #ቢዝነስ"
"2026-12-28","Mon","362","Facebook","BEHIND","","133","","ደንበኛ «ትንሽ ለውጥ» ሲል እንሳቀቅ ነበር።

አሁን ግን እያንዳንዱ ደንበኛ ራሱ የሚያስተካክልበት አድሚን ፓነል እንሰጣለን። ሰላም ሆነ።

ተጨማሪ ለማወቅ፦ mulesoo.com

#MuleSoo #ሀበሻ #ኢትዮጵያ"
"2026-12-28","Mon","362","TikTok","BEHIND","","122","","የደንበኞቻችንን ድረ-ገጾች በየቀኑ እንቃኛለን።
ችግርን ከደንበኛው በፊት ማየት የስራችን አካል ነው።

ሙሉውን በመገለጫችን ሊንክ ያገኙታል።

#MuleSoo #ሀበሻ #ኢትዮጵያ #ንግድ #ቴክኖሎጂ"
"2026-12-28","Mon","362","X","BEHIND","","117","","ትልቁ ደስታችን ደንበኛ «ራሴ አስተካከልኩት» ሲለን ነው።
ስርዓቱ የእሱ ነውና። እኛ የሰራነው መሳሪያውን ነው፤ ንግዱን የሚያሳድገው እሱ ነው።

mulesoo.com #MuleSoo #ሀበሻ"
"2026-12-29","Tue","363","LinkedIn","PROMO","","150","","ወረቀት ላይ ያለ ተራ QR ኮድ በቂ አይደለም።

ማን፣ መቼ፣ ስንት ጊዜ እንደቃኘው የሚነግርዎ የምርትዎን ቀለም የያዘ ኮድ — ከ R300 ጀምሮ።

በ WhatsApp ይጻፉልን፦ wa.me/27688529333

#MuleSoo #ሀበሻ #ኢትዮጵያ"
"2026-12-29","Tue","363","Instagram","PROMO","","156","","ቀጠሮ፣ ክፍያ፣ ማስታወሻ — ሁሉም በራሱ ይስራ።

የ Auto Pilot ስርዓታችን ንግድዎን በእንቅልፍዎም ያንቀሳቅሳል። ዋጋ በፕሮጀክት።

ተጨማሪ ለማወቅ፦ mulesoo.com

#MuleSoo #ሀበሻ #ኢትዮጵያ #ንግድ #ቴክኖሎጂ #ዲጂታል #ቢዝነስ"
"2026-12-29","Tue","363","Facebook","PROMO","","114","","ንግድዎ የሚፈልገው መተግበሪያ ገበያ ላይ የለም?

እንሰራዋለን — ልክ ለእርስዎ አሰራር የተሰፋ።

ዛሬውኑ ያናግሩን፦ wa.me/27688529333

#MuleSoo #ሀበሻ #ኢትዮጵያ"
"2026-12-29","Tue","363","TikTok","PROMO","","123","","ሌሊት የሚመልስ ሰራተኛ ይፈልጋሉ?
ቻትቦታችን በሌሊትም ይመልሳል — እርስዎ ይተኛሉ፣ ንግድዎ ይሰራል።

ሙሉውን በመገለጫችን ሊንክ ያገኙታል።

#MuleSoo #ሀበሻ #ኢትዮጵያ #ንግድ #ቴክኖሎጂ"
"2026-12-29","Tue","363","X","PROMO","","117","","ወረቀት ላይ ያለ ተራ QR ኮድ በቂ አይደለም።
ማን፣ መቼ፣ ስንት ጊዜ እንደቃኘው የሚነግርዎ የምርትዎን ቀለም የያዘ ኮድ — ከ R300 ጀምሮ።

mulesoo.com #MuleSoo #ሀበሻ"
"2026-12-30","Wed","364","LinkedIn","HUMAN","","106","","ስንት ቡና እንደጠጣን አንቆጥርም።

የደንበኞቻችን ሽያጭ ግን ይቆጠራል። ቅድሚያችን ግልጽ ነው።

ተጨማሪ ለማወቅ፦ mulesoo.com

#MuleSoo #ሀበሻ #ኢትዮጵያ"
"2026-12-30","Wed","364","Instagram","HUMAN","","152","","ደንበኛ፦ «መቼ ይደርሳል?» እኛ፦ «ነገ።»

ነገ ማለታችን ግን በእውነት ነገ ነው። ያልተለመደ መሆኑን እናውቃለን። 😄

ዛሬውኑ ያናግሩን፦ wa.me/27688529333

#MuleSoo #ሀበሻ #ኢትዮጵያ #ንግድ #ቴክኖሎጂ #ዲጂታል #ቢዝነስ"
"2026-12-30","Wed","364","Facebook","HUMAN","","136","","በስብሰባ ላይ በጣም የምንጠነቀቅበት ቃል፦

«የአክስቴ ልጅ ዲዛይን ያውቃል።» — እናዳምጣለን፤ አንዳንዴ በእውነት ያውቃል። 😂

ነጻ የ30 ደቂቃ ምክክር ይያዙ፦ mulesoo.com

#MuleSoo #ሀበሻ #ኢትዮጵያ"
"2026-12-30","Wed","364","TikTok","HUMAN","","103","","WiFi ሲጠፋ የቢሮአችን ድምጽ፦ ጸጥታ።
ከዚያ ሁሉም ወደ ስልክ ዳታ።

ሙሉውን በመገለጫችን ሊንክ ያገኙታል።

#MuleSoo #ሀበሻ #ኢትዮጵያ #ንግድ #ቴክኖሎጂ"
"2026-12-30","Wed","364","X","HUMAN","","104","","በሳምንት አንድ ጊዜ ራሳችንን እንጠይቃለን፦
«ይህን ደንበኛው በራሱ ማድረግ ይችላል?» መልሱ አዎ ከሆነ፣ እናስተምረዋለን።

mulesoo.com #MuleSoo #ሀበሻ"
"2026-12-31","Thu","365","LinkedIn","PROBLEM","","101","","ዋጋዎ ድረ-ገጽዎ ላይ የለም።

ሰዎች «ውድ ይሆናል» ብለው ገምተው ይሄዳሉ።

ዛሬውኑ ያናግሩን፦ wa.me/27688529333

#MuleSoo #ሀበሻ #ኢትዮጵያ"
"2026-12-31","Thu","365","Instagram","PROBLEM","","157","","ማስተካከል የማይችሉት ድረ-ገጽ እየከፈሉበት ነው።

እያንዳንዱ የጽሁፍ ለውጥ አንድ የስልክ ጥሪና ሶስት ቀን ያስወጣዎታል።

ነጻ የ30 ደቂቃ ምክክር ይያዙ፦ mulesoo.com

#MuleSoo #ሀበሻ #ኢትዮጵያ #ንግድ #ቴክኖሎጂ #ዲጂታል #ቢዝነስ"
"2026-12-31","Thu","365","Facebook","PROBLEM","","139","","ድረ-ገጽዎ ለመከፈት 6 ሰከንድ ይወስዳል።

ግማሾቹ ጎብኚዎች ሳይጠብቁ ወጥተዋል። ፍጥነት ቅንጦት አይደለም፤ የሱቅዎ በር ነው።

በ WhatsApp ይጻፉልን፦ wa.me/27688529333

#MuleSoo #ሀበሻ #ኢትዮጵያ"
"2026-12-31","Thu","365","TikTok","PROBLEM","","103","","የንግድዎ ኢሜይል በ gmail ይጨርሳል።
ትልልቅ ደንበኞች ያስተውላሉ።

ሙሉውን በመገለጫችን ሊንክ ያገኙታል።

#MuleSoo #ሀበሻ #ኢትዮጵያ #ንግድ #ቴክኖሎጂ"
"2026-12-31","Thu","365","X","PROBLEM","","72","","የቀጠሮ መዝገብዎ ደብተር ነው።
አንድ የጠፋ ገጽ አንድ የጠፋ ወር ነው።

mulesoo.com #MuleSoo #ሀበሻ"