date,day_of_week,day_number,platform,pillar,needs_real_result,characters,over_limit,post_text
"2026-01-01","Thu","1","LinkedIn","PROBLEM","","348","","Your website loads in 6 seconds.

Half your visitors left before it finished. Speed is not a luxury; it is the whole shop door.

We see this weekly with South African businesses. It is almost never a budget problem — it is a ""nobody told me this was costing me money"" problem.

If that sounded familiar: mulesoo.com

#MuleSoo #Pretoria #SouthAfrica"
"2026-01-01","Thu","1","Instagram","PROBLEM","","219","","You lose leads at 7pm 👀

Your competitors do not. Their chatbot picked up.

We fix exactly this. DM us

#ArtificialIntelligence #SmallBusiness #SmeSouthAfrica #Entrepreneur #MuleSoo #Pretoria #SouthAfrica #AIAutomation"
"2026-01-01","Thu","1","Facebook","PROBLEM","","149","","Your staff share one login 👀

That is not a system. That is a liability.

We fix exactly this. wa.me/27688529333

#Pretoria #SouthAfrica #LogoDesign"
"2026-01-01","Thu","1","TikTok","PROBLEM","","192","","Your website has no phone number above the fold.

People do not scroll to find you. They scroll to leave.

Fix it → mulesoo.com

#SmallBusiness #SmeSouthAfrica #Entrepreneur #MuleSoo #Pretoria"
"2026-01-01","Thu","1","X","PROBLEM","","98","","Your PDFs are 40MB.

Nobody on mobile data is opening that. Not once.

#SouthAfrica #SmallBusiness"
"2026-01-02","Fri","2","LinkedIn","EDUCATE","","255","","Your homepage has one job.

Say what you do, who for, and what to click. Everything else is decoration.

Most of our work is not clever. It is doing the obvious thing properly, and doing it first.

What would you add?

#Pretoria #SouthAfrica #AIAutomation"
"2026-01-02","Fri","2","Instagram","EDUCATE","","237","","💡 Mobile-first is not a style. It is arithmetic

Most South African traffic is mobile. Design there and scale up.

Save this for later.

#SmallBusiness #SmeSouthAfrica #Entrepreneur #MuleSoo #Pretoria #SouthAfrica #AIAutomation #Chatbot"
"2026-01-02","Fri","2","Facebook","EDUCATE","","171","","💡 A QR code with no tracking is a leaflet

If you cannot count the scans, you cannot tell if it worked.

Save this for later.

#SouthAfrica #SmallBusiness #SmeSouthAfrica"
"2026-01-02","Fri","2","TikTok","EDUCATE","","182","","The fold is a myth, the first sentence is not.

People scroll. They do not read badly-written openings.

Save this one.

#SmeSouthAfrica #Entrepreneur #MuleSoo #Pretoria #SouthAfrica"
"2026-01-02","Fri","2","X","EDUCATE","","127","","One testimonial with a real name beats ten anonymous ones.

Specificity is the whole currency of trust.

#AIAutomation #Chatbot"
"2026-01-03","Sat","3","LinkedIn","PROOF","YES","259","","What we shipped this month:

[REAL RESULT: the actual feature, and what it replaced]

What we built: logo & brand identity — a brand people remember after one look.

Happy to walk anyone through how it works. No pitch.

#SouthAfrica #LogoDesign #BrandIdentity"
"2026-01-03","Sat","3","Instagram","PROOF","YES","278","","Small change. Big number.

[REAL RESULT: the single fix and its measured effect]

Custom web apps: the internal tool your business actually needs.

mulesoo.com/services/custom-apps

#SmeSouthAfrica #Entrepreneur #MuleSoo #Pretoria #SouthAfrica #WebDesign #WebDevelopment #NextJS"
"2026-01-03","Sat","3","Facebook","PROOF","YES","242","","Before and after 👇

[REAL RESULT: the one number that changed — load time, bookings, no-shows, enquiries]

Business email: an @yourdomain address that stops you looking like a hobby.

mulesoo.com

#SmallBusiness #SmeSouthAfrica #Entrepreneur"
"2026-01-03","Sat","3","TikTok","PROOF","YES","184","","This used to take four hours a week.

[REAL RESULT: the manual task you automated, and the hours it now takes]

mulesoo.com

#Entrepreneur #MuleSoo #Pretoria #SouthAfrica #AIAutomation"
"2026-01-03","Sat","3","X","PROOF","YES","183","","Six months on, is it still working?

[REAL RESULT: a follow-up result from an older client — these are the most credible posts you will ever publish]

#Chatbot #ArtificialIntelligence"
"2026-01-04","Sun","4","LinkedIn","MYTH","","243","","A myth I hear constantly: ""We are too small for automation.""

Small is exactly when your time is most expensive, because it is all you have.

Disagree? Genuinely interested — the comments are open.

#SmallBusiness #SmeSouthAfrica #Entrepreneur"
"2026-01-04","Sun","4","Instagram","MYTH","","227","","❌ Myth: ""We do not need a logo, we need sales.""

✅ Truth: The logo is not the point. Being memorable at the moment of decision is.

#Entrepreneur #MuleSoo #Pretoria #SouthAfrica #WebDesign #WebDevelopment #NextJS #SmallBusiness"
"2026-01-04","Sun","4","Facebook","MYTH","","151","","❌ Myth: ""More pages means better SEO.""

✅ Truth: Two hundred thin pages rank worse than ten good ones.

#Chatbot #ArtificialIntelligence #SmallBusiness"
"2026-01-04","Sun","4","TikTok","MYTH","","193","","Myth: ""We will launch when it is perfect.""

Truth: You will launch when a competitor forces you to, and it still will not be perfect.

#MuleSoo #Pretoria #SouthAfrica #LogoDesign #BrandIdentity"
"2026-01-04","Sun","4","X","MYTH","","133","","""AI will replace my staff.""

It will replace the parts of their day they hate. That is different, and better.

#NextJS #SmallBusiness"
"2026-01-05","Mon","5","LinkedIn","BEHIND","","249","","Today: rebuilt a business card because the fonts were never actually loading. Everything printed was in the wrong typeface and nobody noticed for months.

Small things, compounded. That is the whole job.

#SmeSouthAfrica #Entrepreneur #SmallBusiness"
"2026-01-05","Mon","5","Instagram","BEHIND","","252","","Behind the scenes 🛠️

Our booking system sends the deposit invoice, the confirmation PDF, and the WhatsApp alert. Nobody touches a keyboard.

#MuleSoo #Pretoria #SouthAfrica #AIAutomation #Chatbot #ArtificialIntelligence #SmallBusiness #SmeSouthAfrica"
"2026-01-05","Mon","5","Facebook","BEHIND","","181","","Behind the scenes 🛠️

The QR codes we make track scans. So you know if the flyer worked, or if the flyer was a bin ornament.

#ArtificialIntelligence #SmallBusiness #SmeSouthAfrica"
"2026-01-05","Mon","5","TikTok","BEHIND","","149","","Every project starts with the same question: what is the one thing this must do?

#Pretoria #SouthAfrica #SmallBusiness #SmeSouthAfrica #Entrepreneur"
"2026-01-05","Mon","5","X","BEHIND","","103","","The best compliment we get: ""it just works."" That took the whole month.

#SmallBusiness #SmeSouthAfrica"
"2026-01-06","Tue","6","LinkedIn","PROMO","","271","","Auto Pilot systems — custom.

What you actually get: bookings, payments and reminders running without you.

No contracts, no setup fees. If it is not a fit we will say so on the call.

mulesoo.com/services/autopilot

#ArtificialIntelligence #SmallBusiness #SmeSouthAfrica"
"2026-01-06","Tue","6","Instagram","PROMO","","253","","Logo & brand identity — from R800 ✨

A brand people remember after one look.

🔒 No contracts. No setup fees.
mulesoo.com/services/logo-design

#Pretoria #SouthAfrica #LogoDesign #BrandIdentity #GraphicDesign #SmallBusiness #SmeSouthAfrica #Entrepreneur"
"2026-01-06","Tue","6","Facebook","PROMO","","187","","Custom web apps — custom ✨

The internal tool your business actually needs.

🔒 No contracts. No setup fees.
mulesoo.com/services/custom-apps

#SmallBusiness #SmeSouthAfrica #Entrepreneur"
"2026-01-06","Tue","6","TikTok","PROMO","","160","","Business email, from R400.

an @yourdomain address that stops you looking like a hobby.

Link in bio.

#SouthAfrica #SmallBusiness #SmeSouthAfrica #Entrepreneur"
"2026-01-06","Tue","6","X","PROMO","","146","","AI chatbots — a assistant that answers customers at 2am so you can sleep.
from R2,500.
mulesoo.com/services/chatbot

#SmeSouthAfrica #Entrepreneur"
"2026-01-07","Wed","7","LinkedIn","HUMAN","","200","","""I want it like Apple's site but with more stuff on it"" is a sentence that contains its own contradiction.

(It is Friday. Normal service resumes Monday.)

#SmallBusiness #SmeSouthAfrica #Entrepreneur"
"2026-01-07","Wed","7","Instagram","HUMAN","","147","","""Just a small change"" has never once, in recorded history, been a small change.

#SouthAfrica #SmallBusiness #SmeSouthAfrica #Entrepreneur #MuleSoo"
"2026-01-07","Wed","7","Facebook","HUMAN","","118","","""Can you make it look more premium"" — sir, that is a budget, not an adjective.

#SmeSouthAfrica #Entrepreneur #MuleSoo"
"2026-01-07","Wed","7","TikTok","HUMAN","","161","","We do not do rush jobs. We do ordinary jobs, on time, which turns out to be rarer.

#AIAutomation #Chatbot #ArtificialIntelligence #SmallBusiness #SmeSouthAfrica"
"2026-01-07","Wed","7","X","HUMAN","","106","","Client: ""Can you make the logo bigger?"" Us: ""Yes."" Client: ""Bigger."" Us: ""...Yes.""

#Entrepreneur #MuleSoo"
"2026-01-08","Thu","8","LinkedIn","PROBLEM","","347","","You are quoting by hand every time.

That is four hours a week. That is five working weeks a year.

We see this weekly with South African businesses. It is almost never a budget problem — it is a ""nobody told me this was costing me money"" problem.

If that sounded familiar: mulesoo.com/services/custom-apps

#SmeSouthAfrica #Entrepreneur #MuleSoo"
"2026-01-08","Thu","8","Instagram","PROBLEM","","200","","Your contact form goes nowhere 👀

We have checked dozens. About a third are broken and nobody knows.

We fix exactly this. mulesoo.com

#SmallBusiness #SmeSouthAfrica #Entrepreneur #MuleSoo #Pretoria"
"2026-01-08","Thu","8","Facebook","PROBLEM","","166","","Your team shares files over WhatsApp 👀

Somewhere in that chat is the only copy of something important.

We fix exactly this. DM us

#Entrepreneur #MuleSoo #Pretoria"
"2026-01-08","Thu","8","TikTok","PROBLEM","","211","","You have three different phone numbers online.

Google does not know which is real, so it trusts none of them.

Fix it → mulesoo.com

#Chatbot #ArtificialIntelligence #SmallBusiness #SmeSouthAfrica #Entrepreneur"
"2026-01-08","Thu","8","X","PROBLEM","","152","","You answer the same WhatsApp question 30 times a week.

That is not customer service. That is a chatbot that has not been built yet.

#MuleSoo #Pretoria"
"2026-01-09","Fri","9","LinkedIn","EDUCATE","","271","","Speed comes from what you do not load.

Fonts, sliders, video backgrounds, tracking scripts. Delete first, optimise second.

Most of our work is not clever. It is doing the obvious thing properly, and doing it first.

What would you add?

#Entrepreneur #MuleSoo #Pretoria"
"2026-01-09","Fri","9","Instagram","EDUCATE","","242","","💡 Your reviews are your SEO

A Google Business Profile with real reviews outranks a prettier site with none.

Save this for later.

#Chatbot #ArtificialIntelligence #SmallBusiness #SmeSouthAfrica #Entrepreneur #MuleSoo #Pretoria #SouthAfrica"
"2026-01-09","Fri","9","Facebook","EDUCATE","","137","","💡 Your 404 page is a sales page

Someone is lost and still interested. Help them.

Save this for later.

#MuleSoo #Pretoria #SouthAfrica"
"2026-01-09","Fri","9","TikTok","EDUCATE","","185","","Back up before you launch, not after.

The worst day to learn your backup strategy is the day you need it.

Save this one.

#NextJS #SmallBusiness #SmeSouthAfrica #Entrepreneur #MuleSoo"
"2026-01-09","Fri","9","X","EDUCATE","","123","","Buy the domain before the logo.

Names change. Get the .com or .co.za first, then design around it.

#Pretoria #SouthAfrica"
"2026-01-10","Sat","10","LinkedIn","PROOF","YES","281","","Screenshot of the dashboard 👇

[REAL RESULT: a real (permitted) screenshot with sensitive data blurred]

What we built: ai chatbots — a assistant that answers customers at 2am so you can sleep.

Happy to walk anyone through how it works. No pitch.

#MuleSoo #Pretoria #SouthAfrica"
"2026-01-10","Sat","10","Instagram","PROOF","YES","264","","What we shipped this month:

[REAL RESULT: the actual feature, and what it replaced]

AI automation: the admin work doing itself.

wa.me/27688529333

#ArtificialIntelligence #SmallBusiness #SmeSouthAfrica #Entrepreneur #MuleSoo #Pretoria #SouthAfrica #AIAutomation"
"2026-01-10","Sat","10","Facebook","PROOF","YES","216","","Small change. Big number.

[REAL RESULT: the single fix and its measured effect]

QR codes: a branded code that tells you who scanned it and when.

mulesoo.com/services/qr-codes

#Pretoria #SouthAfrica #SmallBusiness"
"2026-01-10","Sat","10","TikTok","PROOF","YES","184","","Before and after 👇

[REAL RESULT: the one number that changed — load time, bookings, no-shows, enquiries]

mulesoo.com

#SmallBusiness #SmeSouthAfrica #Entrepreneur #MuleSoo #Pretoria"
"2026-01-10","Sat","10","X","PROOF","YES","138","","This used to take four hours a week.

[REAL RESULT: the manual task you automated, and the hours it now takes]

#SouthAfrica #AIAutomation"
"2026-01-11","Sun","11","LinkedIn","MYTH","","241","","A myth I hear constantly: ""We will fix the website after we get customers.""

The website is how you get the customers. You have the order backwards.

Disagree? Genuinely interested — the comments are open.

#Pretoria #SouthAfrica #LogoDesign"
"2026-01-11","Sun","11","Instagram","MYTH","","211","","❌ Myth: ""Dark mode is a feature.""

✅ Truth: It is a preference. Your broken checkout is a feature request.

#SmallBusiness #SmeSouthAfrica #Entrepreneur #MuleSoo #Pretoria #SouthAfrica #WebDesign #WebDevelopment"
"2026-01-11","Sun","11","Facebook","MYTH","","191","","❌ Myth: ""Our industry is different.""

✅ Truth: Your industry has a booking form, an invoice, and a customer who wants an answer. Same as everyone.

#SouthAfrica #SmallBusiness #SmeSouthAfrica"
"2026-01-11","Sun","11","TikTok","MYTH","","190","","Myth: ""We are too small for automation.""

Truth: Small is exactly when your time is most expensive, because it is all you have.

#SmeSouthAfrica #Entrepreneur #MuleSoo #Pretoria #SouthAfrica"
"2026-01-11","Sun","11","X","MYTH","","137","","""We do not need a logo, we need sales.""

The logo is not the point. Being memorable at the moment of decision is.

#AIAutomation #Chatbot"
"2026-01-12","Mon","12","LinkedIn","BEHIND","","234","","We keep a checklist of things that quietly break: contact forms, SSL renewals, sitemap submissions. Most agencies do not check any of them.

Small things, compounded. That is the whole job.

#SouthAfrica #SmallBusiness #SmeSouthAfrica"
"2026-01-12","Mon","12","Instagram","BEHIND","","196","","Behind the scenes 🛠️

Nobody asks about the database schema. Everybody feels it when it is wrong.

#SmeSouthAfrica #Entrepreneur #MuleSoo #Pretoria #SouthAfrica #WebDesign #WebDevelopment #NextJS"
"2026-01-12","Mon","12","Facebook","BEHIND","","159","","Behind the scenes 🛠️

Our own admin panel logs every action. If we break something, we can prove when and how.

#AIAutomation #Chatbot #ArtificialIntelligence"
"2026-01-12","Mon","12","TikTok","BEHIND","","164","","Every MuleSoo build ships with the source code. You own it. If you fire us tomorrow, you keep everything.

#Entrepreneur #MuleSoo #Pretoria #SouthAfrica #LogoDesign"
"2026-01-12","Mon","12","X","BEHIND","","123","","We do not use website builders. Next.js, Tailwind, Supabase. The same stack Vercel and Linear run.

#WebDevelopment #NextJS"
"2026-01-13","Tue","13","LinkedIn","PROMO","","268","","Business email — from R400.

What you actually get: an @yourdomain address that stops you looking like a hobby.

No contracts, no setup fees. If it is not a fit we will say so on the call.

mulesoo.com/services/email-setup

#SmallBusiness #SmeSouthAfrica #Entrepreneur"
"2026-01-13","Tue","13","Instagram","PROMO","","259","","AI chatbots — from R2,500 ✨

A assistant that answers customers at 2am so you can sleep.

🔒 No contracts. No setup fees.
mulesoo.com/services/chatbot

#Entrepreneur #MuleSoo #Pretoria #SouthAfrica #AIAutomation #Chatbot #ArtificialIntelligence #SmallBusiness"
"2026-01-13","Tue","13","Facebook","PROMO","","162","","AI automation — custom ✨

The admin work doing itself.

🔒 No contracts. No setup fees.
mulesoo.com/ai-automation

#Chatbot #ArtificialIntelligence #SmallBusiness"
"2026-01-13","Tue","13","TikTok","PROMO","","154","","QR codes, from R300.

a branded code that tells you who scanned it and when.

Link in bio.

#MuleSoo #Pretoria #SouthAfrica #SmallBusiness #SmeSouthAfrica"
"2026-01-13","Tue","13","X","PROMO","","137","","Website design — a site that turns visitors into paying clients.
from R3,500.
mulesoo.com/services/website-design

#NextJS #SmallBusiness"
"2026-01-14","Wed","14","LinkedIn","HUMAN","","172","","Every logo revision request arrives at 11:47pm. We have stopped asking why.

(It is Friday. Normal service resumes Monday.)

#Chatbot #ArtificialIntelligence #SmallBusiness"
"2026-01-14","Wed","14","Instagram","HUMAN","","189","","The client always knows what they do not want. Our job is to find out what they do.

#MuleSoo #Pretoria #SouthAfrica #LogoDesign #BrandIdentity #GraphicDesign #SmallBusiness #SmeSouthAfrica"
"2026-01-14","Wed","14","Facebook","HUMAN","","139","","If your password is your business name and the year, we need to talk before we talk about websites.

#NextJS #SmallBusiness #SmeSouthAfrica"
"2026-01-14","Wed","14","TikTok","HUMAN","","160","","The two hardest problems in tech: naming things, cache invalidation, and off-by-one errors.

#Pretoria #SouthAfrica #SmallBusiness #SmeSouthAfrica #Entrepreneur"
"2026-01-14","Wed","14","X","HUMAN","","105","","You do not need a metaverse strategy. You need your contact form to work.

#SmallBusiness #SmeSouthAfrica"
"2026-01-15","Thu","15","LinkedIn","PROBLEM","","332","","You reply to enquiries in two days.

The one who replied in two hours got the job.

We see this weekly with South African businesses. It is almost never a budget problem — it is a ""nobody told me this was costing me money"" problem.

If that sounded familiar: wa.me/27688529333

#ArtificialIntelligence #SmallBusiness #SmeSouthAfrica"
"2026-01-15","Thu","15","Instagram","PROBLEM","","227","","You post on social media and nothing happens 👀

Because the link goes to a homepage instead of an answer.

We fix exactly this. mulesoo.com/services/qr-codes

#Pretoria #SouthAfrica #SmallBusiness #SmeSouthAfrica #Entrepreneur"
"2026-01-15","Thu","15","Facebook","PROBLEM","","165","","You track nothing 👀

So every marketing decision you make is a guess wearing a suit.

We fix exactly this. mulesoo.com

#SmallBusiness #SmeSouthAfrica #Entrepreneur"
"2026-01-15","Thu","15","TikTok","PROBLEM","","197","","Your logo was made in Word.

It shows at 300dpi. It shows on a banner. It shows on a business card.

Fix it → mulesoo.com

#SouthAfrica #AIAutomation #Chatbot #ArtificialIntelligence #SmallBusiness"
"2026-01-15","Thu","15","X","PROBLEM","","131","","Nobody finds you on Google.

Not because you are small. Because nobody told Google your pages exist.

#SmeSouthAfrica #Entrepreneur"
"2026-01-16","Fri","16","LinkedIn","EDUCATE","","244","","Write the price down.

Hiding it does not make it smaller. It makes you look unsure.

Most of our work is not clever. It is doing the obvious thing properly, and doing it first.

What would you add?

#SmallBusiness #SmeSouthAfrica #Entrepreneur"
"2026-01-16","Fri","16","Instagram","EDUCATE","","187","","💡 Name your pages like a human searches

""Website design Pretoria"" beats ""Solutions"" every time.

Save this for later.

#SouthAfrica #SmallBusiness #SmeSouthAfrica #Entrepreneur #MuleSoo"
"2026-01-16","Fri","16","Facebook","EDUCATE","","181","","💡 Load shedding is a design constraint

Build for offline-first and intermittent connections. It is not optional here.

Save this for later.

#SmeSouthAfrica #Entrepreneur #MuleSoo"
"2026-01-16","Fri","16","TikTok","EDUCATE","","189","","Your best salesperson is a FAQ page.

It answers the objection you are too polite to bring up.

Save this one.

#AIAutomation #Chatbot #ArtificialIntelligence #SmallBusiness #SmeSouthAfrica"
"2026-01-16","Fri","16","X","EDUCATE","","142","","Own your source code.

If your developer disappears and your site does too, you did not buy a website. You rented one.

#Entrepreneur #MuleSoo"
"2026-01-17","Sat","17","LinkedIn","PROOF","YES","267","","Three weeks. Start to launch.

[REAL RESULT: the real timeline and what was delivered in it]

What we built: website design — a site that turns visitors into paying clients.

Happy to walk anyone through how it works. No pitch.

#SmeSouthAfrica #Entrepreneur #MuleSoo"
"2026-01-17","Sat","17","Instagram","PROOF","YES","298","","Screenshot of the dashboard 👇

[REAL RESULT: a real (permitted) screenshot with sensitive data blurred]

Auto Pilot systems: bookings, payments and reminders running without you.

DM us

#AIAutomation #Chatbot #ArtificialIntelligence #SmallBusiness #SmeSouthAfrica #Entrepreneur #MuleSoo #Pretoria"
"2026-01-17","Sat","17","Facebook","PROOF","YES","201","","What we shipped this month:

[REAL RESULT: the actual feature, and what it replaced]

Logo & brand identity: a brand people remember after one look.

wa.me/27688529333

#Entrepreneur #MuleSoo #Pretoria"
"2026-01-17","Sat","17","TikTok","PROOF","YES","163","","Small change. Big number.

[REAL RESULT: the single fix and its measured effect]

mulesoo.com

#WebDevelopment #NextJS #SmallBusiness #SmeSouthAfrica #Entrepreneur"
"2026-01-17","Sat","17","X","PROOF","YES","126","","Before and after 👇

[REAL RESULT: the one number that changed — load time, bookings, no-shows, enquiries]

#MuleSoo #Pretoria"
"2026-01-18","Sun","18","LinkedIn","MYTH","","204","","A myth I hear constantly: ""AI writes our content now.""

And your readers can tell. Use it to think, not to speak.

Disagree? Genuinely interested — the comments are open.

#Entrepreneur #MuleSoo #Pretoria"
"2026-01-18","Sun","18","Instagram","MYTH","","242","","❌ Myth: ""A good website costs six figures.""

✅ Truth: It does not. It costs clarity about what the site is for. We start at R3,500.

#Chatbot #ArtificialIntelligence #SmallBusiness #SmeSouthAfrica #Entrepreneur #MuleSoo #Pretoria #SouthAfrica"
"2026-01-18","Sun","18","Facebook","MYTH","","138","","❌ Myth: ""I will do the website myself, later.""

✅ Truth: ""Later"" is doing a lot of work in that sentence.

#MuleSoo #Pretoria #SouthAfrica"
"2026-01-18","Sun","18","TikTok","MYTH","","198","","Myth: ""We will fix the website after we get customers.""

Truth: The website is how you get the customers. You have the order backwards.

#NextJS #SmallBusiness #SmeSouthAfrica #Entrepreneur #MuleSoo"
"2026-01-18","Sun","18","X","MYTH","","113","","""Dark mode is a feature.""

It is a preference. Your broken checkout is a feature request.

#Pretoria #SouthAfrica"
"2026-01-19","Mon","19","LinkedIn","BEHIND","","172","","We write the refund terms before the invoice. Awkward conversations are cheaper up front.

Small things, compounded. That is the whole job.

#MuleSoo #Pretoria #SouthAfrica"
"2026-01-19","Mon","19","Instagram","BEHIND","","193","","Behind the scenes 🛠️

Shipped a fix at 6am so nobody would notice the downtime. Nobody noticed.

#NextJS #SmallBusiness #SmeSouthAfrica #Entrepreneur #MuleSoo #Pretoria #SouthAfrica #WebDesign"
"2026-01-19","Mon","19","Facebook","BEHIND","","138","","Behind the scenes 🛠️

The chatbot on our own site is the same one we sell. We eat our own cooking.

#Pretoria #SouthAfrica #SmallBusiness"
"2026-01-19","Mon","19","TikTok","BEHIND","","135","","Half of what we do is talking people out of features they do not need.

#SmallBusiness #SmeSouthAfrica #Entrepreneur #MuleSoo #Pretoria"
"2026-01-19","Mon","19","X","BEHIND","","127","","Wrote the copy before the design today. It is always the right order and we always want to skip it.

#SouthAfrica #AIAutomation"
"2026-01-20","Tue","20","LinkedIn","PROMO","","247","","QR codes — from R300.

What you actually get: a branded code that tells you who scanned it and when.

No contracts, no setup fees. If it is not a fit we will say so on the call.

mulesoo.com/services/qr-codes

#Pretoria #SouthAfrica #SmallBusiness"
"2026-01-20","Tue","20","Instagram","PROMO","","253","","Website design — from R3,500 ✨

A site that turns visitors into paying clients.

🔒 No contracts. No setup fees.
mulesoo.com/services/website-design

#SmallBusiness #SmeSouthAfrica #Entrepreneur #MuleSoo #Pretoria #SouthAfrica #WebDesign #WebDevelopment"
"2026-01-20","Tue","20","Facebook","PROMO","","185","","Auto Pilot systems — custom ✨

Bookings, payments and reminders running without you.

🔒 No contracts. No setup fees.
mulesoo.com/services/autopilot

#SouthAfrica #AIAutomation #Chatbot"
"2026-01-20","Tue","20","TikTok","PROMO","","151","","Logo & brand identity, from R800.

a brand people remember after one look.

Link in bio.

#SmeSouthAfrica #Entrepreneur #MuleSoo #Pretoria #SouthAfrica"
"2026-01-20","Tue","20","X","PROMO","","134","","Custom web apps — the internal tool your business actually needs.
custom.
mulesoo.com/services/custom-apps

#WebDesign #WebDevelopment"
"2026-01-21","Wed","21","LinkedIn","HUMAN","","171","","A designer, a developer and a client walk into a meeting. The scope walks out.

(It is Friday. Normal service resumes Monday.)

#SouthAfrica #SmallBusiness #SmeSouthAfrica"
"2026-01-21","Wed","21","Instagram","HUMAN","","206","","Reminder that ""make it pop"" is not a design brief, but we will figure out what you meant anyway.

#SmeSouthAfrica #Entrepreneur #MuleSoo #Pretoria #SouthAfrica #AIAutomation #Chatbot #ArtificialIntelligence"
"2026-01-21","Wed","21","Facebook","HUMAN","","139","","Building in Pretoria, shipping to the continent. Load shedding is just a deployment window.

#AIAutomation #Chatbot #ArtificialIntelligence"
"2026-01-21","Wed","21","TikTok","HUMAN","","131","","Our chatbot is more polite than we are before 8am. That is by design.

#Entrepreneur #MuleSoo #Pretoria #SouthAfrica #SmallBusiness"
"2026-01-21","Wed","21","X","HUMAN","","73","","Coffee is a build dependency. It is in the docs.

#WebDevelopment #NextJS"
"2026-01-22","Thu","22","LinkedIn","PROBLEM","","328","","Your site works. On Chrome. On your machine.

Safari on an old iPhone is where websites go to die.

We see this weekly with South African businesses. It is almost never a budget problem — it is a ""nobody told me this was costing me money"" problem.

If that sounded familiar: DM us

#AIAutomation #Chatbot #ArtificialIntelligence"
"2026-01-22","Thu","22","Instagram","PROBLEM","","273","","Your website loads in 6 seconds 👀

Half your visitors left before it finished. Speed is not a luxury; it is the whole shop door.

We fix exactly this. wa.me/27688529333

#Entrepreneur #MuleSoo #Pretoria #SouthAfrica #LogoDesign #BrandIdentity #GraphicDesign #SmallBusiness"
"2026-01-22","Thu","22","Facebook","PROBLEM","","170","","You lose leads at 7pm 👀

Your competitors do not. Their chatbot picked up.

We fix exactly this. mulesoo.com/services/custom-apps

#WebDevelopment #NextJS #SmallBusiness"
"2026-01-22","Thu","22","TikTok","PROBLEM","","157","","Your staff share one login.

That is not a system. That is a liability.

Fix it → mulesoo.com

#MuleSoo #Pretoria #SouthAfrica #SmallBusiness #SmeSouthAfrica"
"2026-01-22","Thu","22","X","PROBLEM","","145","","Your website has no phone number above the fold.

People do not scroll to find you. They scroll to leave.

#ArtificialIntelligence #SmallBusiness"
"2026-01-23","Fri","23","LinkedIn","EDUCATE","","246","","Email is not dead. Your email design is.

Plain text, one link, sent from a person.

Most of our work is not clever. It is doing the obvious thing properly, and doing it first.

What would you add?

#Chatbot #ArtificialIntelligence #SmallBusiness"
"2026-01-23","Fri","23","Instagram","EDUCATE","","205","","💡 Your homepage has one job

Say what you do, who for, and what to click. Everything else is decoration.

Save this for later.

#MuleSoo #Pretoria #SouthAfrica #SmallBusiness #SmeSouthAfrica #Entrepreneur"
"2026-01-23","Fri","23","Facebook","EDUCATE","","176","","💡 Mobile-first is not a style. It is arithmetic

Most South African traffic is mobile. Design there and scale up.

Save this for later.

#NextJS #SmallBusiness #SmeSouthAfrica"
"2026-01-23","Fri","23","TikTok","EDUCATE","","189","","A QR code with no tracking is a leaflet.

If you cannot count the scans, you cannot tell if it worked.

Save this one.

#Pretoria #SouthAfrica #AIAutomation #Chatbot #ArtificialIntelligence"
"2026-01-23","Fri","23","X","EDUCATE","","135","","The fold is a myth, the first sentence is not.

People scroll. They do not read badly-written openings.

#SmallBusiness #SmeSouthAfrica"
"2026-01-24","Sat","24","LinkedIn","PROOF","YES","279","","We turned down this brief.

[REAL RESULT: a project you declined and why — nothing builds trust faster]

What we built: custom web apps — the internal tool your business actually needs.

Happy to walk anyone through how it works. No pitch.

#NextJS #SmallBusiness #SmeSouthAfrica"
"2026-01-24","Sat","24","Instagram","PROOF","YES","251","","Three weeks. Start to launch.

[REAL RESULT: the real timeline and what was delivered in it]

Business email: an @yourdomain address that stops you looking like a hobby.

mulesoo.com

#Pretoria #SouthAfrica #SmallBusiness #SmeSouthAfrica #Entrepreneur"
"2026-01-24","Sat","24","Facebook","PROOF","YES","231","","Screenshot of the dashboard 👇

[REAL RESULT: a real (permitted) screenshot with sensitive data blurred]

AI chatbots: a assistant that answers customers at 2am so you can sleep.

DM us

#SmallBusiness #SmeSouthAfrica #Entrepreneur"
"2026-01-24","Sat","24","TikTok","PROOF","YES","173","","What we shipped this month:

[REAL RESULT: the actual feature, and what it replaced]

mulesoo.com

#SouthAfrica #AIAutomation #Chatbot #ArtificialIntelligence #SmallBusiness"
"2026-01-24","Sat","24","X","PROOF","YES","111","","Small change. Big number.

[REAL RESULT: the single fix and its measured effect]

#SmeSouthAfrica #Entrepreneur"
"2026-01-25","Sun","25","LinkedIn","MYTH","","252","","A myth I hear constantly: ""SEO is a scam.""

Half the industry, yes. The other half is: fast pages, real content, and telling Google your pages exist.

Disagree? Genuinely interested — the comments are open.

#SmallBusiness #SmeSouthAfrica #Entrepreneur"
"2026-01-25","Sun","25","Instagram","MYTH","","226","","❌ Myth: ""Chatbots annoy customers.""

✅ Truth: Bad ones do. So do phone queues, and you still have one of those.

#SouthAfrica #AIAutomation #Chatbot #ArtificialIntelligence #SmallBusiness #SmeSouthAfrica #Entrepreneur #MuleSoo"
"2026-01-25","Sun","25","Facebook","MYTH","","160","","❌ Myth: ""A template is the same as custom.""

✅ Truth: Until you need it to do the one thing your business actually does.

#SmeSouthAfrica #Entrepreneur #MuleSoo"
"2026-01-25","Sun","25","TikTok","MYTH","","167","","Myth: ""AI writes our content now.""

Truth: And your readers can tell. Use it to think, not to speak.

#WebDesign #WebDevelopment #NextJS #SmallBusiness #SmeSouthAfrica"
"2026-01-25","Sun","25","X","MYTH","","138","","""A good website costs six figures.""

It does not. It costs clarity about what the site is for. We start at R3,500.

#Entrepreneur #MuleSoo"
"2026-01-26","Mon","26","LinkedIn","BEHIND","","216","","Spent the morning cutting 4MB of unused fonts off a client site. Load time went from 5.1s to 1.3s. No redesign. Just deleting.

Small things, compounded. That is the whole job.

#SmeSouthAfrica #Entrepreneur #MuleSoo"
"2026-01-26","Mon","26","Instagram","BEHIND","","252","","Behind the scenes 🛠️

Found a client site telling Google every page was a duplicate of the homepage. 219 pages invisible. One line of code.

#AIAutomation #Chatbot #ArtificialIntelligence #SmallBusiness #SmeSouthAfrica #Entrepreneur #MuleSoo #Pretoria"
"2026-01-26","Mon","26","Facebook","BEHIND","","156","","Behind the scenes 🛠️

Deleted 6MB of unused JavaScript from a client build today. The site did not lose a single feature.

#Entrepreneur #MuleSoo #Pretoria"
"2026-01-26","Mon","26","TikTok","BEHIND","","151","","Reviewed our own site on a 3G connection this week. Humbling. Fixed three things.

#WebDevelopment #NextJS #SmallBusiness #SmeSouthAfrica #Entrepreneur"
"2026-01-26","Mon","26","X","BEHIND","","93","","Turned off a client's auto-playing video. Bounce rate dropped by a third.

#MuleSoo #Pretoria"
"2026-01-27","Tue","27","LinkedIn","PROMO","","243","","Logo & brand identity — from R800.

What you actually get: a brand people remember after one look.

No contracts, no setup fees. If it is not a fit we will say so on the call.

mulesoo.com/services/logo-design

#Entrepreneur #MuleSoo #Pretoria"
"2026-01-27","Tue","27","Instagram","PROMO","","243","","Custom web apps — custom ✨

The internal tool your business actually needs.

🔒 No contracts. No setup fees.
mulesoo.com/services/custom-apps

#WebDevelopment #NextJS #SmallBusiness #SmeSouthAfrica #Entrepreneur #MuleSoo #Pretoria #SouthAfrica"
"2026-01-27","Tue","27","Facebook","PROMO","","188","","Business email — from R400 ✨

An @yourdomain address that stops you looking like a hobby.

🔒 No contracts. No setup fees.
mulesoo.com/services/email-setup

#MuleSoo #Pretoria #SouthAfrica"
"2026-01-27","Tue","27","TikTok","PROMO","","179","","AI chatbots, from R2,500.

a assistant that answers customers at 2am so you can sleep.

Link in bio.

#ArtificialIntelligence #SmallBusiness #SmeSouthAfrica #Entrepreneur #MuleSoo"
"2026-01-27","Tue","27","X","PROMO","","102","","AI automation — the admin work doing itself.
custom.
mulesoo.com/ai-automation

#Pretoria #SouthAfrica"
"2026-01-28","Wed","28","LinkedIn","HUMAN","","165","","Nothing humbles you like opening your own website on someone else's cracked Android.

(It is Friday. Normal service resumes Monday.)

#MuleSoo #Pretoria #SouthAfrica"
"2026-01-28","Wed","28","Instagram","HUMAN","","181","","Every founder thinks their industry is different. Every industry has a booking form.

#NextJS #SmallBusiness #SmeSouthAfrica #Entrepreneur #MuleSoo #Pretoria #SouthAfrica #WebDesign"
"2026-01-28","Wed","28","Facebook","HUMAN","","150","","The website is finished. The website is never finished. Both statements are true and we have made peace with it.

#Pretoria #SouthAfrica #AIAutomation"
"2026-01-28","Wed","28","TikTok","HUMAN","","147","","Somebody somewhere is still using Comic Sans on an invoice, and honestly, respect.

#SmallBusiness #SmeSouthAfrica #Entrepreneur #MuleSoo #Pretoria"
"2026-01-28","Wed","28","X","HUMAN","","82","","Pretoria traffic is our staging environment for patience.

#SouthAfrica #WebDesign"
"2026-01-29","Thu","29","LinkedIn","PROBLEM","","347","","Your business email is a gmail address.

Corporate clients notice. They will not say anything. They will just not reply.

We see this weekly with South African businesses. It is almost never a budget problem — it is a ""nobody told me this was costing me money"" problem.

If that sounded familiar: mulesoo.com

#Pretoria #SouthAfrica #SmallBusiness"
"2026-01-29","Thu","29","Instagram","PROBLEM","","229","","You are quoting by hand every time 👀

That is four hours a week. That is five working weeks a year.

We fix exactly this. DM us

#SmallBusiness #SmeSouthAfrica #Entrepreneur #MuleSoo #Pretoria #SouthAfrica #AIAutomation #Chatbot"
"2026-01-29","Thu","29","Facebook","PROBLEM","","178","","Your contact form goes nowhere 👀

We have checked dozens. About a third are broken and nobody knows.

We fix exactly this. wa.me/27688529333

#SouthAfrica #AIAutomation #Chatbot"
"2026-01-29","Thu","29","TikTok","PROBLEM","","187","","Your team shares files over WhatsApp.

Somewhere in that chat is the only copy of something important.

Fix it → mulesoo.com

#SmeSouthAfrica #Entrepreneur #MuleSoo #Pretoria #SouthAfrica"
"2026-01-29","Thu","29","X","PROBLEM","","138","","You have three different phone numbers online.

Google does not know which is real, so it trusts none of them.

#WebDesign #WebDevelopment"
"2026-01-30","Fri","30","LinkedIn","EDUCATE","","230","","Nobody reads. They scan.

Short paragraphs. Real headings. One idea per screen.

Most of our work is not clever. It is doing the obvious thing properly, and doing it first.

What would you add?

#SouthAfrica #AIAutomation #Chatbot"
"2026-01-30","Fri","30","Instagram","EDUCATE","","252","","💡 Speed comes from what you do not load

Fonts, sliders, video backgrounds, tracking scripts. Delete first, optimise second.

Save this for later.

#SmeSouthAfrica #Entrepreneur #MuleSoo #Pretoria #SouthAfrica #LogoDesign #BrandIdentity #GraphicDesign"
"2026-01-30","Fri","30","Facebook","EDUCATE","","167","","💡 Your reviews are your SEO

A Google Business Profile with real reviews outranks a prettier site with none.

Save this for later.

#WebDesign #WebDevelopment #NextJS"
"2026-01-30","Fri","30","TikTok","EDUCATE","","158","","Your 404 page is a sales page.

Someone is lost and still interested. Help them.

Save this one.

#Entrepreneur #MuleSoo #Pretoria #SouthAfrica #SmallBusiness"
"2026-01-30","Fri","30","X","EDUCATE","","140","","Back up before you launch, not after.

The worst day to learn your backup strategy is the day you need it.

#Chatbot #ArtificialIntelligence"
"2026-01-31","Sat","31","LinkedIn","PROOF","YES","259","","They almost did not call us.

[REAL RESULT: the objection they had, and what changed their mind]

What we built: ai automation — the admin work doing itself.

Happy to walk anyone through how it works. No pitch.

#AIAutomation #Chatbot #ArtificialIntelligence"
"2026-01-31","Sat","31","Instagram","PROOF","YES","278","","We turned down this brief.

[REAL RESULT: a project you declined and why — nothing builds trust faster]

QR codes: a branded code that tells you who scanned it and when.

mulesoo.com/services/qr-codes

#Entrepreneur #MuleSoo #Pretoria #SouthAfrica #SmallBusiness #SmeSouthAfrica"
"2026-01-31","Sat","31","Facebook","PROOF","YES","210","","Three weeks. Start to launch.

[REAL RESULT: the real timeline and what was delivered in it]

Website design: a site that turns visitors into paying clients.

mulesoo.com

#WebDevelopment #NextJS #SmallBusiness"
"2026-01-31","Sat","31","TikTok","PROOF","YES","173","","Screenshot of the dashboard 👇

[REAL RESULT: a real (permitted) screenshot with sensitive data blurred]

mulesoo.com

#MuleSoo #Pretoria #SouthAfrica #AIAutomation #Chatbot"
"2026-01-31","Sat","31","X","PROOF","YES","115","","What we shipped this month:

[REAL RESULT: the actual feature, and what it replaced]

#GraphicDesign #SmallBusiness"
"2026-02-01","Sun","32","LinkedIn","MYTH","","217","","A myth I hear constantly: ""Just boost the post.""

Boosting a post that points at a broken site is paying to lose faster.

Disagree? Genuinely interested — the comments are open.

#WebDevelopment #NextJS #SmallBusiness"
"2026-02-01","Sun","32","Instagram","MYTH","","199","","❌ Myth: ""We need to be on every platform.""

✅ Truth: You need to be excellent on one. Pick where your buyers already are.

#MuleSoo #Pretoria #SouthAfrica #SmallBusiness #SmeSouthAfrica #Entrepreneur"
"2026-02-01","Sun","32","Facebook","MYTH","","183","","❌ Myth: ""Analytics is spying on customers.""

✅ Truth: Knowing which page loses people is not surveillance. It is basic hygiene.

#ArtificialIntelligence #SmallBusiness #SmeSouthAfrica"
"2026-02-01","Sun","32","TikTok","MYTH","","207","","Myth: ""SEO is a scam.""

Truth: Half the industry, yes. The other half is: fast pages, real content, and telling Google your pages exist.

#Pretoria #SouthAfrica #AIAutomation #Chatbot #ArtificialIntelligence"
"2026-02-01","Sun","32","X","MYTH","","126","","""Chatbots annoy customers.""

Bad ones do. So do phone queues, and you still have one of those.

#SmallBusiness #SmeSouthAfrica"
"2026-02-02","Mon","33","LinkedIn","BEHIND","","182","","A client asked if we could make the site load faster. We removed the video background. Done.

Small things, compounded. That is the whole job.

#NextJS #SmallBusiness #SmeSouthAfrica"
"2026-02-02","Mon","33","Instagram","BEHIND","","197","","Behind the scenes 🛠️

A client wanted 14 pages. We shipped 5. Enquiries went up.

#Pretoria #SouthAfrica #AIAutomation #Chatbot #ArtificialIntelligence #SmallBusiness #SmeSouthAfrica #Entrepreneur"
"2026-02-02","Mon","33","Facebook","BEHIND","","149","","Behind the scenes 🛠️

Two hours today spent on a single button. It is the button that takes the money.

#SmallBusiness #SmeSouthAfrica #Entrepreneur"
"2026-02-02","Mon","33","TikTok","BEHIND","","146","","A ""quick change"" is never quick. An honest estimate is worth more than a fast yes.

#SouthAfrica #WebDesign #WebDevelopment #NextJS #SmallBusiness"
"2026-02-02","Mon","33","X","BEHIND","","133","","We test every page at 375px before we call it done. That is an iPhone SE. If it works there, it works.

#SmeSouthAfrica #Entrepreneur"
"2026-02-03","Tue","34","LinkedIn","PROMO","","263","","AI chatbots — from R2,500.

What you actually get: a assistant that answers customers at 2am so you can sleep.

No contracts, no setup fees. If it is not a fit we will say so on the call.

mulesoo.com/services/chatbot

#SmallBusiness #SmeSouthAfrica #Entrepreneur"
"2026-02-03","Tue","34","Instagram","PROMO","","228","","AI automation — custom ✨

The admin work doing itself.

🔒 No contracts. No setup fees.
mulesoo.com/ai-automation

#SouthAfrica #AIAutomation #Chatbot #ArtificialIntelligence #SmallBusiness #SmeSouthAfrica #Entrepreneur #MuleSoo"
"2026-02-03","Tue","34","Facebook","PROMO","","181","","QR codes — from R300 ✨

A branded code that tells you who scanned it and when.

🔒 No contracts. No setup fees.
mulesoo.com/services/qr-codes

#SmeSouthAfrica #Entrepreneur #MuleSoo"
"2026-02-03","Tue","34","TikTok","PROMO","","158","","Website design, from R3,500.

a site that turns visitors into paying clients.

Link in bio.

#WebDesign #WebDevelopment #NextJS #SmallBusiness #SmeSouthAfrica"
"2026-02-03","Tue","34","X","PROMO","","137","","Auto Pilot systems — bookings, payments and reminders running without you.
custom.
mulesoo.com/services/autopilot

#Entrepreneur #MuleSoo"
"2026-02-04","Wed","35","LinkedIn","HUMAN","","178","","Somewhere out there a business is losing a client right now because their email is @gmail.

(It is Friday. Normal service resumes Monday.)

#SmeSouthAfrica #Entrepreneur #MuleSoo"
"2026-02-04","Wed","35","Instagram","HUMAN","","189","","We named the company MuleSoo because it carries heavy things without complaining. Mostly.

#WebDesign #WebDevelopment #NextJS #SmallBusiness #SmeSouthAfrica #Entrepreneur #MuleSoo #Pretoria"
"2026-02-04","Wed","35","Facebook","HUMAN","","91","","Testing on your own phone is not testing. It is optimism.

#Entrepreneur #MuleSoo #Pretoria"
"2026-02-04","Wed","35","TikTok","HUMAN","","169","","Ninety percent of ""the site is down"" is the wifi. The other ten percent keeps us employed.

#Chatbot #ArtificialIntelligence #SmallBusiness #SmeSouthAfrica #Entrepreneur"
"2026-02-04","Wed","35","X","HUMAN","","91","","We measure success in fewer WhatsApp messages at 11pm. Yours, not ours.

#MuleSoo #Pretoria"
"2026-02-05","Thu","36","LinkedIn","PROBLEM","","325","","Your invoices go out late.

Cash flow is not a maths problem. It is an admin problem.

We see this weekly with South African businesses. It is almost never a budget problem — it is a ""nobody told me this was costing me money"" problem.

If that sounded familiar: mulesoo.com/services/qr-codes

#Entrepreneur #MuleSoo #Pretoria"
"2026-02-05","Thu","36","Instagram","PROBLEM","","220","","You reply to enquiries in two days 👀

The one who replied in two hours got the job.

We fix exactly this. mulesoo.com

#WebDevelopment #NextJS #SmallBusiness #SmeSouthAfrica #Entrepreneur #MuleSoo #Pretoria #SouthAfrica"
"2026-02-05","Thu","36","Facebook","PROBLEM","","167","","You post on social media and nothing happens 👀

Because the link goes to a homepage instead of an answer.

We fix exactly this. DM us

#MuleSoo #Pretoria #SouthAfrica"
"2026-02-05","Thu","36","TikTok","PROBLEM","","175","","You track nothing.

So every marketing decision you make is a guess wearing a suit.

Fix it → mulesoo.com

#GraphicDesign #SmallBusiness #SmeSouthAfrica #Entrepreneur #MuleSoo"
"2026-02-05","Thu","36","X","PROBLEM","","123","","Your logo was made in Word.

It shows at 300dpi. It shows on a banner. It shows on a business card.

#Pretoria #SouthAfrica"
"2026-02-06","Fri","37","LinkedIn","EDUCATE","","263","","Structured data is how Google understands you.

It is a few lines of JSON. Most sites skip it. That is your opening.

Most of our work is not clever. It is doing the obvious thing properly, and doing it first.

What would you add?

#MuleSoo #Pretoria #SouthAfrica"
"2026-02-06","Fri","37","Instagram","EDUCATE","","224","","💡 Write the price down

Hiding it does not make it smaller. It makes you look unsure.

Save this for later.

#ArtificialIntelligence #SmallBusiness #SmeSouthAfrica #Entrepreneur #MuleSoo #Pretoria #SouthAfrica #AIAutomation"
"2026-02-06","Fri","37","Facebook","EDUCATE","","157","","💡 Name your pages like a human searches

""Website design Pretoria"" beats ""Solutions"" every time.

Save this for later.

#Pretoria #SouthAfrica #AIAutomation"
"2026-02-06","Fri","37","TikTok","EDUCATE","","198","","Load shedding is a design constraint.

Build for offline-first and intermittent connections. It is not optional here.

Save this one.

#SmallBusiness #SmeSouthAfrica #Entrepreneur #MuleSoo #Pretoria"
"2026-02-06","Fri","37","X","EDUCATE","","119","","Your best salesperson is a FAQ page.

It answers the objection you are too polite to bring up.

#SouthAfrica #WebDesign"
"2026-02-07","Sat","38","LinkedIn","PROOF","YES","297","","A client said this last week:

[REAL RESULT: a verbatim quote, with their name and business, used with permission]

What we built: auto pilot systems — bookings, payments and reminders running without you.

Happy to walk anyone through how it works. No pitch.

#Pretoria #SouthAfrica #AIAutomation"
"2026-02-07","Sat","38","Instagram","PROOF","YES","284","","They almost did not call us.

[REAL RESULT: the objection they had, and what changed their mind]

Logo & brand identity: a brand people remember after one look.

wa.me/27688529333

#SmallBusiness #SmeSouthAfrica #Entrepreneur #MuleSoo #Pretoria #SouthAfrica #LogoDesign #BrandIdentity"
"2026-02-07","Sat","38","Facebook","PROOF","YES","244","","We turned down this brief.

[REAL RESULT: a project you declined and why — nothing builds trust faster]

Custom web apps: the internal tool your business actually needs.

mulesoo.com/services/custom-apps

#SouthAfrica #WebDesign #WebDevelopment"
"2026-02-07","Sat","38","TikTok","PROOF","YES","168","","Three weeks. Start to launch.

[REAL RESULT: the real timeline and what was delivered in it]

mulesoo.com

#SmeSouthAfrica #Entrepreneur #MuleSoo #Pretoria #SouthAfrica"
"2026-02-07","Sat","38","X","PROOF","YES","128","","Screenshot of the dashboard 👇

[REAL RESULT: a real (permitted) screenshot with sensitive data blurred]

#AIAutomation #Chatbot"
"2026-02-08","Sun","39","LinkedIn","MYTH","","193","","A myth I hear constantly: ""Nobody scans QR codes.""

Every restaurant menu in the country disagrees.

Disagree? Genuinely interested — the comments are open.

#SouthAfrica #AIAutomation #Chatbot"
"2026-02-08","Sun","39","Instagram","MYTH","","191","","❌ Myth: ""Cheap now, redo it later.""

✅ Truth: Later costs the original price plus the rebuild plus the lost year.

#SmeSouthAfrica #Entrepreneur #MuleSoo #Pretoria #SouthAfrica #SmallBusiness"
"2026-02-08","Sun","39","Facebook","MYTH","","152","","❌ Myth: ""Nobody in South Africa buys online.""

✅ Truth: Your customers are already buying online. Just not from you.

#WebDesign #WebDevelopment #NextJS"
"2026-02-08","Sun","39","TikTok","MYTH","","168","","Myth: ""Just boost the post.""

Truth: Boosting a post that points at a broken site is paying to lose faster.

#Entrepreneur #MuleSoo #Pretoria #SouthAfrica #AIAutomation"
"2026-02-08","Sun","39","X","MYTH","","135","","""We need to be on every platform.""

You need to be excellent on one. Pick where your buyers already are.

#BrandIdentity #GraphicDesign"
"2026-02-09","Mon","40","LinkedIn","BEHIND","","188","","The QR codes we make track scans. So you know if the flyer worked, or if the flyer was a bin ornament.

Small things, compounded. That is the whole job.

#WebDesign #WebDevelopment #NextJS"
"2026-02-09","Mon","40","Instagram","BEHIND","","181","","Behind the scenes 🛠️

Every project starts with the same question: what is the one thing this must do?

#Entrepreneur #MuleSoo #Pretoria #SouthAfrica #SmallBusiness #SmeSouthAfrica"
"2026-02-09","Mon","40","Facebook","BEHIND","","143","","Behind the scenes 🛠️

The best compliment we get: ""it just works."" That took the whole month.

#Chatbot #ArtificialIntelligence #SmallBusiness"
"2026-02-09","Mon","40","TikTok","BEHIND","","209","","Today: rebuilt a business card because the fonts were never actually loading. Everything printed was in the wrong typeface and nobody noticed for months.

#MuleSoo #Pretoria #SouthAfrica #AIAutomation #Chatbot"
"2026-02-09","Mon","40","X","BEHIND","","148","","Our booking system sends the deposit invoice, the confirmation PDF, and the WhatsApp alert. Nobody touches a keyboard.

#Entrepreneur #SmallBusiness"
"2026-02-10","Tue","41","LinkedIn","PROMO","","255","","Website design — from R3,500.

What you actually get: a site that turns visitors into paying clients.

No contracts, no setup fees. If it is not a fit we will say so on the call.

mulesoo.com/services/website-design

#WebDevelopment #NextJS #SmallBusiness"
"2026-02-10","Tue","41","Instagram","PROMO","","259","","Auto Pilot systems — custom ✨

Bookings, payments and reminders running without you.

🔒 No contracts. No setup fees.
mulesoo.com/services/autopilot

#MuleSoo #Pretoria #SouthAfrica #AIAutomation #Chatbot #ArtificialIntelligence #SmallBusiness #SmeSouthAfrica"
"2026-02-10","Tue","41","Facebook","PROMO","","189","","Logo & brand identity — from R800 ✨

A brand people remember after one look.

🔒 No contracts. No setup fees.
mulesoo.com/services/logo-design

#GraphicDesign #SmallBusiness #SmeSouthAfrica"
"2026-02-10","Tue","41","TikTok","PROMO","","146","","Custom web apps, custom.

the internal tool your business actually needs.

Link in bio.

#Pretoria #SouthAfrica #WebDesign #WebDevelopment #NextJS"
"2026-02-10","Tue","41","X","PROMO","","152","","Business email — an @yourdomain address that stops you looking like a hobby.
from R400.
mulesoo.com/services/email-setup

#SmallBusiness #SmeSouthAfrica"
"2026-02-11","Wed","42","LinkedIn","HUMAN","","182","","""Can you make it look more premium"" — sir, that is a budget, not an adjective.

(It is Friday. Normal service resumes Monday.)

#ArtificialIntelligence #SmallBusiness #SmeSouthAfrica"
"2026-02-11","Wed","42","Instagram","HUMAN","","198","","We do not do rush jobs. We do ordinary jobs, on time, which turns out to be rarer.

#Pretoria #SouthAfrica #AIAutomation #Chatbot #ArtificialIntelligence #SmallBusiness #SmeSouthAfrica #Entrepreneur"
"2026-02-11","Wed","42","Facebook","HUMAN","","128","","Client: ""Can you make the logo bigger?"" Us: ""Yes."" Client: ""Bigger."" Us: ""...Yes.""

#SmallBusiness #SmeSouthAfrica #Entrepreneur"
"2026-02-11","Wed","42","TikTok","HUMAN","","170","","""I want it like Apple's site but with more stuff on it"" is a sentence that contains its own contradiction.

#SouthAfrica #WebDesign #WebDevelopment #NextJS #SmallBusiness"
"2026-02-11","Wed","42","X","HUMAN","","110","","""Just a small change"" has never once, in recorded history, been a small change.

#SmeSouthAfrica #Entrepreneur"
"2026-02-12","Thu","43","LinkedIn","PROBLEM","","343","","You are paying for a website you cannot edit.

Every text change costs you a phone call and three days.

We see this weekly with South African businesses. It is almost never a budget problem — it is a ""nobody told me this was costing me money"" problem.

If that sounded familiar: wa.me/27688529333

#SmallBusiness #SmeSouthAfrica #Entrepreneur"
"2026-02-12","Thu","43","Instagram","PROBLEM","","258","","Your site works. On Chrome. On your machine 👀

Safari on an old iPhone is where websites go to die.

We fix exactly this. mulesoo.com/services/custom-apps

#SouthAfrica #WebDesign #WebDevelopment #NextJS #SmallBusiness #SmeSouthAfrica #Entrepreneur #MuleSoo"
"2026-02-12","Thu","43","Facebook","PROBLEM","","203","","Your website loads in 6 seconds 👀

Half your visitors left before it finished. Speed is not a luxury; it is the whole shop door.

We fix exactly this. mulesoo.com

#SmeSouthAfrica #Entrepreneur #MuleSoo"
"2026-02-12","Thu","43","TikTok","PROBLEM","","174","","You lose leads at 7pm.

Your competitors do not. Their chatbot picked up.

Fix it → mulesoo.com

#AIAutomation #Chatbot #ArtificialIntelligence #SmallBusiness #SmeSouthAfrica"
"2026-02-12","Thu","43","X","PROBLEM","","95","","Your staff share one login.

That is not a system. That is a liability.

#Entrepreneur #MuleSoo"
"2026-02-13","Fri","44","LinkedIn","EDUCATE","","250","","Every form field costs you customers.

Ask for what you need to reply. Everything else can wait.

Most of our work is not clever. It is doing the obvious thing properly, and doing it first.

What would you add?

#SmeSouthAfrica #Entrepreneur #MuleSoo"
"2026-02-13","Fri","44","Instagram","EDUCATE","","207","","💡 Email is not dead. Your email design is

Plain text, one link, sent from a person.

Save this for later.

#WebDesign #WebDevelopment #NextJS #SmallBusiness #SmeSouthAfrica #Entrepreneur #MuleSoo #Pretoria"
"2026-02-13","Fri","44","Facebook","EDUCATE","","161","","💡 Your homepage has one job

Say what you do, who for, and what to click. Everything else is decoration.

Save this for later.

#Entrepreneur #MuleSoo #Pretoria"
"2026-02-13","Fri","44","TikTok","EDUCATE","","204","","Mobile-first is not a style. It is arithmetic.

Most South African traffic is mobile. Design there and scale up.

Save this one.

#BrandIdentity #GraphicDesign #SmallBusiness #SmeSouthAfrica #Entrepreneur"
"2026-02-13","Fri","44","X","EDUCATE","","122","","A QR code with no tracking is a leaflet.

If you cannot count the scans, you cannot tell if it worked.

#MuleSoo #Pretoria"
"2026-02-14","Sat","45","LinkedIn","PROOF","YES","291","","Here is the whole build, honestly:

[REAL RESULT: what went well, what did not, what you would do differently]

What we built: business email — an @yourdomain address that stops you looking like a hobby.

Happy to walk anyone through how it works. No pitch.

#Entrepreneur #MuleSoo #Pretoria"
"2026-02-14","Sat","45","Instagram","PROOF","YES","306","","A client said this last week:

[REAL RESULT: a verbatim quote, with their name and business, used with permission]

AI chatbots: a assistant that answers customers at 2am so you can sleep.

DM us

#Chatbot #ArtificialIntelligence #SmallBusiness #SmeSouthAfrica #Entrepreneur #MuleSoo #Pretoria #SouthAfrica"
"2026-02-14","Sat","45","Facebook","PROOF","YES","193","","They almost did not call us.

[REAL RESULT: the objection they had, and what changed their mind]

AI automation: the admin work doing itself.

wa.me/27688529333

#MuleSoo #Pretoria #SouthAfrica"
"2026-02-14","Sat","45","TikTok","PROOF","YES","171","","We turned down this brief.

[REAL RESULT: a project you declined and why — nothing builds trust faster]

mulesoo.com

#Entrepreneur #SmallBusiness #SmeSouthAfrica #MuleSoo"
"2026-02-14","Sat","45","X","PROOF","YES","116","","Three weeks. Start to launch.

[REAL RESULT: the real timeline and what was delivered in it]

#Pretoria #SouthAfrica"
"2026-02-15","Sun","46","LinkedIn","MYTH","","225","","A myth I hear constantly: ""AI will replace my staff.""

It will replace the parts of their day they hate. That is different, and better.

Disagree? Genuinely interested — the comments are open.

#MuleSoo #Pretoria #SouthAfrica"
"2026-02-15","Sun","46","Instagram","MYTH","","193","","❌ Myth: ""Design is subjective.""

✅ Truth: Taste is subjective. Conversion is measurable.

#GraphicDesign #SmallBusiness #SmeSouthAfrica #Entrepreneur #MuleSoo #Pretoria #SouthAfrica #LogoDesign"
"2026-02-15","Sun","46","Facebook","MYTH","","132","","❌ Myth: ""Our customers are not online.""

✅ Truth: They are on WhatsApp right now. That is online.

#Pretoria #SouthAfrica #WebDesign"
"2026-02-15","Sun","46","TikTok","MYTH","","151","","Myth: ""Nobody scans QR codes.""

Truth: Every restaurant menu in the country disagrees.

#SmallBusiness #SmeSouthAfrica #Entrepreneur #MuleSoo #Pretoria"
"2026-02-15","Sun","46","X","MYTH","","124","","""Cheap now, redo it later.""

Later costs the original price plus the rebuild plus the lost year.

#SouthAfrica #AIAutomation"
"2026-02-16","Mon","47","LinkedIn","BEHIND","","176","","Our own admin panel logs every action. If we break something, we can prove when and how.

Small things, compounded. That is the whole job.

#Pretoria #SouthAfrica #AIAutomation"
"2026-02-16","Mon","47","Instagram","BEHIND","","206","","Behind the scenes 🛠️

Every MuleSoo build ships with the source code. You own it. If you fire us tomorrow, you keep everything.

#SmallBusiness #SmeSouthAfrica #Entrepreneur #MuleSoo #Pretoria #SouthAfrica"
"2026-02-16","Mon","47","Facebook","BEHIND","","162","","Behind the scenes 🛠️

We do not use website builders. Next.js, Tailwind, Supabase. The same stack Vercel and Linear run.

#SouthAfrica #WebDesign #WebDevelopment"
"2026-02-16","Mon","47","TikTok","BEHIND","","202","","We keep a checklist of things that quietly break: contact forms, SSL renewals, sitemap submissions. Most agencies do not check any of them.

#SmeSouthAfrica #Entrepreneur #MuleSoo #Pretoria #SouthAfrica"
"2026-02-16","Mon","47","X","BEHIND","","103","","Nobody asks about the database schema. Everybody feels it when it is wrong.

#LogoDesign #BrandIdentity"
"2026-02-17","Tue","48","LinkedIn","PROMO","","249","","Custom web apps — custom.

What you actually get: the internal tool your business actually needs.

No contracts, no setup fees. If it is not a fit we will say so on the call.

mulesoo.com/services/custom-apps

#SouthAfrica #WebDesign #WebDevelopment"
"2026-02-17","Tue","48","Instagram","PROMO","","233","","Business email — from R400 ✨

An @yourdomain address that stops you looking like a hobby.

🔒 No contracts. No setup fees.
mulesoo.com/services/email-setup

#SmeSouthAfrica #Entrepreneur #MuleSoo #Pretoria #SouthAfrica #SmallBusiness"
"2026-02-17","Tue","48","Facebook","PROMO","","198","","AI chatbots — from R2,500 ✨

A assistant that answers customers at 2am so you can sleep.

🔒 No contracts. No setup fees.
mulesoo.com/services/chatbot

#AIAutomation #Chatbot #ArtificialIntelligence"
"2026-02-17","Tue","48","TikTok","PROMO","","127","","AI automation, custom.

the admin work doing itself.

Link in bio.

#Entrepreneur #MuleSoo #Pretoria #SouthAfrica #AIAutomation"
"2026-02-17","Tue","48","X","PROMO","","137","","QR codes — a branded code that tells you who scanned it and when.
from R300.
mulesoo.com/services/qr-codes

#SmeSouthAfrica #Entrepreneur"
"2026-02-18","Wed","49","LinkedIn","HUMAN","","183","","If your password is your business name and the year, we need to talk before we talk about websites.

(It is Friday. Normal service resumes Monday.)

#WebDesign #WebDevelopment #NextJS"
"2026-02-18","Wed","49","Instagram","HUMAN","","200","","The two hardest problems in tech: naming things, cache invalidation, and off-by-one errors.

#Entrepreneur #MuleSoo #Pretoria #SouthAfrica #AIAutomation #Chatbot #ArtificialIntelligence #SmallBusiness"
"2026-02-18","Wed","49","Facebook","HUMAN","","119","","You do not need a metaverse strategy. You need your contact form to work.

#BrandIdentity #GraphicDesign #SmallBusiness"
"2026-02-18","Wed","49","TikTok","HUMAN","","135","","Every logo revision request arrives at 11:47pm. We have stopped asking why.

#MuleSoo #Pretoria #SouthAfrica #WebDesign #WebDevelopment"
"2026-02-18","Wed","49","X","HUMAN","","113","","The client always knows what they do not want. Our job is to find out what they do.

#Entrepreneur #SmallBusiness"
"2026-02-19","Thu","50","LinkedIn","PROBLEM","","317","","Your best client found you by accident.

Imagine if that was a system instead of luck.

We see this weekly with South African businesses. It is almost never a budget problem — it is a ""nobody told me this was costing me money"" problem.

If that sounded familiar: DM us

#Chatbot #ArtificialIntelligence #SmallBusiness"
"2026-02-19","Thu","50","Instagram","PROBLEM","","273","","Your business email is a gmail address 👀

Corporate clients notice. They will not say anything. They will just not reply.

We fix exactly this. wa.me/27688529333

#MuleSoo #Pretoria #SouthAfrica #AIAutomation #Chatbot #ArtificialIntelligence #SmallBusiness #SmeSouthAfrica"
"2026-02-19","Thu","50","Facebook","PROBLEM","","198","","You are quoting by hand every time 👀

That is four hours a week. That is five working weeks a year.

We fix exactly this. mulesoo.com/services/qr-codes

#Entrepreneur #SmallBusiness #SmeSouthAfrica"
"2026-02-19","Thu","50","TikTok","PROBLEM","","180","","Your contact form goes nowhere.

We have checked dozens. About a third are broken and nobody knows.

Fix it → mulesoo.com

#Pretoria #SouthAfrica #WebDesign #WebDevelopment #NextJS"
"2026-02-19","Thu","50","X","PROBLEM","","134","","Your team shares files over WhatsApp.

Somewhere in that chat is the only copy of something important.

#SmallBusiness #SmeSouthAfrica"
"2026-02-20","Fri","51","LinkedIn","EDUCATE","","245","","Measure one number.

Enquiries per week. If it does not move that, it is decoration.

Most of our work is not clever. It is doing the obvious thing properly, and doing it first.

What would you add?

#GraphicDesign #SmallBusiness #SmeSouthAfrica"
"2026-02-20","Fri","51","Instagram","EDUCATE","","207","","💡 Nobody reads. They scan

Short paragraphs. Real headings. One idea per screen.

Save this for later.

#Pretoria #SouthAfrica #WebDesign #WebDevelopment #NextJS #SmallBusiness #SmeSouthAfrica #Entrepreneur"
"2026-02-20","Fri","51","Facebook","EDUCATE","","193","","💡 Speed comes from what you do not load

Fonts, sliders, video backgrounds, tracking scripts. Delete first, optimise second.

Save this for later.

#SmallBusiness #SmeSouthAfrica #Entrepreneur"
"2026-02-20","Fri","51","TikTok","EDUCATE","","199","","Your reviews are your SEO.

A Google Business Profile with real reviews outranks a prettier site with none.

Save this one.

#SouthAfrica #AIAutomation #Chatbot #ArtificialIntelligence #SmallBusiness"
"2026-02-20","Fri","51","X","EDUCATE","","111","","Your 404 page is a sales page.

Someone is lost and still interested. Help them.

#SmeSouthAfrica #Entrepreneur"
"2026-02-21","Sat","52","LinkedIn","PROOF","YES","292","","The problem they came to us with:

[REAL RESULT: their words describing the pain, then what it looks like now]

What we built: qr codes — a branded code that tells you who scanned it and when.

Happy to walk anyone through how it works. No pitch.

#SmallBusiness #SmeSouthAfrica #Entrepreneur"
"2026-02-21","Sat","52","Instagram","PROOF","YES","291","","Here is the whole build, honestly:

[REAL RESULT: what went well, what did not, what you would do differently]

Website design: a site that turns visitors into paying clients.

mulesoo.com

#SouthAfrica #WebDesign #WebDevelopment #NextJS #SmallBusiness #SmeSouthAfrica #Entrepreneur #MuleSoo"
"2026-02-21","Sat","52","Facebook","PROOF","YES","236","","A client said this last week:

[REAL RESULT: a verbatim quote, with their name and business, used with permission]

Auto Pilot systems: bookings, payments and reminders running without you.

DM us

#SmeSouthAfrica #Entrepreneur #MuleSoo"
"2026-02-21","Sat","52","TikTok","PROOF","YES","183","","They almost did not call us.

[REAL RESULT: the objection they had, and what changed their mind]

mulesoo.com

#LogoDesign #BrandIdentity #GraphicDesign #SmallBusiness #SmeSouthAfrica"
"2026-02-21","Sat","52","X","PROOF","YES","127","","We turned down this brief.

[REAL RESULT: a project you declined and why — nothing builds trust faster]

#Entrepreneur #MuleSoo"
"2026-02-22","Sun","53","LinkedIn","MYTH","","236","","A myth I hear constantly: ""We do not need a logo, we need sales.""

The logo is not the point. Being memorable at the moment of decision is.

Disagree? Genuinely interested — the comments are open.

#SmeSouthAfrica #Entrepreneur #MuleSoo"
"2026-02-22","Sun","53","Instagram","MYTH","","214","","❌ Myth: ""More pages means better SEO.""

✅ Truth: Two hundred thin pages rank worse than ten good ones.

#AIAutomation #Chatbot #ArtificialIntelligence #SmallBusiness #SmeSouthAfrica #Entrepreneur #MuleSoo #Pretoria"
"2026-02-22","Sun","53","Facebook","MYTH","","171","","❌ Myth: ""We will launch when it is perfect.""

✅ Truth: You will launch when a competitor forces you to, and it still will not be perfect.

#Entrepreneur #MuleSoo #Pretoria"
"2026-02-22","Sun","53","TikTok","MYTH","","168","","Myth: ""AI will replace my staff.""

Truth: It will replace the parts of their day they hate. That is different, and better.

#SmeSouthAfrica #Entrepreneur #SmallBusiness"
"2026-02-22","Sun","53","X","MYTH","","91","","""Design is subjective.""

Taste is subjective. Conversion is measurable.

#MuleSoo #Pretoria"
"2026-02-23","Mon","54","LinkedIn","BEHIND","","160","","The chatbot on our own site is the same one we sell. We eat our own cooking.

Small things, compounded. That is the whole job.

#Entrepreneur #MuleSoo #Pretoria"
"2026-02-23","Mon","54","Instagram","BEHIND","","201","","Behind the scenes 🛠️

Half of what we do is talking people out of features they do not need.

#BrandIdentity #GraphicDesign #SmallBusiness #SmeSouthAfrica #Entrepreneur #MuleSoo #Pretoria #SouthAfrica"
"2026-02-23","Mon","54","Facebook","BEHIND","","155","","Behind the scenes 🛠️

Wrote the copy before the design today. It is always the right order and we always want to skip it.

#MuleSoo #Pretoria #SouthAfrica"
"2026-02-23","Mon","54","TikTok","BEHIND","","144","","We write the refund terms before the invoice. Awkward conversations are cheaper up front.

#Entrepreneur #SmallBusiness #SmeSouthAfrica #MuleSoo"
"2026-02-23","Mon","54","X","BEHIND","","97","","Shipped a fix at 6am so nobody would notice the downtime. Nobody noticed.

#Pretoria #SouthAfrica"
"2026-02-24","Tue","55","LinkedIn","PROMO","","213","","AI automation — custom.

What you actually get: the admin work doing itself.

No contracts, no setup fees. If it is not a fit we will say so on the call.

mulesoo.com/ai-automation

#MuleSoo #Pretoria #SouthAfrica"
"2026-02-24","Tue","55","Instagram","PROMO","","219","","QR codes — from R300 ✨

A branded code that tells you who scanned it and when.

🔒 No contracts. No setup fees.
mulesoo.com/services/qr-codes

#Entrepreneur #SmallBusiness #SmeSouthAfrica #MuleSoo #Pretoria #SouthAfrica"
"2026-02-24","Tue","55","Facebook","PROMO","","183","","Website design — from R3,500 ✨

A site that turns visitors into paying clients.

🔒 No contracts. No setup fees.
mulesoo.com/services/website-design

#Pretoria #SouthAfrica #WebDesign"
"2026-02-24","Tue","55","TikTok","PROMO","","161","","Auto Pilot systems, custom.

bookings, payments and reminders running without you.

Link in bio.

#SmallBusiness #SmeSouthAfrica #Entrepreneur #MuleSoo #Pretoria"
"2026-02-24","Tue","55","X","PROMO","","133","","Logo & brand identity — a brand people remember after one look.
from R800.
mulesoo.com/services/logo-design

#SouthAfrica #LogoDesign"
"2026-02-25","Wed","56","LinkedIn","HUMAN","","174","","Building in Pretoria, shipping to the continent. Load shedding is just a deployment window.

(It is Friday. Normal service resumes Monday.)

#Pretoria #SouthAfrica #WebDesign"
"2026-02-25","Wed","56","Instagram","HUMAN","","147","","Our chatbot is more polite than we are before 8am. That is by design.

#SmallBusiness #SmeSouthAfrica #Entrepreneur #MuleSoo #Pretoria #SouthAfrica"
"2026-02-25","Wed","56","Facebook","HUMAN","","85","","Coffee is a build dependency. It is in the docs.

#SouthAfrica #AIAutomation #Chatbot"
"2026-02-25","Wed","56","TikTok","HUMAN","","141","","A designer, a developer and a client walk into a meeting. The scope walks out.

#SmeSouthAfrica #Entrepreneur #MuleSoo #Pretoria #SouthAfrica"
"2026-02-25","Wed","56","X","HUMAN","","128","","Reminder that ""make it pop"" is not a design brief, but we will figure out what you meant anyway.

#SmallBusiness #SmeSouthAfrica"
"2026-02-26","Thu","57","LinkedIn","PROBLEM","","297","","Your booking system is a notebook.

One lost page is one lost month.

We see this weekly with South African businesses. It is almost never a budget problem — it is a ""nobody told me this was costing me money"" problem.

If that sounded familiar: mulesoo.com

#SouthAfrica #WebDesign #WebDevelopment"
"2026-02-26","Thu","57","Instagram","PROBLEM","","225","","Your invoices go out late 👀

Cash flow is not a maths problem. It is an admin problem.

We fix exactly this. DM us

#SmeSouthAfrica #Entrepreneur #MuleSoo #Pretoria #SouthAfrica #AIAutomation #Chatbot #ArtificialIntelligence"
"2026-02-26","Thu","57","Facebook","PROBLEM","","167","","You reply to enquiries in two days 👀

The one who replied in two hours got the job.

We fix exactly this. wa.me/27688529333

#LogoDesign #BrandIdentity #GraphicDesign"
"2026-02-26","Thu","57","TikTok","PROBLEM","","184","","You post on social media and nothing happens.

Because the link goes to a homepage instead of an answer.

Fix it → mulesoo.com

#Entrepreneur #MuleSoo #Pretoria #SouthAfrica #WebDesign"
"2026-02-26","Thu","57","X","PROBLEM","","114","","You track nothing.

So every marketing decision you make is a guess wearing a suit.

#SmeSouthAfrica #Entrepreneur"
"2026-02-27","Fri","58","LinkedIn","EDUCATE","","279","","A chatbot is not a robot receptionist.

It is a filter. It catches the easy 70% so a human handles the 30% that pays.

Most of our work is not clever. It is doing the obvious thing properly, and doing it first.

What would you add?

#AIAutomation #Chatbot #ArtificialIntelligence"
"2026-02-27","Fri","58","Instagram","EDUCATE","","249","","💡 Structured data is how Google understands you

It is a few lines of JSON. Most sites skip it. That is your opening.

Save this for later.

#Entrepreneur #MuleSoo #Pretoria #SouthAfrica #AIAutomation #Chatbot #ArtificialIntelligence #SmallBusiness"
"2026-02-27","Fri","58","Facebook","EDUCATE","","154","","💡 Write the price down

Hiding it does not make it smaller. It makes you look unsure.

Save this for later.

#SmeSouthAfrica #Entrepreneur #SmallBusiness"
"2026-02-27","Fri","58","TikTok","EDUCATE","","171","","Name your pages like a human searches.

""Website design Pretoria"" beats ""Solutions"" every time.

Save this one.

#MuleSoo #Pretoria #SouthAfrica #WebDesign #WebDevelopment"
"2026-02-27","Fri","58","X","EDUCATE","","157","","Load shedding is a design constraint.

Build for offline-first and intermittent connections. It is not optional here.

#ArtificialIntelligence #SmallBusiness"
"2026-02-28","Sat","59","LinkedIn","PROOF","YES","329","","Six months on, is it still working?

[REAL RESULT: a follow-up result from an older client — these are the most credible posts you will ever publish]

What we built: logo & brand identity — a brand people remember after one look.

Happy to walk anyone through how it works. No pitch.

#BrandIdentity #GraphicDesign #SmallBusiness"
"2026-02-28","Sat","59","Instagram","PROOF","YES","309","","The problem they came to us with:

[REAL RESULT: their words describing the pain, then what it looks like now]

Custom web apps: the internal tool your business actually needs.

mulesoo.com/services/custom-apps

#MuleSoo #Pretoria #SouthAfrica #WebDesign #WebDevelopment #NextJS #SmallBusiness #SmeSouthAfrica"
"2026-02-28","Sat","59","Facebook","PROOF","YES","246","","Here is the whole build, honestly:

[REAL RESULT: what went well, what did not, what you would do differently]

Business email: an @yourdomain address that stops you looking like a hobby.

mulesoo.com

#Entrepreneur #SmallBusiness #SmeSouthAfrica"
"2026-02-28","Sat","59","TikTok","PROOF","YES","198","","A client said this last week:

[REAL RESULT: a verbatim quote, with their name and business, used with permission]

mulesoo.com

#Pretoria #SouthAfrica #AIAutomation #Chatbot #ArtificialIntelligence"
"2026-02-28","Sat","59","X","PROOF","YES","128","","They almost did not call us.

[REAL RESULT: the objection they had, and what changed their mind]

#SmallBusiness #SmeSouthAfrica"
"2026-03-01","Sun","60","LinkedIn","MYTH","","218","","A myth I hear constantly: ""Dark mode is a feature.""

It is a preference. Your broken checkout is a feature request.

Disagree? Genuinely interested — the comments are open.

#Entrepreneur #SmallBusiness #SmeSouthAfrica"
"2026-03-01","Sun","60","Instagram","MYTH","","250","","❌ Myth: ""Our industry is different.""

✅ Truth: Your industry has a booking form, an invoice, and a customer who wants an answer. Same as everyone.

#Pretoria #SouthAfrica #WebDesign #WebDevelopment #NextJS #SmallBusiness #SmeSouthAfrica #Entrepreneur"
"2026-03-01","Sun","60","Facebook","MYTH","","177","","❌ Myth: ""We are too small for automation.""

✅ Truth: Small is exactly when your time is most expensive, because it is all you have.

#SmallBusiness #SmeSouthAfrica #Entrepreneur"
"2026-03-01","Sun","60","TikTok","MYTH","","197","","Myth: ""We do not need a logo, we need sales.""

Truth: The logo is not the point. Being memorable at the moment of decision is.

#SouthAfrica #LogoDesign #BrandIdentity #GraphicDesign #SmallBusiness"
"2026-03-01","Sun","60","X","MYTH","","116","","""More pages means better SEO.""

Two hundred thin pages rank worse than ten good ones.

#SmeSouthAfrica #Entrepreneur"
"2026-03-02","Mon","61","LinkedIn","BEHIND","","195","","Deleted 6MB of unused JavaScript from a client build today. The site did not lose a single feature.

Small things, compounded. That is the whole job.

#SmallBusiness #SmeSouthAfrica #Entrepreneur"
"2026-03-02","Mon","61","Instagram","BEHIND","","219","","Behind the scenes 🛠️

Reviewed our own site on a 3G connection this week. Humbling. Fixed three things.

#SouthAfrica #AIAutomation #Chatbot #ArtificialIntelligence #SmallBusiness #SmeSouthAfrica #Entrepreneur #MuleSoo"
"2026-03-02","Mon","61","Facebook","BEHIND","","136","","Behind the scenes 🛠️

Turned off a client's auto-playing video. Bounce rate dropped by a third.

#SmeSouthAfrica #Entrepreneur #MuleSoo"
"2026-03-02","Mon","61","TikTok","BEHIND","","172","","Spent the morning cutting 4MB of unused fonts off a client site. Load time went from 5.1s to 1.3s. No redesign. Just deleting.

#SmallBusiness #SmeSouthAfrica #Entrepreneur"
"2026-03-02","Mon","61","X","BEHIND","","141","","Found a client site telling Google every page was a duplicate of the homepage. 219 pages invisible. One line of code.

#Entrepreneur #MuleSoo"
"2026-03-03","Tue","62","LinkedIn","PROMO","","255","","Auto Pilot systems — custom.

What you actually get: bookings, payments and reminders running without you.

No contracts, no setup fees. If it is not a fit we will say so on the call.

mulesoo.com/services/autopilot

#SmeSouthAfrica #Entrepreneur #MuleSoo"
"2026-03-03","Tue","62","Instagram","PROMO","","249","","Logo & brand identity — from R800 ✨

A brand people remember after one look.

🔒 No contracts. No setup fees.
mulesoo.com/services/logo-design

#LogoDesign #BrandIdentity #GraphicDesign #SmallBusiness #SmeSouthAfrica #Entrepreneur #MuleSoo #Pretoria"
"2026-03-03","Tue","62","Facebook","PROMO","","175","","Custom web apps — custom ✨

The internal tool your business actually needs.

🔒 No contracts. No setup fees.
mulesoo.com/services/custom-apps

#Entrepreneur #MuleSoo #Pretoria"
"2026-03-03","Tue","62","TikTok","PROMO","","147","","Business email, from R400.

an @yourdomain address that stops you looking like a hobby.

Link in bio.

#SmeSouthAfrica #Entrepreneur #SmallBusiness"
"2026-03-03","Tue","62","X","PROMO","","135","","AI chatbots — a assistant that answers customers at 2am so you can sleep.
from R2,500.
mulesoo.com/services/chatbot

#MuleSoo #Pretoria"
"2026-03-04","Wed","63","LinkedIn","HUMAN","","194","","The website is finished. The website is never finished. Both statements are true and we have made peace with it.

(It is Friday. Normal service resumes Monday.)

#Entrepreneur #MuleSoo #Pretoria"
"2026-03-04","Wed","63","Instagram","HUMAN","","160","","Somebody somewhere is still using Comic Sans on an invoice, and honestly, respect.

#SmeSouthAfrica #Entrepreneur #SmallBusiness #MuleSoo #Pretoria #SouthAfrica"
"2026-03-04","Wed","63","Facebook","HUMAN","","90","","Pretoria traffic is our staging environment for patience.

#MuleSoo #Pretoria #SouthAfrica"
"2026-03-04","Wed","63","TikTok","HUMAN","","163","","Nothing humbles you like opening your own website on someone else's cracked Android.

#ArtificialIntelligence #SmallBusiness #SmeSouthAfrica #Entrepreneur #MuleSoo"
"2026-03-04","Wed","63","X","HUMAN","","108","","Every founder thinks their industry is different. Every industry has a booking form.

#Pretoria #SouthAfrica"
"2026-03-05","Thu","64","LinkedIn","PROBLEM","","324","","You have no idea where clients come from.

So you cannot spend more on what works.

We see this weekly with South African businesses. It is almost never a budget problem — it is a ""nobody told me this was costing me money"" problem.

If that sounded familiar: mulesoo.com/services/custom-apps

#MuleSoo #Pretoria #SouthAfrica"
"2026-03-05","Thu","64","Instagram","PROBLEM","","217","","You are paying for a website you cannot edit 👀

Every text change costs you a phone call and three days.

We fix exactly this. mulesoo.com

#Entrepreneur #SmallBusiness #SmeSouthAfrica #MuleSoo #Pretoria #SouthAfrica"
"2026-03-05","Thu","64","Facebook","PROBLEM","","166","","Your site works. On Chrome. On your machine 👀

Safari on an old iPhone is where websites go to die.

We fix exactly this. DM us

#Pretoria #SouthAfrica #AIAutomation"
"2026-03-05","Thu","64","TikTok","PROBLEM","","214","","Your website loads in 6 seconds.

Half your visitors left before it finished. Speed is not a luxury; it is the whole shop door.

Fix it → mulesoo.com

#SmallBusiness #SmeSouthAfrica #Entrepreneur #MuleSoo #Pretoria"
"2026-03-05","Thu","64","X","PROBLEM","","102","","You lose leads at 7pm.

Your competitors do not. Their chatbot picked up.

#SouthAfrica #SmallBusiness"
"2026-03-06","Fri","65","LinkedIn","EDUCATE","","274","","Automate the boring, not the human.

Nobody wants an AI to write their condolence note. Everyone wants one to chase invoices.

Most of our work is not clever. It is doing the obvious thing properly, and doing it first.

What would you add?

#Pretoria #SouthAfrica #WebDesign"
"2026-03-06","Fri","65","Instagram","EDUCATE","","221","","💡 Every form field costs you customers

Ask for what you need to reply. Everything else can wait.

Save this for later.

#SmallBusiness #SmeSouthAfrica #Entrepreneur #MuleSoo #Pretoria #SouthAfrica #AIAutomation #Chatbot"
"2026-03-06","Fri","65","Facebook","EDUCATE","","148","","💡 Email is not dead. Your email design is

Plain text, one link, sent from a person.

Save this for later.

#SouthAfrica #LogoDesign #BrandIdentity"
"2026-03-06","Fri","65","TikTok","EDUCATE","","182","","Your homepage has one job.

Say what you do, who for, and what to click. Everything else is decoration.

Save this one.

#SmeSouthAfrica #Entrepreneur #MuleSoo #Pretoria #SouthAfrica"
"2026-03-06","Fri","65","X","EDUCATE","","144","","Mobile-first is not a style. It is arithmetic.

Most South African traffic is mobile. Design there and scale up.

#SmallBusiness #SmeSouthAfrica"
"2026-03-07","Sat","66","LinkedIn","PROOF","YES","291","","This used to take four hours a week.

[REAL RESULT: the manual task you automated, and the hours it now takes]

What we built: ai chatbots — a assistant that answers customers at 2am so you can sleep.

Happy to walk anyone through how it works. No pitch.

#SouthAfrica #AIAutomation #Chatbot"
"2026-03-07","Sat","66","Instagram","PROOF","YES","323","","Six months on, is it still working?

[REAL RESULT: a follow-up result from an older client — these are the most credible posts you will ever publish]

AI automation: the admin work doing itself.

wa.me/27688529333

#SmeSouthAfrica #Entrepreneur #MuleSoo #Pretoria #SouthAfrica #AIAutomation #Chatbot #ArtificialIntelligence"
"2026-03-07","Sat","66","Facebook","PROOF","YES","253","","The problem they came to us with:

[REAL RESULT: their words describing the pain, then what it looks like now]

QR codes: a branded code that tells you who scanned it and when.

mulesoo.com/services/qr-codes

#SmallBusiness #SmeSouthAfrica #Entrepreneur"
"2026-03-07","Sat","66","TikTok","PROOF","YES","181","","Here is the whole build, honestly:

[REAL RESULT: what went well, what did not, what you would do differently]

mulesoo.com

#Entrepreneur #MuleSoo #Pretoria #SouthAfrica #WebDesign"
"2026-03-07","Sat","66","X","PROOF","YES","148","","A client said this last week:

[REAL RESULT: a verbatim quote, with their name and business, used with permission]

#Chatbot #ArtificialIntelligence"
"2026-03-08","Sun","67","LinkedIn","MYTH","","240","","A myth I hear constantly: ""A good website costs six figures.""

It does not. It costs clarity about what the site is for. We start at R3,500.

Disagree? Genuinely interested — the comments are open.

#LogoDesign #BrandIdentity #GraphicDesign"
"2026-03-08","Sun","67","Instagram","MYTH","","202","","❌ Myth: ""I will do the website myself, later.""

✅ Truth: ""Later"" is doing a lot of work in that sentence.

#Entrepreneur #MuleSoo #Pretoria #SouthAfrica #WebDesign #WebDevelopment #NextJS #SmallBusiness"
"2026-03-08","Sun","67","Facebook","MYTH","","185","","❌ Myth: ""We will fix the website after we get customers.""

✅ Truth: The website is how you get the customers. You have the order backwards.

#SmeSouthAfrica #Entrepreneur #SmallBusiness"
"2026-03-08","Sun","67","TikTok","MYTH","","158","","Myth: ""Dark mode is a feature.""

Truth: It is a preference. Your broken checkout is a feature request.

#MuleSoo #Pretoria #SouthAfrica #AIAutomation #Chatbot"
"2026-03-08","Sun","67","X","MYTH","","169","","""Our industry is different.""

Your industry has a booking form, an invoice, and a customer who wants an answer. Same as everyone.

#ArtificialIntelligence #SmallBusiness"
"2026-03-09","Mon","68","LinkedIn","BEHIND","","176","","Two hours today spent on a single button. It is the button that takes the money.

Small things, compounded. That is the whole job.

#SmeSouthAfrica #Entrepreneur #SmallBusiness"
"2026-03-09","Mon","68","Instagram","BEHIND","","204","","Behind the scenes 🛠️

A ""quick change"" is never quick. An honest estimate is worth more than a fast yes.

#MuleSoo #Pretoria #SouthAfrica #WebDesign #WebDevelopment #NextJS #SmallBusiness #SmeSouthAfrica"
"2026-03-09","Mon","68","Facebook","BEHIND","","181","","Behind the scenes 🛠️

We test every page at 375px before we call it done. That is an iPhone SE. If it works there, it works.

#ArtificialIntelligence #SmallBusiness #SmeSouthAfrica"
"2026-03-09","Mon","68","TikTok","BEHIND","","158","","A client asked if we could make the site load faster. We removed the video background. Done.

#Pretoria #SouthAfrica #LogoDesign #BrandIdentity #GraphicDesign"
"2026-03-09","Mon","68","X","BEHIND","","90","","A client wanted 14 pages. We shipped 5. Enquiries went up.

#SmallBusiness #SmeSouthAfrica"
"2026-03-10","Tue","69","LinkedIn","PROMO","","268","","Business email — from R400.

What you actually get: an @yourdomain address that stops you looking like a hobby.

No contracts, no setup fees. If it is not a fit we will say so on the call.

mulesoo.com/services/email-setup

#Entrepreneur #SmallBusiness #SmeSouthAfrica"
"2026-03-10","Tue","69","Instagram","PROMO","","266","","AI chatbots — from R2,500 ✨

A assistant that answers customers at 2am so you can sleep.

🔒 No contracts. No setup fees.
mulesoo.com/services/chatbot

#Pretoria #SouthAfrica #AIAutomation #Chatbot #ArtificialIntelligence #SmallBusiness #SmeSouthAfrica #Entrepreneur"
"2026-03-10","Tue","69","Facebook","PROMO","","159","","AI automation — custom ✨

The admin work doing itself.

🔒 No contracts. No setup fees.
mulesoo.com/ai-automation

#SmallBusiness #SmeSouthAfrica #Entrepreneur"
"2026-03-10","Tue","69","TikTok","PROMO","","149","","QR codes, from R300.

a branded code that tells you who scanned it and when.

Link in bio.

#SouthAfrica #SmallBusiness #SmeSouthAfrica #Entrepreneur"
"2026-03-10","Tue","69","X","PROMO","","144","","Website design — a site that turns visitors into paying clients.
from R3,500.
mulesoo.com/services/website-design

#SmeSouthAfrica #Entrepreneur"
"2026-03-11","Wed","70","LinkedIn","HUMAN","","151","","Testing on your own phone is not testing. It is optimism.

(It is Friday. Normal service resumes Monday.)

#SmallBusiness #SmeSouthAfrica #Entrepreneur"
"2026-03-11","Wed","70","Instagram","HUMAN","","200","","Ninety percent of ""the site is down"" is the wifi. The other ten percent keeps us employed.

#SouthAfrica #LogoDesign #BrandIdentity #GraphicDesign #SmallBusiness #SmeSouthAfrica #Entrepreneur #MuleSoo"
"2026-03-11","Wed","70","Facebook","HUMAN","","111","","We measure success in fewer WhatsApp messages at 11pm. Yours, not ours.

#SmeSouthAfrica #Entrepreneur #MuleSoo"
"2026-03-11","Wed","70","TikTok","HUMAN","","136","","Somewhere out there a business is losing a client right now because their email is @gmail.

#SmallBusiness #SmeSouthAfrica #Entrepreneur"
"2026-03-11","Wed","70","X","HUMAN","","113","","We named the company MuleSoo because it carries heavy things without complaining. Mostly.

#Entrepreneur #MuleSoo"
"2026-03-12","Thu","71","LinkedIn","PROBLEM","","337","","Your online store has no trust signals.

No reviews, no returns policy, no real address. Would you buy?

We see this weekly with South African businesses. It is almost never a budget problem — it is a ""nobody told me this was costing me money"" problem.

If that sounded familiar: wa.me/27688529333

#SmeSouthAfrica #Entrepreneur #MuleSoo"
"2026-03-12","Thu","71","Instagram","PROBLEM","","205","","Your best client found you by accident 👀

Imagine if that was a system instead of luck.

We fix exactly this. mulesoo.com/services/qr-codes

#SmallBusiness #SmeSouthAfrica #Entrepreneur #MuleSoo #Pretoria"
"2026-03-12","Thu","71","Facebook","PROBLEM","","190","","Your business email is a gmail address 👀

Corporate clients notice. They will not say anything. They will just not reply.

We fix exactly this. mulesoo.com

#Entrepreneur #MuleSoo #Pretoria"
"2026-03-12","Thu","71","TikTok","PROBLEM","","199","","You are quoting by hand every time.

That is four hours a week. That is five working weeks a year.

Fix it → mulesoo.com

#Chatbot #ArtificialIntelligence #SmallBusiness #SmeSouthAfrica #Entrepreneur"
"2026-03-12","Thu","71","X","PROBLEM","","119","","Your contact form goes nowhere.

We have checked dozens. About a third are broken and nobody knows.

#MuleSoo #Pretoria"
"2026-03-13","Fri","72","LinkedIn","EDUCATE","","240","","Compress your images before you blame your host.

A 4MB hero image is not a hosting problem.

Most of our work is not clever. It is doing the obvious thing properly, and doing it first.

What would you add?

#Entrepreneur #MuleSoo #Pretoria"
"2026-03-13","Fri","72","Instagram","EDUCATE","","186","","💡 Measure one number

Enquiries per week. If it does not move that, it is decoration.

Save this for later.

#SmeSouthAfrica #Entrepreneur #SmallBusiness #MuleSoo #Pretoria #SouthAfrica"
"2026-03-13","Fri","72","Facebook","EDUCATE","","136","","💡 Nobody reads. They scan

Short paragraphs. Real headings. One idea per screen.

Save this for later.

#MuleSoo #Pretoria #SouthAfrica"
"2026-03-13","Fri","72","TikTok","EDUCATE","","218","","Speed comes from what you do not load.

Fonts, sliders, video backgrounds, tracking scripts. Delete first, optimise second.

Save this one.

#ArtificialIntelligence #SmallBusiness #SmeSouthAfrica #Entrepreneur #MuleSoo"
"2026-03-13","Fri","72","X","EDUCATE","","131","","Your reviews are your SEO.

A Google Business Profile with real reviews outranks a prettier site with none.

#Pretoria #SouthAfrica"
"2026-03-14","Sat","73","LinkedIn","PROOF","YES","274","","Before and after 👇

[REAL RESULT: the one number that changed — load time, bookings, no-shows, enquiries]

What we built: website design — a site that turns visitors into paying clients.

Happy to walk anyone through how it works. No pitch.

#MuleSoo #Pretoria #SouthAfrica"
"2026-03-14","Sat","73","Instagram","PROOF","YES","308","","This used to take four hours a week.

[REAL RESULT: the manual task you automated, and the hours it now takes]

Auto Pilot systems: bookings, payments and reminders running without you.

DM us

#ArtificialIntelligence #SmallBusiness #SmeSouthAfrica #Entrepreneur #MuleSoo #Pretoria #SouthAfrica #AIAutomation"
"2026-03-14","Sat","73","Facebook","PROOF","YES","268","","Six months on, is it still working?

[REAL RESULT: a follow-up result from an older client — these are the most credible posts you will ever publish]

Logo & brand identity: a brand people remember after one look.

wa.me/27688529333

#Pretoria #SouthAfrica #LogoDesign"
"2026-03-14","Sat","73","TikTok","PROOF","YES","188","","The problem they came to us with:

[REAL RESULT: their words describing the pain, then what it looks like now]

mulesoo.com

#SmallBusiness #SmeSouthAfrica #Entrepreneur #MuleSoo #Pretoria"
"2026-03-14","Sat","73","X","PROOF","YES","139","","Here is the whole build, honestly:

[REAL RESULT: what went well, what did not, what you would do differently]

#SouthAfrica #SmallBusiness"
"2026-03-15","Sun","74","LinkedIn","MYTH","","215","","A myth I hear constantly: ""Chatbots annoy customers.""

Bad ones do. So do phone queues, and you still have one of those.

Disagree? Genuinely interested — the comments are open.

#Pretoria #SouthAfrica #AIAutomation"
"2026-03-15","Sun","74","Instagram","MYTH","","221","","❌ Myth: ""A template is the same as custom.""

✅ Truth: Until you need it to do the one thing your business actually does.

#SmallBusiness #SmeSouthAfrica #Entrepreneur #MuleSoo #Pretoria #SouthAfrica #AIAutomation #Chatbot"
"2026-03-15","Sun","74","Facebook","MYTH","","149","","❌ Myth: ""AI writes our content now.""

✅ Truth: And your readers can tell. Use it to think, not to speak.

#SouthAfrica #SmallBusiness #SmeSouthAfrica"
"2026-03-15","Sun","74","TikTok","MYTH","","190","","Myth: ""A good website costs six figures.""

Truth: It does not. It costs clarity about what the site is for. We start at R3,500.

#SmeSouthAfrica #Entrepreneur #MuleSoo #Pretoria #SouthAfrica"
"2026-03-15","Sun","74","X","MYTH","","112","","""I will do the website myself, later.""

""Later"" is doing a lot of work in that sentence.

#AIAutomation #Chatbot"
"2026-03-16","Mon","75","LinkedIn","BEHIND","","162","","The best compliment we get: ""it just works."" That took the whole month.

Small things, compounded. That is the whole job.

#SouthAfrica #LogoDesign #BrandIdentity"
"2026-03-16","Mon","75","Instagram","BEHIND","","274","","Behind the scenes 🛠️

Today: rebuilt a business card because the fonts were never actually loading. Everything printed was in the wrong typeface and nobody noticed for months.

#SmeSouthAfrica #Entrepreneur #MuleSoo #Pretoria #SouthAfrica #WebDesign #WebDevelopment #NextJS"
"2026-03-16","Mon","75","Facebook","BEHIND","","187","","Behind the scenes 🛠️

Our booking system sends the deposit invoice, the confirmation PDF, and the WhatsApp alert. Nobody touches a keyboard.

#SmallBusiness #SmeSouthAfrica #Entrepreneur"
"2026-03-16","Mon","75","TikTok","BEHIND","","163","","The QR codes we make track scans. So you know if the flyer worked, or if the flyer was a bin ornament.

#Entrepreneur #MuleSoo #Pretoria #SouthAfrica #AIAutomation"
"2026-03-16","Mon","75","X","BEHIND","","114","","Every project starts with the same question: what is the one thing this must do?

#Chatbot #ArtificialIntelligence"
"2026-03-17","Tue","76","LinkedIn","PROMO","","254","","QR codes — from R300.

What you actually get: a branded code that tells you who scanned it and when.

No contracts, no setup fees. If it is not a fit we will say so on the call.

mulesoo.com/services/qr-codes

#SmallBusiness #SmeSouthAfrica #Entrepreneur"
"2026-03-17","Tue","76","Instagram","PROMO","","245","","Website design — from R3,500 ✨

A site that turns visitors into paying clients.

🔒 No contracts. No setup fees.
mulesoo.com/services/website-design

#Entrepreneur #MuleSoo #Pretoria #SouthAfrica #WebDesign #WebDevelopment #NextJS #SmallBusiness"
"2026-03-17","Tue","76","Facebook","PROMO","","197","","Auto Pilot systems — custom ✨

Bookings, payments and reminders running without you.

🔒 No contracts. No setup fees.
mulesoo.com/services/autopilot

#Chatbot #ArtificialIntelligence #SmallBusiness"
"2026-03-17","Tue","76","TikTok","PROMO","","148","","Logo & brand identity, from R800.

a brand people remember after one look.

Link in bio.

#MuleSoo #Pretoria #SouthAfrica #LogoDesign #BrandIdentity"
"2026-03-17","Tue","76","X","PROMO","","130","","Custom web apps — the internal tool your business actually needs.
custom.
mulesoo.com/services/custom-apps

#NextJS #SmallBusiness"
"2026-03-18","Wed","77","LinkedIn","HUMAN","","176","","Client: ""Can you make the logo bigger?"" Us: ""Yes."" Client: ""Bigger."" Us: ""...Yes.""

(It is Friday. Normal service resumes Monday.)

#SmeSouthAfrica #Entrepreneur #SmallBusiness"
"2026-03-18","Wed","77","Instagram","HUMAN","","217","","""I want it like Apple's site but with more stuff on it"" is a sentence that contains its own contradiction.

#MuleSoo #Pretoria #SouthAfrica #AIAutomation #Chatbot #ArtificialIntelligence #SmallBusiness #SmeSouthAfrica"
"2026-03-18","Wed","77","Facebook","HUMAN","","135","","""Just a small change"" has never once, in recorded history, been a small change.

#ArtificialIntelligence #SmallBusiness #SmeSouthAfrica"
"2026-03-18","Wed","77","TikTok","HUMAN","","147","","""Can you make it look more premium"" — sir, that is a budget, not an adjective.

#Pretoria #SouthAfrica #SmallBusiness #SmeSouthAfrica #Entrepreneur"
"2026-03-18","Wed","77","X","HUMAN","","114","","We do not do rush jobs. We do ordinary jobs, on time, which turns out to be rarer.

#SmallBusiness #SmeSouthAfrica"
"2026-03-19","Thu","78","LinkedIn","PROBLEM","","365","","Your appointment reminders are manual.

That is why people no-show. Not because they forgot you. Because nothing reminded them.

We see this weekly with South African businesses. It is almost never a budget problem — it is a ""nobody told me this was costing me money"" problem.

If that sounded familiar: DM us

#ArtificialIntelligence #SmallBusiness #SmeSouthAfrica"
"2026-03-19","Thu","78","Instagram","PROBLEM","","221","","Your booking system is a notebook 👀

One lost page is one lost month.

We fix exactly this. wa.me/27688529333

#Pretoria #SouthAfrica #LogoDesign #BrandIdentity #GraphicDesign #SmallBusiness #SmeSouthAfrica #Entrepreneur"
"2026-03-19","Thu","78","Facebook","PROBLEM","","188","","Your invoices go out late 👀

Cash flow is not a maths problem. It is an admin problem.

We fix exactly this. mulesoo.com/services/custom-apps

#SmallBusiness #SmeSouthAfrica #Entrepreneur"
"2026-03-19","Thu","78","TikTok","PROBLEM","","163","","You reply to enquiries in two days.

The one who replied in two hours got the job.

Fix it → mulesoo.com

#SouthAfrica #SmallBusiness #SmeSouthAfrica #Entrepreneur"
"2026-03-19","Thu","78","X","PROBLEM","","135","","You post on social media and nothing happens.

Because the link goes to a homepage instead of an answer.

#SmeSouthAfrica #Entrepreneur"
"2026-03-20","Fri","79","LinkedIn","EDUCATE","","308","","A slow site is a tax you pay every day.

Every extra second of load time costs roughly 7% of conversions. On R100k of sales that is R7,000 a second.

Most of our work is not clever. It is doing the obvious thing properly, and doing it first.

What would you add?

#SmallBusiness #SmeSouthAfrica #Entrepreneur"
"2026-03-20","Fri","79","Instagram","EDUCATE","","209","","💡 A chatbot is not a robot receptionist

It is a filter. It catches the easy 70% so a human handles the 30% that pays.

Save this for later.

#SouthAfrica #SmallBusiness #SmeSouthAfrica #Entrepreneur #MuleSoo"
"2026-03-20","Fri","79","Facebook","EDUCATE","","180","","💡 Structured data is how Google understands you

It is a few lines of JSON. Most sites skip it. That is your opening.

Save this for later.

#SmeSouthAfrica #Entrepreneur #MuleSoo"
"2026-03-20","Fri","79","TikTok","EDUCATE","","179","","Write the price down.

Hiding it does not make it smaller. It makes you look unsure.

Save this one.

#AIAutomation #Chatbot #ArtificialIntelligence #SmallBusiness #SmeSouthAfrica"
"2026-03-20","Fri","79","X","EDUCATE","","119","","Name your pages like a human searches.

""Website design Pretoria"" beats ""Solutions"" every time.

#Entrepreneur #MuleSoo"
"2026-03-21","Sat","80","LinkedIn","PROOF","YES","256","","Small change. Big number.

[REAL RESULT: the single fix and its measured effect]

What we built: custom web apps — the internal tool your business actually needs.

Happy to walk anyone through how it works. No pitch.

#SmeSouthAfrica #Entrepreneur #MuleSoo"
"2026-03-21","Sat","80","Instagram","PROOF","YES","261","","Before and after 👇

[REAL RESULT: the one number that changed — load time, bookings, no-shows, enquiries]

Business email: an @yourdomain address that stops you looking like a hobby.

mulesoo.com

#SmallBusiness #SmeSouthAfrica #Entrepreneur #MuleSoo #Pretoria"
"2026-03-21","Sat","80","Facebook","PROOF","YES","225","","This used to take four hours a week.

[REAL RESULT: the manual task you automated, and the hours it now takes]

AI chatbots: a assistant that answers customers at 2am so you can sleep.

DM us

#Entrepreneur #MuleSoo #Pretoria"
"2026-03-21","Sat","80","TikTok","PROOF","YES","241","","Six months on, is it still working?

[REAL RESULT: a follow-up result from an older client — these are the most credible posts you will ever publish]

mulesoo.com

#Chatbot #ArtificialIntelligence #SmallBusiness #SmeSouthAfrica #Entrepreneur"
"2026-03-21","Sat","80","X","PROOF","YES","130","","The problem they came to us with:

[REAL RESULT: their words describing the pain, then what it looks like now]

#MuleSoo #Pretoria"
"2026-03-22","Sun","81","LinkedIn","MYTH","","221","","A myth I hear constantly: ""We need to be on every platform.""

You need to be excellent on one. Pick where your buyers already are.

Disagree? Genuinely interested — the comments are open.

#Entrepreneur #MuleSoo #Pretoria"
"2026-03-22","Sun","81","Instagram","MYTH","","238","","❌ Myth: ""Analytics is spying on customers.""

✅ Truth: Knowing which page loses people is not surveillance. It is basic hygiene.

#Chatbot #ArtificialIntelligence #SmallBusiness #SmeSouthAfrica #Entrepreneur #MuleSoo #Pretoria #SouthAfrica"
"2026-03-22","Sun","81","Facebook","MYTH","","173","","❌ Myth: ""SEO is a scam.""

✅ Truth: Half the industry, yes. The other half is: fast pages, real content, and telling Google your pages exist.

#MuleSoo #Pretoria #SouthAfrica"
"2026-03-22","Sun","81","TikTok","MYTH","","170","","Myth: ""Chatbots annoy customers.""

Truth: Bad ones do. So do phone queues, and you still have one of those.

#NextJS #SmallBusiness #SmeSouthAfrica #Entrepreneur #MuleSoo"
"2026-03-22","Sun","81","X","MYTH","","127","","""A template is the same as custom.""

Until you need it to do the one thing your business actually does.

#Pretoria #SouthAfrica"
"2026-03-23","Mon","82","LinkedIn","BEHIND","","181","","We do not use website builders. Next.js, Tailwind, Supabase. The same stack Vercel and Linear run.

Small things, compounded. That is the whole job.

#MuleSoo #Pretoria #SouthAfrica"
"2026-03-23","Mon","82","Instagram","BEHIND","","278","","Behind the scenes 🛠️

We keep a checklist of things that quietly break: contact forms, SSL renewals, sitemap submissions. Most agencies do not check any of them.

#ArtificialIntelligence #SmallBusiness #SmeSouthAfrica #Entrepreneur #MuleSoo #Pretoria #SouthAfrica #AIAutomation"
"2026-03-23","Mon","82","Facebook","BEHIND","","137","","Behind the scenes 🛠️

Nobody asks about the database schema. Everybody feels it when it is wrong.

#Pretoria #SouthAfrica #SmallBusiness"
"2026-03-23","Mon","82","TikTok","BEHIND","","153","","Our own admin panel logs every action. If we break something, we can prove when and how.

#SmallBusiness #SmeSouthAfrica #Entrepreneur #MuleSoo #Pretoria"
"2026-03-23","Mon","82","X","BEHIND","","133","","Every MuleSoo build ships with the source code. You own it. If you fire us tomorrow, you keep everything.

#SouthAfrica #AIAutomation"
"2026-03-24","Tue","83","LinkedIn","PROMO","","245","","Logo & brand identity — from R800.

What you actually get: a brand people remember after one look.

No contracts, no setup fees. If it is not a fit we will say so on the call.

mulesoo.com/services/logo-design

#Pretoria #SouthAfrica #LogoDesign"
"2026-03-24","Tue","83","Instagram","PROMO","","246","","Custom web apps — custom ✨

The internal tool your business actually needs.

🔒 No contracts. No setup fees.
mulesoo.com/services/custom-apps

#SmallBusiness #SmeSouthAfrica #Entrepreneur #MuleSoo #Pretoria #SouthAfrica #WebDesign #WebDevelopment"
"2026-03-24","Tue","83","Facebook","PROMO","","200","","Business email — from R400 ✨

An @yourdomain address that stops you looking like a hobby.

🔒 No contracts. No setup fees.
mulesoo.com/services/email-setup

#SouthAfrica #SmallBusiness #SmeSouthAfrica"
"2026-03-24","Tue","83","TikTok","PROMO","","163","","AI chatbots, from R2,500.

a assistant that answers customers at 2am so you can sleep.

Link in bio.

#SmeSouthAfrica #Entrepreneur #MuleSoo #Pretoria #SouthAfrica"
"2026-03-24","Tue","83","X","PROMO","","102","","AI automation — the admin work doing itself.
custom.
mulesoo.com/ai-automation

#AIAutomation #Chatbot"
"2026-03-25","Wed","84","LinkedIn","HUMAN","","166","","You do not need a metaverse strategy. You need your contact form to work.

(It is Friday. Normal service resumes Monday.)

#SouthAfrica #SmallBusiness #SmeSouthAfrica"
"2026-03-25","Wed","84","Instagram","HUMAN","","173","","Every logo revision request arrives at 11:47pm. We have stopped asking why.

#SmeSouthAfrica #Entrepreneur #MuleSoo #Pretoria #SouthAfrica #WebDesign #WebDevelopment #NextJS"
"2026-03-25","Wed","84","Facebook","HUMAN","","131","","The client always knows what they do not want. Our job is to find out what they do.

#AIAutomation #Chatbot #ArtificialIntelligence"
"2026-03-25","Wed","84","TikTok","HUMAN","","158","","If your password is your business name and the year, we need to talk before we talk about websites.

#Entrepreneur #MuleSoo #Pretoria #SouthAfrica #LogoDesign"
"2026-03-25","Wed","84","X","HUMAN","","116","","The two hardest problems in tech: naming things, cache invalidation, and off-by-one errors.

#WebDevelopment #NextJS"
"2026-03-26","Thu","85","LinkedIn","PROBLEM","","336","","Your site looks great on your laptop.

Nine of ten of your customers are on a phone. Have you checked?

We see this weekly with South African businesses. It is almost never a budget problem — it is a ""nobody told me this was costing me money"" problem.

If that sounded familiar: mulesoo.com

#SmallBusiness #SmeSouthAfrica #Entrepreneur"
"2026-03-26","Thu","85","Instagram","PROBLEM","","221","","You have no idea where clients come from 👀

So you cannot spend more on what works.

We fix exactly this. DM us

#Entrepreneur #MuleSoo #Pretoria #SouthAfrica #AIAutomation #Chatbot #ArtificialIntelligence #SmallBusiness"
"2026-03-26","Thu","85","Facebook","PROBLEM","","194","","You are paying for a website you cannot edit 👀

Every text change costs you a phone call and three days.

We fix exactly this. wa.me/27688529333

#Chatbot #ArtificialIntelligence #SmallBusiness"
"2026-03-26","Thu","85","TikTok","PROBLEM","","184","","Your site works. On Chrome. On your machine.

Safari on an old iPhone is where websites go to die.

Fix it → mulesoo.com

#MuleSoo #Pretoria #SouthAfrica #SmallBusiness #SmeSouthAfrica"
"2026-03-26","Thu","85","X","PROBLEM","","151","","Your website loads in 6 seconds.

Half your visitors left before it finished. Speed is not a luxury; it is the whole shop door.

#NextJS #SmallBusiness"
"2026-03-27","Fri","86","LinkedIn","EDUCATE","","267","","One clear call to action beats five.

Every extra button is a decision, and every decision loses people.

Most of our work is not clever. It is doing the obvious thing properly, and doing it first.

What would you add?

#Chatbot #ArtificialIntelligence #SmallBusiness"
"2026-03-27","Fri","86","Instagram","EDUCATE","","255","","💡 Automate the boring, not the human

Nobody wants an AI to write their condolence note. Everyone wants one to chase invoices.

Save this for later.

#MuleSoo #Pretoria #SouthAfrica #LogoDesign #BrandIdentity #GraphicDesign #SmallBusiness #SmeSouthAfrica"
"2026-03-27","Fri","86","Facebook","EDUCATE","","160","","💡 Every form field costs you customers

Ask for what you need to reply. Everything else can wait.

Save this for later.

#NextJS #SmallBusiness #SmeSouthAfrica"
"2026-03-27","Fri","86","TikTok","EDUCATE","","168","","Email is not dead. Your email design is.

Plain text, one link, sent from a person.

Save this one.

#Pretoria #SouthAfrica #SmallBusiness #SmeSouthAfrica #Entrepreneur"
"2026-03-27","Fri","86","X","EDUCATE","","135","","Your homepage has one job.

Say what you do, who for, and what to click. Everything else is decoration.

#SmallBusiness #SmeSouthAfrica"
"2026-03-28","Sat","87","LinkedIn","PROOF","YES","255","","What we shipped this month:

[REAL RESULT: the actual feature, and what it replaced]

What we built: ai automation — the admin work doing itself.

Happy to walk anyone through how it works. No pitch.

#ArtificialIntelligence #SmallBusiness #SmeSouthAfrica"
"2026-03-28","Sat","87","Instagram","PROOF","YES","246","","Small change. Big number.

[REAL RESULT: the single fix and its measured effect]

QR codes: a branded code that tells you who scanned it and when.

mulesoo.com/services/qr-codes

#Pretoria #SouthAfrica #SmallBusiness #SmeSouthAfrica #Entrepreneur"
"2026-03-28","Sat","87","Facebook","PROOF","YES","230","","Before and after 👇

[REAL RESULT: the one number that changed — load time, bookings, no-shows, enquiries]

Website design: a site that turns visitors into paying clients.

mulesoo.com

#SmallBusiness #SmeSouthAfrica #Entrepreneur"
"2026-03-28","Sat","87","TikTok","PROOF","YES","199","","This used to take four hours a week.

[REAL RESULT: the manual task you automated, and the hours it now takes]

mulesoo.com

#SouthAfrica #AIAutomation #Chatbot #ArtificialIntelligence #SmallBusiness"
"2026-03-28","Sat","87","X","PROOF","YES","180","","Six months on, is it still working?

[REAL RESULT: a follow-up result from an older client — these are the most credible posts you will ever publish]

#SmeSouthAfrica #Entrepreneur"
"2026-03-29","Sun","88","LinkedIn","MYTH","","225","","A myth I hear constantly: ""Cheap now, redo it later.""

Later costs the original price plus the rebuild plus the lost year.

Disagree? Genuinely interested — the comments are open.

#SmallBusiness #SmeSouthAfrica #Entrepreneur"
"2026-03-29","Sun","88","Instagram","MYTH","","184","","❌ Myth: ""Nobody in South Africa buys online.""

✅ Truth: Your customers are already buying online. Just not from you.

#SouthAfrica #SmallBusiness #SmeSouthAfrica #Entrepreneur #MuleSoo"
"2026-03-29","Sun","88","Facebook","MYTH","","151","","❌ Myth: ""Just boost the post.""

✅ Truth: Boosting a post that points at a broken site is paying to lose faster.

#SmeSouthAfrica #Entrepreneur #MuleSoo"
"2026-03-29","Sun","88","TikTok","MYTH","","196","","Myth: ""We need to be on every platform.""

Truth: You need to be excellent on one. Pick where your buyers already are.

#AIAutomation #Chatbot #ArtificialIntelligence #SmallBusiness #SmeSouthAfrica"
"2026-03-29","Sun","88","X","MYTH","","134","","""Analytics is spying on customers.""

Knowing which page loses people is not surveillance. It is basic hygiene.

#Entrepreneur #MuleSoo"
"2026-03-30","Mon","89","LinkedIn","BEHIND","","189","","Wrote the copy before the design today. It is always the right order and we always want to skip it.

Small things, compounded. That is the whole job.

#SmeSouthAfrica #Entrepreneur #MuleSoo"
"2026-03-30","Mon","89","Instagram","BEHIND","","224","","Behind the scenes 🛠️

We write the refund terms before the invoice. Awkward conversations are cheaper up front.

#AIAutomation #Chatbot #ArtificialIntelligence #SmallBusiness #SmeSouthAfrica #Entrepreneur #MuleSoo #Pretoria"
"2026-03-30","Mon","89","Facebook","BEHIND","","130","","Behind the scenes 🛠️

Shipped a fix at 6am so nobody would notice the downtime. Nobody noticed.

#Entrepreneur #MuleSoo #Pretoria"
"2026-03-30","Mon","89","TikTok","BEHIND","","146","","The chatbot on our own site is the same one we sell. We eat our own cooking.

#WebDevelopment #NextJS #SmallBusiness #SmeSouthAfrica #Entrepreneur"
"2026-03-30","Mon","89","X","BEHIND","","90","","Half of what we do is talking people out of features they do not need.

#MuleSoo #Pretoria"
"2026-03-31","Tue","90","LinkedIn","PROMO","","251","","AI chatbots — from R2,500.

What you actually get: a assistant that answers customers at 2am so you can sleep.

No contracts, no setup fees. If it is not a fit we will say so on the call.

mulesoo.com/services/chatbot

#Entrepreneur #MuleSoo #Pretoria"
"2026-03-31","Tue","90","Instagram","PROMO","","224","","AI automation — custom ✨

The admin work doing itself.

🔒 No contracts. No setup fees.
mulesoo.com/ai-automation

#Chatbot #ArtificialIntelligence #SmallBusiness #SmeSouthAfrica #Entrepreneur #MuleSoo #Pretoria #SouthAfrica"
"2026-03-31","Tue","90","Facebook","PROMO","","174","","QR codes — from R300 ✨

A branded code that tells you who scanned it and when.

🔒 No contracts. No setup fees.
mulesoo.com/services/qr-codes

#MuleSoo #Pretoria #SouthAfrica"
"2026-03-31","Tue","90","TikTok","PROMO","","154","","Website design, from R3,500.

a site that turns visitors into paying clients.

Link in bio.

#NextJS #SmallBusiness #SmeSouthAfrica #Entrepreneur #MuleSoo"
"2026-03-31","Tue","90","X","PROMO","","137","","Auto Pilot systems — bookings, payments and reminders running without you.
custom.
mulesoo.com/services/autopilot

#Pretoria #SouthAfrica"
"2026-04-01","Wed","91","LinkedIn","HUMAN","","129","","Coffee is a build dependency. It is in the docs.

(It is Friday. Normal service resumes Monday.)

#MuleSoo #Pretoria #SouthAfrica"
"2026-04-01","Wed","91","Instagram","HUMAN","","175","","A designer, a developer and a client walk into a meeting. The scope walks out.

#NextJS #SmallBusiness #SmeSouthAfrica #Entrepreneur #MuleSoo #Pretoria #SouthAfrica #WebDesign"
"2026-04-01","Wed","91","Facebook","HUMAN","","135","","Reminder that ""make it pop"" is not a design brief, but we will figure out what you meant anyway.

#Pretoria #SouthAfrica #SmallBusiness"
"2026-04-01","Wed","91","TikTok","HUMAN","","156","","Building in Pretoria, shipping to the continent. Load shedding is just a deployment window.

#SmallBusiness #SmeSouthAfrica #Entrepreneur #MuleSoo #Pretoria"
"2026-04-01","Wed","91","X","HUMAN","","97","","Our chatbot is more polite than we are before 8am. That is by design.

#SouthAfrica #AIAutomation"
"2026-04-02","Thu","92","LinkedIn","PROBLEM","","318","","Your prices are not on your site.

So people assume expensive, and leave.

We see this weekly with South African businesses. It is almost never a budget problem — it is a ""nobody told me this was costing me money"" problem.

If that sounded familiar: mulesoo.com/services/qr-codes

#Pretoria #SouthAfrica #SmallBusiness"
"2026-04-02","Thu","92","Instagram","PROBLEM","","244","","Your online store has no trust signals 👀

No reviews, no returns policy, no real address. Would you buy?

We fix exactly this. mulesoo.com

#SmallBusiness #SmeSouthAfrica #Entrepreneur #MuleSoo #Pretoria #SouthAfrica #WebDesign #WebDevelopment"
"2026-04-02","Thu","92","Facebook","PROBLEM","","153","","Your best client found you by accident 👀

Imagine if that was a system instead of luck.

We fix exactly this. DM us

#SouthAfrica #AIAutomation #Chatbot"
"2026-04-02","Thu","92","TikTok","PROBLEM","","205","","Your business email is a gmail address.

Corporate clients notice. They will not say anything. They will just not reply.

Fix it → mulesoo.com

#SmeSouthAfrica #Entrepreneur #MuleSoo #Pretoria #SouthAfrica"
"2026-04-02","Thu","92","X","PROBLEM","","126","","You are quoting by hand every time.

That is four hours a week. That is five working weeks a year.

#WebDesign #WebDevelopment"
"2026-04-03","Fri","93","LinkedIn","EDUCATE","","256","","Do not build the app first.

Build the landing page. If nobody clicks, you just saved six months.

Most of our work is not clever. It is doing the obvious thing properly, and doing it first.

What would you add?

#SouthAfrica #SmallBusiness #SmeSouthAfrica"
"2026-04-03","Fri","93","Instagram","EDUCATE","","226","","💡 Compress your images before you blame your host

A 4MB hero image is not a hosting problem.

Save this for later.

#SmeSouthAfrica #Entrepreneur #MuleSoo #Pretoria #SouthAfrica #AIAutomation #Chatbot #ArtificialIntelligence"
"2026-04-03","Fri","93","Facebook","EDUCATE","","156","","💡 Measure one number

Enquiries per week. If it does not move that, it is decoration.

Save this for later.

#AIAutomation #Chatbot #ArtificialIntelligence"
"2026-04-03","Fri","93","TikTok","EDUCATE","","157","","Nobody reads. They scan.

Short paragraphs. Real headings. One idea per screen.

Save this one.

#Entrepreneur #MuleSoo #Pretoria #SouthAfrica #SmallBusiness"
"2026-04-03","Fri","93","X","EDUCATE","","148","","Speed comes from what you do not load.

Fonts, sliders, video backgrounds, tracking scripts. Delete first, optimise second.

#WebDevelopment #NextJS"
"2026-04-04","Sat","94","LinkedIn","PROOF","YES","297","","Screenshot of the dashboard 👇

[REAL RESULT: a real (permitted) screenshot with sensitive data blurred]

What we built: auto pilot systems — bookings, payments and reminders running without you.

Happy to walk anyone through how it works. No pitch.

#AIAutomation #Chatbot #ArtificialIntelligence"
"2026-04-04","Sat","94","Instagram","PROOF","YES","271","","What we shipped this month:

[REAL RESULT: the actual feature, and what it replaced]

Logo & brand identity: a brand people remember after one look.

wa.me/27688529333

#Entrepreneur #MuleSoo #Pretoria #SouthAfrica #LogoDesign #BrandIdentity #GraphicDesign #SmallBusiness"
"2026-04-04","Sat","94","Facebook","PROOF","YES","220","","Small change. Big number.

[REAL RESULT: the single fix and its measured effect]

Custom web apps: the internal tool your business actually needs.

mulesoo.com/services/custom-apps

#WebDevelopment #NextJS #SmallBusiness"
"2026-04-04","Sat","94","TikTok","PROOF","YES","183","","Before and after 👇

[REAL RESULT: the one number that changed — load time, bookings, no-shows, enquiries]

mulesoo.com

#MuleSoo #Pretoria #SouthAfrica #SmallBusiness #SmeSouthAfrica"
"2026-04-04","Sat","94","X","PROOF","YES","150","","This used to take four hours a week.

[REAL RESULT: the manual task you automated, and the hours it now takes]

#ArtificialIntelligence #SmallBusiness"
"2026-04-05","Sun","95","LinkedIn","MYTH","","203","","A myth I hear constantly: ""Design is subjective.""

Taste is subjective. Conversion is measurable.

Disagree? Genuinely interested — the comments are open.

#Chatbot #ArtificialIntelligence #SmallBusiness"
"2026-04-05","Sun","95","Instagram","MYTH","","175","","❌ Myth: ""Our customers are not online.""

✅ Truth: They are on WhatsApp right now. That is online.

#MuleSoo #Pretoria #SouthAfrica #SmallBusiness #SmeSouthAfrica #Entrepreneur"
"2026-04-05","Sun","95","Facebook","MYTH","","130","","❌ Myth: ""Nobody scans QR codes.""

✅ Truth: Every restaurant menu in the country disagrees.

#NextJS #SmallBusiness #SmeSouthAfrica"
"2026-04-05","Sun","95","TikTok","MYTH","","180","","Myth: ""Cheap now, redo it later.""

Truth: Later costs the original price plus the rebuild plus the lost year.

#Pretoria #SouthAfrica #AIAutomation #Chatbot #ArtificialIntelligence"
"2026-04-05","Sun","95","X","MYTH","","131","","""Nobody in South Africa buys online.""

Your customers are already buying online. Just not from you.

#SmallBusiness #SmeSouthAfrica"
"2026-04-06","Mon","96","LinkedIn","BEHIND","","163","","Turned off a client's auto-playing video. Bounce rate dropped by a third.

Small things, compounded. That is the whole job.

#NextJS #SmallBusiness #SmeSouthAfrica"
"2026-04-06","Mon","96","Instagram","BEHIND","","218","","Behind the scenes 🛠️

Spent the morning cutting 4MB of unused fonts off a client site. Load time went from 5.1s to 1.3s. No redesign. Just deleting.

#Pretoria #SouthAfrica #SmallBusiness #SmeSouthAfrica #Entrepreneur"
"2026-04-06","Mon","96","Facebook","BEHIND","","186","","Behind the scenes 🛠️

Found a client site telling Google every page was a duplicate of the homepage. 219 pages invisible. One line of code.

#SmallBusiness #SmeSouthAfrica #Entrepreneur"
"2026-04-06","Mon","96","TikTok","BEHIND","","175","","Deleted 6MB of unused JavaScript from a client build today. The site did not lose a single feature.

#SouthAfrica #AIAutomation #Chatbot #ArtificialIntelligence #SmallBusiness"
"2026-04-06","Mon","96","X","BEHIND","","112","","Reviewed our own site on a 3G connection this week. Humbling. Fixed three things.

#SmeSouthAfrica #Entrepreneur"
"2026-04-07","Tue","97","LinkedIn","PROMO","","261","","Website design — from R3,500.

What you actually get: a site that turns visitors into paying clients.

No contracts, no setup fees. If it is not a fit we will say so on the call.

mulesoo.com/services/website-design

#SmallBusiness #SmeSouthAfrica #Entrepreneur"
"2026-04-07","Tue","97","Instagram","PROMO","","263","","Auto Pilot systems — custom ✨

Bookings, payments and reminders running without you.

🔒 No contracts. No setup fees.
mulesoo.com/services/autopilot

#SouthAfrica #AIAutomation #Chatbot #ArtificialIntelligence #SmallBusiness #SmeSouthAfrica #Entrepreneur #MuleSoo"
"2026-04-07","Tue","97","Facebook","PROMO","","182","","Logo & brand identity — from R800 ✨

A brand people remember after one look.

🔒 No contracts. No setup fees.
mulesoo.com/services/logo-design

#SmeSouthAfrica #Entrepreneur #MuleSoo"
"2026-04-07","Tue","97","TikTok","PROMO","","154","","Custom web apps, custom.

the internal tool your business actually needs.

Link in bio.

#WebDesign #WebDevelopment #NextJS #SmallBusiness #SmeSouthAfrica"
"2026-04-07","Tue","97","X","PROMO","","144","","Business email — an @yourdomain address that stops you looking like a hobby.
from R400.
mulesoo.com/services/email-setup

#Entrepreneur #MuleSoo"
"2026-04-08","Wed","98","LinkedIn","HUMAN","","145","","Pretoria traffic is our staging environment for patience.

(It is Friday. Normal service resumes Monday.)

#SmeSouthAfrica #Entrepreneur #MuleSoo"
"2026-04-08","Wed","98","Instagram","HUMAN","","196","","Nothing humbles you like opening your own website on someone else's cracked Android.

#AIAutomation #Chatbot #ArtificialIntelligence #SmallBusiness #SmeSouthAfrica #Entrepreneur #MuleSoo #Pretoria"
"2026-04-08","Wed","98","Facebook","HUMAN","","118","","Every founder thinks their industry is different. Every industry has a booking form.

#Entrepreneur #MuleSoo #Pretoria"
"2026-04-08","Wed","98","TikTok","HUMAN","","182","","The website is finished. The website is never finished. Both statements are true and we have made peace with it.

#WebDevelopment #NextJS #SmallBusiness #SmeSouthAfrica #Entrepreneur"
"2026-04-08","Wed","98","X","HUMAN","","102","","Somebody somewhere is still using Comic Sans on an invoice, and honestly, respect.

#MuleSoo #Pretoria"
"2026-04-09","Thu","99","LinkedIn","PROBLEM","","297","","Your PDFs are 40MB.

Nobody on mobile data is opening that. Not once.

We see this weekly with South African businesses. It is almost never a budget problem — it is a ""nobody told me this was costing me money"" problem.

If that sounded familiar: wa.me/27688529333

#Entrepreneur #MuleSoo #Pretoria"
"2026-04-09","Thu","99","Instagram","PROBLEM","","286","","Your appointment reminders are manual 👀

That is why people no-show. Not because they forgot you. Because nothing reminded them.

We fix exactly this. mulesoo.com/services/custom-apps

#WebDevelopment #NextJS #SmallBusiness #SmeSouthAfrica #Entrepreneur #MuleSoo #Pretoria #SouthAfrica"
"2026-04-09","Thu","99","Facebook","PROBLEM","","137","","Your booking system is a notebook 👀

One lost page is one lost month.

We fix exactly this. mulesoo.com

#MuleSoo #Pretoria #SouthAfrica"
"2026-04-09","Thu","99","TikTok","PROBLEM","","186","","Your invoices go out late.

Cash flow is not a maths problem. It is an admin problem.

Fix it → mulesoo.com

#ArtificialIntelligence #SmallBusiness #SmeSouthAfrica #Entrepreneur #MuleSoo"
"2026-04-09","Thu","99","X","PROBLEM","","106","","You reply to enquiries in two days.

The one who replied in two hours got the job.

#Pretoria #SouthAfrica"
"2026-04-10","Fri","100","LinkedIn","EDUCATE","","250","","One testimonial with a real name beats ten anonymous ones.

Specificity is the whole currency of trust.

Most of our work is not clever. It is doing the obvious thing properly, and doing it first.

What would you add?

#MuleSoo #Pretoria #SouthAfrica"
"2026-04-10","Fri","100","Instagram","EDUCATE","","269","","💡 A slow site is a tax you pay every day

Every extra second of load time costs roughly 7% of conversions. On R100k of sales that is R7,000 a second.

Save this for later.

#NextJS #SmallBusiness #SmeSouthAfrica #Entrepreneur #MuleSoo #Pretoria #SouthAfrica #WebDesign"
"2026-04-10","Fri","100","Facebook","EDUCATE","","179","","💡 A chatbot is not a robot receptionist

It is a filter. It catches the easy 70% so a human handles the 30% that pays.

Save this for later.

#Pretoria #SouthAfrica #AIAutomation"
"2026-04-10","Fri","100","TikTok","EDUCATE","","197","","Structured data is how Google understands you.

It is a few lines of JSON. Most sites skip it. That is your opening.

Save this one.

#SmallBusiness #SmeSouthAfrica #Entrepreneur #MuleSoo #Pretoria"
"2026-04-10","Fri","100","X","EDUCATE","","109","","Write the price down.

Hiding it does not make it smaller. It makes you look unsure.

#SouthAfrica #WebDesign"
"2026-04-11","Sat","101","LinkedIn","PROOF","YES","278","","Three weeks. Start to launch.

[REAL RESULT: the real timeline and what was delivered in it]

What we built: business email — an @yourdomain address that stops you looking like a hobby.

Happy to walk anyone through how it works. No pitch.

#Pretoria #SouthAfrica #SmallBusiness"
"2026-04-11","Sat","101","Instagram","PROOF","YES","286","","Screenshot of the dashboard 👇

[REAL RESULT: a real (permitted) screenshot with sensitive data blurred]

AI chatbots: a assistant that answers customers at 2am so you can sleep.

DM us

#SmallBusiness #SmeSouthAfrica #Entrepreneur #MuleSoo #Pretoria #SouthAfrica #AIAutomation #Chatbot"
"2026-04-11","Sat","101","Facebook","PROOF","YES","185","","What we shipped this month:

[REAL RESULT: the actual feature, and what it replaced]

AI automation: the admin work doing itself.

wa.me/27688529333

#SouthAfrica #AIAutomation #Chatbot"
"2026-04-11","Sat","101","TikTok","PROOF","YES","156","","Small change. Big number.

[REAL RESULT: the single fix and its measured effect]

mulesoo.com

#SmeSouthAfrica #Entrepreneur #MuleSoo #Pretoria #SouthAfrica"
"2026-04-11","Sat","101","X","PROOF","YES","134","","Before and after 👇

[REAL RESULT: the one number that changed — load time, bookings, no-shows, enquiries]

#WebDesign #WebDevelopment"
"2026-04-12","Sun","102","LinkedIn","MYTH","","205","","A myth I hear constantly: ""More pages means better SEO.""

Two hundred thin pages rank worse than ten good ones.

Disagree? Genuinely interested — the comments are open.

#SouthAfrica #AIAutomation #Chatbot"
"2026-04-12","Sun","102","Instagram","MYTH","","242","","❌ Myth: ""We will launch when it is perfect.""

✅ Truth: You will launch when a competitor forces you to, and it still will not be perfect.

#SmeSouthAfrica #Entrepreneur #MuleSoo #Pretoria #SouthAfrica #LogoDesign #BrandIdentity #GraphicDesign"
"2026-04-12","Sun","102","Facebook","MYTH","","162","","❌ Myth: ""AI will replace my staff.""

✅ Truth: It will replace the parts of their day they hate. That is different, and better.

#WebDesign #WebDevelopment #NextJS"
"2026-04-12","Sun","102","TikTok","MYTH","","146","","Myth: ""Design is subjective.""

Truth: Taste is subjective. Conversion is measurable.

#Entrepreneur #MuleSoo #Pretoria #SouthAfrica #SmallBusiness"
"2026-04-12","Sun","102","X","MYTH","","114","","""Our customers are not online.""

They are on WhatsApp right now. That is online.

#Chatbot #ArtificialIntelligence"
"2026-04-13","Mon","103","LinkedIn","BEHIND","","200","","We test every page at 375px before we call it done. That is an iPhone SE. If it works there, it works.

Small things, compounded. That is the whole job.

#AIAutomation #Chatbot #ArtificialIntelligence"
"2026-04-13","Mon","103","Instagram","BEHIND","","193","","Behind the scenes 🛠️

A client asked if we could make the site load faster. We removed the video background. Done.

#Entrepreneur #MuleSoo #Pretoria #SouthAfrica #SmallBusiness #SmeSouthAfrica"
"2026-04-13","Mon","103","Facebook","BEHIND","","121","","Behind the scenes 🛠️

A client wanted 14 pages. We shipped 5. Enquiries went up.

#WebDevelopment #NextJS #SmallBusiness"
"2026-04-13","Mon","103","TikTok","BEHIND","","136","","Two hours today spent on a single button. It is the button that takes the money.

#MuleSoo #Pretoria #SouthAfrica #AIAutomation #Chatbot"
"2026-04-13","Mon","103","X","BEHIND","","113","","A ""quick change"" is never quick. An honest estimate is worth more than a fast yes.

#GraphicDesign #SmallBusiness"
"2026-04-14","Tue","104","LinkedIn","PROMO","","248","","Custom web apps — custom.

What you actually get: the internal tool your business actually needs.

No contracts, no setup fees. If it is not a fit we will say so on the call.

mulesoo.com/services/custom-apps

#WebDevelopment #NextJS #SmallBusiness"
"2026-04-14","Tue","104","Instagram","PROMO","","233","","Business email — from R400 ✨

An @yourdomain address that stops you looking like a hobby.

🔒 No contracts. No setup fees.
mulesoo.com/services/email-setup

#MuleSoo #Pretoria #SouthAfrica #SmallBusiness #SmeSouthAfrica #Entrepreneur"
"2026-04-14","Tue","104","Facebook","PROMO","","206","","AI chatbots — from R2,500 ✨

A assistant that answers customers at 2am so you can sleep.

🔒 No contracts. No setup fees.
mulesoo.com/services/chatbot

#ArtificialIntelligence #SmallBusiness #SmeSouthAfrica"
"2026-04-14","Tue","104","TikTok","PROMO","","137","","AI automation, custom.

the admin work doing itself.

Link in bio.

#Pretoria #SouthAfrica #AIAutomation #Chatbot #ArtificialIntelligence"
"2026-04-14","Tue","104","X","PROMO","","138","","QR codes — a branded code that tells you who scanned it and when.
from R300.
mulesoo.com/services/qr-codes

#SmallBusiness #SmeSouthAfrica"
"2026-04-15","Wed","105","LinkedIn","HUMAN","","159","","We measure success in fewer WhatsApp messages at 11pm. Yours, not ours.

(It is Friday. Normal service resumes Monday.)

#NextJS #SmallBusiness #SmeSouthAfrica"
"2026-04-15","Wed","105","Instagram","HUMAN","","206","","Somewhere out there a business is losing a client right now because their email is @gmail.

#Pretoria #SouthAfrica #AIAutomation #Chatbot #ArtificialIntelligence #SmallBusiness #SmeSouthAfrica #Entrepreneur"
"2026-04-15","Wed","105","Facebook","HUMAN","","135","","We named the company MuleSoo because it carries heavy things without complaining. Mostly.

#SmallBusiness #SmeSouthAfrica #Entrepreneur"
"2026-04-15","Wed","105","TikTok","HUMAN","","121","","Testing on your own phone is not testing. It is optimism.

#SouthAfrica #WebDesign #WebDevelopment #NextJS #SmallBusiness"
"2026-04-15","Wed","105","X","HUMAN","","121","","Ninety percent of ""the site is down"" is the wifi. The other ten percent keeps us employed.

#SmeSouthAfrica #Entrepreneur"
"2026-04-16","Thu","106","LinkedIn","PROBLEM","","360","","You answer the same WhatsApp question 30 times a week.

That is not customer service. That is a chatbot that has not been built yet.

We see this weekly with South African businesses. It is almost never a budget problem — it is a ""nobody told me this was costing me money"" problem.

If that sounded familiar: DM us

#SmallBusiness #SmeSouthAfrica #Entrepreneur"
"2026-04-16","Thu","106","Instagram","PROBLEM","","259","","Your site looks great on your laptop 👀

Nine of ten of your customers are on a phone. Have you checked?

We fix exactly this. wa.me/27688529333

#SouthAfrica #AIAutomation #Chatbot #ArtificialIntelligence #SmallBusiness #SmeSouthAfrica #Entrepreneur #MuleSoo"
"2026-04-16","Thu","106","Facebook","PROBLEM","","176","","You have no idea where clients come from 👀

So you cannot spend more on what works.

We fix exactly this. mulesoo.com/services/qr-codes

#SmeSouthAfrica #Entrepreneur #MuleSoo"
"2026-04-16","Thu","106","TikTok","PROBLEM","","192","","You are paying for a website you cannot edit.

Every text change costs you a phone call and three days.

Fix it → mulesoo.com

#WebDesign #WebDevelopment #NextJS #SmallBusiness #SmeSouthAfrica"
"2026-04-16","Thu","106","X","PROBLEM","","122","","Your site works. On Chrome. On your machine.

Safari on an old iPhone is where websites go to die.

#Entrepreneur #MuleSoo"
"2026-04-17","Fri","107","LinkedIn","EDUCATE","","253","","Buy the domain before the logo.

Names change. Get the .com or .co.za first, then design around it.

Most of our work is not clever. It is doing the obvious thing properly, and doing it first.

What would you add?

#SmeSouthAfrica #Entrepreneur #MuleSoo"
"2026-04-17","Fri","107","Instagram","EDUCATE","","228","","💡 One clear call to action beats five

Every extra button is a decision, and every decision loses people.

Save this for later.

#WebDesign #WebDevelopment #NextJS #SmallBusiness #SmeSouthAfrica #Entrepreneur #MuleSoo #Pretoria"
"2026-04-17","Fri","107","Facebook","EDUCATE","","183","","💡 Automate the boring, not the human

Nobody wants an AI to write their condolence note. Everyone wants one to chase invoices.

Save this for later.

#Entrepreneur #MuleSoo #Pretoria"
"2026-04-17","Fri","107","TikTok","EDUCATE","","191","","Every form field costs you customers.

Ask for what you need to reply. Everything else can wait.

Save this one.

#Chatbot #ArtificialIntelligence #SmallBusiness #SmeSouthAfrica #Entrepreneur"
"2026-04-17","Fri","107","X","EDUCATE","","103","","Email is not dead. Your email design is.

Plain text, one link, sent from a person.

#MuleSoo #Pretoria"
"2026-04-18","Sat","108","LinkedIn","PROOF","YES","273","","We turned down this brief.

[REAL RESULT: a project you declined and why — nothing builds trust faster]

What we built: qr codes — a branded code that tells you who scanned it and when.

Happy to walk anyone through how it works. No pitch.

#Entrepreneur #MuleSoo #Pretoria"
"2026-04-18","Sat","108","Instagram","PROOF","YES","272","","Three weeks. Start to launch.

[REAL RESULT: the real timeline and what was delivered in it]

Website design: a site that turns visitors into paying clients.

mulesoo.com

#WebDevelopment #NextJS #SmallBusiness #SmeSouthAfrica #Entrepreneur #MuleSoo #Pretoria #SouthAfrica"
"2026-04-18","Sat","108","Facebook","PROOF","YES","219","","Screenshot of the dashboard 👇

[REAL RESULT: a real (permitted) screenshot with sensitive data blurred]

Auto Pilot systems: bookings, payments and reminders running without you.

DM us

#MuleSoo #Pretoria #SouthAfrica"
"2026-04-18","Sat","108","TikTok","PROOF","YES","167","","What we shipped this month:

[REAL RESULT: the actual feature, and what it replaced]

mulesoo.com

#GraphicDesign #SmallBusiness #SmeSouthAfrica #Entrepreneur #MuleSoo"
"2026-04-18","Sat","108","X","PROOF","YES","104","","Small change. Big number.

[REAL RESULT: the single fix and its measured effect]

#Pretoria #SouthAfrica"
"2026-04-19","Sun","109","LinkedIn","MYTH","","245","","A myth I hear constantly: ""Our industry is different.""

Your industry has a booking form, an invoice, and a customer who wants an answer. Same as everyone.

Disagree? Genuinely interested — the comments are open.

#MuleSoo #Pretoria #SouthAfrica"
"2026-04-19","Sun","109","Instagram","MYTH","","247","","❌ Myth: ""We are too small for automation.""

✅ Truth: Small is exactly when your time is most expensive, because it is all you have.

#ArtificialIntelligence #SmallBusiness #SmeSouthAfrica #Entrepreneur #MuleSoo #Pretoria #SouthAfrica #AIAutomation"
"2026-04-19","Sun","109","Facebook","MYTH","","168","","❌ Myth: ""We do not need a logo, we need sales.""

✅ Truth: The logo is not the point. Being memorable at the moment of decision is.

#Pretoria #SouthAfrica #AIAutomation"
"2026-04-19","Sun","109","TikTok","MYTH","","163","","Myth: ""More pages means better SEO.""

Truth: Two hundred thin pages rank worse than ten good ones.

#SmallBusiness #SmeSouthAfrica #Entrepreneur #MuleSoo #Pretoria"
"2026-04-19","Sun","109","X","MYTH","","145","","""We will launch when it is perfect.""

You will launch when a competitor forces you to, and it still will not be perfect.

#SouthAfrica #WebDesign"
"2026-04-20","Mon","110","LinkedIn","BEHIND","","206","","Our booking system sends the deposit invoice, the confirmation PDF, and the WhatsApp alert. Nobody touches a keyboard.

Small things, compounded. That is the whole job.

#Pretoria #SouthAfrica #AIAutomation"
"2026-04-20","Mon","110","Instagram","BEHIND","","230","","Behind the scenes 🛠️

The QR codes we make track scans. So you know if the flyer worked, or if the flyer was a bin ornament.

#SmallBusiness #SmeSouthAfrica #Entrepreneur #MuleSoo #Pretoria #SouthAfrica #LogoDesign #BrandIdentity"
"2026-04-20","Mon","110","Facebook","BEHIND","","144","","Behind the scenes 🛠️

Every project starts with the same question: what is the one thing this must do?

#SouthAfrica #WebDesign #WebDevelopment"
"2026-04-20","Mon","110","TikTok","BEHIND","","134","","The best compliment we get: ""it just works."" That took the whole month.

#SmeSouthAfrica #Entrepreneur #MuleSoo #Pretoria #SouthAfrica"
"2026-04-20","Mon","110","X","BEHIND","","177","","Today: rebuilt a business card because the fonts were never actually loading. Everything printed was in the wrong typeface and nobody noticed for months.

#AIAutomation #Chatbot"
"2026-04-21","Tue","111","LinkedIn","PROMO","","217","","AI automation — custom.

What you actually get: the admin work doing itself.

No contracts, no setup fees. If it is not a fit we will say so on the call.

mulesoo.com/ai-automation

#SouthAfrica #AIAutomation #Chatbot"
"2026-04-21","Tue","111","Instagram","PROMO","","219","","QR codes — from R300 ✨

A branded code that tells you who scanned it and when.

🔒 No contracts. No setup fees.
mulesoo.com/services/qr-codes

#SmeSouthAfrica #Entrepreneur #MuleSoo #Pretoria #SouthAfrica #SmallBusiness"
"2026-04-21","Tue","111","Facebook","PROMO","","184","","Website design — from R3,500 ✨

A site that turns visitors into paying clients.

🔒 No contracts. No setup fees.
mulesoo.com/services/website-design

#WebDesign #WebDevelopment #NextJS"
"2026-04-21","Tue","111","TikTok","PROMO","","157","","Auto Pilot systems, custom.

bookings, payments and reminders running without you.

Link in bio.

#Entrepreneur #MuleSoo #Pretoria #SouthAfrica #AIAutomation"
"2026-04-21","Tue","111","X","PROMO","","138","","Logo & brand identity — a brand people remember after one look.
from R800.
mulesoo.com/services/logo-design

#BrandIdentity #GraphicDesign"
"2026-04-22","Wed","112","LinkedIn","HUMAN","","163","","""Just a small change"" has never once, in recorded history, been a small change.

(It is Friday. Normal service resumes Monday.)

#WebDesign #WebDevelopment #NextJS"
"2026-04-22","Wed","112","Instagram","HUMAN","","156","","""Can you make it look more premium"" — sir, that is a budget, not an adjective.

#Entrepreneur #MuleSoo #Pretoria #SouthAfrica #SmallBusiness #SmeSouthAfrica"
"2026-04-22","Wed","112","Facebook","HUMAN","","131","","We do not do rush jobs. We do ordinary jobs, on time, which turns out to be rarer.

#Chatbot #ArtificialIntelligence #SmallBusiness"
"2026-04-22","Wed","112","TikTok","HUMAN","","138","","Client: ""Can you make the logo bigger?"" Us: ""Yes."" Client: ""Bigger."" Us: ""...Yes.""

#MuleSoo #Pretoria #SouthAfrica #AIAutomation #Chatbot"
"2026-04-22","Wed","112","X","HUMAN","","136","","""I want it like Apple's site but with more stuff on it"" is a sentence that contains its own contradiction.

#Entrepreneur #SmallBusiness"
"2026-04-23","Thu","113","LinkedIn","PROBLEM","","328","","Nobody finds you on Google.

Not because you are small. Because nobody told Google your pages exist.

We see this weekly with South African businesses. It is almost never a budget problem — it is a ""nobody told me this was costing me money"" problem.

If that sounded familiar: mulesoo.com

#WebDevelopment #NextJS #SmallBusiness"
"2026-04-23","Thu","113","Instagram","PROBLEM","","214","","Your prices are not on your site 👀

So people assume expensive, and leave.

We fix exactly this. DM us

#MuleSoo #Pretoria #SouthAfrica #AIAutomation #Chatbot #ArtificialIntelligence #SmallBusiness #SmeSouthAfrica"
"2026-04-23","Thu","113","Facebook","PROBLEM","","192","","Your online store has no trust signals 👀

No reviews, no returns policy, no real address. Would you buy?

We fix exactly this. wa.me/27688529333

#GraphicDesign #SmallBusiness #SmeSouthAfrica"
"2026-04-23","Thu","113","TikTok","PROBLEM","","167","","Your best client found you by accident.

Imagine if that was a system instead of luck.

Fix it → mulesoo.com

#Pretoria #SouthAfrica #WebDesign #WebDevelopment #NextJS"
"2026-04-23","Thu","113","X","PROBLEM","","152","","Your business email is a gmail address.

Corporate clients notice. They will not say anything. They will just not reply.

#SmallBusiness #SmeSouthAfrica"
"2026-04-24","Fri","114","LinkedIn","EDUCATE","","288","","Own your source code.

If your developer disappears and your site does too, you did not buy a website. You rented one.

Most of our work is not clever. It is doing the obvious thing properly, and doing it first.

What would you add?

#ArtificialIntelligence #SmallBusiness #SmeSouthAfrica"
"2026-04-24","Fri","114","Instagram","EDUCATE","","237","","💡 Do not build the app first

Build the landing page. If nobody clicks, you just saved six months.

Save this for later.

#Pretoria #SouthAfrica #AIAutomation #Chatbot #ArtificialIntelligence #SmallBusiness #SmeSouthAfrica #Entrepreneur"
"2026-04-24","Fri","114","Facebook","EDUCATE","","162","","💡 Compress your images before you blame your host

A 4MB hero image is not a hosting problem.

Save this for later.

#SmallBusiness #SmeSouthAfrica #Entrepreneur"
"2026-04-24","Fri","114","TikTok","EDUCATE","","164","","Measure one number.

Enquiries per week. If it does not move that, it is decoration.

Save this one.

#SouthAfrica #WebDesign #WebDevelopment #NextJS #SmallBusiness"
"2026-04-24","Fri","114","X","EDUCATE","","110","","Nobody reads. They scan.

Short paragraphs. Real headings. One idea per screen.

#SmeSouthAfrica #Entrepreneur"
"2026-04-25","Sat","115","LinkedIn","PROOF","YES","276","","They almost did not call us.

[REAL RESULT: the objection they had, and what changed their mind]

What we built: logo & brand identity — a brand people remember after one look.

Happy to walk anyone through how it works. No pitch.

#SmallBusiness #SmeSouthAfrica #Entrepreneur"
"2026-04-25","Sat","115","Instagram","PROOF","YES","306","","We turned down this brief.

[REAL RESULT: a project you declined and why — nothing builds trust faster]

Custom web apps: the internal tool your business actually needs.

mulesoo.com/services/custom-apps

#SouthAfrica #WebDesign #WebDevelopment #NextJS #SmallBusiness #SmeSouthAfrica #Entrepreneur #MuleSoo"
"2026-04-25","Sat","115","Facebook","PROOF","YES","222","","Three weeks. Start to launch.

[REAL RESULT: the real timeline and what was delivered in it]

Business email: an @yourdomain address that stops you looking like a hobby.

mulesoo.com

#SmeSouthAfrica #Entrepreneur #MuleSoo"
"2026-04-25","Sat","115","TikTok","PROOF","YES","196","","Screenshot of the dashboard 👇

[REAL RESULT: a real (permitted) screenshot with sensitive data blurred]

mulesoo.com

#AIAutomation #Chatbot #ArtificialIntelligence #SmallBusiness #SmeSouthAfrica"
"2026-04-25","Sat","115","X","PROOF","YES","108","","What we shipped this month:

[REAL RESULT: the actual feature, and what it replaced]

#Entrepreneur #MuleSoo"
"2026-04-26","Sun","116","LinkedIn","MYTH","","211","","A myth I hear constantly: ""I will do the website myself, later.""

""Later"" is doing a lot of work in that sentence.

Disagree? Genuinely interested — the comments are open.

#SmeSouthAfrica #Entrepreneur #MuleSoo"
"2026-04-26","Sun","116","Instagram","MYTH","","239","","❌ Myth: ""We will fix the website after we get customers.""

✅ Truth: The website is how you get the customers. You have the order backwards.

#WebDesign #WebDevelopment #NextJS #SmallBusiness #SmeSouthAfrica #Entrepreneur #MuleSoo #Pretoria"
"2026-04-26","Sun","116","Facebook","MYTH","","140","","❌ Myth: ""Dark mode is a feature.""

✅ Truth: It is a preference. Your broken checkout is a feature request.

#Entrepreneur #MuleSoo #Pretoria"
"2026-04-26","Sun","116","TikTok","MYTH","","218","","Myth: ""Our industry is different.""

Truth: Your industry has a booking form, an invoice, and a customer who wants an answer. Same as everyone.

#BrandIdentity #GraphicDesign #SmallBusiness #SmeSouthAfrica #Entrepreneur"
"2026-04-26","Sun","116","X","MYTH","","134","","""We are too small for automation.""

Small is exactly when your time is most expensive, because it is all you have.

#MuleSoo #Pretoria"
"2026-04-27","Mon","117","LinkedIn","BEHIND","","159","","Nobody asks about the database schema. Everybody feels it when it is wrong.

Small things, compounded. That is the whole job.

#Entrepreneur #MuleSoo #Pretoria"
"2026-04-27","Mon","117","Instagram","BEHIND","","222","","Behind the scenes 🛠️

Our own admin panel logs every action. If we break something, we can prove when and how.

#Chatbot #ArtificialIntelligence #SmallBusiness #SmeSouthAfrica #Entrepreneur #MuleSoo #Pretoria #SouthAfrica"
"2026-04-27","Mon","117","Facebook","BEHIND","","161","","Behind the scenes 🛠️

Every MuleSoo build ships with the source code. You own it. If you fire us tomorrow, you keep everything.

#MuleSoo #Pretoria #SouthAfrica"
"2026-04-27","Mon","117","TikTok","BEHIND","","153","","We do not use website builders. Next.js, Tailwind, Supabase. The same stack Vercel and Linear run.

#Entrepreneur #SmallBusiness #SmeSouthAfrica #MuleSoo"
"2026-04-27","Mon","117","X","BEHIND","","163","","We keep a checklist of things that quietly break: contact forms, SSL renewals, sitemap submissions. Most agencies do not check any of them.

#Pretoria #SouthAfrica"
"2026-04-28","Tue","118","LinkedIn","PROMO","","248","","Auto Pilot systems — custom.

What you actually get: bookings, payments and reminders running without you.

No contracts, no setup fees. If it is not a fit we will say so on the call.

mulesoo.com/services/autopilot

#MuleSoo #Pretoria #SouthAfrica"
"2026-04-28","Tue","118","Instagram","PROMO","","247","","Logo & brand identity — from R800 ✨

A brand people remember after one look.

🔒 No contracts. No setup fees.
mulesoo.com/services/logo-design

#GraphicDesign #SmallBusiness #SmeSouthAfrica #Entrepreneur #MuleSoo #Pretoria #SouthAfrica #LogoDesign"
"2026-04-28","Tue","118","Facebook","PROMO","","176","","Custom web apps — custom ✨

The internal tool your business actually needs.

🔒 No contracts. No setup fees.
mulesoo.com/services/custom-apps

#Pretoria #SouthAfrica #WebDesign"
"2026-04-28","Tue","118","TikTok","PROMO","","166","","Business email, from R400.

an @yourdomain address that stops you looking like a hobby.

Link in bio.

#SmallBusiness #SmeSouthAfrica #Entrepreneur #MuleSoo #Pretoria"
"2026-04-28","Tue","118","X","PROMO","","143","","AI chatbots — a assistant that answers customers at 2am so you can sleep.
from R2,500.
mulesoo.com/services/chatbot

#SouthAfrica #AIAutomation"
"2026-04-29","Wed","119","LinkedIn","HUMAN","","169","","The client always knows what they do not want. Our job is to find out what they do.

(It is Friday. Normal service resumes Monday.)

#Pretoria #SouthAfrica #AIAutomation"
"2026-04-29","Wed","119","Instagram","HUMAN","","177","","If your password is your business name and the year, we need to talk before we talk about websites.

#SmallBusiness #SmeSouthAfrica #Entrepreneur #MuleSoo #Pretoria #SouthAfrica"
"2026-04-29","Wed","119","Facebook","HUMAN","","132","","The two hardest problems in tech: naming things, cache invalidation, and off-by-one errors.

#SouthAfrica #WebDesign #WebDevelopment"
"2026-04-29","Wed","119","TikTok","HUMAN","","136","","You do not need a metaverse strategy. You need your contact form to work.

#SmeSouthAfrica #Entrepreneur #MuleSoo #Pretoria #SouthAfrica"
"2026-04-29","Wed","119","X","HUMAN","","103","","Every logo revision request arrives at 11:47pm. We have stopped asking why.

#LogoDesign #BrandIdentity"
"2026-04-30","Thu","120","LinkedIn","PROBLEM","","355","","Your website has no phone number above the fold.

People do not scroll to find you. They scroll to leave.

We see this weekly with South African businesses. It is almost never a budget problem — it is a ""nobody told me this was costing me money"" problem.

If that sounded familiar: mulesoo.com/services/custom-apps

#SouthAfrica #WebDesign #WebDevelopment"
"2026-04-30","Thu","120","Instagram","PROBLEM","","183","","Your PDFs are 40MB 👀

Nobody on mobile data is opening that. Not once.

We fix exactly this. mulesoo.com

#SmeSouthAfrica #Entrepreneur #MuleSoo #Pretoria #SouthAfrica #SmallBusiness"
"2026-04-30","Thu","120","Facebook","PROBLEM","","205","","Your appointment reminders are manual 👀

That is why people no-show. Not because they forgot you. Because nothing reminded them.

We fix exactly this. DM us

#AIAutomation #Chatbot #ArtificialIntelligence"
"2026-04-30","Thu","120","TikTok","PROBLEM","","151","","Your booking system is a notebook.

One lost page is one lost month.

Fix it → mulesoo.com

#Entrepreneur #MuleSoo #Pretoria #SouthAfrica #AIAutomation"
"2026-04-30","Thu","120","X","PROBLEM","","116","","Your invoices go out late.

Cash flow is not a maths problem. It is an admin problem.

#SmeSouthAfrica #Entrepreneur"
"2026-05-01","Fri","121","LinkedIn","EDUCATE","","253","","The fold is a myth, the first sentence is not.

People scroll. They do not read badly-written openings.

Most of our work is not clever. It is doing the obvious thing properly, and doing it first.

What would you add?

#WebDesign #WebDevelopment #NextJS"
"2026-05-01","Fri","121","Instagram","EDUCATE","","236","","💡 One testimonial with a real name beats ten anonymous ones

Specificity is the whole currency of trust.

Save this for later.

#Entrepreneur #MuleSoo #Pretoria #SouthAfrica #AIAutomation #Chatbot #ArtificialIntelligence #SmallBusiness"
"2026-05-01","Fri","121","Facebook","EDUCATE","","218","","💡 A slow site is a tax you pay every day

Every extra second of load time costs roughly 7% of conversions. On R100k of sales that is R7,000 a second.

Save this for later.

#BrandIdentity #GraphicDesign #SmallBusiness"
"2026-05-01","Fri","121","TikTok","EDUCATE","","193","","A chatbot is not a robot receptionist.

It is a filter. It catches the easy 70% so a human handles the 30% that pays.

Save this one.

#MuleSoo #Pretoria #SouthAfrica #WebDesign #WebDevelopment"
"2026-05-01","Fri","121","X","EDUCATE","","146","","Structured data is how Google understands you.

It is a few lines of JSON. Most sites skip it. That is your opening.

#Entrepreneur #SmallBusiness"
"2026-05-02","Sat","122","LinkedIn","PROOF","YES","307","","A client said this last week:

[REAL RESULT: a verbatim quote, with their name and business, used with permission]

What we built: ai chatbots — a assistant that answers customers at 2am so you can sleep.

Happy to walk anyone through how it works. No pitch.

#Chatbot #ArtificialIntelligence #SmallBusiness"
"2026-05-02","Sat","122","Instagram","PROOF","YES","271","","They almost did not call us.

[REAL RESULT: the objection they had, and what changed their mind]

AI automation: the admin work doing itself.

wa.me/27688529333

#MuleSoo #Pretoria #SouthAfrica #AIAutomation #Chatbot #ArtificialIntelligence #SmallBusiness #SmeSouthAfrica"
"2026-05-02","Sat","122","Facebook","PROOF","YES","246","","We turned down this brief.

[REAL RESULT: a project you declined and why — nothing builds trust faster]

QR codes: a branded code that tells you who scanned it and when.

mulesoo.com/services/qr-codes

#Entrepreneur #SmallBusiness #SmeSouthAfrica"
"2026-05-02","Sat","122","TikTok","PROOF","YES","164","","Three weeks. Start to launch.

[REAL RESULT: the real timeline and what was delivered in it]

mulesoo.com

#Pretoria #SouthAfrica #WebDesign #WebDevelopment #NextJS"
"2026-05-02","Sat","122","X","PROOF","YES","136","","Screenshot of the dashboard 👇

[REAL RESULT: a real (permitted) screenshot with sensitive data blurred]

#SmallBusiness #SmeSouthAfrica"
"2026-05-03","Sun","123","LinkedIn","MYTH","","233","","A myth I hear constantly: ""A template is the same as custom.""

Until you need it to do the one thing your business actually does.

Disagree? Genuinely interested — the comments are open.

#GraphicDesign #SmallBusiness #SmeSouthAfrica"
"2026-05-03","Sun","123","Instagram","MYTH","","208","","❌ Myth: ""AI writes our content now.""

✅ Truth: And your readers can tell. Use it to think, not to speak.

#Pretoria #SouthAfrica #WebDesign #WebDevelopment #NextJS #SmallBusiness #SmeSouthAfrica #Entrepreneur"
"2026-05-03","Sun","123","Facebook","MYTH","","177","","❌ Myth: ""A good website costs six figures.""

✅ Truth: It does not. It costs clarity about what the site is for. We start at R3,500.

#SmallBusiness #SmeSouthAfrica #Entrepreneur"
"2026-05-03","Sun","123","TikTok","MYTH","","177","","Myth: ""I will do the website myself, later.""

Truth: ""Later"" is doing a lot of work in that sentence.

#SouthAfrica #AIAutomation #Chatbot #ArtificialIntelligence #SmallBusiness"
"2026-05-03","Sun","123","X","MYTH","","153","","""We will fix the website after we get customers.""

The website is how you get the customers. You have the order backwards.

#SmeSouthAfrica #Entrepreneur"
"2026-05-04","Mon","124","LinkedIn","BEHIND","","169","","Shipped a fix at 6am so nobody would notice the downtime. Nobody noticed.

Small things, compounded. That is the whole job.

#SmallBusiness #SmeSouthAfrica #Entrepreneur"
"2026-05-04","Mon","124","Instagram","BEHIND","","202","","Behind the scenes 🛠️

The chatbot on our own site is the same one we sell. We eat our own cooking.

#SouthAfrica #WebDesign #WebDevelopment #NextJS #SmallBusiness #SmeSouthAfrica #Entrepreneur #MuleSoo"
"2026-05-04","Mon","124","Facebook","BEHIND","","133","","Behind the scenes 🛠️

Half of what we do is talking people out of features they do not need.

#SmeSouthAfrica #Entrepreneur #MuleSoo"
"2026-05-04","Mon","124","TikTok","BEHIND","","173","","Wrote the copy before the design today. It is always the right order and we always want to skip it.

#LogoDesign #BrandIdentity #GraphicDesign #SmallBusiness #SmeSouthAfrica"
"2026-05-04","Mon","124","X","BEHIND","","113","","We write the refund terms before the invoice. Awkward conversations are cheaper up front.

#Entrepreneur #MuleSoo"
"2026-05-05","Tue","125","LinkedIn","PROMO","","262","","Business email — from R400.

What you actually get: an @yourdomain address that stops you looking like a hobby.

No contracts, no setup fees. If it is not a fit we will say so on the call.

mulesoo.com/services/email-setup

#SmeSouthAfrica #Entrepreneur #MuleSoo"
"2026-05-05","Tue","125","Instagram","PROMO","","262","","AI chatbots — from R2,500 ✨

A assistant that answers customers at 2am so you can sleep.

🔒 No contracts. No setup fees.
mulesoo.com/services/chatbot

#AIAutomation #Chatbot #ArtificialIntelligence #SmallBusiness #SmeSouthAfrica #Entrepreneur #MuleSoo #Pretoria"
"2026-05-05","Tue","125","Facebook","PROMO","","147","","AI automation — custom ✨

The admin work doing itself.

🔒 No contracts. No setup fees.
mulesoo.com/ai-automation

#Entrepreneur #MuleSoo #Pretoria"
"2026-05-05","Tue","125","TikTok","PROMO","","136","","QR codes, from R300.

a branded code that tells you who scanned it and when.

Link in bio.

#SmeSouthAfrica #Entrepreneur #SmallBusiness"
"2026-05-05","Tue","125","X","PROMO","","133","","Website design — a site that turns visitors into paying clients.
from R3,500.
mulesoo.com/services/website-design

#MuleSoo #Pretoria"
"2026-05-06","Wed","126","LinkedIn","HUMAN","","178","","Reminder that ""make it pop"" is not a design brief, but we will figure out what you meant anyway.

(It is Friday. Normal service resumes Monday.)

#Entrepreneur #MuleSoo #Pretoria"
"2026-05-06","Wed","126","Instagram","HUMAN","","199","","Building in Pretoria, shipping to the continent. Load shedding is just a deployment window.

#BrandIdentity #GraphicDesign #SmallBusiness #SmeSouthAfrica #Entrepreneur #MuleSoo #Pretoria #SouthAfrica"
"2026-05-06","Wed","126","Facebook","HUMAN","","102","","Our chatbot is more polite than we are before 8am. That is by design.

#MuleSoo #Pretoria #SouthAfrica"
"2026-05-06","Wed","126","TikTok","HUMAN","","103","","Coffee is a build dependency. It is in the docs.

#Entrepreneur #SmallBusiness #SmeSouthAfrica #MuleSoo"
"2026-05-06","Wed","126","X","HUMAN","","102","","A designer, a developer and a client walk into a meeting. The scope walks out.

#Pretoria #SouthAfrica"
"2026-05-07","Thu","127","LinkedIn","PROBLEM","","337","","You have three different phone numbers online.

Google does not know which is real, so it trusts none of them.

We see this weekly with South African businesses. It is almost never a budget problem — it is a ""nobody told me this was costing me money"" problem.

If that sounded familiar: wa.me/27688529333

#MuleSoo #Pretoria #SouthAfrica"
"2026-05-07","Thu","127","Instagram","PROBLEM","","264","","You answer the same WhatsApp question 30 times a week 👀

That is not customer service. That is a chatbot that has not been built yet.

We fix exactly this. mulesoo.com/services/qr-codes

#Entrepreneur #SmallBusiness #SmeSouthAfrica #MuleSoo #Pretoria #SouthAfrica"
"2026-05-07","Thu","127","Facebook","PROBLEM","","173","","Your site looks great on your laptop 👀

Nine of ten of your customers are on a phone. Have you checked?

We fix exactly this. mulesoo.com

#Pretoria #SouthAfrica #WebDesign"
"2026-05-07","Thu","127","TikTok","PROBLEM","","169","","You have no idea where clients come from.

So you cannot spend more on what works.

Fix it → mulesoo.com

#SmallBusiness #SmeSouthAfrica #Entrepreneur #MuleSoo #Pretoria"
"2026-05-07","Thu","127","X","PROBLEM","","129","","You are paying for a website you cannot edit.

Every text change costs you a phone call and three days.

#SouthAfrica #LogoDesign"
"2026-05-08","Fri","128","LinkedIn","EDUCATE","","255","","Back up before you launch, not after.

The worst day to learn your backup strategy is the day you need it.

Most of our work is not clever. It is doing the obvious thing properly, and doing it first.

What would you add?

#Pretoria #SouthAfrica #WebDesign"
"2026-05-08","Fri","128","Instagram","EDUCATE","","201","","💡 Buy the domain before the logo

Names change. Get the .com or .co.za first, then design around it.

Save this for later.

#SmallBusiness #SmeSouthAfrica #Entrepreneur #MuleSoo #Pretoria #SouthAfrica"
"2026-05-08","Fri","128","Facebook","EDUCATE","","165","","💡 One clear call to action beats five

Every extra button is a decision, and every decision loses people.

Save this for later.

#SouthAfrica #AIAutomation #Chatbot"
"2026-05-08","Fri","128","TikTok","EDUCATE","","204","","Automate the boring, not the human.

Nobody wants an AI to write their condolence note. Everyone wants one to chase invoices.

Save this one.

#SmeSouthAfrica #Entrepreneur #MuleSoo #Pretoria #SouthAfrica"
"2026-05-08","Fri","128","X","EDUCATE","","128","","Every form field costs you customers.

Ask for what you need to reply. Everything else can wait.

#SmallBusiness #SmeSouthAfrica"
"2026-05-09","Sat","129","LinkedIn","PROOF","YES","286","","Here is the whole build, honestly:

[REAL RESULT: what went well, what did not, what you would do differently]

What we built: website design — a site that turns visitors into paying clients.

Happy to walk anyone through how it works. No pitch.

#SouthAfrica #WebDesign #WebDevelopment"
"2026-05-09","Sat","129","Instagram","PROOF","YES","306","","A client said this last week:

[REAL RESULT: a verbatim quote, with their name and business, used with permission]

Auto Pilot systems: bookings, payments and reminders running without you.

DM us

#SmeSouthAfrica #Entrepreneur #MuleSoo #Pretoria #SouthAfrica #AIAutomation #Chatbot #ArtificialIntelligence"
"2026-05-09","Sat","129","Facebook","PROOF","YES","222","","They almost did not call us.

[REAL RESULT: the objection they had, and what changed their mind]

Logo & brand identity: a brand people remember after one look.

wa.me/27688529333

#LogoDesign #BrandIdentity #GraphicDesign"
"2026-05-09","Sat","129","TikTok","PROOF","YES","174","","We turned down this brief.

[REAL RESULT: a project you declined and why — nothing builds trust faster]

mulesoo.com

#Entrepreneur #MuleSoo #Pretoria #SouthAfrica #WebDesign"
"2026-05-09","Sat","129","X","PROOF","YES","123","","Three weeks. Start to launch.

[REAL RESULT: the real timeline and what was delivered in it]

#SmeSouthAfrica #Entrepreneur"
"2026-05-10","Sun","130","LinkedIn","MYTH","","241","","A myth I hear constantly: ""Analytics is spying on customers.""

Knowing which page loses people is not surveillance. It is basic hygiene.

Disagree? Genuinely interested — the comments are open.

#AIAutomation #Chatbot #ArtificialIntelligence"
"2026-05-10","Sun","130","Instagram","MYTH","","249","","❌ Myth: ""SEO is a scam.""

✅ Truth: Half the industry, yes. The other half is: fast pages, real content, and telling Google your pages exist.

#Entrepreneur #MuleSoo #Pretoria #SouthAfrica #AIAutomation #Chatbot #ArtificialIntelligence #SmallBusiness"
"2026-05-10","Sun","130","Facebook","MYTH","","157","","❌ Myth: ""Chatbots annoy customers.""

✅ Truth: Bad ones do. So do phone queues, and you still have one of those.

#SmeSouthAfrica #Entrepreneur #SmallBusiness"
"2026-05-10","Sun","130","TikTok","MYTH","","176","","Myth: ""A template is the same as custom.""

Truth: Until you need it to do the one thing your business actually does.

#MuleSoo #Pretoria #SouthAfrica #WebDesign #WebDevelopment"
"2026-05-10","Sun","130","X","MYTH","","127","","""AI writes our content now.""

And your readers can tell. Use it to think, not to speak.

#ArtificialIntelligence #SmallBusiness"
"2026-05-11","Mon","131","LinkedIn","BEHIND","","213","","Found a client site telling Google every page was a duplicate of the homepage. 219 pages invisible. One line of code.

Small things, compounded. That is the whole job.

#BrandIdentity #GraphicDesign #SmallBusiness"
"2026-05-11","Mon","131","Instagram","BEHIND","","221","","Behind the scenes 🛠️

Deleted 6MB of unused JavaScript from a client build today. The site did not lose a single feature.

#MuleSoo #Pretoria #SouthAfrica #WebDesign #WebDevelopment #NextJS #SmallBusiness #SmeSouthAfrica"
"2026-05-11","Mon","131","Facebook","BEHIND","","150","","Behind the scenes 🛠️

Reviewed our own site on a 3G connection this week. Humbling. Fixed three things.

#Entrepreneur #SmallBusiness #SmeSouthAfrica"
"2026-05-11","Mon","131","TikTok","BEHIND","","144","","Turned off a client's auto-playing video. Bounce rate dropped by a third.

#Pretoria #SouthAfrica #AIAutomation #Chatbot #ArtificialIntelligence"
"2026-05-11","Mon","131","X","BEHIND","","158","","Spent the morning cutting 4MB of unused fonts off a client site. Load time went from 5.1s to 1.3s. No redesign. Just deleting.

#SmallBusiness #SmeSouthAfrica"
"2026-05-12","Tue","132","LinkedIn","PROMO","","254","","QR codes — from R300.

What you actually get: a branded code that tells you who scanned it and when.

No contracts, no setup fees. If it is not a fit we will say so on the call.

mulesoo.com/services/qr-codes

#Entrepreneur #SmallBusiness #SmeSouthAfrica"
"2026-05-12","Tue","132","Instagram","PROMO","","252","","Website design — from R3,500 ✨

A site that turns visitors into paying clients.

🔒 No contracts. No setup fees.
mulesoo.com/services/website-design

#Pretoria #SouthAfrica #WebDesign #WebDevelopment #NextJS #SmallBusiness #SmeSouthAfrica #Entrepreneur"
"2026-05-12","Tue","132","Facebook","PROMO","","194","","Auto Pilot systems — custom ✨

Bookings, payments and reminders running without you.

🔒 No contracts. No setup fees.
mulesoo.com/services/autopilot

#SmallBusiness #SmeSouthAfrica #Entrepreneur"
"2026-05-12","Tue","132","TikTok","PROMO","","159","","Logo & brand identity, from R800.

a brand people remember after one look.

Link in bio.

#SouthAfrica #LogoDesign #BrandIdentity #GraphicDesign #SmallBusiness"
"2026-05-12","Tue","132","X","PROMO","","137","","Custom web apps — the internal tool your business actually needs.
custom.
mulesoo.com/services/custom-apps

#SmeSouthAfrica #Entrepreneur"
"2026-05-13","Wed","133","LinkedIn","HUMAN","","178","","Every founder thinks their industry is different. Every industry has a booking form.

(It is Friday. Normal service resumes Monday.)

#SmallBusiness #SmeSouthAfrica #Entrepreneur"
"2026-05-13","Wed","133","Instagram","HUMAN","","227","","The website is finished. The website is never finished. Both statements are true and we have made peace with it.

#SouthAfrica #AIAutomation #Chatbot #ArtificialIntelligence #SmallBusiness #SmeSouthAfrica #Entrepreneur #MuleSoo"
"2026-05-13","Wed","133","Facebook","HUMAN","","122","","Somebody somewhere is still using Comic Sans on an invoice, and honestly, respect.

#SmeSouthAfrica #Entrepreneur #MuleSoo"
"2026-05-13","Wed","133","TikTok","HUMAN","","103","","Pretoria traffic is our staging environment for patience.

#SmallBusiness #SmeSouthAfrica #Entrepreneur"
"2026-05-13","Wed","133","X","HUMAN","","108","","Nothing humbles you like opening your own website on someone else's cracked Android.

#Entrepreneur #MuleSoo"
"2026-05-14","Thu","134","LinkedIn","PROBLEM","","321","","Your logo was made in Word.

It shows at 300dpi. It shows on a banner. It shows on a business card.

We see this weekly with South African businesses. It is almost never a budget problem — it is a ""nobody told me this was costing me money"" problem.

If that sounded familiar: DM us

#SmeSouthAfrica #Entrepreneur #MuleSoo"
"2026-05-14","Thu","134","Instagram","PROBLEM","","249","","Nobody finds you on Google 👀

Not because you are small. Because nobody told Google your pages exist.

We fix exactly this. wa.me/27688529333

#LogoDesign #BrandIdentity #GraphicDesign #SmallBusiness #SmeSouthAfrica #Entrepreneur #MuleSoo #Pretoria"
"2026-05-14","Thu","134","Facebook","PROBLEM","","164","","Your prices are not on your site 👀

So people assume expensive, and leave.

We fix exactly this. mulesoo.com/services/custom-apps

#Entrepreneur #MuleSoo #Pretoria"
"2026-05-14","Thu","134","TikTok","PROBLEM","","171","","Your online store has no trust signals.

No reviews, no returns policy, no real address. Would you buy?

Fix it → mulesoo.com

#SmeSouthAfrica #Entrepreneur #SmallBusiness"
"2026-05-14","Thu","134","X","PROBLEM","","106","","Your best client found you by accident.

Imagine if that was a system instead of luck.

#MuleSoo #Pretoria"
"2026-05-15","Fri","135","LinkedIn","EDUCATE","","242","","Your best salesperson is a FAQ page.

It answers the objection you are too polite to bring up.

Most of our work is not clever. It is doing the obvious thing properly, and doing it first.

What would you add?

#Entrepreneur #MuleSoo #Pretoria"
"2026-05-15","Fri","135","Instagram","EDUCATE","","220","","💡 Own your source code

If your developer disappears and your site does too, you did not buy a website. You rented one.

Save this for later.

#SmeSouthAfrica #Entrepreneur #SmallBusiness #MuleSoo #Pretoria #SouthAfrica"
"2026-05-15","Fri","135","Facebook","EDUCATE","","154","","💡 Do not build the app first

Build the landing page. If nobody clicks, you just saved six months.

Save this for later.

#MuleSoo #Pretoria #SouthAfrica"
"2026-05-15","Fri","135","TikTok","EDUCATE","","187","","Compress your images before you blame your host.

A 4MB hero image is not a hosting problem.

Save this one.

#ArtificialIntelligence #SmallBusiness #SmeSouthAfrica #Entrepreneur #MuleSoo"
"2026-05-15","Fri","135","X","EDUCATE","","108","","Measure one number.

Enquiries per week. If it does not move that, it is decoration.

#Pretoria #SouthAfrica"
"2026-05-16","Sat","136","LinkedIn","PROOF","YES","279","","The problem they came to us with:

[REAL RESULT: their words describing the pain, then what it looks like now]

What we built: custom web apps — the internal tool your business actually needs.

Happy to walk anyone through how it works. No pitch.

#MuleSoo #Pretoria #SouthAfrica"
"2026-05-16","Sat","136","Instagram","PROOF","YES","278","","Here is the whole build, honestly:

[REAL RESULT: what went well, what did not, what you would do differently]

Business email: an @yourdomain address that stops you looking like a hobby.

mulesoo.com

#Entrepreneur #SmallBusiness #SmeSouthAfrica #MuleSoo #Pretoria #SouthAfrica"
"2026-05-16","Sat","136","Facebook","PROOF","YES","233","","A client said this last week:

[REAL RESULT: a verbatim quote, with their name and business, used with permission]

AI chatbots: a assistant that answers customers at 2am so you can sleep.

DM us

#Pretoria #SouthAfrica #AIAutomation"
"2026-05-16","Sat","136","TikTok","PROOF","YES","174","","They almost did not call us.

[REAL RESULT: the objection they had, and what changed their mind]

mulesoo.com

#SmallBusiness #SmeSouthAfrica #Entrepreneur #MuleSoo #Pretoria"
"2026-05-16","Sat","136","X","PROOF","YES","132","","We turned down this brief.

[REAL RESULT: a project you declined and why — nothing builds trust faster]

#SouthAfrica #SmallBusiness"
"2026-05-17","Sun","137","LinkedIn","MYTH","","217","","A myth I hear constantly: ""Nobody in South Africa buys online.""

Your customers are already buying online. Just not from you.

Disagree? Genuinely interested — the comments are open.

#Pretoria #SouthAfrica #WebDesign"
"2026-05-17","Sun","137","Instagram","MYTH","","212","","❌ Myth: ""Just boost the post.""

✅ Truth: Boosting a post that points at a broken site is paying to lose faster.

#SmallBusiness #SmeSouthAfrica #Entrepreneur #MuleSoo #Pretoria #SouthAfrica #AIAutomation #Chatbot"
"2026-05-17","Sun","137","Facebook","MYTH","","162","","❌ Myth: ""We need to be on every platform.""

✅ Truth: You need to be excellent on one. Pick where your buyers already are.

#SouthAfrica #LogoDesign #BrandIdentity"
"2026-05-17","Sun","137","TikTok","MYTH","","186","","Myth: ""Analytics is spying on customers.""

Truth: Knowing which page loses people is not surveillance. It is basic hygiene.

#SmeSouthAfrica #Entrepreneur #MuleSoo #Pretoria #SouthAfrica"
"2026-05-17","Sun","137","X","MYTH","","155","","""SEO is a scam.""

Half the industry, yes. The other half is: fast pages, real content, and telling Google your pages exist.

#SmallBusiness #SmeSouthAfrica"
"2026-05-18","Mon","138","LinkedIn","BEHIND","","145","","A client wanted 14 pages. We shipped 5. Enquiries went up.

Small things, compounded. That is the whole job.

#SouthAfrica #AIAutomation #Chatbot"
"2026-05-18","Mon","138","Instagram","BEHIND","","213","","Behind the scenes 🛠️

Two hours today spent on a single button. It is the button that takes the money.

#SmeSouthAfrica #Entrepreneur #MuleSoo #Pretoria #SouthAfrica #AIAutomation #Chatbot #ArtificialIntelligence"
"2026-05-18","Mon","138","Facebook","BEHIND","","151","","Behind the scenes 🛠️

A ""quick change"" is never quick. An honest estimate is worth more than a fast yes.

#SmallBusiness #SmeSouthAfrica #Entrepreneur"
"2026-05-18","Mon","138","TikTok","BEHIND","","160","","We test every page at 375px before we call it done. That is an iPhone SE. If it works there, it works.

#Entrepreneur #MuleSoo #Pretoria #SouthAfrica #WebDesign"
"2026-05-18","Mon","138","X","BEHIND","","126","","A client asked if we could make the site load faster. We removed the video background. Done.

#Chatbot #ArtificialIntelligence"
"2026-05-19","Tue","139","LinkedIn","PROMO","","252","","Logo & brand identity — from R800.

What you actually get: a brand people remember after one look.

No contracts, no setup fees. If it is not a fit we will say so on the call.

mulesoo.com/services/logo-design

#LogoDesign #BrandIdentity #GraphicDesign"
"2026-05-19","Tue","139","Instagram","PROMO","","238","","Custom web apps — custom ✨

The internal tool your business actually needs.

🔒 No contracts. No setup fees.
mulesoo.com/services/custom-apps

#Entrepreneur #MuleSoo #Pretoria #SouthAfrica #WebDesign #WebDevelopment #NextJS #SmallBusiness"
"2026-05-19","Tue","139","Facebook","PROMO","","201","","Business email — from R400 ✨

An @yourdomain address that stops you looking like a hobby.

🔒 No contracts. No setup fees.
mulesoo.com/services/email-setup

#SmeSouthAfrica #Entrepreneur #SmallBusiness"
"2026-05-19","Tue","139","TikTok","PROMO","","156","","AI chatbots, from R2,500.

a assistant that answers customers at 2am so you can sleep.

Link in bio.

#MuleSoo #Pretoria #SouthAfrica #AIAutomation #Chatbot"
"2026-05-19","Tue","139","X","PROMO","","118","","AI automation — the admin work doing itself.
custom.
mulesoo.com/ai-automation

#ArtificialIntelligence #SmallBusiness"
"2026-05-20","Wed","140","LinkedIn","HUMAN","","183","","We named the company MuleSoo because it carries heavy things without complaining. Mostly.

(It is Friday. Normal service resumes Monday.)

#SmeSouthAfrica #Entrepreneur #SmallBusiness"
"2026-05-20","Wed","140","Instagram","HUMAN","","156","","Testing on your own phone is not testing. It is optimism.

#MuleSoo #Pretoria #SouthAfrica #WebDesign #WebDevelopment #NextJS #SmallBusiness #SmeSouthAfrica"
"2026-05-20","Wed","140","Facebook","HUMAN","","146","","Ninety percent of ""the site is down"" is the wifi. The other ten percent keeps us employed.

#ArtificialIntelligence #SmallBusiness #SmeSouthAfrica"
"2026-05-20","Wed","140","TikTok","HUMAN","","137","","We measure success in fewer WhatsApp messages at 11pm. Yours, not ours.

#Pretoria #SouthAfrica #LogoDesign #BrandIdentity #GraphicDesign"
"2026-05-20","Wed","140","X","HUMAN","","122","","Somewhere out there a business is losing a client right now because their email is @gmail.

#SmallBusiness #SmeSouthAfrica"
"2026-05-21","Thu","141","LinkedIn","PROBLEM","","305","","Your staff share one login.

That is not a system. That is a liability.

We see this weekly with South African businesses. It is almost never a budget problem — it is a ""nobody told me this was costing me money"" problem.

If that sounded familiar: mulesoo.com

#Entrepreneur #SmallBusiness #SmeSouthAfrica"
"2026-05-21","Thu","141","Instagram","PROBLEM","","251","","Your website has no phone number above the fold 👀

People do not scroll to find you. They scroll to leave.

We fix exactly this. DM us

#Pretoria #SouthAfrica #AIAutomation #Chatbot #ArtificialIntelligence #SmallBusiness #SmeSouthAfrica #Entrepreneur"
"2026-05-21","Thu","141","Facebook","PROBLEM","","157","","Your PDFs are 40MB 👀

Nobody on mobile data is opening that. Not once.

We fix exactly this. wa.me/27688529333

#SmallBusiness #SmeSouthAfrica #Entrepreneur"
"2026-05-21","Thu","141","TikTok","PROBLEM","","208","","Your appointment reminders are manual.

That is why people no-show. Not because they forgot you. Because nothing reminded them.

Fix it → mulesoo.com

#SouthAfrica #SmallBusiness #SmeSouthAfrica #Entrepreneur"
"2026-05-21","Thu","141","X","PROBLEM","","99","","Your booking system is a notebook.

One lost page is one lost month.

#SmeSouthAfrica #Entrepreneur"
"2026-05-22","Fri","142","LinkedIn","EDUCATE","","262","","A QR code with no tracking is a leaflet.

If you cannot count the scans, you cannot tell if it worked.

Most of our work is not clever. It is doing the obvious thing properly, and doing it first.

What would you add?

#SmallBusiness #SmeSouthAfrica #Entrepreneur"
"2026-05-22","Fri","142","Instagram","EDUCATE","","237","","💡 The fold is a myth, the first sentence is not

People scroll. They do not read badly-written openings.

Save this for later.

#SouthAfrica #LogoDesign #BrandIdentity #GraphicDesign #SmallBusiness #SmeSouthAfrica #Entrepreneur #MuleSoo"
"2026-05-22","Fri","142","Facebook","EDUCATE","","167","","💡 One testimonial with a real name beats ten anonymous ones

Specificity is the whole currency of trust.

Save this for later.

#SmeSouthAfrica #Entrepreneur #MuleSoo"
"2026-05-22","Fri","142","TikTok","EDUCATE","","210","","A slow site is a tax you pay every day.

Every extra second of load time costs roughly 7% of conversions. On R100k of sales that is R7,000 a second.

Save this one.

#SmallBusiness #SmeSouthAfrica #Entrepreneur"
"2026-05-22","Fri","142","X","EDUCATE","","141","","A chatbot is not a robot receptionist.

It is a filter. It catches the easy 70% so a human handles the 30% that pays.

#Entrepreneur #MuleSoo"
"2026-05-23","Sat","143","LinkedIn","PROOF","YES","304","","Six months on, is it still working?

[REAL RESULT: a follow-up result from an older client — these are the most credible posts you will ever publish]

What we built: ai automation — the admin work doing itself.

Happy to walk anyone through how it works. No pitch.

#SmeSouthAfrica #Entrepreneur #MuleSoo"
"2026-05-23","Sat","143","Instagram","PROOF","YES","272","","The problem they came to us with:

[REAL RESULT: their words describing the pain, then what it looks like now]

QR codes: a branded code that tells you who scanned it and when.

mulesoo.com/services/qr-codes

#SmallBusiness #SmeSouthAfrica #Entrepreneur #MuleSoo #Pretoria"
"2026-05-23","Sat","143","Facebook","PROOF","YES","222","","Here is the whole build, honestly:

[REAL RESULT: what went well, what did not, what you would do differently]

Website design: a site that turns visitors into paying clients.

mulesoo.com

#Entrepreneur #MuleSoo #Pretoria"
"2026-05-23","Sat","143","TikTok","PROOF","YES","206","","A client said this last week:

[REAL RESULT: a verbatim quote, with their name and business, used with permission]

mulesoo.com

#Chatbot #ArtificialIntelligence #SmallBusiness #SmeSouthAfrica #Entrepreneur"
"2026-05-23","Sat","143","X","PROOF","YES","116","","They almost did not call us.

[REAL RESULT: the objection they had, and what changed their mind]

#MuleSoo #Pretoria"
"2026-05-24","Sun","144","LinkedIn","MYTH","","197","","A myth I hear constantly: ""Our customers are not online.""

They are on WhatsApp right now. That is online.

Disagree? Genuinely interested — the comments are open.

#Entrepreneur #MuleSoo #Pretoria"
"2026-05-24","Sun","144","Instagram","MYTH","","168","","❌ Myth: ""Nobody scans QR codes.""

✅ Truth: Every restaurant menu in the country disagrees.

#SmeSouthAfrica #Entrepreneur #SmallBusiness #MuleSoo #Pretoria #SouthAfrica"
"2026-05-24","Sun","144","Facebook","MYTH","","146","","❌ Myth: ""Cheap now, redo it later.""

✅ Truth: Later costs the original price plus the rebuild plus the lost year.

#MuleSoo #Pretoria #SouthAfrica"
"2026-05-24","Sun","144","TikTok","MYTH","","191","","Myth: ""Nobody in South Africa buys online.""

Truth: Your customers are already buying online. Just not from you.

#ArtificialIntelligence #SmallBusiness #SmeSouthAfrica #Entrepreneur #MuleSoo"
"2026-05-24","Sun","144","X","MYTH","","118","","""Just boost the post.""

Boosting a post that points at a broken site is paying to lose faster.

#Pretoria #SouthAfrica"
"2026-05-25","Mon","145","LinkedIn","BEHIND","","163","","Every project starts with the same question: what is the one thing this must do?

Small things, compounded. That is the whole job.

#MuleSoo #Pretoria #SouthAfrica"
"2026-05-25","Mon","145","Instagram","BEHIND","","210","","Behind the scenes 🛠️

The best compliment we get: ""it just works."" That took the whole month.

#ArtificialIntelligence #SmallBusiness #SmeSouthAfrica #Entrepreneur #MuleSoo #Pretoria #SouthAfrica #AIAutomation"
"2026-05-25","Mon","145","Facebook","BEHIND","","212","","Behind the scenes 🛠️

Today: rebuilt a business card because the fonts were never actually loading. Everything printed was in the wrong typeface and nobody noticed for months.

#Pretoria #SouthAfrica #LogoDesign"
"2026-05-25","Mon","145","TikTok","BEHIND","","183","","Our booking system sends the deposit invoice, the confirmation PDF, and the WhatsApp alert. Nobody touches a keyboard.

#SmallBusiness #SmeSouthAfrica #Entrepreneur #MuleSoo #Pretoria"
"2026-05-25","Mon","145","X","BEHIND","","131","","The QR codes we make track scans. So you know if the flyer worked, or if the flyer was a bin ornament.

#SouthAfrica #SmallBusiness"
"2026-05-26","Tue","146","LinkedIn","PROMO","","255","","AI chatbots — from R2,500.

What you actually get: a assistant that answers customers at 2am so you can sleep.

No contracts, no setup fees. If it is not a fit we will say so on the call.

mulesoo.com/services/chatbot

#Pretoria #SouthAfrica #AIAutomation"
"2026-05-26","Tue","146","Instagram","PROMO","","214","","AI automation — custom ✨

The admin work doing itself.

🔒 No contracts. No setup fees.
mulesoo.com/ai-automation

#SmallBusiness #SmeSouthAfrica #Entrepreneur #MuleSoo #Pretoria #SouthAfrica #AIAutomation #Chatbot"
"2026-05-26","Tue","146","Facebook","PROMO","","186","","QR codes — from R300 ✨

A branded code that tells you who scanned it and when.

🔒 No contracts. No setup fees.
mulesoo.com/services/qr-codes

#SouthAfrica #SmallBusiness #SmeSouthAfrica"
"2026-05-26","Tue","146","TikTok","PROMO","","154","","Website design, from R3,500.

a site that turns visitors into paying clients.

Link in bio.

#SmeSouthAfrica #Entrepreneur #MuleSoo #Pretoria #SouthAfrica"
"2026-05-26","Tue","146","X","PROMO","","137","","Auto Pilot systems — bookings, payments and reminders running without you.
custom.
mulesoo.com/services/autopilot

#AIAutomation #Chatbot"
"2026-05-27","Wed","147","LinkedIn","HUMAN","","171","","We do not do rush jobs. We do ordinary jobs, on time, which turns out to be rarer.

(It is Friday. Normal service resumes Monday.)

#SouthAfrica #LogoDesign #BrandIdentity"
"2026-05-27","Wed","147","Instagram","HUMAN","","180","","Client: ""Can you make the logo bigger?"" Us: ""Yes."" Client: ""Bigger."" Us: ""...Yes.""

#SmeSouthAfrica #Entrepreneur #MuleSoo #Pretoria #SouthAfrica #WebDesign #WebDevelopment #NextJS"
"2026-05-27","Wed","147","Facebook","HUMAN","","152","","""I want it like Apple's site but with more stuff on it"" is a sentence that contains its own contradiction.

#SmallBusiness #SmeSouthAfrica #Entrepreneur"
"2026-05-27","Wed","147","TikTok","HUMAN","","140","","""Just a small change"" has never once, in recorded history, been a small change.

#Entrepreneur #MuleSoo #Pretoria #SouthAfrica #AIAutomation"
"2026-05-27","Wed","147","X","HUMAN","","112","","""Can you make it look more premium"" — sir, that is a budget, not an adjective.

#Chatbot #ArtificialIntelligence"
"2026-05-28","Thu","148","LinkedIn","PROBLEM","","354","","Your team shares files over WhatsApp.

Somewhere in that chat is the only copy of something important.

We see this weekly with South African businesses. It is almost never a budget problem — it is a ""nobody told me this was costing me money"" problem.

If that sounded familiar: mulesoo.com/services/qr-codes

#SmallBusiness #SmeSouthAfrica #Entrepreneur"
"2026-05-28","Thu","148","Instagram","PROBLEM","","243","","You have three different phone numbers online 👀

Google does not know which is real, so it trusts none of them.

We fix exactly this. mulesoo.com

#Entrepreneur #MuleSoo #Pretoria #SouthAfrica #WebDesign #WebDevelopment #NextJS #SmallBusiness"
"2026-05-28","Thu","148","Facebook","PROBLEM","","211","","You answer the same WhatsApp question 30 times a week 👀

That is not customer service. That is a chatbot that has not been built yet.

We fix exactly this. DM us

#Chatbot #ArtificialIntelligence #SmallBusiness"
"2026-05-28","Thu","148","TikTok","PROBLEM","","184","","Your site looks great on your laptop.

Nine of ten of your customers are on a phone. Have you checked?

Fix it → mulesoo.com

#MuleSoo #Pretoria #SouthAfrica #LogoDesign #BrandIdentity"
"2026-05-28","Thu","148","X","PROBLEM","","106","","You have no idea where clients come from.

So you cannot spend more on what works.

#NextJS #SmallBusiness"
"2026-05-29","Fri","149","LinkedIn","EDUCATE","","240","","Your 404 page is a sales page.

Someone is lost and still interested. Help them.

Most of our work is not clever. It is doing the obvious thing properly, and doing it first.

What would you add?

#SmeSouthAfrica #Entrepreneur #SmallBusiness"
"2026-05-29","Fri","149","Instagram","EDUCATE","","241","","💡 Back up before you launch, not after

The worst day to learn your backup strategy is the day you need it.

Save this for later.

#MuleSoo #Pretoria #SouthAfrica #AIAutomation #Chatbot #ArtificialIntelligence #SmallBusiness #SmeSouthAfrica"
"2026-05-29","Fri","149","Facebook","EDUCATE","","179","","💡 Buy the domain before the logo

Names change. Get the .com or .co.za first, then design around it.

Save this for later.

#ArtificialIntelligence #SmallBusiness #SmeSouthAfrica"
"2026-05-29","Fri","149","TikTok","EDUCATE","","189","","One clear call to action beats five.

Every extra button is a decision, and every decision loses people.

Save this one.

#Pretoria #SouthAfrica #SmallBusiness #SmeSouthAfrica #Entrepreneur"
"2026-05-29","Fri","149","X","EDUCATE","","157","","Automate the boring, not the human.

Nobody wants an AI to write their condolence note. Everyone wants one to chase invoices.

#SmallBusiness #SmeSouthAfrica"
"2026-05-30","Sat","150","LinkedIn","PROOF","YES","311","","This used to take four hours a week.

[REAL RESULT: the manual task you automated, and the hours it now takes]

What we built: auto pilot systems — bookings, payments and reminders running without you.

Happy to walk anyone through how it works. No pitch.

#ArtificialIntelligence #SmallBusiness #SmeSouthAfrica"
"2026-05-30","Sat","150","Instagram","PROOF","YES","343","","Six months on, is it still working?

[REAL RESULT: a follow-up result from an older client — these are the most credible posts you will ever publish]

Logo & brand identity: a brand people remember after one look.

wa.me/27688529333

#Pretoria #SouthAfrica #LogoDesign #BrandIdentity #GraphicDesign #SmallBusiness #SmeSouthAfrica #Entrepreneur"
"2026-05-30","Sat","150","Facebook","PROOF","YES","256","","The problem they came to us with:

[REAL RESULT: their words describing the pain, then what it looks like now]

Custom web apps: the internal tool your business actually needs.

mulesoo.com/services/custom-apps

#SmallBusiness #SmeSouthAfrica #Entrepreneur"
"2026-05-30","Sat","150","TikTok","PROOF","YES","182","","Here is the whole build, honestly:

[REAL RESULT: what went well, what did not, what you would do differently]

mulesoo.com

#SouthAfrica #SmallBusiness #SmeSouthAfrica #Entrepreneur"
"2026-05-30","Sat","150","X","PROOF","YES","145","","A client said this last week:

[REAL RESULT: a verbatim quote, with their name and business, used with permission]

#SmeSouthAfrica #Entrepreneur"
"2026-05-31","Sun","151","LinkedIn","MYTH","","249","","A myth I hear constantly: ""We will launch when it is perfect.""

You will launch when a competitor forces you to, and it still will not be perfect.

Disagree? Genuinely interested — the comments are open.

#SmallBusiness #SmeSouthAfrica #Entrepreneur"
"2026-05-31","Sun","151","Instagram","MYTH","","194","","❌ Myth: ""AI will replace my staff.""

✅ Truth: It will replace the parts of their day they hate. That is different, and better.

#SouthAfrica #SmallBusiness #SmeSouthAfrica #Entrepreneur #MuleSoo"
"2026-05-31","Sun","151","Facebook","MYTH","","128","","❌ Myth: ""Design is subjective.""

✅ Truth: Taste is subjective. Conversion is measurable.

#SmeSouthAfrica #Entrepreneur #MuleSoo"
"2026-05-31","Sun","151","TikTok","MYTH","","172","","Myth: ""Our customers are not online.""

Truth: They are on WhatsApp right now. That is online.

#AIAutomation #Chatbot #ArtificialIntelligence #SmallBusiness #SmeSouthAfrica"
"2026-05-31","Sun","151","X","MYTH","","97","","""Nobody scans QR codes.""

Every restaurant menu in the country disagrees.

#Entrepreneur #MuleSoo"
"2026-06-01","Mon","152","LinkedIn","BEHIND","","195","","Every MuleSoo build ships with the source code. You own it. If you fire us tomorrow, you keep everything.

Small things, compounded. That is the whole job.

#SmeSouthAfrica #Entrepreneur #MuleSoo"
"2026-06-01","Mon","152","Instagram","BEHIND","","186","","Behind the scenes 🛠️

We do not use website builders. Next.js, Tailwind, Supabase. The same stack Vercel and Linear run.

#SmallBusiness #SmeSouthAfrica #Entrepreneur #MuleSoo #Pretoria"
"2026-06-01","Mon","152","Facebook","BEHIND","","196","","Behind the scenes 🛠️

We keep a checklist of things that quietly break: contact forms, SSL renewals, sitemap submissions. Most agencies do not check any of them.

#Entrepreneur #MuleSoo #Pretoria"
"2026-06-01","Mon","152","TikTok","BEHIND","","154","","Nobody asks about the database schema. Everybody feels it when it is wrong.

#Chatbot #ArtificialIntelligence #SmallBusiness #SmeSouthAfrica #Entrepreneur"
"2026-06-01","Mon","152","X","BEHIND","","108","","Our own admin panel logs every action. If we break something, we can prove when and how.

#MuleSoo #Pretoria"
"2026-06-02","Tue","153","LinkedIn","PROMO","","249","","Website design — from R3,500.

What you actually get: a site that turns visitors into paying clients.

No contracts, no setup fees. If it is not a fit we will say so on the call.

mulesoo.com/services/website-design

#Entrepreneur #MuleSoo #Pretoria"
"2026-06-02","Tue","153","Instagram","PROMO","","259","","Auto Pilot systems — custom ✨

Bookings, payments and reminders running without you.

🔒 No contracts. No setup fees.
mulesoo.com/services/autopilot

#Chatbot #ArtificialIntelligence #SmallBusiness #SmeSouthAfrica #Entrepreneur #MuleSoo #Pretoria #SouthAfrica"
"2026-06-02","Tue","153","Facebook","PROMO","","175","","Logo & brand identity — from R800 ✨

A brand people remember after one look.

🔒 No contracts. No setup fees.
mulesoo.com/services/logo-design

#MuleSoo #Pretoria #SouthAfrica"
"2026-06-02","Tue","153","TikTok","PROMO","","150","","Custom web apps, custom.

the internal tool your business actually needs.

Link in bio.

#NextJS #SmallBusiness #SmeSouthAfrica #Entrepreneur #MuleSoo"
"2026-06-02","Tue","153","X","PROMO","","144","","Business email — an @yourdomain address that stops you looking like a hobby.
from R400.
mulesoo.com/services/email-setup

#Pretoria #SouthAfrica"
"2026-06-03","Wed","154","LinkedIn","HUMAN","","172","","The two hardest problems in tech: naming things, cache invalidation, and off-by-one errors.

(It is Friday. Normal service resumes Monday.)

#MuleSoo #Pretoria #SouthAfrica"
"2026-06-03","Wed","154","Instagram","HUMAN","","189","","You do not need a metaverse strategy. You need your contact form to work.

#ArtificialIntelligence #SmallBusiness #SmeSouthAfrica #Entrepreneur #MuleSoo #Pretoria #SouthAfrica #AIAutomation"
"2026-06-03","Wed","154","Facebook","HUMAN","","114","","Every logo revision request arrives at 11:47pm. We have stopped asking why.

#Pretoria #SouthAfrica #SmallBusiness"
"2026-06-03","Wed","154","TikTok","HUMAN","","148","","The client always knows what they do not want. Our job is to find out what they do.

#SmallBusiness #SmeSouthAfrica #Entrepreneur #MuleSoo #Pretoria"
"2026-06-03","Wed","154","X","HUMAN","","127","","If your password is your business name and the year, we need to talk before we talk about websites.

#SouthAfrica #AIAutomation"
"2026-06-04","Thu","155","LinkedIn","PROBLEM","","313","","You track nothing.

So every marketing decision you make is a guess wearing a suit.

We see this weekly with South African businesses. It is almost never a budget problem — it is a ""nobody told me this was costing me money"" problem.

If that sounded familiar: wa.me/27688529333

#Pretoria #SouthAfrica #LogoDesign"
"2026-06-04","Thu","155","Instagram","PROBLEM","","261","","Your logo was made in Word 👀

It shows at 300dpi. It shows on a banner. It shows on a business card.

We fix exactly this. mulesoo.com/services/custom-apps

#SmallBusiness #SmeSouthAfrica #Entrepreneur #MuleSoo #Pretoria #SouthAfrica #WebDesign #WebDevelopment"
"2026-06-04","Thu","155","Facebook","PROBLEM","","181","","Nobody finds you on Google 👀

Not because you are small. Because nobody told Google your pages exist.

We fix exactly this. mulesoo.com

#SouthAfrica #SmallBusiness #SmeSouthAfrica"
"2026-06-04","Thu","155","TikTok","PROBLEM","","158","","Your prices are not on your site.

So people assume expensive, and leave.

Fix it → mulesoo.com

#SmeSouthAfrica #Entrepreneur #MuleSoo #Pretoria #SouthAfrica"
"2026-06-04","Thu","155","X","PROBLEM","","127","","Your online store has no trust signals.

No reviews, no returns policy, no real address. Would you buy?

#AIAutomation #Chatbot"
"2026-06-05","Fri","156","LinkedIn","EDUCATE","","276","","Load shedding is a design constraint.

Build for offline-first and intermittent connections. It is not optional here.

Most of our work is not clever. It is doing the obvious thing properly, and doing it first.

What would you add?

#SouthAfrica #SmallBusiness #SmeSouthAfrica"
"2026-06-05","Fri","156","Instagram","EDUCATE","","216","","💡 Your best salesperson is a FAQ page

It answers the objection you are too polite to bring up.

Save this for later.

#SmeSouthAfrica #Entrepreneur #MuleSoo #Pretoria #SouthAfrica #WebDesign #WebDevelopment #NextJS"
"2026-06-05","Fri","156","Facebook","EDUCATE","","190","","💡 Own your source code

If your developer disappears and your site does too, you did not buy a website. You rented one.

Save this for later.

#AIAutomation #Chatbot #ArtificialIntelligence"
"2026-06-05","Fri","156","TikTok","EDUCATE","","172","","Do not build the app first.

Build the landing page. If nobody clicks, you just saved six months.

Save this one.

#Entrepreneur #MuleSoo #Pretoria #SouthAfrica #LogoDesign"
"2026-06-05","Fri","156","X","EDUCATE","","117","","Compress your images before you blame your host.

A 4MB hero image is not a hosting problem.

#WebDevelopment #NextJS"
"2026-06-06","Sat","157","LinkedIn","PROOF","YES","299","","Before and after 👇

[REAL RESULT: the one number that changed — load time, bookings, no-shows, enquiries]

What we built: business email — an @yourdomain address that stops you looking like a hobby.

Happy to walk anyone through how it works. No pitch.

#SmallBusiness #SmeSouthAfrica #Entrepreneur"
"2026-06-06","Sat","157","Instagram","PROOF","YES","300","","This used to take four hours a week.

[REAL RESULT: the manual task you automated, and the hours it now takes]

AI chatbots: a assistant that answers customers at 2am so you can sleep.

DM us

#Entrepreneur #MuleSoo #Pretoria #SouthAfrica #AIAutomation #Chatbot #ArtificialIntelligence #SmallBusiness"
"2026-06-06","Sat","157","Facebook","PROOF","YES","262","","Six months on, is it still working?

[REAL RESULT: a follow-up result from an older client — these are the most credible posts you will ever publish]

AI automation: the admin work doing itself.

wa.me/27688529333

#Chatbot #ArtificialIntelligence #SmallBusiness"
"2026-06-06","Sat","157","TikTok","PROOF","YES","187","","The problem they came to us with:

[REAL RESULT: their words describing the pain, then what it looks like now]

mulesoo.com

#MuleSoo #Pretoria #SouthAfrica #SmallBusiness #SmeSouthAfrica"
"2026-06-06","Sat","157","X","PROOF","YES","134","","Here is the whole build, honestly:

[REAL RESULT: what went well, what did not, what you would do differently]

#NextJS #SmallBusiness"
"2026-06-07","Sun","158","LinkedIn","MYTH","","246","","A myth I hear constantly: ""We are too small for automation.""

Small is exactly when your time is most expensive, because it is all you have.

Disagree? Genuinely interested — the comments are open.

#Chatbot #ArtificialIntelligence #SmallBusiness"
"2026-06-07","Sun","158","Instagram","MYTH","","236","","❌ Myth: ""We do not need a logo, we need sales.""

✅ Truth: The logo is not the point. Being memorable at the moment of decision is.

#MuleSoo #Pretoria #SouthAfrica #LogoDesign #BrandIdentity #GraphicDesign #SmallBusiness #SmeSouthAfrica"
"2026-06-07","Sun","158","Facebook","MYTH","","142","","❌ Myth: ""More pages means better SEO.""

✅ Truth: Two hundred thin pages rank worse than ten good ones.

#NextJS #SmallBusiness #SmeSouthAfrica"
"2026-06-07","Sun","158","TikTok","MYTH","","202","","Myth: ""We will launch when it is perfect.""

Truth: You will launch when a competitor forces you to, and it still will not be perfect.

#Pretoria #SouthAfrica #SmallBusiness #SmeSouthAfrica #Entrepreneur"
"2026-06-07","Sun","158","X","MYTH","","141","","""AI will replace my staff.""

It will replace the parts of their day they hate. That is different, and better.

#SmallBusiness #SmeSouthAfrica"
"2026-06-08","Mon","159","LinkedIn","BEHIND","","176","","Half of what we do is talking people out of features they do not need.

Small things, compounded. That is the whole job.

#ArtificialIntelligence #SmallBusiness #SmeSouthAfrica"
"2026-06-08","Mon","159","Instagram","BEHIND","","191","","Behind the scenes 🛠️

Wrote the copy before the design today. It is always the right order and we always want to skip it.

#Pretoria #SouthAfrica #SmallBusiness #SmeSouthAfrica #Entrepreneur"
"2026-06-08","Mon","159","Facebook","BEHIND","","158","","Behind the scenes 🛠️

We write the refund terms before the invoice. Awkward conversations are cheaper up front.

#SmallBusiness #SmeSouthAfrica #Entrepreneur"
"2026-06-08","Mon","159","TikTok","BEHIND","","149","","Shipped a fix at 6am so nobody would notice the downtime. Nobody noticed.

#SouthAfrica #AIAutomation #Chatbot #ArtificialIntelligence #SmallBusiness"
"2026-06-08","Mon","159","X","BEHIND","","107","","The chatbot on our own site is the same one we sell. We eat our own cooking.

#SmeSouthAfrica #Entrepreneur"
"2026-06-09","Tue","160","LinkedIn","PROMO","","254","","Custom web apps — custom.

What you actually get: the internal tool your business actually needs.

No contracts, no setup fees. If it is not a fit we will say so on the call.

mulesoo.com/services/custom-apps

#SmallBusiness #SmeSouthAfrica #Entrepreneur"
"2026-06-09","Tue","160","Instagram","PROMO","","223","","Business email — from R400 ✨

An @yourdomain address that stops you looking like a hobby.

🔒 No contracts. No setup fees.
mulesoo.com/services/email-setup

#SouthAfrica #SmallBusiness #SmeSouthAfrica #Entrepreneur #MuleSoo"
"2026-06-09","Tue","160","Facebook","PROMO","","190","","AI chatbots — from R2,500 ✨

A assistant that answers customers at 2am so you can sleep.

🔒 No contracts. No setup fees.
mulesoo.com/services/chatbot

#SmeSouthAfrica #Entrepreneur #MuleSoo"
"2026-06-09","Tue","160","TikTok","PROMO","","145","","AI automation, custom.

the admin work doing itself.

Link in bio.

#AIAutomation #Chatbot #ArtificialIntelligence #SmallBusiness #SmeSouthAfrica"
"2026-06-09","Tue","160","X","PROMO","","130","","QR codes — a branded code that tells you who scanned it and when.
from R300.
mulesoo.com/services/qr-codes

#Entrepreneur #MuleSoo"
"2026-06-10","Wed","161","LinkedIn","HUMAN","","157","","Our chatbot is more polite than we are before 8am. That is by design.

(It is Friday. Normal service resumes Monday.)

#SmeSouthAfrica #Entrepreneur #MuleSoo"
"2026-06-10","Wed","161","Instagram","HUMAN","","160","","Coffee is a build dependency. It is in the docs.

#AIAutomation #Chatbot #ArtificialIntelligence #SmallBusiness #SmeSouthAfrica #Entrepreneur #MuleSoo #Pretoria"
"2026-06-10","Wed","161","Facebook","HUMAN","","112","","A designer, a developer and a client walk into a meeting. The scope walks out.

#Entrepreneur #MuleSoo #Pretoria"
"2026-06-10","Wed","161","TikTok","HUMAN","","166","","Reminder that ""make it pop"" is not a design brief, but we will figure out what you meant anyway.

#WebDevelopment #NextJS #SmallBusiness #SmeSouthAfrica #Entrepreneur"
"2026-06-10","Wed","161","X","HUMAN","","111","","Building in Pretoria, shipping to the continent. Load shedding is just a deployment window.

#MuleSoo #Pretoria"
"2026-06-11","Thu","162","LinkedIn","PROBLEM","","289","","You lose leads at 7pm.

Your competitors do not. Their chatbot picked up.

We see this weekly with South African businesses. It is almost never a budget problem — it is a ""nobody told me this was costing me money"" problem.

If that sounded familiar: DM us

#Entrepreneur #MuleSoo #Pretoria"
"2026-06-11","Thu","162","Instagram","PROBLEM","","224","","Your staff share one login 👀

That is not a system. That is a liability.

We fix exactly this. wa.me/27688529333

#Chatbot #ArtificialIntelligence #SmallBusiness #SmeSouthAfrica #Entrepreneur #MuleSoo #Pretoria #SouthAfrica"
"2026-06-11","Thu","162","Facebook","PROBLEM","","192","","Your website has no phone number above the fold 👀

People do not scroll to find you. They scroll to leave.

We fix exactly this. mulesoo.com/services/qr-codes

#MuleSoo #Pretoria #SouthAfrica"
"2026-06-11","Thu","162","TikTok","PROBLEM","","154","","Your PDFs are 40MB.

Nobody on mobile data is opening that. Not once.

Fix it → mulesoo.com

#NextJS #SmallBusiness #SmeSouthAfrica #Entrepreneur #MuleSoo"
"2026-06-11","Thu","162","X","PROBLEM","","151","","Your appointment reminders are manual.

That is why people no-show. Not because they forgot you. Because nothing reminded them.

#Pretoria #SouthAfrica"
"2026-06-12","Fri","163","LinkedIn","EDUCATE","","259","","Mobile-first is not a style. It is arithmetic.

Most South African traffic is mobile. Design there and scale up.

Most of our work is not clever. It is doing the obvious thing properly, and doing it first.

What would you add?

#MuleSoo #Pretoria #SouthAfrica"
"2026-06-12","Fri","163","Instagram","EDUCATE","","223","","💡 A QR code with no tracking is a leaflet

If you cannot count the scans, you cannot tell if it worked.

Save this for later.

#NextJS #SmallBusiness #SmeSouthAfrica #Entrepreneur #MuleSoo #Pretoria #SouthAfrica #WebDesign"
"2026-06-12","Fri","163","Facebook","EDUCATE","","166","","💡 The fold is a myth, the first sentence is not

People scroll. They do not read badly-written openings.

Save this for later.

#Pretoria #SouthAfrica #SmallBusiness"
"2026-06-12","Fri","163","TikTok","EDUCATE","","184","","One testimonial with a real name beats ten anonymous ones.

Specificity is the whole currency of trust.

Save this one.

#SmallBusiness #SmeSouthAfrica #Entrepreneur #MuleSoo #Pretoria"
"2026-06-12","Fri","163","X","EDUCATE","","176","","A slow site is a tax you pay every day.

Every extra second of load time costs roughly 7% of conversions. On R100k of sales that is R7,000 a second.

#SouthAfrica #AIAutomation"
"2026-06-13","Sat","164","LinkedIn","PROOF","YES","255","","Small change. Big number.

[REAL RESULT: the single fix and its measured effect]

What we built: qr codes — a branded code that tells you who scanned it and when.

Happy to walk anyone through how it works. No pitch.

#Pretoria #SouthAfrica #SmallBusiness"
"2026-06-13","Sat","164","Instagram","PROOF","YES","289","","Before and after 👇

[REAL RESULT: the one number that changed — load time, bookings, no-shows, enquiries]

Website design: a site that turns visitors into paying clients.

mulesoo.com

#SmallBusiness #SmeSouthAfrica #Entrepreneur #MuleSoo #Pretoria #SouthAfrica #WebDesign #WebDevelopment"
"2026-06-13","Sat","164","Facebook","PROOF","YES","229","","This used to take four hours a week.

[REAL RESULT: the manual task you automated, and the hours it now takes]

Auto Pilot systems: bookings, payments and reminders running without you.

DM us

#SouthAfrica #AIAutomation #Chatbot"
"2026-06-13","Sat","164","TikTok","PROOF","YES","225","","Six months on, is it still working?

[REAL RESULT: a follow-up result from an older client — these are the most credible posts you will ever publish]

mulesoo.com

#SmeSouthAfrica #Entrepreneur #MuleSoo #Pretoria #SouthAfrica"
"2026-06-13","Sat","164","X","PROOF","YES","138","","The problem they came to us with:

[REAL RESULT: their words describing the pain, then what it looks like now]

#WebDesign #WebDevelopment"
"2026-06-14","Sun","165","LinkedIn","MYTH","","250","","A myth I hear constantly: ""We will fix the website after we get customers.""

The website is how you get the customers. You have the order backwards.

Disagree? Genuinely interested — the comments are open.

#SouthAfrica #SmallBusiness #SmeSouthAfrica"
"2026-06-14","Sun","165","Instagram","MYTH","","216","","❌ Myth: ""Dark mode is a feature.""

✅ Truth: It is a preference. Your broken checkout is a feature request.

#SmeSouthAfrica #Entrepreneur #MuleSoo #Pretoria #SouthAfrica #AIAutomation #Chatbot #ArtificialIntelligence"
"2026-06-14","Sun","165","Facebook","MYTH","","194","","❌ Myth: ""Our industry is different.""

✅ Truth: Your industry has a booking form, an invoice, and a customer who wants an answer. Same as everyone.

#AIAutomation #Chatbot #ArtificialIntelligence"
"2026-06-14","Sun","165","TikTok","MYTH","","189","","Myth: ""We are too small for automation.""

Truth: Small is exactly when your time is most expensive, because it is all you have.

#Entrepreneur #MuleSoo #Pretoria #SouthAfrica #SmallBusiness"
"2026-06-14","Sun","165","X","MYTH","","138","","""We do not need a logo, we need sales.""

The logo is not the point. Being memorable at the moment of decision is.

#WebDevelopment #NextJS"
"2026-06-15","Mon","166","LinkedIn","BEHIND","","179","","Reviewed our own site on a 3G connection this week. Humbling. Fixed three things.

Small things, compounded. That is the whole job.

#AIAutomation #Chatbot #ArtificialIntelligence"
"2026-06-15","Mon","166","Instagram","BEHIND","","200","","Behind the scenes 🛠️

Turned off a client's auto-playing video. Bounce rate dropped by a third.

#Entrepreneur #MuleSoo #Pretoria #SouthAfrica #LogoDesign #BrandIdentity #GraphicDesign #SmallBusiness"
"2026-06-15","Mon","166","Facebook","BEHIND","","189","","Behind the scenes 🛠️

Spent the morning cutting 4MB of unused fonts off a client site. Load time went from 5.1s to 1.3s. No redesign. Just deleting.

#WebDevelopment #NextJS #SmallBusiness"
"2026-06-15","Mon","166","TikTok","BEHIND","","181","","Found a client site telling Google every page was a duplicate of the homepage. 219 pages invisible. One line of code.

#MuleSoo #Pretoria #SouthAfrica #SmallBusiness #SmeSouthAfrica"
"2026-06-15","Mon","166","X","BEHIND","","139","","Deleted 6MB of unused JavaScript from a client build today. The site did not lose a single feature.

#ArtificialIntelligence #SmallBusiness"
"2026-06-16","Tue","167","LinkedIn","PROMO","","229","","AI automation — custom.

What you actually get: the admin work doing itself.

No contracts, no setup fees. If it is not a fit we will say so on the call.

mulesoo.com/ai-automation

#Chatbot #ArtificialIntelligence #SmallBusiness"
"2026-06-16","Tue","167","Instagram","PROMO","","219","","QR codes — from R300 ✨

A branded code that tells you who scanned it and when.

🔒 No contracts. No setup fees.
mulesoo.com/services/qr-codes

#MuleSoo #Pretoria #SouthAfrica #SmallBusiness #SmeSouthAfrica #Entrepreneur"
"2026-06-16","Tue","167","Facebook","PROMO","","188","","Website design — from R3,500 ✨

A site that turns visitors into paying clients.

🔒 No contracts. No setup fees.
mulesoo.com/services/website-design

#NextJS #SmallBusiness #SmeSouthAfrica"
"2026-06-16","Tue","167","TikTok","PROMO","","167","","Auto Pilot systems, custom.

bookings, payments and reminders running without you.

Link in bio.

#Pretoria #SouthAfrica #AIAutomation #Chatbot #ArtificialIntelligence"
"2026-06-16","Tue","167","X","PROMO","","139","","Logo & brand identity — a brand people remember after one look.
from R800.
mulesoo.com/services/logo-design

#SmallBusiness #SmeSouthAfrica"
"2026-06-17","Wed","168","LinkedIn","HUMAN","","170","","Somebody somewhere is still using Comic Sans on an invoice, and honestly, respect.

(It is Friday. Normal service resumes Monday.)

#NextJS #SmallBusiness #SmeSouthAfrica"
"2026-06-17","Wed","168","Instagram","HUMAN","","126","","Pretoria traffic is our staging environment for patience.

#Pretoria #SouthAfrica #SmallBusiness #SmeSouthAfrica #Entrepreneur"
"2026-06-17","Wed","168","Facebook","HUMAN","","130","","Nothing humbles you like opening your own website on someone else's cracked Android.

#SmallBusiness #SmeSouthAfrica #Entrepreneur"
"2026-06-17","Wed","168","TikTok","HUMAN","","160","","Every founder thinks their industry is different. Every industry has a booking form.

#SouthAfrica #AIAutomation #Chatbot #ArtificialIntelligence #SmallBusiness"
"2026-06-17","Wed","168","X","HUMAN","","143","","The website is finished. The website is never finished. Both statements are true and we have made peace with it.

#SmeSouthAfrica #Entrepreneur"
"2026-06-18","Thu","169","LinkedIn","PROBLEM","","333","","Your contact form goes nowhere.

We have checked dozens. About a third are broken and nobody knows.

We see this weekly with South African businesses. It is almost never a budget problem — it is a ""nobody told me this was costing me money"" problem.

If that sounded familiar: mulesoo.com

#SmallBusiness #SmeSouthAfrica #Entrepreneur"
"2026-06-18","Thu","169","Instagram","PROBLEM","","247","","Your team shares files over WhatsApp 👀

Somewhere in that chat is the only copy of something important.

We fix exactly this. DM us

#SouthAfrica #AIAutomation #Chatbot #ArtificialIntelligence #SmallBusiness #SmeSouthAfrica #Entrepreneur #MuleSoo"
"2026-06-18","Thu","169","Facebook","PROBLEM","","192","","You have three different phone numbers online 👀

Google does not know which is real, so it trusts none of them.

We fix exactly this. wa.me/27688529333

#SmeSouthAfrica #Entrepreneur #MuleSoo"
"2026-06-18","Thu","169","TikTok","PROBLEM","","221","","You answer the same WhatsApp question 30 times a week.

That is not customer service. That is a chatbot that has not been built yet.

Fix it → mulesoo.com

#WebDesign #WebDevelopment #NextJS #SmallBusiness #SmeSouthAfrica"
"2026-06-18","Thu","169","X","PROBLEM","","126","","Your site looks great on your laptop.

Nine of ten of your customers are on a phone. Have you checked?

#Entrepreneur #MuleSoo"
"2026-06-19","Fri","170","LinkedIn","EDUCATE","","261","","Your reviews are your SEO.

A Google Business Profile with real reviews outranks a prettier site with none.

Most of our work is not clever. It is doing the obvious thing properly, and doing it first.

What would you add?

#SmeSouthAfrica #Entrepreneur #MuleSoo"
"2026-06-19","Fri","170","Instagram","EDUCATE","","216","","💡 Your 404 page is a sales page

Someone is lost and still interested. Help them.

Save this for later.

#AIAutomation #Chatbot #ArtificialIntelligence #SmallBusiness #SmeSouthAfrica #Entrepreneur #MuleSoo #Pretoria"
"2026-06-19","Fri","170","Facebook","EDUCATE","","164","","💡 Back up before you launch, not after

The worst day to learn your backup strategy is the day you need it.

Save this for later.

#Entrepreneur #MuleSoo #Pretoria"
"2026-06-19","Fri","170","TikTok","EDUCATE","","185","","Buy the domain before the logo.

Names change. Get the .com or .co.za first, then design around it.

Save this one.

#WebDevelopment #NextJS #SmallBusiness #SmeSouthAfrica #Entrepreneur"
"2026-06-19","Fri","170","X","EDUCATE","","124","","One clear call to action beats five.

Every extra button is a decision, and every decision loses people.

#MuleSoo #Pretoria"
"2026-06-20","Sat","171","LinkedIn","PROOF","YES","252","","What we shipped this month:

[REAL RESULT: the actual feature, and what it replaced]

What we built: logo & brand identity — a brand people remember after one look.

Happy to walk anyone through how it works. No pitch.

#Entrepreneur #MuleSoo #Pretoria"
"2026-06-20","Sat","171","Instagram","PROOF","YES","282","","Small change. Big number.

[REAL RESULT: the single fix and its measured effect]

Custom web apps: the internal tool your business actually needs.

mulesoo.com/services/custom-apps

#WebDevelopment #NextJS #SmallBusiness #SmeSouthAfrica #Entrepreneur #MuleSoo #Pretoria #SouthAfrica"
"2026-06-20","Sat","171","Facebook","PROOF","YES","229","","Before and after 👇

[REAL RESULT: the one number that changed — load time, bookings, no-shows, enquiries]

Business email: an @yourdomain address that stops you looking like a hobby.

mulesoo.com

#MuleSoo #Pretoria #SouthAfrica"
"2026-06-20","Sat","171","TikTok","PROOF","YES","202","","This used to take four hours a week.

[REAL RESULT: the manual task you automated, and the hours it now takes]

mulesoo.com

#ArtificialIntelligence #SmallBusiness #SmeSouthAfrica #Entrepreneur #MuleSoo"
"2026-06-20","Sat","171","X","PROOF","YES","173","","Six months on, is it still working?

[REAL RESULT: a follow-up result from an older client — these are the most credible posts you will ever publish]

#Pretoria #SouthAfrica"
"2026-06-21","Sun","172","LinkedIn","MYTH","","203","","A myth I hear constantly: ""AI writes our content now.""

And your readers can tell. Use it to think, not to speak.

Disagree? Genuinely interested — the comments are open.

#MuleSoo #Pretoria #SouthAfrica"
"2026-06-21","Sun","172","Instagram","MYTH","","228","","❌ Myth: ""A good website costs six figures.""

✅ Truth: It does not. It costs clarity about what the site is for. We start at R3,500.

#NextJS #SmallBusiness #SmeSouthAfrica #Entrepreneur #MuleSoo #Pretoria #SouthAfrica #WebDesign"
"2026-06-21","Sun","172","Facebook","MYTH","","143","","❌ Myth: ""I will do the website myself, later.""

✅ Truth: ""Later"" is doing a lot of work in that sentence.

#Pretoria #SouthAfrica #AIAutomation"
"2026-06-21","Sun","172","TikTok","MYTH","","200","","Myth: ""We will fix the website after we get customers.""

Truth: The website is how you get the customers. You have the order backwards.

#SmallBusiness #SmeSouthAfrica #Entrepreneur #MuleSoo #Pretoria"
"2026-06-21","Sun","172","X","MYTH","","114","","""Dark mode is a feature.""

It is a preference. Your broken checkout is a feature request.

#SouthAfrica #WebDesign"
"2026-06-22","Mon","173","LinkedIn","BEHIND","","171","","A ""quick change"" is never quick. An honest estimate is worth more than a fast yes.

Small things, compounded. That is the whole job.

#Pretoria #SouthAfrica #SmallBusiness"
"2026-06-22","Mon","173","Instagram","BEHIND","","226","","Behind the scenes 🛠️

We test every page at 375px before we call it done. That is an iPhone SE. If it works there, it works.

#SmallBusiness #SmeSouthAfrica #Entrepreneur #MuleSoo #Pretoria #SouthAfrica #AIAutomation #Chatbot"
"2026-06-22","Mon","173","Facebook","BEHIND","","152","","Behind the scenes 🛠️

A client asked if we could make the site load faster. We removed the video background. Done.

#SouthAfrica #AIAutomation #Chatbot"
"2026-06-22","Mon","173","TikTok","BEHIND","","121","","A client wanted 14 pages. We shipped 5. Enquiries went up.

#SmeSouthAfrica #Entrepreneur #MuleSoo #Pretoria #SouthAfrica"
"2026-06-22","Mon","173","X","BEHIND","","108","","Two hours today spent on a single button. It is the button that takes the money.

#WebDesign #WebDevelopment"
"2026-06-23","Tue","174","LinkedIn","PROMO","","252","","Auto Pilot systems — custom.

What you actually get: bookings, payments and reminders running without you.

No contracts, no setup fees. If it is not a fit we will say so on the call.

mulesoo.com/services/autopilot

#SouthAfrica #AIAutomation #Chatbot"
"2026-06-23","Tue","174","Instagram","PROMO","","247","","Logo & brand identity — from R800 ✨

A brand people remember after one look.

🔒 No contracts. No setup fees.
mulesoo.com/services/logo-design

#SmeSouthAfrica #Entrepreneur #MuleSoo #Pretoria #SouthAfrica #LogoDesign #BrandIdentity #GraphicDesign"
"2026-06-23","Tue","174","Facebook","PROMO","","177","","Custom web apps — custom ✨

The internal tool your business actually needs.

🔒 No contracts. No setup fees.
mulesoo.com/services/custom-apps

#WebDesign #WebDevelopment #NextJS"
"2026-06-23","Tue","174","TikTok","PROMO","","163","","Business email, from R400.

an @yourdomain address that stops you looking like a hobby.

Link in bio.

#Entrepreneur #MuleSoo #Pretoria #SouthAfrica #SmallBusiness"
"2026-06-23","Tue","174","X","PROMO","","149","","AI chatbots — a assistant that answers customers at 2am so you can sleep.
from R2,500.
mulesoo.com/services/chatbot

#Chatbot #ArtificialIntelligence"
"2026-06-24","Wed","175","LinkedIn","HUMAN","","186","","Ninety percent of ""the site is down"" is the wifi. The other ten percent keeps us employed.

(It is Friday. Normal service resumes Monday.)

#AIAutomation #Chatbot #ArtificialIntelligence"
"2026-06-24","Wed","175","Instagram","HUMAN","","149","","We measure success in fewer WhatsApp messages at 11pm. Yours, not ours.

#Entrepreneur #MuleSoo #Pretoria #SouthAfrica #SmallBusiness #SmeSouthAfrica"
"2026-06-24","Wed","175","Facebook","HUMAN","","130","","Somewhere out there a business is losing a client right now because their email is @gmail.

#WebDevelopment #NextJS #SmallBusiness"
"2026-06-24","Wed","175","TikTok","HUMAN","","145","","We named the company MuleSoo because it carries heavy things without complaining. Mostly.

#MuleSoo #Pretoria #SouthAfrica #AIAutomation #Chatbot"
"2026-06-24","Wed","175","X","HUMAN","","88","","Testing on your own phone is not testing. It is optimism.

#GraphicDesign #SmallBusiness"
"2026-06-25","Thu","176","LinkedIn","PROBLEM","","353","","You post on social media and nothing happens.

Because the link goes to a homepage instead of an answer.

We see this weekly with South African businesses. It is almost never a budget problem — it is a ""nobody told me this was costing me money"" problem.

If that sounded familiar: mulesoo.com/services/custom-apps

#WebDevelopment #NextJS #SmallBusiness"
"2026-06-25","Thu","176","Instagram","PROBLEM","","197","","You track nothing 👀

So every marketing decision you make is a guess wearing a suit.

We fix exactly this. mulesoo.com

#MuleSoo #Pretoria #SouthAfrica #SmallBusiness #SmeSouthAfrica #Entrepreneur"
"2026-06-25","Thu","176","Facebook","PROBLEM","","185","","Your logo was made in Word 👀

It shows at 300dpi. It shows on a banner. It shows on a business card.

We fix exactly this. DM us

#ArtificialIntelligence #SmallBusiness #SmeSouthAfrica"
"2026-06-25","Thu","176","TikTok","PROBLEM","","193","","Nobody finds you on Google.

Not because you are small. Because nobody told Google your pages exist.

Fix it → mulesoo.com

#Pretoria #SouthAfrica #AIAutomation #Chatbot #ArtificialIntelligence"
"2026-06-25","Thu","176","X","PROBLEM","","105","","Your prices are not on your site.

So people assume expensive, and leave.

#SmallBusiness #SmeSouthAfrica"
"2026-06-26","Fri","177","LinkedIn","EDUCATE","","249","","Name your pages like a human searches.

""Website design Pretoria"" beats ""Solutions"" every time.

Most of our work is not clever. It is doing the obvious thing properly, and doing it first.

What would you add?

#NextJS #SmallBusiness #SmeSouthAfrica"
"2026-06-26","Fri","177","Instagram","EDUCATE","","257","","💡 Load shedding is a design constraint

Build for offline-first and intermittent connections. It is not optional here.

Save this for later.

#Pretoria #SouthAfrica #AIAutomation #Chatbot #ArtificialIntelligence #SmallBusiness #SmeSouthAfrica #Entrepreneur"
"2026-06-26","Fri","177","Facebook","EDUCATE","","164","","💡 Your best salesperson is a FAQ page

It answers the objection you are too polite to bring up.

Save this for later.

#SmallBusiness #SmeSouthAfrica #Entrepreneur"
"2026-06-26","Fri","177","TikTok","EDUCATE","","198","","Own your source code.

If your developer disappears and your site does too, you did not buy a website. You rented one.

Save this one.

#SouthAfrica #WebDesign #WebDevelopment #NextJS #SmallBusiness"
"2026-06-26","Fri","177","X","EDUCATE","","128","","Do not build the app first.

Build the landing page. If nobody clicks, you just saved six months.

#SmeSouthAfrica #Entrepreneur"
"2026-06-27","Sat","178","LinkedIn","PROOF","YES","294","","Screenshot of the dashboard 👇

[REAL RESULT: a real (permitted) screenshot with sensitive data blurred]

What we built: ai chatbots — a assistant that answers customers at 2am so you can sleep.

Happy to walk anyone through how it works. No pitch.

#SmallBusiness #SmeSouthAfrica #Entrepreneur"
"2026-06-27","Sat","178","Instagram","PROOF","YES","263","","What we shipped this month:

[REAL RESULT: the actual feature, and what it replaced]

AI automation: the admin work doing itself.

wa.me/27688529333

#SouthAfrica #AIAutomation #Chatbot #ArtificialIntelligence #SmallBusiness #SmeSouthAfrica #Entrepreneur #MuleSoo"
"2026-06-27","Sat","178","Facebook","PROOF","YES","217","","Small change. Big number.

[REAL RESULT: the single fix and its measured effect]

QR codes: a branded code that tells you who scanned it and when.

mulesoo.com/services/qr-codes

#SmeSouthAfrica #Entrepreneur #MuleSoo"
"2026-06-27","Sat","178","TikTok","PROOF","YES","186","","Before and after 👇

[REAL RESULT: the one number that changed — load time, bookings, no-shows, enquiries]

mulesoo.com

#WebDesign #WebDevelopment #NextJS #SmallBusiness #SmeSouthAfrica"
"2026-06-27","Sat","178","X","PROOF","YES","134","","This used to take four hours a week.

[REAL RESULT: the manual task you automated, and the hours it now takes]

#Entrepreneur #MuleSoo"
"2026-06-28","Sun","179","LinkedIn","MYTH","","246","","A myth I hear constantly: ""SEO is a scam.""

Half the industry, yes. The other half is: fast pages, real content, and telling Google your pages exist.

Disagree? Genuinely interested — the comments are open.

#SmeSouthAfrica #Entrepreneur #MuleSoo"
"2026-06-28","Sun","179","Instagram","MYTH","","211","","❌ Myth: ""Chatbots annoy customers.""

✅ Truth: Bad ones do. So do phone queues, and you still have one of those.

#WebDesign #WebDevelopment #NextJS #SmallBusiness #SmeSouthAfrica #Entrepreneur #MuleSoo #Pretoria"
"2026-06-28","Sun","179","Facebook","MYTH","","154","","❌ Myth: ""A template is the same as custom.""

✅ Truth: Until you need it to do the one thing your business actually does.

#Entrepreneur #MuleSoo #Pretoria"
"2026-06-28","Sun","179","TikTok","MYTH","","179","","Myth: ""AI writes our content now.""

Truth: And your readers can tell. Use it to think, not to speak.

#Chatbot #ArtificialIntelligence #SmallBusiness #SmeSouthAfrica #Entrepreneur"
"2026-06-28","Sun","179","X","MYTH","","134","","""A good website costs six figures.""

It does not. It costs clarity about what the site is for. We start at R3,500.

#MuleSoo #Pretoria"
"2026-06-29","Mon","180","LinkedIn","BEHIND","","237","","Today: rebuilt a business card because the fonts were never actually loading. Everything printed was in the wrong typeface and nobody noticed for months.

Small things, compounded. That is the whole job.

#Entrepreneur #MuleSoo #Pretoria"
"2026-06-29","Mon","180","Instagram","BEHIND","","243","","Behind the scenes 🛠️

Our booking system sends the deposit invoice, the confirmation PDF, and the WhatsApp alert. Nobody touches a keyboard.

#WebDevelopment #NextJS #SmallBusiness #SmeSouthAfrica #Entrepreneur #MuleSoo #Pretoria #SouthAfrica"
"2026-06-29","Mon","180","Facebook","BEHIND","","158","","Behind the scenes 🛠️

The QR codes we make track scans. So you know if the flyer worked, or if the flyer was a bin ornament.

#MuleSoo #Pretoria #SouthAfrica"
"2026-06-29","Mon","180","TikTok","BEHIND","","150","","Every project starts with the same question: what is the one thing this must do?

#GraphicDesign #SmallBusiness #SmeSouthAfrica #Entrepreneur #MuleSoo"
"2026-06-29","Mon","180","X","BEHIND","","95","","The best compliment we get: ""it just works."" That took the whole month.

#Pretoria #SouthAfrica"
"2026-06-30","Tue","181","LinkedIn","PROMO","","255","","Business email — from R400.

What you actually get: an @yourdomain address that stops you looking like a hobby.

No contracts, no setup fees. If it is not a fit we will say so on the call.

mulesoo.com/services/email-setup

#MuleSoo #Pretoria #SouthAfrica"
"2026-06-30","Tue","181","Instagram","PROMO","","266","","AI chatbots — from R2,500 ✨

A assistant that answers customers at 2am so you can sleep.

🔒 No contracts. No setup fees.
mulesoo.com/services/chatbot

#ArtificialIntelligence #SmallBusiness #SmeSouthAfrica #Entrepreneur #MuleSoo #Pretoria #SouthAfrica #AIAutomation"
"2026-06-30","Tue","181","Facebook","PROMO","","151","","AI automation — custom ✨

The admin work doing itself.

🔒 No contracts. No setup fees.
mulesoo.com/ai-automation

#Pretoria #SouthAfrica #AIAutomation"
"2026-06-30","Tue","181","TikTok","PROMO","","155","","QR codes, from R300.

a branded code that tells you who scanned it and when.

Link in bio.

#SmallBusiness #SmeSouthAfrica #Entrepreneur #MuleSoo #Pretoria"
"2026-06-30","Tue","181","X","PROMO","","138","","Website design — a site that turns visitors into paying clients.
from R3,500.
mulesoo.com/services/website-design

#SouthAfrica #WebDesign"
"2026-07-01","Wed","182","LinkedIn","HUMAN","","192","","""I want it like Apple's site but with more stuff on it"" is a sentence that contains its own contradiction.

(It is Friday. Normal service resumes Monday.)

#Pretoria #SouthAfrica #AIAutomation"
"2026-07-01","Wed","182","Instagram","HUMAN","","184","","""Just a small change"" has never once, in recorded history, been a small change.

#SmallBusiness #SmeSouthAfrica #Entrepreneur #MuleSoo #Pretoria #SouthAfrica #LogoDesign #BrandIdentity"
"2026-07-01","Wed","182","Facebook","HUMAN","","119","","""Can you make it look more premium"" — sir, that is a budget, not an adjective.

#SouthAfrica #WebDesign #WebDevelopment"
"2026-07-01","Wed","182","TikTok","HUMAN","","145","","We do not do rush jobs. We do ordinary jobs, on time, which turns out to be rarer.

#SmeSouthAfrica #Entrepreneur #MuleSoo #Pretoria #SouthAfrica"
"2026-07-01","Wed","182","X","HUMAN","","106","","Client: ""Can you make the logo bigger?"" Us: ""Yes."" Client: ""Bigger."" Us: ""...Yes.""

#AIAutomation #Chatbot"
"2026-07-02","Thu","183","LinkedIn","PROBLEM","","358","","Your website loads in 6 seconds.

Half your visitors left before it finished. Speed is not a luxury; it is the whole shop door.

We see this weekly with South African businesses. It is almost never a budget problem — it is a ""nobody told me this was costing me money"" problem.

If that sounded familiar: wa.me/27688529333

#SouthAfrica #AIAutomation #Chatbot"
"2026-07-02","Thu","183","Instagram","PROBLEM","","205","","You lose leads at 7pm 👀

Your competitors do not. Their chatbot picked up.

We fix exactly this. mulesoo.com/services/qr-codes

#SmeSouthAfrica #Entrepreneur #MuleSoo #Pretoria #SouthAfrica #SmallBusiness"
"2026-07-02","Thu","183","Facebook","PROBLEM","","143","","Your staff share one login 👀

That is not a system. That is a liability.

We fix exactly this. mulesoo.com

#WebDesign #WebDevelopment #NextJS"
"2026-07-02","Thu","183","TikTok","PROBLEM","","188","","Your website has no phone number above the fold.

People do not scroll to find you. They scroll to leave.

Fix it → mulesoo.com

#Entrepreneur #MuleSoo #Pretoria #SouthAfrica #AIAutomation"
"2026-07-02","Thu","183","X","PROBLEM","","100","","Your PDFs are 40MB.

Nobody on mobile data is opening that. Not once.

#BrandIdentity #GraphicDesign"
"2026-07-03","Fri","184","LinkedIn","EDUCATE","","253","","Your homepage has one job.

Say what you do, who for, and what to click. Everything else is decoration.

Most of our work is not clever. It is doing the obvious thing properly, and doing it first.

What would you add?

#WebDesign #WebDevelopment #NextJS"
"2026-07-03","Fri","184","Instagram","EDUCATE","","214","","💡 Mobile-first is not a style. It is arithmetic

Most South African traffic is mobile. Design there and scale up.

Save this for later.

#Entrepreneur #MuleSoo #Pretoria #SouthAfrica #SmallBusiness #SmeSouthAfrica"
"2026-07-03","Fri","184","Facebook","EDUCATE","","175","","💡 A QR code with no tracking is a leaflet

If you cannot count the scans, you cannot tell if it worked.

Save this for later.

#Chatbot #ArtificialIntelligence #SmallBusiness"
"2026-07-03","Fri","184","TikTok","EDUCATE","","175","","The fold is a myth, the first sentence is not.

People scroll. They do not read badly-written openings.

Save this one.

#MuleSoo #Pretoria #SouthAfrica #AIAutomation #Chatbot"
"2026-07-03","Fri","184","X","EDUCATE","","133","","One testimonial with a real name beats ten anonymous ones.

Specificity is the whole currency of trust.

#Entrepreneur #SmallBusiness"
"2026-07-04","Sat","185","LinkedIn","PROOF","YES","267","","Three weeks. Start to launch.

[REAL RESULT: the real timeline and what was delivered in it]

What we built: website design — a site that turns visitors into paying clients.

Happy to walk anyone through how it works. No pitch.

#WebDevelopment #NextJS #SmallBusiness"
"2026-07-04","Sat","185","Instagram","PROOF","YES","297","","Screenshot of the dashboard 👇

[REAL RESULT: a real (permitted) screenshot with sensitive data blurred]

Auto Pilot systems: bookings, payments and reminders running without you.

DM us

#MuleSoo #Pretoria #SouthAfrica #AIAutomation #Chatbot #ArtificialIntelligence #SmallBusiness #SmeSouthAfrica"
"2026-07-04","Sat","185","Facebook","PROOF","YES","214","","What we shipped this month:

[REAL RESULT: the actual feature, and what it replaced]

Logo & brand identity: a brand people remember after one look.

wa.me/27688529333

#GraphicDesign #SmallBusiness #SmeSouthAfrica"
"2026-07-04","Sat","185","TikTok","PROOF","YES","152","","Small change. Big number.

[REAL RESULT: the single fix and its measured effect]

mulesoo.com

#Pretoria #SouthAfrica #WebDesign #WebDevelopment #NextJS"
"2026-07-04","Sat","185","X","PROOF","YES","138","","Before and after 👇

[REAL RESULT: the one number that changed — load time, bookings, no-shows, enquiries]

#SmallBusiness #SmeSouthAfrica"
"2026-07-05","Sun","186","LinkedIn","MYTH","","233","","A myth I hear constantly: ""Just boost the post.""

Boosting a post that points at a broken site is paying to lose faster.

Disagree? Genuinely interested — the comments are open.

#ArtificialIntelligence #SmallBusiness #SmeSouthAfrica"
"2026-07-05","Sun","186","Instagram","MYTH","","237","","❌ Myth: ""We need to be on every platform.""

✅ Truth: You need to be excellent on one. Pick where your buyers already are.

#Pretoria #SouthAfrica #AIAutomation #Chatbot #ArtificialIntelligence #SmallBusiness #SmeSouthAfrica #Entrepreneur"
"2026-07-05","Sun","186","Facebook","MYTH","","173","","❌ Myth: ""Analytics is spying on customers.""

✅ Truth: Knowing which page loses people is not surveillance. It is basic hygiene.

#SmallBusiness #SmeSouthAfrica #Entrepreneur"
"2026-07-05","Sun","186","TikTok","MYTH","","200","","Myth: ""SEO is a scam.""

Truth: Half the industry, yes. The other half is: fast pages, real content, and telling Google your pages exist.

#SouthAfrica #WebDesign #WebDevelopment #NextJS #SmallBusiness"
"2026-07-05","Sun","186","X","MYTH","","125","","""Chatbots annoy customers.""

Bad ones do. So do phone queues, and you still have one of those.

#SmeSouthAfrica #Entrepreneur"
"2026-07-06","Mon","187","LinkedIn","BEHIND","","235","","We keep a checklist of things that quietly break: contact forms, SSL renewals, sitemap submissions. Most agencies do not check any of them.

Small things, compounded. That is the whole job.

#SmallBusiness #SmeSouthAfrica #Entrepreneur"
"2026-07-06","Mon","187","Instagram","BEHIND","","201","","Behind the scenes 🛠️

Nobody asks about the database schema. Everybody feels it when it is wrong.

#SouthAfrica #WebDesign #WebDevelopment #NextJS #SmallBusiness #SmeSouthAfrica #Entrepreneur #MuleSoo"
"2026-07-06","Mon","187","Facebook","BEHIND","","151","","Behind the scenes 🛠️

Our own admin panel logs every action. If we break something, we can prove when and how.

#SmeSouthAfrica #Entrepreneur #MuleSoo"
"2026-07-06","Mon","187","TikTok","BEHIND","","184","","Every MuleSoo build ships with the source code. You own it. If you fire us tomorrow, you keep everything.

#AIAutomation #Chatbot #ArtificialIntelligence #SmallBusiness #SmeSouthAfrica"
"2026-07-06","Mon","187","X","BEHIND","","122","","We do not use website builders. Next.js, Tailwind, Supabase. The same stack Vercel and Linear run.

#Entrepreneur #MuleSoo"
"2026-07-07","Tue","188","LinkedIn","PROMO","","248","","QR codes — from R300.

What you actually get: a branded code that tells you who scanned it and when.

No contracts, no setup fees. If it is not a fit we will say so on the call.

mulesoo.com/services/qr-codes

#SmeSouthAfrica #Entrepreneur #MuleSoo"
"2026-07-07","Tue","188","Instagram","PROMO","","248","","Website design — from R3,500 ✨

A site that turns visitors into paying clients.

🔒 No contracts. No setup fees.
mulesoo.com/services/website-design

#WebDesign #WebDevelopment #NextJS #SmallBusiness #SmeSouthAfrica #Entrepreneur #MuleSoo #Pretoria"
"2026-07-07","Tue","188","Facebook","PROMO","","182","","Auto Pilot systems — custom ✨

Bookings, payments and reminders running without you.

🔒 No contracts. No setup fees.
mulesoo.com/services/autopilot

#Entrepreneur #MuleSoo #Pretoria"
"2026-07-07","Tue","188","TikTok","PROMO","","164","","Logo & brand identity, from R800.

a brand people remember after one look.

Link in bio.

#BrandIdentity #GraphicDesign #SmallBusiness #SmeSouthAfrica #Entrepreneur"
"2026-07-07","Tue","188","X","PROMO","","126","","Custom web apps — the internal tool your business actually needs.
custom.
mulesoo.com/services/custom-apps

#MuleSoo #Pretoria"
"2026-07-08","Wed","189","LinkedIn","HUMAN","","157","","Every logo revision request arrives at 11:47pm. We have stopped asking why.

(It is Friday. Normal service resumes Monday.)

#Entrepreneur #MuleSoo #Pretoria"
"2026-07-08","Wed","189","Instagram","HUMAN","","194","","The client always knows what they do not want. Our job is to find out what they do.

#Chatbot #ArtificialIntelligence #SmallBusiness #SmeSouthAfrica #Entrepreneur #MuleSoo #Pretoria #SouthAfrica"
"2026-07-08","Wed","189","Facebook","HUMAN","","132","","If your password is your business name and the year, we need to talk before we talk about websites.

#MuleSoo #Pretoria #SouthAfrica"
"2026-07-08","Wed","189","TikTok","HUMAN","","146","","The two hardest problems in tech: naming things, cache invalidation, and off-by-one errors.

#Entrepreneur #SmallBusiness #SmeSouthAfrica #MuleSoo"
"2026-07-08","Wed","189","X","HUMAN","","97","","You do not need a metaverse strategy. You need your contact form to work.

#Pretoria #SouthAfrica"
"2026-07-09","Thu","190","LinkedIn","PROBLEM","","313","","You are quoting by hand every time.

That is four hours a week. That is five working weeks a year.

We see this weekly with South African businesses. It is almost never a budget problem — it is a ""nobody told me this was costing me money"" problem.

If that sounded familiar: DM us

#MuleSoo #Pretoria #SouthAfrica"
"2026-07-09","Thu","190","Instagram","PROBLEM","","246","","Your contact form goes nowhere 👀

We have checked dozens. About a third are broken and nobody knows.

We fix exactly this. wa.me/27688529333

#GraphicDesign #SmallBusiness #SmeSouthAfrica #Entrepreneur #MuleSoo #Pretoria #SouthAfrica #LogoDesign"
"2026-07-09","Thu","190","Facebook","PROBLEM","","194","","Your team shares files over WhatsApp 👀

Somewhere in that chat is the only copy of something important.

We fix exactly this. mulesoo.com/services/custom-apps

#Pretoria #SouthAfrica #WebDesign"
"2026-07-09","Thu","190","TikTok","PROBLEM","","197","","You have three different phone numbers online.

Google does not know which is real, so it trusts none of them.

Fix it → mulesoo.com

#SmallBusiness #SmeSouthAfrica #Entrepreneur #MuleSoo #Pretoria"
"2026-07-09","Thu","190","X","PROBLEM","","160","","You answer the same WhatsApp question 30 times a week.

That is not customer service. That is a chatbot that has not been built yet.

#SouthAfrica #AIAutomation"
"2026-07-10","Fri","191","LinkedIn","EDUCATE","","275","","Speed comes from what you do not load.

Fonts, sliders, video backgrounds, tracking scripts. Delete first, optimise second.

Most of our work is not clever. It is doing the obvious thing properly, and doing it first.

What would you add?

#Pretoria #SouthAfrica #AIAutomation"
"2026-07-10","Fri","191","Instagram","EDUCATE","","209","","💡 Your reviews are your SEO

A Google Business Profile with real reviews outranks a prettier site with none.

Save this for later.

#SmallBusiness #SmeSouthAfrica #Entrepreneur #MuleSoo #Pretoria #SouthAfrica"
"2026-07-10","Fri","191","Facebook","EDUCATE","","145","","💡 Your 404 page is a sales page

Someone is lost and still interested. Help them.

Save this for later.

#SouthAfrica #WebDesign #WebDevelopment"
"2026-07-10","Fri","191","TikTok","EDUCATE","","185","","Back up before you launch, not after.

The worst day to learn your backup strategy is the day you need it.

Save this one.

#SmeSouthAfrica #Entrepreneur #MuleSoo #Pretoria #SouthAfrica"
"2026-07-10","Fri","191","X","EDUCATE","","127","","Buy the domain before the logo.

Names change. Get the .com or .co.za first, then design around it.

#LogoDesign #BrandIdentity"
"2026-07-11","Sat","192","LinkedIn","PROOF","YES","280","","We turned down this brief.

[REAL RESULT: a project you declined and why — nothing builds trust faster]

What we built: custom web apps — the internal tool your business actually needs.

Happy to walk anyone through how it works. No pitch.

#SouthAfrica #WebDesign #WebDevelopment"
"2026-07-11","Sat","192","Instagram","PROOF","YES","260","","Three weeks. Start to launch.

[REAL RESULT: the real timeline and what was delivered in it]

Business email: an @yourdomain address that stops you looking like a hobby.

mulesoo.com

#SmeSouthAfrica #Entrepreneur #MuleSoo #Pretoria #SouthAfrica #SmallBusiness"
"2026-07-11","Sat","192","Facebook","PROOF","YES","233","","Screenshot of the dashboard 👇

[REAL RESULT: a real (permitted) screenshot with sensitive data blurred]

AI chatbots: a assistant that answers customers at 2am so you can sleep.

DM us

#AIAutomation #Chatbot #ArtificialIntelligence"
"2026-07-11","Sat","192","TikTok","PROOF","YES","158","","What we shipped this month:

[REAL RESULT: the actual feature, and what it replaced]

mulesoo.com

#Entrepreneur #MuleSoo #Pretoria #SouthAfrica #AIAutomation"
"2026-07-11","Sat","192","X","PROOF","YES","111","","Small change. Big number.

[REAL RESULT: the single fix and its measured effect]

#SmeSouthAfrica #Entrepreneur"
"2026-07-12","Sun","193","LinkedIn","MYTH","","192","","A myth I hear constantly: ""Nobody scans QR codes.""

Every restaurant menu in the country disagrees.

Disagree? Genuinely interested — the comments are open.

#WebDesign #WebDevelopment #NextJS"
"2026-07-12","Sun","193","Instagram","MYTH","","222","","❌ Myth: ""Cheap now, redo it later.""

✅ Truth: Later costs the original price plus the rebuild plus the lost year.

#Entrepreneur #MuleSoo #Pretoria #SouthAfrica #AIAutomation #Chatbot #ArtificialIntelligence #SmallBusiness"
"2026-07-12","Sun","193","Facebook","MYTH","","162","","❌ Myth: ""Nobody in South Africa buys online.""

✅ Truth: Your customers are already buying online. Just not from you.

#BrandIdentity #GraphicDesign #SmallBusiness"
"2026-07-12","Sun","193","TikTok","MYTH","","167","","Myth: ""Just boost the post.""

Truth: Boosting a post that points at a broken site is paying to lose faster.

#MuleSoo #Pretoria #SouthAfrica #WebDesign #WebDevelopment"
"2026-07-12","Sun","193","X","MYTH","","134","","""We need to be on every platform.""

You need to be excellent on one. Pick where your buyers already are.

#Entrepreneur #SmallBusiness"
"2026-07-13","Mon","194","LinkedIn","BEHIND","","188","","We write the refund terms before the invoice. Awkward conversations are cheaper up front.

Small things, compounded. That is the whole job.

#Chatbot #ArtificialIntelligence #SmallBusiness"
"2026-07-13","Mon","194","Instagram","BEHIND","","207","","Behind the scenes 🛠️

Shipped a fix at 6am so nobody would notice the downtime. Nobody noticed.

#MuleSoo #Pretoria #SouthAfrica #AIAutomation #Chatbot #ArtificialIntelligence #SmallBusiness #SmeSouthAfrica"
"2026-07-13","Mon","194","Facebook","BEHIND","","145","","Behind the scenes 🛠️

The chatbot on our own site is the same one we sell. We eat our own cooking.

#Entrepreneur #SmallBusiness #SmeSouthAfrica"
"2026-07-13","Mon","194","TikTok","BEHIND","","129","","Half of what we do is talking people out of features they do not need.

#Pretoria #SouthAfrica #WebDesign #WebDevelopment #NextJS"
"2026-07-13","Mon","194","X","BEHIND","","131","","Wrote the copy before the design today. It is always the right order and we always want to skip it.

#SmallBusiness #SmeSouthAfrica"
"2026-07-14","Tue","195","LinkedIn","PROMO","","256","","Logo & brand identity — from R800.

What you actually get: a brand people remember after one look.

No contracts, no setup fees. If it is not a fit we will say so on the call.

mulesoo.com/services/logo-design

#GraphicDesign #SmallBusiness #SmeSouthAfrica"
"2026-07-14","Tue","195","Instagram","PROMO","","245","","Custom web apps — custom ✨

The internal tool your business actually needs.

🔒 No contracts. No setup fees.
mulesoo.com/services/custom-apps

#Pretoria #SouthAfrica #WebDesign #WebDevelopment #NextJS #SmallBusiness #SmeSouthAfrica #Entrepreneur"
"2026-07-14","Tue","195","Facebook","PROMO","","201","","Business email — from R400 ✨

An @yourdomain address that stops you looking like a hobby.

🔒 No contracts. No setup fees.
mulesoo.com/services/email-setup

#SmallBusiness #SmeSouthAfrica #Entrepreneur"
"2026-07-14","Tue","195","TikTok","PROMO","","176","","AI chatbots, from R2,500.

a assistant that answers customers at 2am so you can sleep.

Link in bio.

#SouthAfrica #AIAutomation #Chatbot #ArtificialIntelligence #SmallBusiness"
"2026-07-14","Tue","195","X","PROMO","","109","","AI automation — the admin work doing itself.
custom.
mulesoo.com/ai-automation

#SmeSouthAfrica #Entrepreneur"
"2026-07-15","Wed","196","LinkedIn","HUMAN","","172","","A designer, a developer and a client walk into a meeting. The scope walks out.

(It is Friday. Normal service resumes Monday.)

#SmallBusiness #SmeSouthAfrica #Entrepreneur"
"2026-07-15","Wed","196","Instagram","HUMAN","","199","","Reminder that ""make it pop"" is not a design brief, but we will figure out what you meant anyway.

#SouthAfrica #WebDesign #WebDevelopment #NextJS #SmallBusiness #SmeSouthAfrica #Entrepreneur #MuleSoo"
"2026-07-15","Wed","196","Facebook","HUMAN","","131","","Building in Pretoria, shipping to the continent. Load shedding is just a deployment window.

#SmeSouthAfrica #Entrepreneur #MuleSoo"
"2026-07-15","Wed","196","TikTok","HUMAN","","143","","Our chatbot is more polite than we are before 8am. That is by design.

#LogoDesign #BrandIdentity #GraphicDesign #SmallBusiness #SmeSouthAfrica"
"2026-07-15","Wed","196","X","HUMAN","","72","","Coffee is a build dependency. It is in the docs.

#Entrepreneur #MuleSoo"
"2026-07-16","Thu","197","LinkedIn","PROBLEM","","310","","You reply to enquiries in two days.

The one who replied in two hours got the job.

We see this weekly with South African businesses. It is almost never a budget problem — it is a ""nobody told me this was costing me money"" problem.

If that sounded familiar: mulesoo.com

#SmeSouthAfrica #Entrepreneur #MuleSoo"
"2026-07-16","Thu","197","Instagram","PROBLEM","","246","","You post on social media and nothing happens 👀

Because the link goes to a homepage instead of an answer.

We fix exactly this. DM us

#AIAutomation #Chatbot #ArtificialIntelligence #SmallBusiness #SmeSouthAfrica #Entrepreneur #MuleSoo #Pretoria"
"2026-07-16","Thu","197","Facebook","PROBLEM","","159","","You track nothing 👀

So every marketing decision you make is a guess wearing a suit.

We fix exactly this. wa.me/27688529333

#Entrepreneur #MuleSoo #Pretoria"
"2026-07-16","Thu","197","TikTok","PROBLEM","","167","","Your logo was made in Word.

It shows at 300dpi. It shows on a banner. It shows on a business card.

Fix it → mulesoo.com

#SmeSouthAfrica #Entrepreneur #SmallBusiness"
"2026-07-16","Thu","197","X","PROBLEM","","120","","Nobody finds you on Google.

Not because you are small. Because nobody told Google your pages exist.

#MuleSoo #Pretoria"
"2026-07-17","Fri","198","LinkedIn","EDUCATE","","232","","Write the price down.

Hiding it does not make it smaller. It makes you look unsure.

Most of our work is not clever. It is doing the obvious thing properly, and doing it first.

What would you add?

#Entrepreneur #MuleSoo #Pretoria"
"2026-07-17","Fri","198","Instagram","EDUCATE","","227","","💡 Name your pages like a human searches

""Website design Pretoria"" beats ""Solutions"" every time.

Save this for later.

#BrandIdentity #GraphicDesign #SmallBusiness #SmeSouthAfrica #Entrepreneur #MuleSoo #Pretoria #SouthAfrica"
"2026-07-17","Fri","198","Facebook","EDUCATE","","174","","💡 Load shedding is a design constraint

Build for offline-first and intermittent connections. It is not optional here.

Save this for later.

#MuleSoo #Pretoria #SouthAfrica"
"2026-07-17","Fri","198","TikTok","EDUCATE","","165","","Your best salesperson is a FAQ page.

It answers the objection you are too polite to bring up.

Save this one.

#Entrepreneur #SmallBusiness #SmeSouthAfrica #MuleSoo"
"2026-07-17","Fri","198","X","EDUCATE","","142","","Own your source code.

If your developer disappears and your site does too, you did not buy a website. You rented one.

#Pretoria #SouthAfrica"
"2026-07-18","Sat","199","LinkedIn","PROOF","YES","244","","They almost did not call us.

[REAL RESULT: the objection they had, and what changed their mind]

What we built: ai automation — the admin work doing itself.

Happy to walk anyone through how it works. No pitch.

#MuleSoo #Pretoria #SouthAfrica"
"2026-07-18","Sat","199","Instagram","PROOF","YES","278","","We turned down this brief.

[REAL RESULT: a project you declined and why — nothing builds trust faster]

QR codes: a branded code that tells you who scanned it and when.

mulesoo.com/services/qr-codes

#Entrepreneur #SmallBusiness #SmeSouthAfrica #MuleSoo #Pretoria #SouthAfrica"
"2026-07-18","Sat","199","Facebook","PROOF","YES","205","","Three weeks. Start to launch.

[REAL RESULT: the real timeline and what was delivered in it]

Website design: a site that turns visitors into paying clients.

mulesoo.com

#Pretoria #SouthAfrica #WebDesign"
"2026-07-18","Sat","199","TikTok","PROOF","YES","182","","Screenshot of the dashboard 👇

[REAL RESULT: a real (permitted) screenshot with sensitive data blurred]

mulesoo.com

#SmallBusiness #SmeSouthAfrica #Entrepreneur #MuleSoo #Pretoria"
"2026-07-18","Sat","199","X","PROOF","YES","110","","What we shipped this month:

[REAL RESULT: the actual feature, and what it replaced]

#SouthAfrica #LogoDesign"
"2026-07-19","Sun","200","LinkedIn","MYTH","","227","","A myth I hear constantly: ""AI will replace my staff.""

It will replace the parts of their day they hate. That is different, and better.

Disagree? Genuinely interested — the comments are open.

#Pretoria #SouthAfrica #WebDesign"
"2026-07-19","Sun","200","Instagram","MYTH","","166","","❌ Myth: ""Design is subjective.""

✅ Truth: Taste is subjective. Conversion is measurable.

#SmallBusiness #SmeSouthAfrica #Entrepreneur #MuleSoo #Pretoria #SouthAfrica"
"2026-07-19","Sun","200","Facebook","MYTH","","134","","❌ Myth: ""Our customers are not online.""

✅ Truth: They are on WhatsApp right now. That is online.

#SouthAfrica #AIAutomation #Chatbot"
"2026-07-19","Sun","200","TikTok","MYTH","","149","","Myth: ""Nobody scans QR codes.""

Truth: Every restaurant menu in the country disagrees.

#SmeSouthAfrica #Entrepreneur #MuleSoo #Pretoria #SouthAfrica"
"2026-07-19","Sun","200","X","MYTH","","128","","""Cheap now, redo it later.""

Later costs the original price plus the rebuild plus the lost year.

#SmallBusiness #SmeSouthAfrica"
"2026-07-20","Mon","201","LinkedIn","BEHIND","","217","","Spent the morning cutting 4MB of unused fonts off a client site. Load time went from 5.1s to 1.3s. No redesign. Just deleting.

Small things, compounded. That is the whole job.

#SouthAfrica #WebDesign #WebDevelopment"
"2026-07-20","Mon","201","Instagram","BEHIND","","250","","Behind the scenes 🛠️

Found a client site telling Google every page was a duplicate of the homepage. 219 pages invisible. One line of code.

#SmeSouthAfrica #Entrepreneur #MuleSoo #Pretoria #SouthAfrica #AIAutomation #Chatbot #ArtificialIntelligence"
"2026-07-20","Mon","201","Facebook","BEHIND","","165","","Behind the scenes 🛠️

Deleted 6MB of unused JavaScript from a client build today. The site did not lose a single feature.

#LogoDesign #BrandIdentity #GraphicDesign"
"2026-07-20","Mon","201","TikTok","BEHIND","","139","","Reviewed our own site on a 3G connection this week. Humbling. Fixed three things.

#Entrepreneur #MuleSoo #Pretoria #SouthAfrica #WebDesign"
"2026-07-20","Mon","201","X","BEHIND","","104","","Turned off a client's auto-playing video. Bounce rate dropped by a third.

#SmeSouthAfrica #Entrepreneur"
"2026-07-21","Tue","202","LinkedIn","PROMO","","265","","AI chatbots — from R2,500.

What you actually get: a assistant that answers customers at 2am so you can sleep.

No contracts, no setup fees. If it is not a fit we will say so on the call.

mulesoo.com/services/chatbot

#AIAutomation #Chatbot #ArtificialIntelligence"
"2026-07-21","Tue","202","Instagram","PROMO","","222","","AI automation — custom ✨

The admin work doing itself.

🔒 No contracts. No setup fees.
mulesoo.com/ai-automation

#Entrepreneur #MuleSoo #Pretoria #SouthAfrica #AIAutomation #Chatbot #ArtificialIntelligence #SmallBusiness"
"2026-07-21","Tue","202","Facebook","PROMO","","187","","QR codes — from R300 ✨

A branded code that tells you who scanned it and when.

🔒 No contracts. No setup fees.
mulesoo.com/services/qr-codes

#SmeSouthAfrica #Entrepreneur #SmallBusiness"
"2026-07-21","Tue","202","TikTok","PROMO","","151","","Website design, from R3,500.

a site that turns visitors into paying clients.

Link in bio.

#MuleSoo #Pretoria #SouthAfrica #WebDesign #WebDevelopment"
"2026-07-21","Tue","202","X","PROMO","","153","","Auto Pilot systems — bookings, payments and reminders running without you.
custom.
mulesoo.com/services/autopilot

#ArtificialIntelligence #SmallBusiness"
"2026-07-22","Wed","203","LinkedIn","HUMAN","","178","","Nothing humbles you like opening your own website on someone else's cracked Android.

(It is Friday. Normal service resumes Monday.)

#BrandIdentity #GraphicDesign #SmallBusiness"
"2026-07-22","Wed","203","Instagram","HUMAN","","183","","Every founder thinks their industry is different. Every industry has a booking form.

#MuleSoo #Pretoria #SouthAfrica #WebDesign #WebDevelopment #NextJS #SmallBusiness #SmeSouthAfrica"
"2026-07-22","Wed","203","Facebook","HUMAN","","158","","The website is finished. The website is never finished. Both statements are true and we have made peace with it.

#Entrepreneur #SmallBusiness #SmeSouthAfrica"
"2026-07-22","Wed","203","TikTok","HUMAN","","153","","Somebody somewhere is still using Comic Sans on an invoice, and honestly, respect.

#Pretoria #SouthAfrica #AIAutomation #Chatbot #ArtificialIntelligence"
"2026-07-22","Wed","203","X","HUMAN","","89","","Pretoria traffic is our staging environment for patience.

#SmallBusiness #SmeSouthAfrica"
"2026-07-23","Thu","204","LinkedIn","PROBLEM","","350","","Your site works. On Chrome. On your machine.

Safari on an old iPhone is where websites go to die.

We see this weekly with South African businesses. It is almost never a budget problem — it is a ""nobody told me this was costing me money"" problem.

If that sounded familiar: mulesoo.com/services/qr-codes

#Entrepreneur #SmallBusiness #SmeSouthAfrica"
"2026-07-23","Thu","204","Instagram","PROBLEM","","267","","Your website loads in 6 seconds 👀

Half your visitors left before it finished. Speed is not a luxury; it is the whole shop door.

We fix exactly this. mulesoo.com

#Pretoria #SouthAfrica #WebDesign #WebDevelopment #NextJS #SmallBusiness #SmeSouthAfrica #Entrepreneur"
"2026-07-23","Thu","204","Facebook","PROBLEM","","149","","You lose leads at 7pm 👀

Your competitors do not. Their chatbot picked up.

We fix exactly this. DM us

#SmallBusiness #SmeSouthAfrica #Entrepreneur"
"2026-07-23","Thu","204","TikTok","PROBLEM","","164","","Your staff share one login.

That is not a system. That is a liability.

Fix it → mulesoo.com

#SouthAfrica #LogoDesign #BrandIdentity #GraphicDesign #SmallBusiness"
"2026-07-23","Thu","204","X","PROBLEM","","136","","Your website has no phone number above the fold.

People do not scroll to find you. They scroll to leave.

#SmeSouthAfrica #Entrepreneur"
"2026-07-24","Fri","205","LinkedIn","EDUCATE","","243","","Email is not dead. Your email design is.

Plain text, one link, sent from a person.

Most of our work is not clever. It is doing the obvious thing properly, and doing it first.

What would you add?

#SmallBusiness #SmeSouthAfrica #Entrepreneur"
"2026-07-24","Fri","205","Instagram","EDUCATE","","242","","💡 Your homepage has one job

Say what you do, who for, and what to click. Everything else is decoration.

Save this for later.

#SouthAfrica #AIAutomation #Chatbot #ArtificialIntelligence #SmallBusiness #SmeSouthAfrica #Entrepreneur #MuleSoo"
"2026-07-24","Fri","205","Facebook","EDUCATE","","176","","💡 Mobile-first is not a style. It is arithmetic

Most South African traffic is mobile. Design there and scale up.

Save this for later.

#SmeSouthAfrica #Entrepreneur #MuleSoo"
"2026-07-24","Fri","205","TikTok","EDUCATE","","164","","A QR code with no tracking is a leaflet.

If you cannot count the scans, you cannot tell if it worked.

Save this one.

#SmallBusiness #SmeSouthAfrica #Entrepreneur"
"2026-07-24","Fri","205","X","EDUCATE","","127","","The fold is a myth, the first sentence is not.

People scroll. They do not read badly-written openings.

#Entrepreneur #MuleSoo"
"2026-07-25","Sat","206","LinkedIn","PROOF","YES","299","","A client said this last week:

[REAL RESULT: a verbatim quote, with their name and business, used with permission]

What we built: auto pilot systems — bookings, payments and reminders running without you.

Happy to walk anyone through how it works. No pitch.

#SmeSouthAfrica #Entrepreneur #MuleSoo"
"2026-07-25","Sat","206","Instagram","PROOF","YES","286","","They almost did not call us.

[REAL RESULT: the objection they had, and what changed their mind]

Logo & brand identity: a brand people remember after one look.

wa.me/27688529333

#LogoDesign #BrandIdentity #GraphicDesign #SmallBusiness #SmeSouthAfrica #Entrepreneur #MuleSoo #Pretoria"
"2026-07-25","Sat","206","Facebook","PROOF","YES","237","","We turned down this brief.

[REAL RESULT: a project you declined and why — nothing builds trust faster]

Custom web apps: the internal tool your business actually needs.

mulesoo.com/services/custom-apps

#Entrepreneur #MuleSoo #Pretoria"
"2026-07-25","Sat","206","TikTok","PROOF","YES","151","","Three weeks. Start to launch.

[REAL RESULT: the real timeline and what was delivered in it]

mulesoo.com

#SmeSouthAfrica #Entrepreneur #SmallBusiness"
"2026-07-25","Sat","206","X","PROOF","YES","124","","Screenshot of the dashboard 👇

[REAL RESULT: a real (permitted) screenshot with sensitive data blurred]

#MuleSoo #Pretoria"
"2026-07-26","Sun","207","LinkedIn","MYTH","","230","","A myth I hear constantly: ""We do not need a logo, we need sales.""

The logo is not the point. Being memorable at the moment of decision is.

Disagree? Genuinely interested — the comments are open.

#Entrepreneur #MuleSoo #Pretoria"
"2026-07-26","Sun","207","Instagram","MYTH","","180","","❌ Myth: ""More pages means better SEO.""

✅ Truth: Two hundred thin pages rank worse than ten good ones.

#SmeSouthAfrica #Entrepreneur #SmallBusiness #MuleSoo #Pretoria #SouthAfrica"
"2026-07-26","Sun","207","Facebook","MYTH","","170","","❌ Myth: ""We will launch when it is perfect.""

✅ Truth: You will launch when a competitor forces you to, and it still will not be perfect.

#MuleSoo #Pretoria #SouthAfrica"
"2026-07-26","Sun","207","TikTok","MYTH","","201","","Myth: ""AI will replace my staff.""

Truth: It will replace the parts of their day they hate. That is different, and better.

#ArtificialIntelligence #SmallBusiness #SmeSouthAfrica #Entrepreneur #MuleSoo"
"2026-07-26","Sun","207","X","MYTH","","95","","""Design is subjective.""

Taste is subjective. Conversion is measurable.

#Pretoria #SouthAfrica"
"2026-07-27","Mon","208","LinkedIn","BEHIND","","175","","A client asked if we could make the site load faster. We removed the video background. Done.

Small things, compounded. That is the whole job.

#MuleSoo #Pretoria #SouthAfrica"
"2026-07-27","Mon","208","Instagram","BEHIND","","159","","Behind the scenes 🛠️

A client wanted 14 pages. We shipped 5. Enquiries went up.

#Entrepreneur #SmallBusiness #SmeSouthAfrica #MuleSoo #Pretoria #SouthAfrica"
"2026-07-27","Mon","208","Facebook","BEHIND","","141","","Behind the scenes 🛠️

Two hours today spent on a single button. It is the button that takes the money.

#Pretoria #SouthAfrica #AIAutomation"
"2026-07-27","Mon","208","TikTok","BEHIND","","147","","A ""quick change"" is never quick. An honest estimate is worth more than a fast yes.

#SmallBusiness #SmeSouthAfrica #Entrepreneur #MuleSoo #Pretoria"
"2026-07-27","Mon","208","X","BEHIND","","131","","We test every page at 375px before we call it done. That is an iPhone SE. If it works there, it works.

#SouthAfrica #SmallBusiness"
"2026-07-28","Tue","209","LinkedIn","PROMO","","250","","Website design — from R3,500.

What you actually get: a site that turns visitors into paying clients.

No contracts, no setup fees. If it is not a fit we will say so on the call.

mulesoo.com/services/website-design

#Pretoria #SouthAfrica #WebDesign"
"2026-07-28","Tue","209","Instagram","PROMO","","249","","Auto Pilot systems — custom ✨

Bookings, payments and reminders running without you.

🔒 No contracts. No setup fees.
mulesoo.com/services/autopilot

#SmallBusiness #SmeSouthAfrica #Entrepreneur #MuleSoo #Pretoria #SouthAfrica #AIAutomation #Chatbot"
"2026-07-28","Tue","209","Facebook","PROMO","","183","","Logo & brand identity — from R800 ✨

A brand people remember after one look.

🔒 No contracts. No setup fees.
mulesoo.com/services/logo-design

#SouthAfrica #LogoDesign #BrandIdentity"
"2026-07-28","Tue","209","TikTok","PROMO","","150","","Custom web apps, custom.

the internal tool your business actually needs.

Link in bio.

#SmeSouthAfrica #Entrepreneur #MuleSoo #Pretoria #SouthAfrica"
"2026-07-28","Tue","209","X","PROMO","","152","","Business email — an @yourdomain address that stops you looking like a hobby.
from R400.
mulesoo.com/services/email-setup

#SmallBusiness #SmeSouthAfrica"
"2026-07-29","Wed","210","LinkedIn","HUMAN","","175","","Somewhere out there a business is losing a client right now because their email is @gmail.

(It is Friday. Normal service resumes Monday.)

#SouthAfrica #AIAutomation #Chatbot"
"2026-07-29","Wed","210","Instagram","HUMAN","","199","","We named the company MuleSoo because it carries heavy things without complaining. Mostly.

#SmeSouthAfrica #Entrepreneur #MuleSoo #Pretoria #SouthAfrica #AIAutomation #Chatbot #ArtificialIntelligence"
"2026-07-29","Wed","210","Facebook","HUMAN","","103","","Testing on your own phone is not testing. It is optimism.

#SmallBusiness #SmeSouthAfrica #Entrepreneur"
"2026-07-29","Wed","210","TikTok","HUMAN","","148","","Ninety percent of ""the site is down"" is the wifi. The other ten percent keeps us employed.

#Entrepreneur #MuleSoo #Pretoria #SouthAfrica #WebDesign"
"2026-07-29","Wed","210","X","HUMAN","","105","","We measure success in fewer WhatsApp messages at 11pm. Yours, not ours.

#Chatbot #ArtificialIntelligence"
"2026-07-30","Thu","211","LinkedIn","PROBLEM","","357","","Your business email is a gmail address.

Corporate clients notice. They will not say anything. They will just not reply.

We see this weekly with South African businesses. It is almost never a budget problem — it is a ""nobody told me this was costing me money"" problem.

If that sounded familiar: wa.me/27688529333

#LogoDesign #BrandIdentity #GraphicDesign"
"2026-07-30","Thu","211","Instagram","PROBLEM","","252","","You are quoting by hand every time 👀

That is four hours a week. That is five working weeks a year.

We fix exactly this. mulesoo.com/services/custom-apps

#Entrepreneur #MuleSoo #Pretoria #SouthAfrica #WebDesign #WebDevelopment #NextJS #SmallBusiness"
"2026-07-30","Thu","211","Facebook","PROBLEM","","181","","Your contact form goes nowhere 👀

We have checked dozens. About a third are broken and nobody knows.

We fix exactly this. mulesoo.com

#SmeSouthAfrica #Entrepreneur #SmallBusiness"
"2026-07-30","Thu","211","TikTok","PROBLEM","","180","","Your team shares files over WhatsApp.

Somewhere in that chat is the only copy of something important.

Fix it → mulesoo.com

#MuleSoo #Pretoria #SouthAfrica #AIAutomation #Chatbot"
"2026-07-30","Thu","211","X","PROBLEM","","150","","You have three different phone numbers online.

Google does not know which is real, so it trusts none of them.

#ArtificialIntelligence #SmallBusiness"
"2026-07-31","Fri","212","LinkedIn","EDUCATE","","239","","Nobody reads. They scan.

Short paragraphs. Real headings. One idea per screen.

Most of our work is not clever. It is doing the obvious thing properly, and doing it first.

What would you add?

#SmeSouthAfrica #Entrepreneur #SmallBusiness"
"2026-07-31","Fri","212","Instagram","EDUCATE","","246","","💡 Speed comes from what you do not load

Fonts, sliders, video backgrounds, tracking scripts. Delete first, optimise second.

Save this for later.

#MuleSoo #Pretoria #SouthAfrica #WebDesign #WebDevelopment #NextJS #SmallBusiness #SmeSouthAfrica"
"2026-07-31","Fri","212","Facebook","EDUCATE","","187","","💡 Your reviews are your SEO

A Google Business Profile with real reviews outranks a prettier site with none.

Save this for later.

#ArtificialIntelligence #SmallBusiness #SmeSouthAfrica"
"2026-07-31","Fri","212","TikTok","EDUCATE","","162","","Your 404 page is a sales page.

Someone is lost and still interested. Help them.

Save this one.

#Pretoria #SouthAfrica #LogoDesign #BrandIdentity #GraphicDesign"
"2026-07-31","Fri","212","X","EDUCATE","","138","","Back up before you launch, not after.

The worst day to learn your backup strategy is the day you need it.

#SmallBusiness #SmeSouthAfrica"
"2026-08-01","Sat","213","LinkedIn","PROOF","YES","303","","Here is the whole build, honestly:

[REAL RESULT: what went well, what did not, what you would do differently]

What we built: business email — an @yourdomain address that stops you looking like a hobby.

Happy to walk anyone through how it works. No pitch.

#Entrepreneur #SmallBusiness #SmeSouthAfrica"
"2026-08-01","Sat","213","Instagram","PROOF","YES","311","","A client said this last week:

[REAL RESULT: a verbatim quote, with their name and business, used with permission]

AI chatbots: a assistant that answers customers at 2am so you can sleep.

DM us

#Pretoria #SouthAfrica #AIAutomation #Chatbot #ArtificialIntelligence #SmallBusiness #SmeSouthAfrica #Entrepreneur"
"2026-08-01","Sat","213","Facebook","PROOF","YES","206","","They almost did not call us.

[REAL RESULT: the objection they had, and what changed their mind]

AI automation: the admin work doing itself.

wa.me/27688529333

#SmallBusiness #SmeSouthAfrica #Entrepreneur"
"2026-08-01","Sat","213","TikTok","PROOF","YES","175","","We turned down this brief.

[REAL RESULT: a project you declined and why — nothing builds trust faster]

mulesoo.com

#SouthAfrica #SmallBusiness #SmeSouthAfrica #Entrepreneur"
"2026-08-01","Sat","213","X","PROOF","YES","123","","Three weeks. Start to launch.

[REAL RESULT: the real timeline and what was delivered in it]

#SmeSouthAfrica #Entrepreneur"
"2026-08-02","Sun","214","LinkedIn","MYTH","","218","","A myth I hear constantly: ""Dark mode is a feature.""

It is a preference. Your broken checkout is a feature request.

Disagree? Genuinely interested — the comments are open.

#SmallBusiness #SmeSouthAfrica #Entrepreneur"
"2026-08-02","Sun","214","Instagram","MYTH","","256","","❌ Myth: ""Our industry is different.""

✅ Truth: Your industry has a booking form, an invoice, and a customer who wants an answer. Same as everyone.

#SouthAfrica #LogoDesign #BrandIdentity #GraphicDesign #SmallBusiness #SmeSouthAfrica #Entrepreneur #MuleSoo"
"2026-08-02","Sun","214","Facebook","MYTH","","171","","❌ Myth: ""We are too small for automation.""

✅ Truth: Small is exactly when your time is most expensive, because it is all you have.

#SmeSouthAfrica #Entrepreneur #MuleSoo"
"2026-08-02","Sun","214","TikTok","MYTH","","172","","Myth: ""We do not need a logo, we need sales.""

Truth: The logo is not the point. Being memorable at the moment of decision is.

#SmallBusiness #SmeSouthAfrica #Entrepreneur"
"2026-08-02","Sun","214","X","MYTH","","109","","""More pages means better SEO.""

Two hundred thin pages rank worse than ten good ones.

#Entrepreneur #MuleSoo"
"2026-08-03","Mon","215","LinkedIn","BEHIND","","192","","The QR codes we make track scans. So you know if the flyer worked, or if the flyer was a bin ornament.

Small things, compounded. That is the whole job.

#SmeSouthAfrica #Entrepreneur #MuleSoo"
"2026-08-03","Mon","215","Instagram","BEHIND","","168","","Behind the scenes 🛠️

Every project starts with the same question: what is the one thing this must do?

#SmallBusiness #SmeSouthAfrica #Entrepreneur #MuleSoo #Pretoria"
"2026-08-03","Mon","215","Facebook","BEHIND","","128","","Behind the scenes 🛠️

The best compliment we get: ""it just works."" That took the whole month.

#Entrepreneur #MuleSoo #Pretoria"
"2026-08-03","Mon","215","TikTok","BEHIND","","232","","Today: rebuilt a business card because the fonts were never actually loading. Everything printed was in the wrong typeface and nobody noticed for months.

#Chatbot #ArtificialIntelligence #SmallBusiness #SmeSouthAfrica #Entrepreneur"
"2026-08-03","Mon","215","X","BEHIND","","138","","Our booking system sends the deposit invoice, the confirmation PDF, and the WhatsApp alert. Nobody touches a keyboard.

#MuleSoo #Pretoria"
"2026-08-04","Tue","216","LinkedIn","PROMO","","242","","Custom web apps — custom.

What you actually get: the internal tool your business actually needs.

No contracts, no setup fees. If it is not a fit we will say so on the call.

mulesoo.com/services/custom-apps

#Entrepreneur #MuleSoo #Pretoria"
"2026-08-04","Tue","216","Instagram","PROMO","","233","","Business email — from R400 ✨

An @yourdomain address that stops you looking like a hobby.

🔒 No contracts. No setup fees.
mulesoo.com/services/email-setup

#SmeSouthAfrica #Entrepreneur #SmallBusiness #MuleSoo #Pretoria #SouthAfrica"
"2026-08-04","Tue","216","Facebook","PROMO","","183","","AI chatbots — from R2,500 ✨

A assistant that answers customers at 2am so you can sleep.

🔒 No contracts. No setup fees.
mulesoo.com/services/chatbot

#MuleSoo #Pretoria #SouthAfrica"
"2026-08-04","Tue","216","TikTok","PROMO","","145","","AI automation, custom.

the admin work doing itself.

Link in bio.

#ArtificialIntelligence #SmallBusiness #SmeSouthAfrica #Entrepreneur #MuleSoo"
"2026-08-04","Tue","216","X","PROMO","","130","","QR codes — a branded code that tells you who scanned it and when.
from R300.
mulesoo.com/services/qr-codes

#Pretoria #SouthAfrica"
"2026-08-05","Wed","217","LinkedIn","HUMAN","","159","","""Can you make it look more premium"" — sir, that is a budget, not an adjective.

(It is Friday. Normal service resumes Monday.)

#MuleSoo #Pretoria #SouthAfrica"
"2026-08-05","Wed","217","Instagram","HUMAN","","198","","We do not do rush jobs. We do ordinary jobs, on time, which turns out to be rarer.

#ArtificialIntelligence #SmallBusiness #SmeSouthAfrica #Entrepreneur #MuleSoo #Pretoria #SouthAfrica #AIAutomation"
"2026-08-05","Wed","217","Facebook","HUMAN","","118","","Client: ""Can you make the logo bigger?"" Us: ""Yes."" Client: ""Bigger."" Us: ""...Yes.""

#Pretoria #SouthAfrica #LogoDesign"
"2026-08-05","Wed","217","TikTok","HUMAN","","171","","""I want it like Apple's site but with more stuff on it"" is a sentence that contains its own contradiction.

#SmallBusiness #SmeSouthAfrica #Entrepreneur #MuleSoo #Pretoria"
"2026-08-05","Wed","217","X","HUMAN","","108","","""Just a small change"" has never once, in recorded history, been a small change.

#SouthAfrica #SmallBusiness"
"2026-08-06","Thu","218","LinkedIn","PROBLEM","","305","","Your invoices go out late.

Cash flow is not a maths problem. It is an admin problem.

We see this weekly with South African businesses. It is almost never a budget problem — it is a ""nobody told me this was costing me money"" problem.

If that sounded familiar: DM us

#Pretoria #SouthAfrica #AIAutomation"
"2026-08-06","Thu","218","Instagram","PROBLEM","","225","","You reply to enquiries in two days 👀

The one who replied in two hours got the job.

We fix exactly this. wa.me/27688529333

#SmallBusiness #SmeSouthAfrica #Entrepreneur #MuleSoo #Pretoria #SouthAfrica #AIAutomation #Chatbot"
"2026-08-06","Thu","218","Facebook","PROBLEM","","203","","You post on social media and nothing happens 👀

Because the link goes to a homepage instead of an answer.

We fix exactly this. mulesoo.com/services/qr-codes

#SouthAfrica #SmallBusiness #SmeSouthAfrica"
"2026-08-06","Thu","218","TikTok","PROBLEM","","168","","You track nothing.

So every marketing decision you make is a guess wearing a suit.

Fix it → mulesoo.com

#SmeSouthAfrica #Entrepreneur #MuleSoo #Pretoria #SouthAfrica"
"2026-08-06","Thu","218","X","PROBLEM","","123","","Your logo was made in Word.

It shows at 300dpi. It shows on a banner. It shows on a business card.

#AIAutomation #Chatbot"
"2026-08-07","Fri","219","LinkedIn","EDUCATE","","271","","Structured data is how Google understands you.

It is a few lines of JSON. Most sites skip it. That is your opening.

Most of our work is not clever. It is doing the obvious thing properly, and doing it first.

What would you add?

#SouthAfrica #LogoDesign #BrandIdentity"
"2026-08-07","Fri","219","Instagram","EDUCATE","","206","","💡 Write the price down

Hiding it does not make it smaller. It makes you look unsure.

Save this for later.

#SmeSouthAfrica #Entrepreneur #MuleSoo #Pretoria #SouthAfrica #WebDesign #WebDevelopment #NextJS"
"2026-08-07","Fri","219","Facebook","EDUCATE","","165","","💡 Name your pages like a human searches

""Website design Pretoria"" beats ""Solutions"" every time.

Save this for later.

#SmallBusiness #SmeSouthAfrica #Entrepreneur"
"2026-08-07","Fri","219","TikTok","EDUCATE","","194","","Load shedding is a design constraint.

Build for offline-first and intermittent connections. It is not optional here.

Save this one.

#Entrepreneur #MuleSoo #Pretoria #SouthAfrica #AIAutomation"
"2026-08-07","Fri","219","X","EDUCATE","","128","","Your best salesperson is a FAQ page.

It answers the objection you are too polite to bring up.

#Chatbot #ArtificialIntelligence"
"2026-08-08","Sat","220","LinkedIn","PROOF","YES","292","","The problem they came to us with:

[REAL RESULT: their words describing the pain, then what it looks like now]

What we built: qr codes — a branded code that tells you who scanned it and when.

Happy to walk anyone through how it works. No pitch.

#SmallBusiness #SmeSouthAfrica #Entrepreneur"
"2026-08-08","Sat","220","Instagram","PROOF","YES","285","","Here is the whole build, honestly:

[REAL RESULT: what went well, what did not, what you would do differently]

Website design: a site that turns visitors into paying clients.

mulesoo.com

#Entrepreneur #MuleSoo #Pretoria #SouthAfrica #WebDesign #WebDevelopment #NextJS #SmallBusiness"
"2026-08-08","Sat","220","Facebook","PROOF","YES","245","","A client said this last week:

[REAL RESULT: a verbatim quote, with their name and business, used with permission]

Auto Pilot systems: bookings, payments and reminders running without you.

DM us

#Chatbot #ArtificialIntelligence #SmallBusiness"
"2026-08-08","Sat","220","TikTok","PROOF","YES","169","","They almost did not call us.

[REAL RESULT: the objection they had, and what changed their mind]

mulesoo.com

#MuleSoo #Pretoria #SouthAfrica #LogoDesign #BrandIdentity"
"2026-08-08","Sat","220","X","PROOF","YES","127","","We turned down this brief.

[REAL RESULT: a project you declined and why — nothing builds trust faster]

#NextJS #SmallBusiness"
"2026-08-09","Sun","221","LinkedIn","MYTH","","243","","A myth I hear constantly: ""A good website costs six figures.""

It does not. It costs clarity about what the site is for. We start at R3,500.

Disagree? Genuinely interested — the comments are open.

#SmeSouthAfrica #Entrepreneur #SmallBusiness"
"2026-08-09","Sun","221","Instagram","MYTH","","216","","❌ Myth: ""I will do the website myself, later.""

✅ Truth: ""Later"" is doing a lot of work in that sentence.

#MuleSoo #Pretoria #SouthAfrica #AIAutomation #Chatbot #ArtificialIntelligence #SmallBusiness #SmeSouthAfrica"
"2026-08-09","Sun","221","Facebook","MYTH","","195","","❌ Myth: ""We will fix the website after we get customers.""

✅ Truth: The website is how you get the customers. You have the order backwards.

#ArtificialIntelligence #SmallBusiness #SmeSouthAfrica"
"2026-08-09","Sun","221","TikTok","MYTH","","171","","Myth: ""Dark mode is a feature.""

Truth: It is a preference. Your broken checkout is a feature request.

#Pretoria #SouthAfrica #SmallBusiness #SmeSouthAfrica #Entrepreneur"
"2026-08-09","Sun","221","X","MYTH","","161","","""Our industry is different.""

Your industry has a booking form, an invoice, and a customer who wants an answer. Same as everyone.

#SmallBusiness #SmeSouthAfrica"
"2026-08-10","Mon","222","LinkedIn","BEHIND","","194","","Our own admin panel logs every action. If we break something, we can prove when and how.

Small things, compounded. That is the whole job.

#ArtificialIntelligence #SmallBusiness #SmeSouthAfrica"
"2026-08-10","Mon","222","Instagram","BEHIND","","239","","Behind the scenes 🛠️

Every MuleSoo build ships with the source code. You own it. If you fire us tomorrow, you keep everything.

#Pretoria #SouthAfrica #LogoDesign #BrandIdentity #GraphicDesign #SmallBusiness #SmeSouthAfrica #Entrepreneur"
"2026-08-10","Mon","222","Facebook","BEHIND","","167","","Behind the scenes 🛠️

We do not use website builders. Next.js, Tailwind, Supabase. The same stack Vercel and Linear run.

#SmallBusiness #SmeSouthAfrica #Entrepreneur"
"2026-08-10","Mon","222","TikTok","BEHIND","","198","","We keep a checklist of things that quietly break: contact forms, SSL renewals, sitemap submissions. Most agencies do not check any of them.

#SouthAfrica #SmallBusiness #SmeSouthAfrica #Entrepreneur"
"2026-08-10","Mon","222","X","BEHIND","","106","","Nobody asks about the database schema. Everybody feels it when it is wrong.

#SmeSouthAfrica #Entrepreneur"
"2026-08-11","Tue","223","LinkedIn","PROMO","","226","","AI automation — custom.

What you actually get: the admin work doing itself.

No contracts, no setup fees. If it is not a fit we will say so on the call.

mulesoo.com/ai-automation

#SmallBusiness #SmeSouthAfrica #Entrepreneur"
"2026-08-11","Tue","223","Instagram","PROMO","","209","","QR codes — from R300 ✨

A branded code that tells you who scanned it and when.

🔒 No contracts. No setup fees.
mulesoo.com/services/qr-codes

#SouthAfrica #SmallBusiness #SmeSouthAfrica #Entrepreneur #MuleSoo"
"2026-08-11","Tue","223","Facebook","PROMO","","188","","Website design — from R3,500 ✨

A site that turns visitors into paying clients.

🔒 No contracts. No setup fees.
mulesoo.com/services/website-design

#SmeSouthAfrica #Entrepreneur #MuleSoo"
"2026-08-11","Tue","223","TikTok","PROMO","","175","","Auto Pilot systems, custom.

bookings, payments and reminders running without you.

Link in bio.

#AIAutomation #Chatbot #ArtificialIntelligence #SmallBusiness #SmeSouthAfrica"
"2026-08-11","Tue","223","X","PROMO","","131","","Logo & brand identity — a brand people remember after one look.
from R800.
mulesoo.com/services/logo-design

#Entrepreneur #MuleSoo"
"2026-08-12","Wed","224","LinkedIn","HUMAN","","187","","If your password is your business name and the year, we need to talk before we talk about websites.

(It is Friday. Normal service resumes Monday.)

#SmeSouthAfrica #Entrepreneur #MuleSoo"
"2026-08-12","Wed","224","Instagram","HUMAN","","156","","The two hardest problems in tech: naming things, cache invalidation, and off-by-one errors.

#SmallBusiness #SmeSouthAfrica #Entrepreneur #MuleSoo #Pretoria"
"2026-08-12","Wed","224","Facebook","HUMAN","","107","","You do not need a metaverse strategy. You need your contact form to work.

#Entrepreneur #MuleSoo #Pretoria"
"2026-08-12","Wed","224","TikTok","HUMAN","","154","","Every logo revision request arrives at 11:47pm. We have stopped asking why.

#Chatbot #ArtificialIntelligence #SmallBusiness #SmeSouthAfrica #Entrepreneur"
"2026-08-12","Wed","224","X","HUMAN","","103","","The client always knows what they do not want. Our job is to find out what they do.

#MuleSoo #Pretoria"
"2026-08-13","Thu","225","LinkedIn","PROBLEM","","325","","You are paying for a website you cannot edit.

Every text change costs you a phone call and three days.

We see this weekly with South African businesses. It is almost never a budget problem — it is a ""nobody told me this was costing me money"" problem.

If that sounded familiar: mulesoo.com

#Entrepreneur #MuleSoo #Pretoria"
"2026-08-13","Thu","225","Instagram","PROBLEM","","239","","Your site works. On Chrome. On your machine 👀

Safari on an old iPhone is where websites go to die.

We fix exactly this. DM us

#Chatbot #ArtificialIntelligence #SmallBusiness #SmeSouthAfrica #Entrepreneur #MuleSoo #Pretoria #SouthAfrica"
"2026-08-13","Thu","225","Facebook","PROBLEM","","202","","Your website loads in 6 seconds 👀

Half your visitors left before it finished. Speed is not a luxury; it is the whole shop door.

We fix exactly this. wa.me/27688529333

#MuleSoo #Pretoria #SouthAfrica"
"2026-08-13","Thu","225","TikTok","PROBLEM","","158","","You lose leads at 7pm.

Your competitors do not. Their chatbot picked up.

Fix it → mulesoo.com

#NextJS #SmallBusiness #SmeSouthAfrica #Entrepreneur #MuleSoo"
"2026-08-13","Thu","225","X","PROBLEM","","95","","Your staff share one login.

That is not a system. That is a liability.

#Pretoria #SouthAfrica"
"2026-08-14","Fri","226","LinkedIn","EDUCATE","","243","","Every form field costs you customers.

Ask for what you need to reply. Everything else can wait.

Most of our work is not clever. It is doing the obvious thing properly, and doing it first.

What would you add?

#MuleSoo #Pretoria #SouthAfrica"
"2026-08-14","Fri","226","Instagram","EDUCATE","","223","","💡 Email is not dead. Your email design is

Plain text, one link, sent from a person.

Save this for later.

#ArtificialIntelligence #SmallBusiness #SmeSouthAfrica #Entrepreneur #MuleSoo #Pretoria #SouthAfrica #AIAutomation"
"2026-08-14","Fri","226","Facebook","EDUCATE","","166","","💡 Your homepage has one job

Say what you do, who for, and what to click. Everything else is decoration.

Save this for later.

#Pretoria #SouthAfrica #SmallBusiness"
"2026-08-14","Fri","226","TikTok","EDUCATE","","193","","Mobile-first is not a style. It is arithmetic.

Most South African traffic is mobile. Design there and scale up.

Save this one.

#SmallBusiness #SmeSouthAfrica #Entrepreneur #MuleSoo #Pretoria"
"2026-08-14","Fri","226","X","EDUCATE","","130","","A QR code with no tracking is a leaflet.

If you cannot count the scans, you cannot tell if it worked.

#SouthAfrica #AIAutomation"
"2026-08-15","Sat","227","LinkedIn","PROOF","YES","319","","Six months on, is it still working?

[REAL RESULT: a follow-up result from an older client — these are the most credible posts you will ever publish]

What we built: logo & brand identity — a brand people remember after one look.

Happy to walk anyone through how it works. No pitch.

#Pretoria #SouthAfrica #LogoDesign"
"2026-08-15","Sat","227","Instagram","PROOF","YES","315","","The problem they came to us with:

[REAL RESULT: their words describing the pain, then what it looks like now]

Custom web apps: the internal tool your business actually needs.

mulesoo.com/services/custom-apps

#SmallBusiness #SmeSouthAfrica #Entrepreneur #MuleSoo #Pretoria #SouthAfrica #WebDesign #WebDevelopment"
"2026-08-15","Sat","227","Facebook","PROOF","YES","245","","Here is the whole build, honestly:

[REAL RESULT: what went well, what did not, what you would do differently]

Business email: an @yourdomain address that stops you looking like a hobby.

mulesoo.com

#SouthAfrica #SmallBusiness #SmeSouthAfrica"
"2026-08-15","Sat","227","TikTok","PROOF","YES","190","","A client said this last week:

[REAL RESULT: a verbatim quote, with their name and business, used with permission]

mulesoo.com

#SmeSouthAfrica #Entrepreneur #MuleSoo #Pretoria #SouthAfrica"
"2026-08-15","Sat","227","X","PROOF","YES","120","","They almost did not call us.

[REAL RESULT: the objection they had, and what changed their mind]

#AIAutomation #Chatbot"
"2026-08-16","Sun","228","LinkedIn","MYTH","","222","","A myth I hear constantly: ""Chatbots annoy customers.""

Bad ones do. So do phone queues, and you still have one of those.

Disagree? Genuinely interested — the comments are open.

#SouthAfrica #SmallBusiness #SmeSouthAfrica"
"2026-08-16","Sun","228","Instagram","MYTH","","218","","❌ Myth: ""A template is the same as custom.""

✅ Truth: Until you need it to do the one thing your business actually does.

#SmeSouthAfrica #Entrepreneur #MuleSoo #Pretoria #SouthAfrica #WebDesign #WebDevelopment #NextJS"
"2026-08-16","Sun","228","Facebook","MYTH","","152","","❌ Myth: ""AI writes our content now.""

✅ Truth: And your readers can tell. Use it to think, not to speak.

#AIAutomation #Chatbot #ArtificialIntelligence"
"2026-08-16","Sun","228","TikTok","MYTH","","186","","Myth: ""A good website costs six figures.""

Truth: It does not. It costs clarity about what the site is for. We start at R3,500.

#Entrepreneur #MuleSoo #Pretoria #SouthAfrica #LogoDesign"
"2026-08-16","Sun","228","X","MYTH","","113","","""I will do the website myself, later.""

""Later"" is doing a lot of work in that sentence.

#WebDevelopment #NextJS"
"2026-08-17","Mon","229","LinkedIn","BEHIND","","172","","The chatbot on our own site is the same one we sell. We eat our own cooking.

Small things, compounded. That is the whole job.

#SmallBusiness #SmeSouthAfrica #Entrepreneur"
"2026-08-17","Mon","229","Instagram","BEHIND","","202","","Behind the scenes 🛠️

Half of what we do is talking people out of features they do not need.

#Entrepreneur #MuleSoo #Pretoria #SouthAfrica #AIAutomation #Chatbot #ArtificialIntelligence #SmallBusiness"
"2026-08-17","Mon","229","Facebook","BEHIND","","171","","Behind the scenes 🛠️

Wrote the copy before the design today. It is always the right order and we always want to skip it.

#Chatbot #ArtificialIntelligence #SmallBusiness"
"2026-08-17","Mon","229","TikTok","BEHIND","","153","","We write the refund terms before the invoice. Awkward conversations are cheaper up front.

#MuleSoo #Pretoria #SouthAfrica #SmallBusiness #SmeSouthAfrica"
"2026-08-17","Mon","229","X","BEHIND","","97","","Shipped a fix at 6am so nobody would notice the downtime. Nobody noticed.

#NextJS #SmallBusiness"
"2026-08-18","Tue","230","LinkedIn","PROMO","","264","","Auto Pilot systems — custom.

What you actually get: bookings, payments and reminders running without you.

No contracts, no setup fees. If it is not a fit we will say so on the call.

mulesoo.com/services/autopilot

#Chatbot #ArtificialIntelligence #SmallBusiness"
"2026-08-18","Tue","230","Instagram","PROMO","","248","","Logo & brand identity — from R800 ✨

A brand people remember after one look.

🔒 No contracts. No setup fees.
mulesoo.com/services/logo-design

#MuleSoo #Pretoria #SouthAfrica #LogoDesign #BrandIdentity #GraphicDesign #SmallBusiness #SmeSouthAfrica"
"2026-08-18","Tue","230","Facebook","PROMO","","181","","Custom web apps — custom ✨

The internal tool your business actually needs.

🔒 No contracts. No setup fees.
mulesoo.com/services/custom-apps

#NextJS #SmallBusiness #SmeSouthAfrica"
"2026-08-18","Tue","230","TikTok","PROMO","","170","","Business email, from R400.

an @yourdomain address that stops you looking like a hobby.

Link in bio.

#Pretoria #SouthAfrica #SmallBusiness #SmeSouthAfrica #Entrepreneur"
"2026-08-18","Tue","230","X","PROMO","","147","","AI chatbots — a assistant that answers customers at 2am so you can sleep.
from R2,500.
mulesoo.com/services/chatbot

#SmallBusiness #SmeSouthAfrica"
"2026-08-19","Wed","231","LinkedIn","HUMAN","","195","","Building in Pretoria, shipping to the continent. Load shedding is just a deployment window.

(It is Friday. Normal service resumes Monday.)

#ArtificialIntelligence #SmallBusiness #SmeSouthAfrica"
"2026-08-19","Wed","231","Instagram","HUMAN","","138","","Our chatbot is more polite than we are before 8am. That is by design.

#Pretoria #SouthAfrica #SmallBusiness #SmeSouthAfrica #Entrepreneur"
"2026-08-19","Wed","231","Facebook","HUMAN","","94","","Coffee is a build dependency. It is in the docs.

#SmallBusiness #SmeSouthAfrica #Entrepreneur"
"2026-08-19","Wed","231","TikTok","HUMAN","","154","","A designer, a developer and a client walk into a meeting. The scope walks out.

#SouthAfrica #AIAutomation #Chatbot #ArtificialIntelligence #SmallBusiness"
"2026-08-19","Wed","231","X","HUMAN","","127","","Reminder that ""make it pop"" is not a design brief, but we will figure out what you meant anyway.

#SmeSouthAfrica #Entrepreneur"
"2026-08-20","Thu","232","LinkedIn","PROBLEM","","341","","Your best client found you by accident.

Imagine if that was a system instead of luck.

We see this weekly with South African businesses. It is almost never a budget problem — it is a ""nobody told me this was costing me money"" problem.

If that sounded familiar: mulesoo.com/services/custom-apps

#SmallBusiness #SmeSouthAfrica #Entrepreneur"
"2026-08-20","Thu","232","Instagram","PROBLEM","","224","","Your business email is a gmail address 👀

Corporate clients notice. They will not say anything. They will just not reply.

We fix exactly this. mulesoo.com

#SouthAfrica #SmallBusiness #SmeSouthAfrica #Entrepreneur #MuleSoo"
"2026-08-20","Thu","232","Facebook","PROBLEM","","168","","You are quoting by hand every time 👀

That is four hours a week. That is five working weeks a year.

We fix exactly this. DM us

#SmeSouthAfrica #Entrepreneur #MuleSoo"
"2026-08-20","Thu","232","TikTok","PROBLEM","","200","","Your contact form goes nowhere.

We have checked dozens. About a third are broken and nobody knows.

Fix it → mulesoo.com

#AIAutomation #Chatbot #ArtificialIntelligence #SmallBusiness #SmeSouthAfrica"
"2026-08-20","Thu","232","X","PROBLEM","","126","","Your team shares files over WhatsApp.

Somewhere in that chat is the only copy of something important.

#Entrepreneur #MuleSoo"
"2026-08-21","Fri","233","LinkedIn","EDUCATE","","238","","Measure one number.

Enquiries per week. If it does not move that, it is decoration.

Most of our work is not clever. It is doing the obvious thing properly, and doing it first.

What would you add?

#SmeSouthAfrica #Entrepreneur #MuleSoo"
"2026-08-21","Fri","233","Instagram","EDUCATE","","215","","💡 Nobody reads. They scan

Short paragraphs. Real headings. One idea per screen.

Save this for later.

#AIAutomation #Chatbot #ArtificialIntelligence #SmallBusiness #SmeSouthAfrica #Entrepreneur #MuleSoo #Pretoria"
"2026-08-21","Fri","233","Facebook","EDUCATE","","181","","💡 Speed comes from what you do not load

Fonts, sliders, video backgrounds, tracking scripts. Delete first, optimise second.

Save this for later.

#Entrepreneur #MuleSoo #Pretoria"
"2026-08-21","Fri","233","TikTok","EDUCATE","","193","","Your reviews are your SEO.

A Google Business Profile with real reviews outranks a prettier site with none.

Save this one.

#WebDevelopment #NextJS #SmallBusiness #SmeSouthAfrica #Entrepreneur"
"2026-08-21","Fri","233","X","EDUCATE","","100","","Your 404 page is a sales page.

Someone is lost and still interested. Help them.

#MuleSoo #Pretoria"
"2026-08-22","Sat","234","LinkedIn","PROOF","YES","288","","This used to take four hours a week.

[REAL RESULT: the manual task you automated, and the hours it now takes]

What we built: ai chatbots — a assistant that answers customers at 2am so you can sleep.

Happy to walk anyone through how it works. No pitch.

#Entrepreneur #MuleSoo #Pretoria"
"2026-08-22","Sat","234","Instagram","PROOF","YES","324","","Six months on, is it still working?

[REAL RESULT: a follow-up result from an older client — these are the most credible posts you will ever publish]

AI automation: the admin work doing itself.

wa.me/27688529333

#Chatbot #ArtificialIntelligence #SmallBusiness #SmeSouthAfrica #Entrepreneur #MuleSoo #Pretoria #SouthAfrica"
"2026-08-22","Sat","234","Facebook","PROOF","YES","240","","The problem they came to us with:

[REAL RESULT: their words describing the pain, then what it looks like now]

QR codes: a branded code that tells you who scanned it and when.

mulesoo.com/services/qr-codes

#MuleSoo #Pretoria #SouthAfrica"
"2026-08-22","Sat","234","TikTok","PROOF","YES","186","","Here is the whole build, honestly:

[REAL RESULT: what went well, what did not, what you would do differently]

mulesoo.com

#NextJS #SmallBusiness #SmeSouthAfrica #Entrepreneur #MuleSoo"
"2026-08-22","Sat","234","X","PROOF","YES","138","","A client said this last week:

[REAL RESULT: a verbatim quote, with their name and business, used with permission]

#Pretoria #SouthAfrica"
"2026-08-23","Sun","235","LinkedIn","MYTH","","220","","A myth I hear constantly: ""We need to be on every platform.""

You need to be excellent on one. Pick where your buyers already are.

Disagree? Genuinely interested — the comments are open.

#MuleSoo #Pretoria #SouthAfrica"
"2026-08-23","Sun","235","Instagram","MYTH","","224","","❌ Myth: ""Analytics is spying on customers.""

✅ Truth: Knowing which page loses people is not surveillance. It is basic hygiene.

#NextJS #SmallBusiness #SmeSouthAfrica #Entrepreneur #MuleSoo #Pretoria #SouthAfrica #WebDesign"
"2026-08-23","Sun","235","Facebook","MYTH","","179","","❌ Myth: ""SEO is a scam.""

✅ Truth: Half the industry, yes. The other half is: fast pages, real content, and telling Google your pages exist.

#Pretoria #SouthAfrica #SmallBusiness"
"2026-08-23","Sun","235","TikTok","MYTH","","172","","Myth: ""Chatbots annoy customers.""

Truth: Bad ones do. So do phone queues, and you still have one of those.

#SmallBusiness #SmeSouthAfrica #Entrepreneur #MuleSoo #Pretoria"
"2026-08-23","Sun","235","X","MYTH","","131","","""A template is the same as custom.""

Until you need it to do the one thing your business actually does.

#SouthAfrica #AIAutomation"
"2026-08-24","Mon","236","LinkedIn","BEHIND","","188","","Deleted 6MB of unused JavaScript from a client build today. The site did not lose a single feature.

Small things, compounded. That is the whole job.

#Pretoria #SouthAfrica #SmallBusiness"
"2026-08-24","Mon","236","Instagram","BEHIND","","209","","Behind the scenes 🛠️

Reviewed our own site on a 3G connection this week. Humbling. Fixed three things.

#SmallBusiness #SmeSouthAfrica #Entrepreneur #MuleSoo #Pretoria #SouthAfrica #WebDesign #WebDevelopment"
"2026-08-24","Mon","236","Facebook","BEHIND","","133","","Behind the scenes 🛠️

Turned off a client's auto-playing video. Bounce rate dropped by a third.

#SouthAfrica #AIAutomation #Chatbot"
"2026-08-24","Mon","236","TikTok","BEHIND","","189","","Spent the morning cutting 4MB of unused fonts off a client site. Load time went from 5.1s to 1.3s. No redesign. Just deleting.

#SmeSouthAfrica #Entrepreneur #MuleSoo #Pretoria #SouthAfrica"
"2026-08-24","Mon","236","X","BEHIND","","145","","Found a client site telling Google every page was a duplicate of the homepage. 219 pages invisible. One line of code.

#WebDesign #WebDevelopment"
"2026-08-25","Tue","237","LinkedIn","PROMO","","267","","Business email — from R400.

What you actually get: an @yourdomain address that stops you looking like a hobby.

No contracts, no setup fees. If it is not a fit we will say so on the call.

mulesoo.com/services/email-setup

#SouthAfrica #SmallBusiness #SmeSouthAfrica"
"2026-08-25","Tue","237","Instagram","PROMO","","260","","AI chatbots — from R2,500 ✨

A assistant that answers customers at 2am so you can sleep.

🔒 No contracts. No setup fees.
mulesoo.com/services/chatbot

#SmeSouthAfrica #Entrepreneur #MuleSoo #Pretoria #SouthAfrica #AIAutomation #Chatbot #ArtificialIntelligence"
"2026-08-25","Tue","237","Facebook","PROMO","","161","","AI automation — custom ✨

The admin work doing itself.

🔒 No contracts. No setup fees.
mulesoo.com/ai-automation

#AIAutomation #Chatbot #ArtificialIntelligence"
"2026-08-25","Tue","237","TikTok","PROMO","","152","","QR codes, from R300.

a branded code that tells you who scanned it and when.

Link in bio.

#Entrepreneur #MuleSoo #Pretoria #SouthAfrica #SmallBusiness"
"2026-08-25","Tue","237","X","PROMO","","138","","Website design — a site that turns visitors into paying clients.
from R3,500.
mulesoo.com/services/website-design

#WebDevelopment #NextJS"
"2026-08-26","Wed","238","LinkedIn","HUMAN","","208","","The website is finished. The website is never finished. Both statements are true and we have made peace with it.

(It is Friday. Normal service resumes Monday.)

#AIAutomation #Chatbot #ArtificialIntelligence"
"2026-08-26","Wed","238","Instagram","HUMAN","","186","","Somebody somewhere is still using Comic Sans on an invoice, and honestly, respect.

#Entrepreneur #MuleSoo #Pretoria #SouthAfrica #LogoDesign #BrandIdentity #GraphicDesign #SmallBusiness"
"2026-08-26","Wed","238","Facebook","HUMAN","","97","","Pretoria traffic is our staging environment for patience.

#WebDevelopment #NextJS #SmallBusiness"
"2026-08-26","Wed","238","TikTok","HUMAN","","148","","Nothing humbles you like opening your own website on someone else's cracked Android.

#MuleSoo #Pretoria #SouthAfrica #SmallBusiness #SmeSouthAfrica"
"2026-08-26","Wed","238","X","HUMAN","","124","","Every founder thinks their industry is different. Every industry has a booking form.

#ArtificialIntelligence #SmallBusiness"
"2026-08-27","Thu","239","LinkedIn","PROBLEM","","311","","Your booking system is a notebook.

One lost page is one lost month.

We see this weekly with South African businesses. It is almost never a budget problem — it is a ""nobody told me this was costing me money"" problem.

If that sounded familiar: wa.me/27688529333

#Chatbot #ArtificialIntelligence #SmallBusiness"
"2026-08-27","Thu","239","Instagram","PROBLEM","","217","","Your invoices go out late 👀

Cash flow is not a maths problem. It is an admin problem.

We fix exactly this. mulesoo.com/services/qr-codes

#MuleSoo #Pretoria #SouthAfrica #SmallBusiness #SmeSouthAfrica #Entrepreneur"
"2026-08-27","Thu","239","Facebook","PROBLEM","","158","","You reply to enquiries in two days 👀

The one who replied in two hours got the job.

We fix exactly this. mulesoo.com

#NextJS #SmallBusiness #SmeSouthAfrica"
"2026-08-27","Thu","239","TikTok","PROBLEM","","197","","You post on social media and nothing happens.

Because the link goes to a homepage instead of an answer.

Fix it → mulesoo.com

#Pretoria #SouthAfrica #AIAutomation #Chatbot #ArtificialIntelligence"
"2026-08-27","Thu","239","X","PROBLEM","","115","","You track nothing.

So every marketing decision you make is a guess wearing a suit.

#SmallBusiness #SmeSouthAfrica"
"2026-08-28","Fri","240","LinkedIn","EDUCATE","","271","","A chatbot is not a robot receptionist.

It is a filter. It catches the easy 70% so a human handles the 30% that pays.

Most of our work is not clever. It is doing the obvious thing properly, and doing it first.

What would you add?

#NextJS #SmallBusiness #SmeSouthAfrica"
"2026-08-28","Fri","240","Instagram","EDUCATE","","209","","💡 Structured data is how Google understands you

It is a few lines of JSON. Most sites skip it. That is your opening.

Save this for later.

#Pretoria #SouthAfrica #SmallBusiness #SmeSouthAfrica #Entrepreneur"
"2026-08-28","Fri","240","Facebook","EDUCATE","","154","","💡 Write the price down

Hiding it does not make it smaller. It makes you look unsure.

Save this for later.

#SmallBusiness #SmeSouthAfrica #Entrepreneur"
"2026-08-28","Fri","240","TikTok","EDUCATE","","187","","Name your pages like a human searches.

""Website design Pretoria"" beats ""Solutions"" every time.

Save this one.

#SouthAfrica #AIAutomation #Chatbot #ArtificialIntelligence #SmallBusiness"
"2026-08-28","Fri","240","X","EDUCATE","","148","","Load shedding is a design constraint.

Build for offline-first and intermittent connections. It is not optional here.

#SmeSouthAfrica #Entrepreneur"
"2026-08-29","Sat","241","LinkedIn","PROOF","YES","287","","Before and after 👇

[REAL RESULT: the one number that changed — load time, bookings, no-shows, enquiries]

What we built: website design — a site that turns visitors into paying clients.

Happy to walk anyone through how it works. No pitch.

#SmallBusiness #SmeSouthAfrica #Entrepreneur"
"2026-08-29","Sat","241","Instagram","PROOF","YES","307","","This used to take four hours a week.

[REAL RESULT: the manual task you automated, and the hours it now takes]

Auto Pilot systems: bookings, payments and reminders running without you.

DM us

#SouthAfrica #AIAutomation #Chatbot #ArtificialIntelligence #SmallBusiness #SmeSouthAfrica #Entrepreneur #MuleSoo"
"2026-08-29","Sat","241","Facebook","PROOF","YES","272","","Six months on, is it still working?

[REAL RESULT: a follow-up result from an older client — these are the most credible posts you will ever publish]

Logo & brand identity: a brand people remember after one look.

wa.me/27688529333

#SmeSouthAfrica #Entrepreneur #MuleSoo"
"2026-08-29","Sat","241","TikTok","PROOF","YES","190","","The problem they came to us with:

[REAL RESULT: their words describing the pain, then what it looks like now]

mulesoo.com

#WebDesign #WebDevelopment #NextJS #SmallBusiness #SmeSouthAfrica"
"2026-08-29","Sat","241","X","PROOF","YES","134","","Here is the whole build, honestly:

[REAL RESULT: what went well, what did not, what you would do differently]

#Entrepreneur #MuleSoo"
"2026-08-30","Sun","242","LinkedIn","MYTH","","219","","A myth I hear constantly: ""Cheap now, redo it later.""

Later costs the original price plus the rebuild plus the lost year.

Disagree? Genuinely interested — the comments are open.

#SmeSouthAfrica #Entrepreneur #MuleSoo"
"2026-08-30","Sun","242","Instagram","MYTH","","228","","❌ Myth: ""Nobody in South Africa buys online.""

✅ Truth: Your customers are already buying online. Just not from you.

#AIAutomation #Chatbot #ArtificialIntelligence #SmallBusiness #SmeSouthAfrica #Entrepreneur #MuleSoo #Pretoria"
"2026-08-30","Sun","242","Facebook","MYTH","","145","","❌ Myth: ""Just boost the post.""

✅ Truth: Boosting a post that points at a broken site is paying to lose faster.

#Entrepreneur #MuleSoo #Pretoria"
"2026-08-30","Sun","242","TikTok","MYTH","","187","","Myth: ""We need to be on every platform.""

Truth: You need to be excellent on one. Pick where your buyers already are.

#WebDevelopment #NextJS #SmallBusiness #SmeSouthAfrica #Entrepreneur"
"2026-08-30","Sun","242","X","MYTH","","130","","""Analytics is spying on customers.""

Knowing which page loses people is not surveillance. It is basic hygiene.

#MuleSoo #Pretoria"
"2026-08-31","Mon","243","LinkedIn","BEHIND","","164","","Two hours today spent on a single button. It is the button that takes the money.

Small things, compounded. That is the whole job.

#Entrepreneur #MuleSoo #Pretoria"
"2026-08-31","Mon","243","Instagram","BEHIND","","207","","Behind the scenes 🛠️

A ""quick change"" is never quick. An honest estimate is worth more than a fast yes.

#WebDevelopment #NextJS #SmallBusiness #SmeSouthAfrica #Entrepreneur #MuleSoo #Pretoria #SouthAfrica"
"2026-08-31","Mon","243","Facebook","BEHIND","","158","","Behind the scenes 🛠️

We test every page at 375px before we call it done. That is an iPhone SE. If it works there, it works.

#MuleSoo #Pretoria #SouthAfrica"
"2026-08-31","Mon","243","TikTok","BEHIND","","171","","A client asked if we could make the site load faster. We removed the video background. Done.

#ArtificialIntelligence #SmallBusiness #SmeSouthAfrica #Entrepreneur #MuleSoo"
"2026-08-31","Mon","243","X","BEHIND","","82","","A client wanted 14 pages. We shipped 5. Enquiries went up.

#Pretoria #SouthAfrica"
"2026-09-01","Tue","244","LinkedIn","PROMO","","241","","QR codes — from R300.

What you actually get: a branded code that tells you who scanned it and when.

No contracts, no setup fees. If it is not a fit we will say so on the call.

mulesoo.com/services/qr-codes

#MuleSoo #Pretoria #SouthAfrica"
"2026-09-01","Tue","244","Instagram","PROMO","","245","","Website design — from R3,500 ✨

A site that turns visitors into paying clients.

🔒 No contracts. No setup fees.
mulesoo.com/services/website-design

#NextJS #SmallBusiness #SmeSouthAfrica #Entrepreneur #MuleSoo #Pretoria #SouthAfrica #WebDesign"
"2026-09-01","Tue","244","Facebook","PROMO","","186","","Auto Pilot systems — custom ✨

Bookings, payments and reminders running without you.

🔒 No contracts. No setup fees.
mulesoo.com/services/autopilot

#Pretoria #SouthAfrica #AIAutomation"
"2026-09-01","Tue","244","TikTok","PROMO","","153","","Logo & brand identity, from R800.

a brand people remember after one look.

Link in bio.

#SmallBusiness #SmeSouthAfrica #Entrepreneur #MuleSoo #Pretoria"
"2026-09-01","Tue","244","X","PROMO","","131","","Custom web apps — the internal tool your business actually needs.
custom.
mulesoo.com/services/custom-apps

#SouthAfrica #WebDesign"
"2026-09-02","Wed","245","LinkedIn","HUMAN","","144","","Testing on your own phone is not testing. It is optimism.

(It is Friday. Normal service resumes Monday.)

#Pretoria #SouthAfrica #SmallBusiness"
"2026-09-02","Wed","245","Instagram","HUMAN","","191","","Ninety percent of ""the site is down"" is the wifi. The other ten percent keeps us employed.

#SmallBusiness #SmeSouthAfrica #Entrepreneur #MuleSoo #Pretoria #SouthAfrica #AIAutomation #Chatbot"
"2026-09-02","Wed","245","Facebook","HUMAN","","108","","We measure success in fewer WhatsApp messages at 11pm. Yours, not ours.

#SouthAfrica #AIAutomation #Chatbot"
"2026-09-02","Wed","245","TikTok","HUMAN","","153","","Somewhere out there a business is losing a client right now because their email is @gmail.

#SmeSouthAfrica #Entrepreneur #MuleSoo #Pretoria #SouthAfrica"
"2026-09-02","Wed","245","X","HUMAN","","117","","We named the company MuleSoo because it carries heavy things without complaining. Mostly.

#WebDesign #WebDevelopment"
"2026-09-03","Thu","246","LinkedIn","PROBLEM","","301","","You have no idea where clients come from.

So you cannot spend more on what works.

We see this weekly with South African businesses. It is almost never a budget problem — it is a ""nobody told me this was costing me money"" problem.

If that sounded familiar: DM us

#SouthAfrica #AIAutomation #Chatbot"
"2026-09-03","Thu","246","Instagram","PROBLEM","","250","","You are paying for a website you cannot edit 👀

Every text change costs you a phone call and three days.

We fix exactly this. wa.me/27688529333

#SmeSouthAfrica #Entrepreneur #MuleSoo #Pretoria #SouthAfrica #LogoDesign #BrandIdentity #GraphicDesign"
"2026-09-03","Thu","246","Facebook","PROBLEM","","191","","Your site works. On Chrome. On your machine 👀

Safari on an old iPhone is where websites go to die.

We fix exactly this. mulesoo.com/services/custom-apps

#WebDesign #WebDevelopment #NextJS"
"2026-09-03","Thu","246","TikTok","PROBLEM","","211","","Your website loads in 6 seconds.

Half your visitors left before it finished. Speed is not a luxury; it is the whole shop door.

Fix it → mulesoo.com

#Entrepreneur #MuleSoo #Pretoria #SouthAfrica #SmallBusiness"
"2026-09-03","Thu","246","X","PROBLEM","","107","","You lose leads at 7pm.

Your competitors do not. Their chatbot picked up.

#Chatbot #ArtificialIntelligence"
"2026-09-04","Fri","247","LinkedIn","EDUCATE","","287","","Automate the boring, not the human.

Nobody wants an AI to write their condolence note. Everyone wants one to chase invoices.

Most of our work is not clever. It is doing the obvious thing properly, and doing it first.

What would you add?

#AIAutomation #Chatbot #ArtificialIntelligence"
"2026-09-04","Fri","247","Instagram","EDUCATE","","198","","💡 Every form field costs you customers

Ask for what you need to reply. Everything else can wait.

Save this for later.

#Entrepreneur #MuleSoo #Pretoria #SouthAfrica #SmallBusiness #SmeSouthAfrica"
"2026-09-04","Fri","247","Facebook","EDUCATE","","147","","💡 Email is not dead. Your email design is

Plain text, one link, sent from a person.

Save this for later.

#WebDevelopment #NextJS #SmallBusiness"
"2026-09-04","Fri","247","TikTok","EDUCATE","","175","","Your homepage has one job.

Say what you do, who for, and what to click. Everything else is decoration.

Save this one.

#MuleSoo #Pretoria #SouthAfrica #AIAutomation #Chatbot"
"2026-09-04","Fri","247","X","EDUCATE","","143","","Mobile-first is not a style. It is arithmetic.

Most South African traffic is mobile. Design there and scale up.

#GraphicDesign #SmallBusiness"
"2026-09-05","Sat","248","LinkedIn","PROOF","YES","256","","Small change. Big number.

[REAL RESULT: the single fix and its measured effect]

What we built: custom web apps — the internal tool your business actually needs.

Happy to walk anyone through how it works. No pitch.

#WebDevelopment #NextJS #SmallBusiness"
"2026-09-05","Sat","248","Instagram","PROOF","YES","274","","Before and after 👇

[REAL RESULT: the one number that changed — load time, bookings, no-shows, enquiries]

Business email: an @yourdomain address that stops you looking like a hobby.

mulesoo.com

#MuleSoo #Pretoria #SouthAfrica #SmallBusiness #SmeSouthAfrica #Entrepreneur"
"2026-09-05","Sat","248","Facebook","PROOF","YES","247","","This used to take four hours a week.

[REAL RESULT: the manual task you automated, and the hours it now takes]

AI chatbots: a assistant that answers customers at 2am so you can sleep.

DM us

#ArtificialIntelligence #SmallBusiness #SmeSouthAfrica"
"2026-09-05","Sat","248","TikTok","PROOF","YES","233","","Six months on, is it still working?

[REAL RESULT: a follow-up result from an older client — these are the most credible posts you will ever publish]

mulesoo.com

#Pretoria #SouthAfrica #AIAutomation #Chatbot #ArtificialIntelligence"
"2026-09-05","Sat","248","X","PROOF","YES","142","","The problem they came to us with:

[REAL RESULT: their words describing the pain, then what it looks like now]

#SmallBusiness #SmeSouthAfrica"
"2026-09-06","Sun","249","LinkedIn","MYTH","","194","","A myth I hear constantly: ""Design is subjective.""

Taste is subjective. Conversion is measurable.

Disagree? Genuinely interested — the comments are open.

#NextJS #SmallBusiness #SmeSouthAfrica"
"2026-09-06","Sun","249","Instagram","MYTH","","213","","❌ Myth: ""Our customers are not online.""

✅ Truth: They are on WhatsApp right now. That is online.

#Pretoria #SouthAfrica #AIAutomation #Chatbot #ArtificialIntelligence #SmallBusiness #SmeSouthAfrica #Entrepreneur"
"2026-09-06","Sun","249","Facebook","MYTH","","136","","❌ Myth: ""Nobody scans QR codes.""

✅ Truth: Every restaurant menu in the country disagrees.

#SmallBusiness #SmeSouthAfrica #Entrepreneur"
"2026-09-06","Sun","249","TikTok","MYTH","","173","","Myth: ""Cheap now, redo it later.""

Truth: Later costs the original price plus the rebuild plus the lost year.

#SouthAfrica #WebDesign #WebDevelopment #NextJS #SmallBusiness"
"2026-09-06","Sun","249","X","MYTH","","130","","""Nobody in South Africa buys online.""

Your customers are already buying online. Just not from you.

#SmeSouthAfrica #Entrepreneur"
"2026-09-07","Mon","250","LinkedIn","BEHIND","","167","","The best compliment we get: ""it just works."" That took the whole month.

Small things, compounded. That is the whole job.

#SmallBusiness #SmeSouthAfrica #Entrepreneur"
"2026-09-07","Mon","250","Instagram","BEHIND","","291","","Behind the scenes 🛠️

Today: rebuilt a business card because the fonts were never actually loading. Everything printed was in the wrong typeface and nobody noticed for months.

#SouthAfrica #AIAutomation #Chatbot #ArtificialIntelligence #SmallBusiness #SmeSouthAfrica #Entrepreneur #MuleSoo"
"2026-09-07","Mon","250","Facebook","BEHIND","","181","","Behind the scenes 🛠️

Our booking system sends the deposit invoice, the confirmation PDF, and the WhatsApp alert. Nobody touches a keyboard.

#SmeSouthAfrica #Entrepreneur #MuleSoo"
"2026-09-07","Mon","250","TikTok","BEHIND","","169","","The QR codes we make track scans. So you know if the flyer worked, or if the flyer was a bin ornament.

#WebDesign #WebDevelopment #NextJS #SmallBusiness #SmeSouthAfrica"
"2026-09-07","Mon","250","X","BEHIND","","104","","Every project starts with the same question: what is the one thing this must do?

#Entrepreneur #MuleSoo"
"2026-09-08","Tue","251","LinkedIn","PROMO","","249","","Logo & brand identity — from R800.

What you actually get: a brand people remember after one look.

No contracts, no setup fees. If it is not a fit we will say so on the call.

mulesoo.com/services/logo-design

#SmeSouthAfrica #Entrepreneur #MuleSoo"
"2026-09-08","Tue","251","Instagram","PROMO","","241","","Custom web apps — custom ✨

The internal tool your business actually needs.

🔒 No contracts. No setup fees.
mulesoo.com/services/custom-apps

#WebDesign #WebDevelopment #NextJS #SmallBusiness #SmeSouthAfrica #Entrepreneur #MuleSoo #Pretoria"
"2026-09-08","Tue","251","Facebook","PROMO","","189","","Business email — from R400 ✨

An @yourdomain address that stops you looking like a hobby.

🔒 No contracts. No setup fees.
mulesoo.com/services/email-setup

#Entrepreneur #MuleSoo #Pretoria"
"2026-09-08","Tue","251","TikTok","PROMO","","179","","AI chatbots, from R2,500.

a assistant that answers customers at 2am so you can sleep.

Link in bio.

#Chatbot #ArtificialIntelligence #SmallBusiness #SmeSouthAfrica #Entrepreneur"
"2026-09-08","Tue","251","X","PROMO","","98","","AI automation — the admin work doing itself.
custom.
mulesoo.com/ai-automation

#MuleSoo #Pretoria"
"2026-09-09","Wed","252","LinkedIn","HUMAN","","164","","Client: ""Can you make the logo bigger?"" Us: ""Yes."" Client: ""Bigger."" Us: ""...Yes.""

(It is Friday. Normal service resumes Monday.)

#Entrepreneur #MuleSoo #Pretoria"
"2026-09-09","Wed","252","Instagram","HUMAN","","208","","""I want it like Apple's site but with more stuff on it"" is a sentence that contains its own contradiction.

#WebDevelopment #NextJS #SmallBusiness #SmeSouthAfrica #Entrepreneur #MuleSoo #Pretoria #SouthAfrica"
"2026-09-09","Wed","252","Facebook","HUMAN","","112","","""Just a small change"" has never once, in recorded history, been a small change.

#MuleSoo #Pretoria #SouthAfrica"
"2026-09-09","Wed","252","TikTok","HUMAN","","148","","""Can you make it look more premium"" — sir, that is a budget, not an adjective.

#GraphicDesign #SmallBusiness #SmeSouthAfrica #Entrepreneur #MuleSoo"
"2026-09-09","Wed","252","X","HUMAN","","106","","We do not do rush jobs. We do ordinary jobs, on time, which turns out to be rarer.

#Pretoria #SouthAfrica"
"2026-09-10","Thu","253","LinkedIn","PROBLEM","","324","","Your online store has no trust signals.

No reviews, no returns policy, no real address. Would you buy?

We see this weekly with South African businesses. It is almost never a budget problem — it is a ""nobody told me this was costing me money"" problem.

If that sounded familiar: mulesoo.com

#MuleSoo #Pretoria #SouthAfrica"
"2026-09-10","Thu","253","Instagram","PROBLEM","","232","","Your best client found you by accident 👀

Imagine if that was a system instead of luck.

We fix exactly this. DM us

#ArtificialIntelligence #SmallBusiness #SmeSouthAfrica #Entrepreneur #MuleSoo #Pretoria #SouthAfrica #AIAutomation"
"2026-09-10","Thu","253","Facebook","PROBLEM","","200","","Your business email is a gmail address 👀

Corporate clients notice. They will not say anything. They will just not reply.

We fix exactly this. wa.me/27688529333

#Pretoria #SouthAfrica #AIAutomation"
"2026-09-10","Thu","253","TikTok","PROBLEM","","185","","You are quoting by hand every time.

That is four hours a week. That is five working weeks a year.

Fix it → mulesoo.com

#SmallBusiness #SmeSouthAfrica #Entrepreneur #MuleSoo #Pretoria"
"2026-09-10","Thu","253","X","PROBLEM","","124","","Your contact form goes nowhere.

We have checked dozens. About a third are broken and nobody knows.

#SouthAfrica #WebDesign"
"2026-09-11","Fri","254","LinkedIn","EDUCATE","","244","","Compress your images before you blame your host.

A 4MB hero image is not a hosting problem.

Most of our work is not clever. It is doing the obvious thing properly, and doing it first.

What would you add?

#Pretoria #SouthAfrica #AIAutomation"
"2026-09-11","Fri","254","Instagram","EDUCATE","","213","","💡 Measure one number

Enquiries per week. If it does not move that, it is decoration.

Save this for later.

#SmallBusiness #SmeSouthAfrica #Entrepreneur #MuleSoo #Pretoria #SouthAfrica #LogoDesign #BrandIdentity"
"2026-09-11","Fri","254","Facebook","EDUCATE","","144","","💡 Nobody reads. They scan

Short paragraphs. Real headings. One idea per screen.

Save this for later.

#SouthAfrica #WebDesign #WebDevelopment"
"2026-09-11","Fri","254","TikTok","EDUCATE","","202","","Speed comes from what you do not load.

Fonts, sliders, video backgrounds, tracking scripts. Delete first, optimise second.

Save this one.

#SmeSouthAfrica #Entrepreneur #MuleSoo #Pretoria #SouthAfrica"
"2026-09-11","Fri","254","X","EDUCATE","","131","","Your reviews are your SEO.

A Google Business Profile with real reviews outranks a prettier site with none.

#AIAutomation #Chatbot"
"2026-09-12","Sat","255","LinkedIn","PROOF","YES","236","","What we shipped this month:

[REAL RESULT: the actual feature, and what it replaced]

What we built: ai automation — the admin work doing itself.

Happy to walk anyone through how it works. No pitch.

#SouthAfrica #AIAutomation #Chatbot"
"2026-09-12","Sat","255","Instagram","PROOF","YES","255","","Small change. Big number.

[REAL RESULT: the single fix and its measured effect]

QR codes: a branded code that tells you who scanned it and when.

mulesoo.com/services/qr-codes

#SmeSouthAfrica #Entrepreneur #MuleSoo #Pretoria #SouthAfrica #SmallBusiness"
"2026-09-12","Sat","255","Facebook","PROOF","YES","220","","Before and after 👇

[REAL RESULT: the one number that changed — load time, bookings, no-shows, enquiries]

Website design: a site that turns visitors into paying clients.

mulesoo.com

#WebDesign #WebDevelopment #NextJS"
"2026-09-12","Sat","255","TikTok","PROOF","YES","184","","This used to take four hours a week.

[REAL RESULT: the manual task you automated, and the hours it now takes]

mulesoo.com

#Entrepreneur #MuleSoo #Pretoria #SouthAfrica #AIAutomation"
"2026-09-12","Sat","255","X","PROOF","YES","180","","Six months on, is it still working?

[REAL RESULT: a follow-up result from an older client — these are the most credible posts you will ever publish]

#BrandIdentity #GraphicDesign"
"2026-09-13","Sun","256","LinkedIn","MYTH","","204","","A myth I hear constantly: ""More pages means better SEO.""

Two hundred thin pages rank worse than ten good ones.

Disagree? Genuinely interested — the comments are open.

#WebDesign #WebDevelopment #NextJS"
"2026-09-13","Sun","256","Instagram","MYTH","","215","","❌ Myth: ""We will launch when it is perfect.""

✅ Truth: You will launch when a competitor forces you to, and it still will not be perfect.

#Entrepreneur #MuleSoo #Pretoria #SouthAfrica #SmallBusiness #SmeSouthAfrica"
"2026-09-13","Sun","256","Facebook","MYTH","","175","","❌ Myth: ""AI will replace my staff.""

✅ Truth: It will replace the parts of their day they hate. That is different, and better.

#Chatbot #ArtificialIntelligence #SmallBusiness"
"2026-09-13","Sun","256","TikTok","MYTH","","140","","Myth: ""Design is subjective.""

Truth: Taste is subjective. Conversion is measurable.

#MuleSoo #Pretoria #SouthAfrica #AIAutomation #Chatbot"
"2026-09-13","Sun","256","X","MYTH","","110","","""Our customers are not online.""

They are on WhatsApp right now. That is online.

#Entrepreneur #SmallBusiness"
"2026-09-14","Mon","257","LinkedIn","BEHIND","","188","","We do not use website builders. Next.js, Tailwind, Supabase. The same stack Vercel and Linear run.

Small things, compounded. That is the whole job.

#WebDevelopment #NextJS #SmallBusiness"
"2026-09-14","Mon","257","Instagram","BEHIND","","273","","Behind the scenes 🛠️

We keep a checklist of things that quietly break: contact forms, SSL renewals, sitemap submissions. Most agencies do not check any of them.

#MuleSoo #Pretoria #SouthAfrica #AIAutomation #Chatbot #ArtificialIntelligence #SmallBusiness #SmeSouthAfrica"
"2026-09-14","Mon","257","Facebook","BEHIND","","145","","Behind the scenes 🛠️

Nobody asks about the database schema. Everybody feels it when it is wrong.

#GraphicDesign #SmallBusiness #SmeSouthAfrica"
"2026-09-14","Mon","257","TikTok","BEHIND","","147","","Our own admin panel logs every action. If we break something, we can prove when and how.

#Pretoria #SouthAfrica #WebDesign #WebDevelopment #NextJS"
"2026-09-14","Mon","257","X","BEHIND","","137","","Every MuleSoo build ships with the source code. You own it. If you fire us tomorrow, you keep everything.

#SmallBusiness #SmeSouthAfrica"
"2026-09-15","Tue","258","LinkedIn","PROMO","","273","","AI chatbots — from R2,500.

What you actually get: a assistant that answers customers at 2am so you can sleep.

No contracts, no setup fees. If it is not a fit we will say so on the call.

mulesoo.com/services/chatbot

#ArtificialIntelligence #SmallBusiness #SmeSouthAfrica"
"2026-09-15","Tue","258","Instagram","PROMO","","229","","AI automation — custom ✨

The admin work doing itself.

🔒 No contracts. No setup fees.
mulesoo.com/ai-automation

#Pretoria #SouthAfrica #AIAutomation #Chatbot #ArtificialIntelligence #SmallBusiness #SmeSouthAfrica #Entrepreneur"
"2026-09-15","Tue","258","Facebook","PROMO","","187","","QR codes — from R300 ✨

A branded code that tells you who scanned it and when.

🔒 No contracts. No setup fees.
mulesoo.com/services/qr-codes

#SmallBusiness #SmeSouthAfrica #Entrepreneur"
"2026-09-15","Tue","258","TikTok","PROMO","","155","","Website design, from R3,500.

a site that turns visitors into paying clients.

Link in bio.

#SouthAfrica #WebDesign #WebDevelopment #NextJS #SmallBusiness"
"2026-09-15","Tue","258","X","PROMO","","144","","Auto Pilot systems — bookings, payments and reminders running without you.
custom.
mulesoo.com/services/autopilot

#SmeSouthAfrica #Entrepreneur"
"2026-09-16","Wed","259","LinkedIn","HUMAN","","167","","You do not need a metaverse strategy. You need your contact form to work.

(It is Friday. Normal service resumes Monday.)

#SmallBusiness #SmeSouthAfrica #Entrepreneur"
"2026-09-16","Wed","259","Instagram","HUMAN","","178","","Every logo revision request arrives at 11:47pm. We have stopped asking why.

#SouthAfrica #WebDesign #WebDevelopment #NextJS #SmallBusiness #SmeSouthAfrica #Entrepreneur #MuleSoo"
"2026-09-16","Wed","259","Facebook","HUMAN","","123","","The client always knows what they do not want. Our job is to find out what they do.

#SmeSouthAfrica #Entrepreneur #MuleSoo"
"2026-09-16","Wed","259","TikTok","HUMAN","","178","","If your password is your business name and the year, we need to talk before we talk about websites.

#AIAutomation #Chatbot #ArtificialIntelligence #SmallBusiness #SmeSouthAfrica"
"2026-09-16","Wed","259","X","HUMAN","","115","","The two hardest problems in tech: naming things, cache invalidation, and off-by-one errors.

#Entrepreneur #MuleSoo"
"2026-09-17","Thu","260","LinkedIn","PROBLEM","","373","","Your appointment reminders are manual.

That is why people no-show. Not because they forgot you. Because nothing reminded them.

We see this weekly with South African businesses. It is almost never a budget problem — it is a ""nobody told me this was costing me money"" problem.

If that sounded familiar: mulesoo.com/services/qr-codes

#SmeSouthAfrica #Entrepreneur #MuleSoo"
"2026-09-17","Thu","260","Instagram","PROBLEM","","204","","Your booking system is a notebook 👀

One lost page is one lost month.

We fix exactly this. mulesoo.com

#WebDesign #WebDevelopment #NextJS #SmallBusiness #SmeSouthAfrica #Entrepreneur #MuleSoo #Pretoria"
"2026-09-17","Thu","260","Facebook","PROBLEM","","149","","Your invoices go out late 👀

Cash flow is not a maths problem. It is an admin problem.

We fix exactly this. DM us

#Entrepreneur #MuleSoo #Pretoria"
"2026-09-17","Thu","260","TikTok","PROBLEM","","180","","You reply to enquiries in two days.

The one who replied in two hours got the job.

Fix it → mulesoo.com

#BrandIdentity #GraphicDesign #SmallBusiness #SmeSouthAfrica #Entrepreneur"
"2026-09-17","Thu","260","X","PROBLEM","","124","","You post on social media and nothing happens.

Because the link goes to a homepage instead of an answer.

#MuleSoo #Pretoria"
"2026-09-18","Fri","261","LinkedIn","EDUCATE","","296","","A slow site is a tax you pay every day.

Every extra second of load time costs roughly 7% of conversions. On R100k of sales that is R7,000 a second.

Most of our work is not clever. It is doing the obvious thing properly, and doing it first.

What would you add?

#Entrepreneur #MuleSoo #Pretoria"
"2026-09-18","Fri","261","Instagram","EDUCATE","","252","","💡 A chatbot is not a robot receptionist

It is a filter. It catches the easy 70% so a human handles the 30% that pays.

Save this for later.

#Chatbot #ArtificialIntelligence #SmallBusiness #SmeSouthAfrica #Entrepreneur #MuleSoo #Pretoria #SouthAfrica"
"2026-09-18","Fri","261","Facebook","EDUCATE","","173","","💡 Structured data is how Google understands you

It is a few lines of JSON. Most sites skip it. That is your opening.

Save this for later.

#MuleSoo #Pretoria #SouthAfrica"
"2026-09-18","Fri","261","TikTok","EDUCATE","","155","","Write the price down.

Hiding it does not make it smaller. It makes you look unsure.

Save this one.

#Entrepreneur #SmallBusiness #SmeSouthAfrica #MuleSoo"
"2026-09-18","Fri","261","X","EDUCATE","","119","","Name your pages like a human searches.

""Website design Pretoria"" beats ""Solutions"" every time.

#Pretoria #SouthAfrica"
"2026-09-19","Sat","262","LinkedIn","PROOF","YES","282","","Screenshot of the dashboard 👇

[REAL RESULT: a real (permitted) screenshot with sensitive data blurred]

What we built: auto pilot systems — bookings, payments and reminders running without you.

Happy to walk anyone through how it works. No pitch.

#MuleSoo #Pretoria #SouthAfrica"
"2026-09-19","Sat","262","Instagram","PROOF","YES","272","","What we shipped this month:

[REAL RESULT: the actual feature, and what it replaced]

Logo & brand identity: a brand people remember after one look.

wa.me/27688529333

#GraphicDesign #SmallBusiness #SmeSouthAfrica #Entrepreneur #MuleSoo #Pretoria #SouthAfrica #LogoDesign"
"2026-09-19","Sat","262","Facebook","PROOF","YES","215","","Small change. Big number.

[REAL RESULT: the single fix and its measured effect]

Custom web apps: the internal tool your business actually needs.

mulesoo.com/services/custom-apps

#Pretoria #SouthAfrica #WebDesign"
"2026-09-19","Sat","262","TikTok","PROOF","YES","184","","Before and after 👇

[REAL RESULT: the one number that changed — load time, bookings, no-shows, enquiries]

mulesoo.com

#SmallBusiness #SmeSouthAfrica #Entrepreneur #MuleSoo #Pretoria"
"2026-09-19","Sat","262","X","PROOF","YES","138","","This used to take four hours a week.

[REAL RESULT: the manual task you automated, and the hours it now takes]

#SouthAfrica #AIAutomation"
"2026-09-20","Sun","263","LinkedIn","MYTH","","250","","A myth I hear constantly: ""Our industry is different.""

Your industry has a booking form, an invoice, and a customer who wants an answer. Same as everyone.

Disagree? Genuinely interested — the comments are open.

#Pretoria #SouthAfrica #AIAutomation"
"2026-09-20","Sun","263","Instagram","MYTH","","209","","❌ Myth: ""We are too small for automation.""

✅ Truth: Small is exactly when your time is most expensive, because it is all you have.

#SmallBusiness #SmeSouthAfrica #Entrepreneur #MuleSoo #Pretoria #SouthAfrica"
"2026-09-20","Sun","263","Facebook","MYTH","","171","","❌ Myth: ""We do not need a logo, we need sales.""

✅ Truth: The logo is not the point. Being memorable at the moment of decision is.

#SouthAfrica #WebDesign #WebDevelopment"
"2026-09-20","Sun","263","TikTok","MYTH","","161","","Myth: ""More pages means better SEO.""

Truth: Two hundred thin pages rank worse than ten good ones.

#SmeSouthAfrica #Entrepreneur #MuleSoo #Pretoria #SouthAfrica"
"2026-09-20","Sun","263","X","MYTH","","148","","""We will launch when it is perfect.""

You will launch when a competitor forces you to, and it still will not be perfect.

#LogoDesign #BrandIdentity"
"2026-09-21","Mon","264","LinkedIn","BEHIND","","190","","Wrote the copy before the design today. It is always the right order and we always want to skip it.

Small things, compounded. That is the whole job.

#SouthAfrica #WebDesign #WebDevelopment"
"2026-09-21","Mon","264","Instagram","BEHIND","","190","","Behind the scenes 🛠️

We write the refund terms before the invoice. Awkward conversations are cheaper up front.

#SmeSouthAfrica #Entrepreneur #MuleSoo #Pretoria #SouthAfrica #SmallBusiness"
"2026-09-21","Mon","264","Facebook","BEHIND","","144","","Behind the scenes 🛠️

Shipped a fix at 6am so nobody would notice the downtime. Nobody noticed.

#AIAutomation #Chatbot #ArtificialIntelligence"
"2026-09-21","Mon","264","TikTok","BEHIND","","137","","The chatbot on our own site is the same one we sell. We eat our own cooking.

#Entrepreneur #MuleSoo #Pretoria #SouthAfrica #AIAutomation"
"2026-09-21","Mon","264","X","BEHIND","","101","","Half of what we do is talking people out of features they do not need.

#SmeSouthAfrica #Entrepreneur"
"2026-09-22","Tue","265","LinkedIn","PROMO","","251","","Website design — from R3,500.

What you actually get: a site that turns visitors into paying clients.

No contracts, no setup fees. If it is not a fit we will say so on the call.

mulesoo.com/services/website-design

#WebDesign #WebDevelopment #NextJS"
"2026-09-22","Tue","265","Instagram","PROMO","","257","","Auto Pilot systems — custom ✨

Bookings, payments and reminders running without you.

🔒 No contracts. No setup fees.
mulesoo.com/services/autopilot

#Entrepreneur #MuleSoo #Pretoria #SouthAfrica #AIAutomation #Chatbot #ArtificialIntelligence #SmallBusiness"
"2026-09-22","Tue","265","Facebook","PROMO","","188","","Logo & brand identity — from R800 ✨

A brand people remember after one look.

🔒 No contracts. No setup fees.
mulesoo.com/services/logo-design

#BrandIdentity #GraphicDesign #SmallBusiness"
"2026-09-22","Tue","265","TikTok","PROMO","","147","","Custom web apps, custom.

the internal tool your business actually needs.

Link in bio.

#MuleSoo #Pretoria #SouthAfrica #WebDesign #WebDevelopment"
"2026-09-22","Tue","265","X","PROMO","","150","","Business email — an @yourdomain address that stops you looking like a hobby.
from R400.
mulesoo.com/services/email-setup

#Entrepreneur #SmallBusiness"
"2026-09-23","Wed","266","LinkedIn","HUMAN","","145","","Coffee is a build dependency. It is in the docs.

(It is Friday. Normal service resumes Monday.)

#Chatbot #ArtificialIntelligence #SmallBusiness"
"2026-09-23","Wed","266","Instagram","HUMAN","","189","","A designer, a developer and a client walk into a meeting. The scope walks out.

#MuleSoo #Pretoria #SouthAfrica #AIAutomation #Chatbot #ArtificialIntelligence #SmallBusiness #SmeSouthAfrica"
"2026-09-23","Wed","266","Facebook","HUMAN","","142","","Reminder that ""make it pop"" is not a design brief, but we will figure out what you meant anyway.

#Entrepreneur #SmallBusiness #SmeSouthAfrica"
"2026-09-23","Wed","266","TikTok","HUMAN","","150","","Building in Pretoria, shipping to the continent. Load shedding is just a deployment window.

#Pretoria #SouthAfrica #WebDesign #WebDevelopment #NextJS"
"2026-09-23","Wed","266","X","HUMAN","","101","","Our chatbot is more polite than we are before 8am. That is by design.

#SmallBusiness #SmeSouthAfrica"
"2026-09-24","Thu","267","LinkedIn","PROBLEM","","343","","Your site looks great on your laptop.

Nine of ten of your customers are on a phone. Have you checked?

We see this weekly with South African businesses. It is almost never a budget problem — it is a ""nobody told me this was costing me money"" problem.

If that sounded familiar: wa.me/27688529333

#GraphicDesign #SmallBusiness #SmeSouthAfrica"
"2026-09-24","Thu","267","Instagram","PROBLEM","","243","","You have no idea where clients come from 👀

So you cannot spend more on what works.

We fix exactly this. mulesoo.com/services/custom-apps

#Pretoria #SouthAfrica #WebDesign #WebDevelopment #NextJS #SmallBusiness #SmeSouthAfrica #Entrepreneur"
"2026-09-24","Thu","267","Facebook","PROBLEM","","185","","You are paying for a website you cannot edit 👀

Every text change costs you a phone call and three days.

We fix exactly this. mulesoo.com

#SmallBusiness #SmeSouthAfrica #Entrepreneur"
"2026-09-24","Thu","267","TikTok","PROBLEM","","196","","Your site works. On Chrome. On your machine.

Safari on an old iPhone is where websites go to die.

Fix it → mulesoo.com

#SouthAfrica #AIAutomation #Chatbot #ArtificialIntelligence #SmallBusiness"
"2026-09-24","Thu","267","X","PROBLEM","","158","","Your website loads in 6 seconds.

Half your visitors left before it finished. Speed is not a luxury; it is the whole shop door.

#SmeSouthAfrica #Entrepreneur"
"2026-09-25","Fri","268","LinkedIn","EDUCATE","","264","","One clear call to action beats five.

Every extra button is a decision, and every decision loses people.

Most of our work is not clever. It is doing the obvious thing properly, and doing it first.

What would you add?

#SmallBusiness #SmeSouthAfrica #Entrepreneur"
"2026-09-25","Fri","268","Instagram","EDUCATE","","252","","💡 Automate the boring, not the human

Nobody wants an AI to write their condolence note. Everyone wants one to chase invoices.

Save this for later.

#SouthAfrica #WebDesign #WebDevelopment #NextJS #SmallBusiness #SmeSouthAfrica #Entrepreneur #MuleSoo"
"2026-09-25","Fri","268","Facebook","EDUCATE","","160","","💡 Every form field costs you customers

Ask for what you need to reply. Everything else can wait.

Save this for later.

#SmeSouthAfrica #Entrepreneur #MuleSoo"
"2026-09-25","Fri","268","TikTok","EDUCATE","","173","","Email is not dead. Your email design is.

Plain text, one link, sent from a person.

Save this one.

#LogoDesign #BrandIdentity #GraphicDesign #SmallBusiness #SmeSouthAfrica"
"2026-09-25","Fri","268","X","EDUCATE","","127","","Your homepage has one job.

Say what you do, who for, and what to click. Everything else is decoration.

#Entrepreneur #MuleSoo"
"2026-09-26","Sat","269","LinkedIn","PROOF","YES","279","","Three weeks. Start to launch.

[REAL RESULT: the real timeline and what was delivered in it]

What we built: business email — an @yourdomain address that stops you looking like a hobby.

Happy to walk anyone through how it works. No pitch.

#SmeSouthAfrica #Entrepreneur #MuleSoo"
"2026-09-26","Sat","269","Instagram","PROOF","YES","297","","Screenshot of the dashboard 👇

[REAL RESULT: a real (permitted) screenshot with sensitive data blurred]

AI chatbots: a assistant that answers customers at 2am so you can sleep.

DM us

#AIAutomation #Chatbot #ArtificialIntelligence #SmallBusiness #SmeSouthAfrica #Entrepreneur #MuleSoo #Pretoria"
"2026-09-26","Sat","269","Facebook","PROOF","YES","182","","What we shipped this month:

[REAL RESULT: the actual feature, and what it replaced]

AI automation: the admin work doing itself.

wa.me/27688529333

#Entrepreneur #MuleSoo #Pretoria"
"2026-09-26","Sat","269","TikTok","PROOF","YES","139","","Small change. Big number.

[REAL RESULT: the single fix and its measured effect]

mulesoo.com

#SmeSouthAfrica #Entrepreneur #SmallBusiness"
"2026-09-26","Sat","269","X","PROOF","YES","126","","Before and after 👇

[REAL RESULT: the one number that changed — load time, bookings, no-shows, enquiries]

#MuleSoo #Pretoria"
"2026-09-27","Sun","270","LinkedIn","MYTH","","205","","A myth I hear constantly: ""I will do the website myself, later.""

""Later"" is doing a lot of work in that sentence.

Disagree? Genuinely interested — the comments are open.

#Entrepreneur #MuleSoo #Pretoria"
"2026-09-27","Sun","270","Instagram","MYTH","","247","","❌ Myth: ""We will fix the website after we get customers.""

✅ Truth: The website is how you get the customers. You have the order backwards.

#BrandIdentity #GraphicDesign #SmallBusiness #SmeSouthAfrica #Entrepreneur #MuleSoo #Pretoria #SouthAfrica"
"2026-09-27","Sun","270","Facebook","MYTH","","139","","❌ Myth: ""Dark mode is a feature.""

✅ Truth: It is a preference. Your broken checkout is a feature request.

#MuleSoo #Pretoria #SouthAfrica"
"2026-09-27","Sun","270","TikTok","MYTH","","197","","Myth: ""Our industry is different.""

Truth: Your industry has a booking form, an invoice, and a customer who wants an answer. Same as everyone.

#Entrepreneur #SmallBusiness #SmeSouthAfrica #MuleSoo"
"2026-09-27","Sun","270","X","MYTH","","138","","""We are too small for automation.""

Small is exactly when your time is most expensive, because it is all you have.

#Pretoria #SouthAfrica"
"2026-09-28","Mon","271","LinkedIn","BEHIND","","156","","Turned off a client's auto-playing video. Bounce rate dropped by a third.

Small things, compounded. That is the whole job.

#MuleSoo #Pretoria #SouthAfrica"
"2026-09-28","Mon","271","Instagram","BEHIND","","227","","Behind the scenes 🛠️

Spent the morning cutting 4MB of unused fonts off a client site. Load time went from 5.1s to 1.3s. No redesign. Just deleting.

#Entrepreneur #SmallBusiness #SmeSouthAfrica #MuleSoo #Pretoria #SouthAfrica"
"2026-09-28","Mon","271","Facebook","BEHIND","","175","","Behind the scenes 🛠️

Found a client site telling Google every page was a duplicate of the homepage. 219 pages invisible. One line of code.

#Pretoria #SouthAfrica #WebDesign"
"2026-09-28","Mon","271","TikTok","BEHIND","","164","","Deleted 6MB of unused JavaScript from a client build today. The site did not lose a single feature.

#SmallBusiness #SmeSouthAfrica #Entrepreneur #MuleSoo #Pretoria"
"2026-09-28","Mon","271","X","BEHIND","","107","","Reviewed our own site on a 3G connection this week. Humbling. Fixed three things.

#SouthAfrica #LogoDesign"
"2026-09-29","Tue","272","LinkedIn","PROMO","","243","","Custom web apps — custom.

What you actually get: the internal tool your business actually needs.

No contracts, no setup fees. If it is not a fit we will say so on the call.

mulesoo.com/services/custom-apps

#Pretoria #SouthAfrica #WebDesign"
"2026-09-29","Tue","272","Instagram","PROMO","","233","","Business email — from R400 ✨

An @yourdomain address that stops you looking like a hobby.

🔒 No contracts. No setup fees.
mulesoo.com/services/email-setup

#SmallBusiness #SmeSouthAfrica #Entrepreneur #MuleSoo #Pretoria #SouthAfrica"
"2026-09-29","Tue","272","Facebook","PROMO","","187","","AI chatbots — from R2,500 ✨

A assistant that answers customers at 2am so you can sleep.

🔒 No contracts. No setup fees.
mulesoo.com/services/chatbot

#SouthAfrica #AIAutomation #Chatbot"
"2026-09-29","Tue","272","TikTok","PROMO","","129","","AI automation, custom.

the admin work doing itself.

Link in bio.

#SmeSouthAfrica #Entrepreneur #MuleSoo #Pretoria #SouthAfrica"
"2026-09-29","Tue","272","X","PROMO","","138","","QR codes — a branded code that tells you who scanned it and when.
from R300.
mulesoo.com/services/qr-codes

#SmallBusiness #SmeSouthAfrica"
"2026-09-30","Wed","273","LinkedIn","HUMAN","","146","","Pretoria traffic is our staging environment for patience.

(It is Friday. Normal service resumes Monday.)

#SouthAfrica #WebDesign #WebDevelopment"
"2026-09-30","Wed","273","Instagram","HUMAN","","194","","Nothing humbles you like opening your own website on someone else's cracked Android.

#SmeSouthAfrica #Entrepreneur #MuleSoo #Pretoria #SouthAfrica #AIAutomation #Chatbot #ArtificialIntelligence"
"2026-09-30","Wed","273","Facebook","HUMAN","","127","","Every founder thinks their industry is different. Every industry has a booking form.

#LogoDesign #BrandIdentity #GraphicDesign"
"2026-09-30","Wed","273","TikTok","HUMAN","","170","","The website is finished. The website is never finished. Both statements are true and we have made peace with it.

#Entrepreneur #MuleSoo #Pretoria #SouthAfrica #WebDesign"
"2026-09-30","Wed","273","X","HUMAN","","113","","Somebody somewhere is still using Comic Sans on an invoice, and honestly, respect.

#SmeSouthAfrica #Entrepreneur"
"2026-10-01","Thu","274","LinkedIn","PROBLEM","","303","","Your prices are not on your site.

So people assume expensive, and leave.

We see this weekly with South African businesses. It is almost never a budget problem — it is a ""nobody told me this was costing me money"" problem.

If that sounded familiar: DM us

#AIAutomation #Chatbot #ArtificialIntelligence"
"2026-10-01","Thu","274","Instagram","PROBLEM","","254","","Your online store has no trust signals 👀

No reviews, no returns policy, no real address. Would you buy?

We fix exactly this. wa.me/27688529333

#Entrepreneur #MuleSoo #Pretoria #SouthAfrica #AIAutomation #Chatbot #ArtificialIntelligence #SmallBusiness"
"2026-10-01","Thu","274","Facebook","PROBLEM","","186","","Your best client found you by accident 👀

Imagine if that was a system instead of luck.

We fix exactly this. mulesoo.com/services/qr-codes

#SmeSouthAfrica #Entrepreneur #SmallBusiness"
"2026-10-01","Thu","274","TikTok","PROBLEM","","202","","Your business email is a gmail address.

Corporate clients notice. They will not say anything. They will just not reply.

Fix it → mulesoo.com

#MuleSoo #Pretoria #SouthAfrica #WebDesign #WebDevelopment"
"2026-10-01","Thu","274","X","PROBLEM","","138","","You are quoting by hand every time.

That is four hours a week. That is five working weeks a year.

#ArtificialIntelligence #SmallBusiness"
"2026-10-02","Fri","275","LinkedIn","EDUCATE","","257","","Do not build the app first.

Build the landing page. If nobody clicks, you just saved six months.

Most of our work is not clever. It is doing the obvious thing properly, and doing it first.

What would you add?

#BrandIdentity #GraphicDesign #SmallBusiness"
"2026-10-02","Fri","275","Instagram","EDUCATE","","215","","💡 Compress your images before you blame your host

A 4MB hero image is not a hosting problem.

Save this for later.

#MuleSoo #Pretoria #SouthAfrica #WebDesign #WebDevelopment #NextJS #SmallBusiness #SmeSouthAfrica"
"2026-10-02","Fri","275","Facebook","EDUCATE","","154","","💡 Measure one number

Enquiries per week. If it does not move that, it is decoration.

Save this for later.

#Entrepreneur #SmallBusiness #SmeSouthAfrica"
"2026-10-02","Fri","275","TikTok","EDUCATE","","166","","Nobody reads. They scan.

Short paragraphs. Real headings. One idea per screen.

Save this one.

#Pretoria #SouthAfrica #AIAutomation #Chatbot #ArtificialIntelligence"
"2026-10-02","Fri","275","X","EDUCATE","","155","","Speed comes from what you do not load.

Fonts, sliders, video backgrounds, tracking scripts. Delete first, optimise second.

#SmallBusiness #SmeSouthAfrica"
"2026-10-03","Sat","276","LinkedIn","PROOF","YES","285","","We turned down this brief.

[REAL RESULT: a project you declined and why — nothing builds trust faster]

What we built: qr codes — a branded code that tells you who scanned it and when.

Happy to walk anyone through how it works. No pitch.

#Entrepreneur #SmallBusiness #SmeSouthAfrica"
"2026-10-03","Sat","276","Instagram","PROOF","YES","274","","Three weeks. Start to launch.

[REAL RESULT: the real timeline and what was delivered in it]

Website design: a site that turns visitors into paying clients.

mulesoo.com

#Pretoria #SouthAfrica #WebDesign #WebDevelopment #NextJS #SmallBusiness #SmeSouthAfrica #Entrepreneur"
"2026-10-03","Sat","276","Facebook","PROOF","YES","232","","Screenshot of the dashboard 👇

[REAL RESULT: a real (permitted) screenshot with sensitive data blurred]

Auto Pilot systems: bookings, payments and reminders running without you.

DM us

#SmallBusiness #SmeSouthAfrica #Entrepreneur"
"2026-10-03","Sat","276","TikTok","PROOF","YES","168","","What we shipped this month:

[REAL RESULT: the actual feature, and what it replaced]

mulesoo.com

#SouthAfrica #LogoDesign #BrandIdentity #GraphicDesign #SmallBusiness"
"2026-10-03","Sat","276","X","PROOF","YES","111","","Small change. Big number.

[REAL RESULT: the single fix and its measured effect]

#SmeSouthAfrica #Entrepreneur"
"2026-10-04","Sun","277","LinkedIn","MYTH","","232","","A myth I hear constantly: ""A template is the same as custom.""

Until you need it to do the one thing your business actually does.

Disagree? Genuinely interested — the comments are open.

#SmallBusiness #SmeSouthAfrica #Entrepreneur"
"2026-10-04","Sun","277","Instagram","MYTH","","219","","❌ Myth: ""AI writes our content now.""

✅ Truth: And your readers can tell. Use it to think, not to speak.

#SouthAfrica #AIAutomation #Chatbot #ArtificialIntelligence #SmallBusiness #SmeSouthAfrica #Entrepreneur #MuleSoo"
"2026-10-04","Sun","277","Facebook","MYTH","","171","","❌ Myth: ""A good website costs six figures.""

✅ Truth: It does not. It costs clarity about what the site is for. We start at R3,500.

#SmeSouthAfrica #Entrepreneur #MuleSoo"
"2026-10-04","Sun","277","TikTok","MYTH","","147","","Myth: ""I will do the website myself, later.""

Truth: ""Later"" is doing a lot of work in that sentence.

#SmallBusiness #SmeSouthAfrica #Entrepreneur"
"2026-10-04","Sun","277","X","MYTH","","146","","""We will fix the website after we get customers.""

The website is how you get the customers. You have the order backwards.

#Entrepreneur #MuleSoo"
"2026-10-05","Mon","278","LinkedIn","BEHIND","","192","","We test every page at 375px before we call it done. That is an iPhone SE. If it works there, it works.

Small things, compounded. That is the whole job.

#SmeSouthAfrica #Entrepreneur #MuleSoo"
"2026-10-05","Mon","278","Instagram","BEHIND","","222","","Behind the scenes 🛠️

A client asked if we could make the site load faster. We removed the video background. Done.

#LogoDesign #BrandIdentity #GraphicDesign #SmallBusiness #SmeSouthAfrica #Entrepreneur #MuleSoo #Pretoria"
"2026-10-05","Mon","278","Facebook","BEHIND","","115","","Behind the scenes 🛠️

A client wanted 14 pages. We shipped 5. Enquiries went up.

#Entrepreneur #MuleSoo #Pretoria"
"2026-10-05","Mon","278","TikTok","BEHIND","","126","","Two hours today spent on a single button. It is the button that takes the money.

#SmeSouthAfrica #Entrepreneur #SmallBusiness"
"2026-10-05","Mon","278","X","BEHIND","","102","","A ""quick change"" is never quick. An honest estimate is worth more than a fast yes.

#MuleSoo #Pretoria"
"2026-10-06","Tue","279","LinkedIn","PROMO","","214","","AI automation — custom.

What you actually get: the admin work doing itself.

No contracts, no setup fees. If it is not a fit we will say so on the call.

mulesoo.com/ai-automation

#Entrepreneur #MuleSoo #Pretoria"
"2026-10-06","Tue","279","Instagram","PROMO","","219","","QR codes — from R300 ✨

A branded code that tells you who scanned it and when.

🔒 No contracts. No setup fees.
mulesoo.com/services/qr-codes

#SmeSouthAfrica #Entrepreneur #SmallBusiness #MuleSoo #Pretoria #SouthAfrica"
"2026-10-06","Tue","279","Facebook","PROMO","","181","","Website design — from R3,500 ✨

A site that turns visitors into paying clients.

🔒 No contracts. No setup fees.
mulesoo.com/services/website-design

#MuleSoo #Pretoria #SouthAfrica"
"2026-10-06","Tue","279","TikTok","PROMO","","175","","Auto Pilot systems, custom.

bookings, payments and reminders running without you.

Link in bio.

#ArtificialIntelligence #SmallBusiness #SmeSouthAfrica #Entrepreneur #MuleSoo"
"2026-10-06","Tue","279","X","PROMO","","131","","Logo & brand identity — a brand people remember after one look.
from R800.
mulesoo.com/services/logo-design

#Pretoria #SouthAfrica"
"2026-10-07","Wed","280","LinkedIn","HUMAN","","152","","We measure success in fewer WhatsApp messages at 11pm. Yours, not ours.

(It is Friday. Normal service resumes Monday.)

#MuleSoo #Pretoria #SouthAfrica"
"2026-10-07","Wed","280","Instagram","HUMAN","","168","","Somewhere out there a business is losing a client right now because their email is @gmail.

#Entrepreneur #SmallBusiness #SmeSouthAfrica #MuleSoo #Pretoria #SouthAfrica"
"2026-10-07","Wed","280","Facebook","HUMAN","","127","","We named the company MuleSoo because it carries heavy things without complaining. Mostly.

#Pretoria #SouthAfrica #AIAutomation"
"2026-10-07","Wed","280","TikTok","HUMAN","","122","","Testing on your own phone is not testing. It is optimism.

#SmallBusiness #SmeSouthAfrica #Entrepreneur #MuleSoo #Pretoria"
"2026-10-07","Wed","280","X","HUMAN","","119","","Ninety percent of ""the site is down"" is the wifi. The other ten percent keeps us employed.

#SouthAfrica #SmallBusiness"
"2026-10-08","Thu","281","LinkedIn","PROBLEM","","292","","Your PDFs are 40MB.

Nobody on mobile data is opening that. Not once.

We see this weekly with South African businesses. It is almost never a budget problem — it is a ""nobody told me this was costing me money"" problem.

If that sounded familiar: mulesoo.com

#Pretoria #SouthAfrica #WebDesign"
"2026-10-08","Thu","281","Instagram","PROBLEM","","258","","Your appointment reminders are manual 👀

That is why people no-show. Not because they forgot you. Because nothing reminded them.

We fix exactly this. DM us

#SmallBusiness #SmeSouthAfrica #Entrepreneur #MuleSoo #Pretoria #SouthAfrica #AIAutomation #Chatbot"
"2026-10-08","Thu","281","Facebook","PROBLEM","","151","","Your booking system is a notebook 👀

One lost page is one lost month.

We fix exactly this. wa.me/27688529333

#SouthAfrica #LogoDesign #BrandIdentity"
"2026-10-08","Thu","281","TikTok","PROBLEM","","170","","Your invoices go out late.

Cash flow is not a maths problem. It is an admin problem.

Fix it → mulesoo.com

#SmeSouthAfrica #Entrepreneur #MuleSoo #Pretoria #SouthAfrica"
"2026-10-08","Thu","281","X","PROBLEM","","114","","You reply to enquiries in two days.

The one who replied in two hours got the job.

#SmallBusiness #SmeSouthAfrica"
"2026-10-09","Fri","282","LinkedIn","EDUCATE","","254","","One testimonial with a real name beats ten anonymous ones.

Specificity is the whole currency of trust.

Most of our work is not clever. It is doing the obvious thing properly, and doing it first.

What would you add?

#SouthAfrica #AIAutomation #Chatbot"
"2026-10-09","Fri","282","Instagram","EDUCATE","","282","","💡 A slow site is a tax you pay every day

Every extra second of load time costs roughly 7% of conversions. On R100k of sales that is R7,000 a second.

Save this for later.

#SmeSouthAfrica #Entrepreneur #MuleSoo #Pretoria #SouthAfrica #AIAutomation #Chatbot #ArtificialIntelligence"
"2026-10-09","Fri","282","Facebook","EDUCATE","","187","","💡 A chatbot is not a robot receptionist

It is a filter. It catches the easy 70% so a human handles the 30% that pays.

Save this for later.

#SmallBusiness #SmeSouthAfrica #Entrepreneur"
"2026-10-09","Fri","282","TikTok","EDUCATE","","190","","Structured data is how Google understands you.

It is a few lines of JSON. Most sites skip it. That is your opening.

Save this one.

#Entrepreneur #MuleSoo #Pretoria #SouthAfrica #WebDesign"
"2026-10-09","Fri","282","X","EDUCATE","","118","","Write the price down.

Hiding it does not make it smaller. It makes you look unsure.

#Chatbot #ArtificialIntelligence"
"2026-10-10","Sat","283","LinkedIn","PROOF","YES","273","","They almost did not call us.

[REAL RESULT: the objection they had, and what changed their mind]

What we built: logo & brand identity — a brand people remember after one look.

Happy to walk anyone through how it works. No pitch.

#LogoDesign #BrandIdentity #GraphicDesign"
"2026-10-10","Sat","283","Instagram","PROOF","YES","300","","We turned down this brief.

[REAL RESULT: a project you declined and why — nothing builds trust faster]

Custom web apps: the internal tool your business actually needs.

mulesoo.com/services/custom-apps

#Entrepreneur #MuleSoo #Pretoria #SouthAfrica #WebDesign #WebDevelopment #NextJS #SmallBusiness"
"2026-10-10","Sat","283","Facebook","PROOF","YES","228","","Three weeks. Start to launch.

[REAL RESULT: the real timeline and what was delivered in it]

Business email: an @yourdomain address that stops you looking like a hobby.

mulesoo.com

#SmeSouthAfrica #Entrepreneur #SmallBusiness"
"2026-10-10","Sat","283","TikTok","PROOF","YES","173","","Screenshot of the dashboard 👇

[REAL RESULT: a real (permitted) screenshot with sensitive data blurred]

mulesoo.com

#MuleSoo #Pretoria #SouthAfrica #AIAutomation #Chatbot"
"2026-10-10","Sat","283","X","PROOF","YES","124","","What we shipped this month:

[REAL RESULT: the actual feature, and what it replaced]

#ArtificialIntelligence #SmallBusiness"
"2026-10-11","Sun","284","LinkedIn","MYTH","","239","","A myth I hear constantly: ""Analytics is spying on customers.""

Knowing which page loses people is not surveillance. It is basic hygiene.

Disagree? Genuinely interested — the comments are open.

#SmeSouthAfrica #Entrepreneur #SmallBusiness"
"2026-10-11","Sun","284","Instagram","MYTH","","239","","❌ Myth: ""SEO is a scam.""

✅ Truth: Half the industry, yes. The other half is: fast pages, real content, and telling Google your pages exist.

#MuleSoo #Pretoria #SouthAfrica #WebDesign #WebDevelopment #NextJS #SmallBusiness #SmeSouthAfrica"
"2026-10-11","Sun","284","Facebook","MYTH","","167","","❌ Myth: ""Chatbots annoy customers.""

✅ Truth: Bad ones do. So do phone queues, and you still have one of those.

#ArtificialIntelligence #SmallBusiness #SmeSouthAfrica"
"2026-10-11","Sun","284","TikTok","MYTH","","182","","Myth: ""A template is the same as custom.""

Truth: Until you need it to do the one thing your business actually does.

#Pretoria #SouthAfrica #LogoDesign #BrandIdentity #GraphicDesign"
"2026-10-11","Sun","284","X","MYTH","","119","","""AI writes our content now.""

And your readers can tell. Use it to think, not to speak.

#SmallBusiness #SmeSouthAfrica"
"2026-10-12","Mon","285","LinkedIn","BEHIND","","214","","Our booking system sends the deposit invoice, the confirmation PDF, and the WhatsApp alert. Nobody touches a keyboard.

Small things, compounded. That is the whole job.

#Entrepreneur #SmallBusiness #SmeSouthAfrica"
"2026-10-12","Mon","285","Instagram","BEHIND","","241","","Behind the scenes 🛠️

The QR codes we make track scans. So you know if the flyer worked, or if the flyer was a bin ornament.

#Pretoria #SouthAfrica #AIAutomation #Chatbot #ArtificialIntelligence #SmallBusiness #SmeSouthAfrica #Entrepreneur"
"2026-10-12","Mon","285","Facebook","BEHIND","","149","","Behind the scenes 🛠️

Every project starts with the same question: what is the one thing this must do?

#SmallBusiness #SmeSouthAfrica #Entrepreneur"
"2026-10-12","Mon","285","TikTok","BEHIND","","130","","The best compliment we get: ""it just works."" That took the whole month.

#SouthAfrica #SmallBusiness #SmeSouthAfrica #Entrepreneur"
"2026-10-12","Mon","285","X","BEHIND","","184","","Today: rebuilt a business card because the fonts were never actually loading. Everything printed was in the wrong typeface and nobody noticed for months.

#SmeSouthAfrica #Entrepreneur"
"2026-10-13","Tue","286","LinkedIn","PROMO","","261","","Auto Pilot systems — custom.

What you actually get: bookings, payments and reminders running without you.

No contracts, no setup fees. If it is not a fit we will say so on the call.

mulesoo.com/services/autopilot

#SmallBusiness #SmeSouthAfrica #Entrepreneur"
"2026-10-13","Tue","286","Instagram","PROMO","","252","","Logo & brand identity — from R800 ✨

A brand people remember after one look.

🔒 No contracts. No setup fees.
mulesoo.com/services/logo-design

#SouthAfrica #LogoDesign #BrandIdentity #GraphicDesign #SmallBusiness #SmeSouthAfrica #Entrepreneur #MuleSoo"
"2026-10-13","Tue","286","Facebook","PROMO","","181","","Custom web apps — custom ✨

The internal tool your business actually needs.

🔒 No contracts. No setup fees.
mulesoo.com/services/custom-apps

#SmeSouthAfrica #Entrepreneur #MuleSoo"
"2026-10-13","Tue","286","TikTok","PROMO","","147","","Business email, from R400.

an @yourdomain address that stops you looking like a hobby.

Link in bio.

#SmallBusiness #SmeSouthAfrica #Entrepreneur"
"2026-10-13","Tue","286","X","PROMO","","139","","AI chatbots — a assistant that answers customers at 2am so you can sleep.
from R2,500.
mulesoo.com/services/chatbot

#Entrepreneur #MuleSoo"
"2026-10-14","Wed","287","LinkedIn","HUMAN","","167","","""Just a small change"" has never once, in recorded history, been a small change.

(It is Friday. Normal service resumes Monday.)

#SmeSouthAfrica #Entrepreneur #MuleSoo"
"2026-10-14","Wed","287","Instagram","HUMAN","","143","","""Can you make it look more premium"" — sir, that is a budget, not an adjective.

#SmallBusiness #SmeSouthAfrica #Entrepreneur #MuleSoo #Pretoria"
"2026-10-14","Wed","287","Facebook","HUMAN","","116","","We do not do rush jobs. We do ordinary jobs, on time, which turns out to be rarer.

#Entrepreneur #MuleSoo #Pretoria"
"2026-10-14","Wed","287","TikTok","HUMAN","","161","","Client: ""Can you make the logo bigger?"" Us: ""Yes."" Client: ""Bigger."" Us: ""...Yes.""

#Chatbot #ArtificialIntelligence #SmallBusiness #SmeSouthAfrica #Entrepreneur"
"2026-10-14","Wed","287","X","HUMAN","","126","","""I want it like Apple's site but with more stuff on it"" is a sentence that contains its own contradiction.

#MuleSoo #Pretoria"
"2026-10-15","Thu","288","LinkedIn","PROBLEM","","375","","You answer the same WhatsApp question 30 times a week.

That is not customer service. That is a chatbot that has not been built yet.

We see this weekly with South African businesses. It is almost never a budget problem — it is a ""nobody told me this was costing me money"" problem.

If that sounded familiar: mulesoo.com/services/custom-apps

#Entrepreneur #MuleSoo #Pretoria"
"2026-10-15","Thu","288","Instagram","PROBLEM","","216","","Your site looks great on your laptop 👀

Nine of ten of your customers are on a phone. Have you checked?

We fix exactly this. mulesoo.com

#SmeSouthAfrica #Entrepreneur #SmallBusiness #MuleSoo #Pretoria #SouthAfrica"
"2026-10-15","Thu","288","Facebook","PROBLEM","","145","","You have no idea where clients come from 👀

So you cannot spend more on what works.

We fix exactly this. DM us

#MuleSoo #Pretoria #SouthAfrica"
"2026-10-15","Thu","288","TikTok","PROBLEM","","204","","You are paying for a website you cannot edit.

Every text change costs you a phone call and three days.

Fix it → mulesoo.com

#ArtificialIntelligence #SmallBusiness #SmeSouthAfrica #Entrepreneur #MuleSoo"
"2026-10-15","Thu","288","X","PROBLEM","","122","","Your site works. On Chrome. On your machine.

Safari on an old iPhone is where websites go to die.

#Pretoria #SouthAfrica"
"2026-10-16","Fri","289","LinkedIn","EDUCATE","","246","","Buy the domain before the logo.

Names change. Get the .com or .co.za first, then design around it.

Most of our work is not clever. It is doing the obvious thing properly, and doing it first.

What would you add?

#MuleSoo #Pretoria #SouthAfrica"
"2026-10-16","Fri","289","Instagram","EDUCATE","","244","","💡 One clear call to action beats five

Every extra button is a decision, and every decision loses people.

Save this for later.

#ArtificialIntelligence #SmallBusiness #SmeSouthAfrica #Entrepreneur #MuleSoo #Pretoria #SouthAfrica #AIAutomation"
"2026-10-16","Fri","289","Facebook","EDUCATE","","185","","💡 Automate the boring, not the human

Nobody wants an AI to write their condolence note. Everyone wants one to chase invoices.

Save this for later.

#Pretoria #SouthAfrica #LogoDesign"
"2026-10-16","Fri","289","TikTok","EDUCATE","","177","","Every form field costs you customers.

Ask for what you need to reply. Everything else can wait.

Save this one.

#SmallBusiness #SmeSouthAfrica #Entrepreneur #MuleSoo #Pretoria"
"2026-10-16","Fri","289","X","EDUCATE","","112","","Email is not dead. Your email design is.

Plain text, one link, sent from a person.

#SouthAfrica #SmallBusiness"
"2026-10-17","Sat","290","LinkedIn","PROOF","YES","296","","A client said this last week:

[REAL RESULT: a verbatim quote, with their name and business, used with permission]

What we built: ai chatbots — a assistant that answers customers at 2am so you can sleep.

Happy to walk anyone through how it works. No pitch.

#Pretoria #SouthAfrica #AIAutomation"
"2026-10-17","Sat","290","Instagram","PROOF","YES","261","","They almost did not call us.

[REAL RESULT: the objection they had, and what changed their mind]

AI automation: the admin work doing itself.

wa.me/27688529333

#SmallBusiness #SmeSouthAfrica #Entrepreneur #MuleSoo #Pretoria #SouthAfrica #AIAutomation #Chatbot"
"2026-10-17","Sat","290","Facebook","PROOF","YES","245","","We turned down this brief.

[REAL RESULT: a project you declined and why — nothing builds trust faster]

QR codes: a branded code that tells you who scanned it and when.

mulesoo.com/services/qr-codes

#SouthAfrica #SmallBusiness #SmeSouthAfrica"
"2026-10-17","Sat","290","TikTok","PROOF","YES","168","","Three weeks. Start to launch.

[REAL RESULT: the real timeline and what was delivered in it]

mulesoo.com

#SmeSouthAfrica #Entrepreneur #MuleSoo #Pretoria #SouthAfrica"
"2026-10-17","Sat","290","X","PROOF","YES","128","","Screenshot of the dashboard 👇

[REAL RESULT: a real (permitted) screenshot with sensitive data blurred]

#AIAutomation #Chatbot"
"2026-10-18","Sun","291","LinkedIn","MYTH","","223","","A myth I hear constantly: ""Nobody in South Africa buys online.""

Your customers are already buying online. Just not from you.

Disagree? Genuinely interested — the comments are open.

#SouthAfrica #LogoDesign #BrandIdentity"
"2026-10-18","Sun","291","Instagram","MYTH","","209","","❌ Myth: ""Just boost the post.""

✅ Truth: Boosting a post that points at a broken site is paying to lose faster.

#SmeSouthAfrica #Entrepreneur #MuleSoo #Pretoria #SouthAfrica #WebDesign #WebDevelopment #NextJS"
"2026-10-18","Sun","291","Facebook","MYTH","","167","","❌ Myth: ""We need to be on every platform.""

✅ Truth: You need to be excellent on one. Pick where your buyers already are.

#SmallBusiness #SmeSouthAfrica #Entrepreneur"
"2026-10-18","Sun","291","TikTok","MYTH","","184","","Myth: ""Analytics is spying on customers.""

Truth: Knowing which page loses people is not surveillance. It is basic hygiene.

#Entrepreneur #MuleSoo #Pretoria #SouthAfrica #AIAutomation"
"2026-10-18","Sun","291","X","MYTH","","157","","""SEO is a scam.""

Half the industry, yes. The other half is: fast pages, real content, and telling Google your pages exist.

#Chatbot #ArtificialIntelligence"
"2026-10-19","Mon","292","LinkedIn","BEHIND","","171","","Nobody asks about the database schema. Everybody feels it when it is wrong.

Small things, compounded. That is the whole job.

#SmallBusiness #SmeSouthAfrica #Entrepreneur"
"2026-10-19","Mon","292","Instagram","BEHIND","","208","","Behind the scenes 🛠️

Our own admin panel logs every action. If we break something, we can prove when and how.

#Entrepreneur #MuleSoo #Pretoria #SouthAfrica #WebDesign #WebDevelopment #NextJS #SmallBusiness"
"2026-10-19","Mon","292","Facebook","BEHIND","","177","","Behind the scenes 🛠️

Every MuleSoo build ships with the source code. You own it. If you fire us tomorrow, you keep everything.

#Chatbot #ArtificialIntelligence #SmallBusiness"
"2026-10-19","Mon","292","TikTok","BEHIND","","158","","We do not use website builders. Next.js, Tailwind, Supabase. The same stack Vercel and Linear run.

#MuleSoo #Pretoria #SouthAfrica #LogoDesign #BrandIdentity"
"2026-10-19","Mon","292","X","BEHIND","","163","","We keep a checklist of things that quietly break: contact forms, SSL renewals, sitemap submissions. Most agencies do not check any of them.

#NextJS #SmallBusiness"
"2026-10-20","Tue","293","LinkedIn","PROMO","","268","","Business email — from R400.

What you actually get: an @yourdomain address that stops you looking like a hobby.

No contracts, no setup fees. If it is not a fit we will say so on the call.

mulesoo.com/services/email-setup

#SmeSouthAfrica #Entrepreneur #SmallBusiness"
"2026-10-20","Tue","293","Instagram","PROMO","","261","","AI chatbots — from R2,500 ✨

A assistant that answers customers at 2am so you can sleep.

🔒 No contracts. No setup fees.
mulesoo.com/services/chatbot

#MuleSoo #Pretoria #SouthAfrica #AIAutomation #Chatbot #ArtificialIntelligence #SmallBusiness #SmeSouthAfrica"
"2026-10-20","Tue","293","Facebook","PROMO","","169","","AI automation — custom ✨

The admin work doing itself.

🔒 No contracts. No setup fees.
mulesoo.com/ai-automation

#ArtificialIntelligence #SmallBusiness #SmeSouthAfrica"
"2026-10-20","Tue","293","TikTok","PROMO","","159","","QR codes, from R300.

a branded code that tells you who scanned it and when.

Link in bio.

#Pretoria #SouthAfrica #SmallBusiness #SmeSouthAfrica #Entrepreneur"
"2026-10-20","Tue","293","X","PROMO","","145","","Website design — a site that turns visitors into paying clients.
from R3,500.
mulesoo.com/services/website-design

#SmallBusiness #SmeSouthAfrica"
"2026-10-21","Wed","294","LinkedIn","HUMAN","","187","","The client always knows what they do not want. Our job is to find out what they do.

(It is Friday. Normal service resumes Monday.)

#ArtificialIntelligence #SmallBusiness #SmeSouthAfrica"
"2026-10-21","Wed","294","Instagram","HUMAN","","210","","If your password is your business name and the year, we need to talk before we talk about websites.

#Pretoria #SouthAfrica #LogoDesign #BrandIdentity #GraphicDesign #SmallBusiness #SmeSouthAfrica #Entrepreneur"
"2026-10-21","Wed","294","Facebook","HUMAN","","137","","The two hardest problems in tech: naming things, cache invalidation, and off-by-one errors.

#SmallBusiness #SmeSouthAfrica #Entrepreneur"
"2026-10-21","Wed","294","TikTok","HUMAN","","132","","You do not need a metaverse strategy. You need your contact form to work.

#SouthAfrica #SmallBusiness #SmeSouthAfrica #Entrepreneur"
"2026-10-21","Wed","294","X","HUMAN","","106","","Every logo revision request arrives at 11:47pm. We have stopped asking why.

#SmeSouthAfrica #Entrepreneur"
"2026-10-22","Thu","295","LinkedIn","PROBLEM","","340","","Nobody finds you on Google.

Not because you are small. Because nobody told Google your pages exist.

We see this weekly with South African businesses. It is almost never a budget problem — it is a ""nobody told me this was costing me money"" problem.

If that sounded familiar: wa.me/27688529333

#SmallBusiness #SmeSouthAfrica #Entrepreneur"
"2026-10-22","Thu","295","Instagram","PROBLEM","","195","","Your prices are not on your site 👀

So people assume expensive, and leave.

We fix exactly this. mulesoo.com/services/qr-codes

#SouthAfrica #SmallBusiness #SmeSouthAfrica #Entrepreneur #MuleSoo"
"2026-10-22","Thu","295","Facebook","PROBLEM","","179","","Your online store has no trust signals 👀

No reviews, no returns policy, no real address. Would you buy?

We fix exactly this. mulesoo.com

#SmeSouthAfrica #Entrepreneur #MuleSoo"
"2026-10-22","Thu","295","TikTok","PROBLEM","","187","","Your best client found you by accident.

Imagine if that was a system instead of luck.

Fix it → mulesoo.com

#AIAutomation #Chatbot #ArtificialIntelligence #SmallBusiness #SmeSouthAfrica"
"2026-10-22","Thu","295","X","PROBLEM","","144","","Your business email is a gmail address.

Corporate clients notice. They will not say anything. They will just not reply.

#Entrepreneur #MuleSoo"
"2026-10-23","Fri","296","LinkedIn","EDUCATE","","272","","Own your source code.

If your developer disappears and your site does too, you did not buy a website. You rented one.

Most of our work is not clever. It is doing the obvious thing properly, and doing it first.

What would you add?

#SmeSouthAfrica #Entrepreneur #MuleSoo"
"2026-10-23","Fri","296","Instagram","EDUCATE","","186","","💡 Do not build the app first

Build the landing page. If nobody clicks, you just saved six months.

Save this for later.

#SmallBusiness #SmeSouthAfrica #Entrepreneur #MuleSoo #Pretoria"
"2026-10-23","Fri","296","Facebook","EDUCATE","","150","","💡 Compress your images before you blame your host

A 4MB hero image is not a hosting problem.

Save this for later.

#Entrepreneur #MuleSoo #Pretoria"
"2026-10-23","Fri","296","TikTok","EDUCATE","","179","","Measure one number.

Enquiries per week. If it does not move that, it is decoration.

Save this one.

#Chatbot #ArtificialIntelligence #SmallBusiness #SmeSouthAfrica #Entrepreneur"
"2026-10-23","Fri","296","X","EDUCATE","","99","","Nobody reads. They scan.

Short paragraphs. Real headings. One idea per screen.

#MuleSoo #Pretoria"
"2026-10-24","Sat","297","LinkedIn","PROOF","YES","279","","Here is the whole build, honestly:

[REAL RESULT: what went well, what did not, what you would do differently]

What we built: website design — a site that turns visitors into paying clients.

Happy to walk anyone through how it works. No pitch.

#Entrepreneur #MuleSoo #Pretoria"
"2026-10-24","Sat","297","Instagram","PROOF","YES","307","","A client said this last week:

[REAL RESULT: a verbatim quote, with their name and business, used with permission]

Auto Pilot systems: bookings, payments and reminders running without you.

DM us

#Chatbot #ArtificialIntelligence #SmallBusiness #SmeSouthAfrica #Entrepreneur #MuleSoo #Pretoria #SouthAfrica"
"2026-10-24","Sat","297","Facebook","PROOF","YES","212","","They almost did not call us.

[REAL RESULT: the objection they had, and what changed their mind]

Logo & brand identity: a brand people remember after one look.

wa.me/27688529333

#MuleSoo #Pretoria #SouthAfrica"
"2026-10-24","Sat","297","TikTok","PROOF","YES","179","","We turned down this brief.

[REAL RESULT: a project you declined and why — nothing builds trust faster]

mulesoo.com

#NextJS #SmallBusiness #SmeSouthAfrica #Entrepreneur #MuleSoo"
"2026-10-24","Sat","297","X","PROOF","YES","116","","Three weeks. Start to launch.

[REAL RESULT: the real timeline and what was delivered in it]

#Pretoria #SouthAfrica"
"2026-10-25","Sun","298","LinkedIn","MYTH","","196","","A myth I hear constantly: ""Our customers are not online.""

They are on WhatsApp right now. That is online.

Disagree? Genuinely interested — the comments are open.

#MuleSoo #Pretoria #SouthAfrica"
"2026-10-25","Sun","298","Instagram","MYTH","","206","","❌ Myth: ""Nobody scans QR codes.""

✅ Truth: Every restaurant menu in the country disagrees.

#ArtificialIntelligence #SmallBusiness #SmeSouthAfrica #Entrepreneur #MuleSoo #Pretoria #SouthAfrica #AIAutomation"
"2026-10-25","Sun","298","Facebook","MYTH","","152","","❌ Myth: ""Cheap now, redo it later.""

✅ Truth: Later costs the original price plus the rebuild plus the lost year.

#Pretoria #SouthAfrica #SmallBusiness"
"2026-10-25","Sun","298","TikTok","MYTH","","177","","Myth: ""Nobody in South Africa buys online.""

Truth: Your customers are already buying online. Just not from you.

#SmallBusiness #SmeSouthAfrica #Entrepreneur #MuleSoo #Pretoria"
"2026-10-25","Sun","298","X","MYTH","","122","","""Just boost the post.""

Boosting a post that points at a broken site is paying to lose faster.

#SouthAfrica #AIAutomation"
"2026-10-26","Mon","299","LinkedIn","BEHIND","","159","","Shipped a fix at 6am so nobody would notice the downtime. Nobody noticed.

Small things, compounded. That is the whole job.

#Pretoria #SouthAfrica #LogoDesign"
"2026-10-26","Mon","299","Instagram","BEHIND","","204","","Behind the scenes 🛠️

The chatbot on our own site is the same one we sell. We eat our own cooking.

#SmallBusiness #SmeSouthAfrica #Entrepreneur #MuleSoo #Pretoria #SouthAfrica #WebDesign #WebDevelopment"
"2026-10-26","Mon","299","Facebook","BEHIND","","138","","Behind the scenes 🛠️

Half of what we do is talking people out of features they do not need.

#SouthAfrica #SmallBusiness #SmeSouthAfrica"
"2026-10-26","Mon","299","TikTok","BEHIND","","162","","Wrote the copy before the design today. It is always the right order and we always want to skip it.

#SmeSouthAfrica #Entrepreneur #MuleSoo #Pretoria #SouthAfrica"
"2026-10-26","Mon","299","X","BEHIND","","113","","We write the refund terms before the invoice. Awkward conversations are cheaper up front.

#AIAutomation #Chatbot"
"2026-10-27","Tue","300","LinkedIn","PROMO","","253","","QR codes — from R300.

What you actually get: a branded code that tells you who scanned it and when.

No contracts, no setup fees. If it is not a fit we will say so on the call.

mulesoo.com/services/qr-codes

#SouthAfrica #SmallBusiness #SmeSouthAfrica"
"2026-10-27","Tue","300","Instagram","PROMO","","246","","Website design — from R3,500 ✨

A site that turns visitors into paying clients.

🔒 No contracts. No setup fees.
mulesoo.com/services/website-design

#SmeSouthAfrica #Entrepreneur #MuleSoo #Pretoria #SouthAfrica #WebDesign #WebDevelopment #NextJS"
"2026-10-27","Tue","300","Facebook","PROMO","","196","","Auto Pilot systems — custom ✨

Bookings, payments and reminders running without you.

🔒 No contracts. No setup fees.
mulesoo.com/services/autopilot

#AIAutomation #Chatbot #ArtificialIntelligence"
"2026-10-27","Tue","300","TikTok","PROMO","","147","","Logo & brand identity, from R800.

a brand people remember after one look.

Link in bio.

#Entrepreneur #MuleSoo #Pretoria #SouthAfrica #LogoDesign"
"2026-10-27","Tue","300","X","PROMO","","131","","Custom web apps — the internal tool your business actually needs.
custom.
mulesoo.com/services/custom-apps

#WebDevelopment #NextJS"
"2026-10-28","Wed","301","LinkedIn","HUMAN","","190","","Reminder that ""make it pop"" is not a design brief, but we will figure out what you meant anyway.

(It is Friday. Normal service resumes Monday.)

#SmallBusiness #SmeSouthAfrica #Entrepreneur"
"2026-10-28","Wed","301","Instagram","HUMAN","","200","","Building in Pretoria, shipping to the continent. Load shedding is just a deployment window.

#Entrepreneur #MuleSoo #Pretoria #SouthAfrica #AIAutomation #Chatbot #ArtificialIntelligence #SmallBusiness"
"2026-10-28","Wed","301","Facebook","HUMAN","","118","","Our chatbot is more polite than we are before 8am. That is by design.

#Chatbot #ArtificialIntelligence #SmallBusiness"
"2026-10-28","Wed","301","TikTok","HUMAN","","112","","Coffee is a build dependency. It is in the docs.

#MuleSoo #Pretoria #SouthAfrica #SmallBusiness #SmeSouthAfrica"
"2026-10-28","Wed","301","X","HUMAN","","102","","A designer, a developer and a client walk into a meeting. The scope walks out.

#NextJS #SmallBusiness"
"2026-10-29","Thu","302","LinkedIn","PROBLEM","","336","","Your website has no phone number above the fold.

People do not scroll to find you. They scroll to leave.

We see this weekly with South African businesses. It is almost never a budget problem — it is a ""nobody told me this was costing me money"" problem.

If that sounded familiar: DM us

#Chatbot #ArtificialIntelligence #SmallBusiness"
"2026-10-29","Thu","302","Instagram","PROBLEM","","217","","Your PDFs are 40MB 👀

Nobody on mobile data is opening that. Not once.

We fix exactly this. wa.me/27688529333

#MuleSoo #Pretoria #SouthAfrica #LogoDesign #BrandIdentity #GraphicDesign #SmallBusiness #SmeSouthAfrica"
"2026-10-29","Thu","302","Facebook","PROBLEM","","224","","Your appointment reminders are manual 👀

That is why people no-show. Not because they forgot you. Because nothing reminded them.

We fix exactly this. mulesoo.com/services/custom-apps

#NextJS #SmallBusiness #SmeSouthAfrica"
"2026-10-29","Thu","302","TikTok","PROBLEM","","159","","Your booking system is a notebook.

One lost page is one lost month.

Fix it → mulesoo.com

#Pretoria #SouthAfrica #SmallBusiness #SmeSouthAfrica #Entrepreneur"
"2026-10-29","Thu","302","X","PROBLEM","","117","","Your invoices go out late.

Cash flow is not a maths problem. It is an admin problem.

#SmallBusiness #SmeSouthAfrica"
"2026-10-30","Fri","303","LinkedIn","EDUCATE","","273","","The fold is a myth, the first sentence is not.

People scroll. They do not read badly-written openings.

Most of our work is not clever. It is doing the obvious thing properly, and doing it first.

What would you add?

#ArtificialIntelligence #SmallBusiness #SmeSouthAfrica"
"2026-10-30","Fri","303","Instagram","EDUCATE","","196","","💡 One testimonial with a real name beats ten anonymous ones

Specificity is the whole currency of trust.

Save this for later.

#Pretoria #SouthAfrica #SmallBusiness #SmeSouthAfrica #Entrepreneur"
"2026-10-30","Fri","303","Facebook","EDUCATE","","218","","💡 A slow site is a tax you pay every day

Every extra second of load time costs roughly 7% of conversions. On R100k of sales that is R7,000 a second.

Save this for later.

#SmallBusiness #SmeSouthAfrica #Entrepreneur"
"2026-10-30","Fri","303","TikTok","EDUCATE","","209","","A chatbot is not a robot receptionist.

It is a filter. It catches the easy 70% so a human handles the 30% that pays.

Save this one.

#SouthAfrica #AIAutomation #Chatbot #ArtificialIntelligence #SmallBusiness"
"2026-10-30","Fri","303","X","EDUCATE","","147","","Structured data is how Google understands you.

It is a few lines of JSON. Most sites skip it. That is your opening.

#SmeSouthAfrica #Entrepreneur"
"2026-10-31","Sat","304","LinkedIn","PROOF","YES","292","","The problem they came to us with:

[REAL RESULT: their words describing the pain, then what it looks like now]

What we built: custom web apps — the internal tool your business actually needs.

Happy to walk anyone through how it works. No pitch.

#SmallBusiness #SmeSouthAfrica #Entrepreneur"
"2026-10-31","Sat","304","Instagram","PROOF","YES","268","","Here is the whole build, honestly:

[REAL RESULT: what went well, what did not, what you would do differently]

Business email: an @yourdomain address that stops you looking like a hobby.

mulesoo.com

#SouthAfrica #SmallBusiness #SmeSouthAfrica #Entrepreneur #MuleSoo"
"2026-10-31","Sat","304","Facebook","PROOF","YES","235","","A client said this last week:

[REAL RESULT: a verbatim quote, with their name and business, used with permission]

AI chatbots: a assistant that answers customers at 2am so you can sleep.

DM us

#SmeSouthAfrica #Entrepreneur #MuleSoo"
"2026-10-31","Sat","304","TikTok","PROOF","YES","188","","They almost did not call us.

[REAL RESULT: the objection they had, and what changed their mind]

mulesoo.com

#AIAutomation #Chatbot #ArtificialIntelligence #SmallBusiness #SmeSouthAfrica"
"2026-10-31","Sat","304","X","PROOF","YES","127","","We turned down this brief.

[REAL RESULT: a project you declined and why — nothing builds trust faster]

#Entrepreneur #MuleSoo"
"2026-11-01","Sun","305","LinkedIn","MYTH","","243","","A myth I hear constantly: ""We will launch when it is perfect.""

You will launch when a competitor forces you to, and it still will not be perfect.

Disagree? Genuinely interested — the comments are open.

#SmeSouthAfrica #Entrepreneur #MuleSoo"
"2026-11-01","Sun","305","Instagram","MYTH","","238","","❌ Myth: ""AI will replace my staff.""

✅ Truth: It will replace the parts of their day they hate. That is different, and better.

#AIAutomation #Chatbot #ArtificialIntelligence #SmallBusiness #SmeSouthAfrica #Entrepreneur #MuleSoo #Pretoria"
"2026-11-01","Sun","305","Facebook","MYTH","","122","","❌ Myth: ""Design is subjective.""

✅ Truth: Taste is subjective. Conversion is measurable.

#Entrepreneur #MuleSoo #Pretoria"
"2026-11-01","Sun","305","TikTok","MYTH","","163","","Myth: ""Our customers are not online.""

Truth: They are on WhatsApp right now. That is online.

#WebDevelopment #NextJS #SmallBusiness #SmeSouthAfrica #Entrepreneur"
"2026-11-01","Sun","305","X","MYTH","","93","","""Nobody scans QR codes.""

Every restaurant menu in the country disagrees.

#MuleSoo #Pretoria"
"2026-11-02","Mon","306","LinkedIn","BEHIND","","201","","Found a client site telling Google every page was a duplicate of the homepage. 219 pages invisible. One line of code.

Small things, compounded. That is the whole job.

#Entrepreneur #MuleSoo #Pretoria"
"2026-11-02","Mon","306","Instagram","BEHIND","","233","","Behind the scenes 🛠️

Deleted 6MB of unused JavaScript from a client build today. The site did not lose a single feature.

#Chatbot #ArtificialIntelligence #SmallBusiness #SmeSouthAfrica #Entrepreneur #MuleSoo #Pretoria #SouthAfrica"
"2026-11-02","Mon","306","Facebook","BEHIND","","137","","Behind the scenes 🛠️

Reviewed our own site on a 3G connection this week. Humbling. Fixed three things.

#MuleSoo #Pretoria #SouthAfrica"
"2026-11-02","Mon","306","TikTok","BEHIND","","136","","Turned off a client's auto-playing video. Bounce rate dropped by a third.

#NextJS #SmallBusiness #SmeSouthAfrica #Entrepreneur #MuleSoo"
"2026-11-02","Mon","306","X","BEHIND","","150","","Spent the morning cutting 4MB of unused fonts off a client site. Load time went from 5.1s to 1.3s. No redesign. Just deleting.

#Pretoria #SouthAfrica"
"2026-11-03","Tue","307","LinkedIn","PROMO","","242","","Logo & brand identity — from R800.

What you actually get: a brand people remember after one look.

No contracts, no setup fees. If it is not a fit we will say so on the call.

mulesoo.com/services/logo-design

#MuleSoo #Pretoria #SouthAfrica"
"2026-11-03","Tue","307","Instagram","PROMO","","238","","Custom web apps — custom ✨

The internal tool your business actually needs.

🔒 No contracts. No setup fees.
mulesoo.com/services/custom-apps

#NextJS #SmallBusiness #SmeSouthAfrica #Entrepreneur #MuleSoo #Pretoria #SouthAfrica #WebDesign"
"2026-11-03","Tue","307","Facebook","PROMO","","194","","Business email — from R400 ✨

An @yourdomain address that stops you looking like a hobby.

🔒 No contracts. No setup fees.
mulesoo.com/services/email-setup

#Pretoria #SouthAfrica #SmallBusiness"
"2026-11-03","Tue","307","TikTok","PROMO","","165","","AI chatbots, from R2,500.

a assistant that answers customers at 2am so you can sleep.

Link in bio.

#SmallBusiness #SmeSouthAfrica #Entrepreneur #MuleSoo #Pretoria"
"2026-11-03","Tue","307","X","PROMO","","106","","AI automation — the admin work doing itself.
custom.
mulesoo.com/ai-automation

#SouthAfrica #AIAutomation"
"2026-11-04","Wed","308","LinkedIn","HUMAN","","171","","Every founder thinks their industry is different. Every industry has a booking form.

(It is Friday. Normal service resumes Monday.)

#Pretoria #SouthAfrica #SmallBusiness"
"2026-11-04","Wed","308","Instagram","HUMAN","","217","","The website is finished. The website is never finished. Both statements are true and we have made peace with it.

#SmallBusiness #SmeSouthAfrica #Entrepreneur #MuleSoo #Pretoria #SouthAfrica #WebDesign #WebDevelopment"
"2026-11-04","Wed","308","Facebook","HUMAN","","119","","Somebody somewhere is still using Comic Sans on an invoice, and honestly, respect.

#SouthAfrica #AIAutomation #Chatbot"
"2026-11-04","Wed","308","TikTok","HUMAN","","120","","Pretoria traffic is our staging environment for patience.

#SmeSouthAfrica #Entrepreneur #MuleSoo #Pretoria #SouthAfrica"
"2026-11-04","Wed","308","X","HUMAN","","112","","Nothing humbles you like opening your own website on someone else's cracked Android.

#WebDesign #WebDevelopment"
"2026-11-05","Thu","309","LinkedIn","PROBLEM","","343","","You have three different phone numbers online.

Google does not know which is real, so it trusts none of them.

We see this weekly with South African businesses. It is almost never a budget problem — it is a ""nobody told me this was costing me money"" problem.

If that sounded familiar: mulesoo.com

#SouthAfrica #SmallBusiness #SmeSouthAfrica"
"2026-11-05","Thu","309","Instagram","PROBLEM","","272","","You answer the same WhatsApp question 30 times a week 👀

That is not customer service. That is a chatbot that has not been built yet.

We fix exactly this. DM us

#SmeSouthAfrica #Entrepreneur #MuleSoo #Pretoria #SouthAfrica #AIAutomation #Chatbot #ArtificialIntelligence"
"2026-11-05","Thu","309","Facebook","PROBLEM","","192","","Your site looks great on your laptop 👀

Nine of ten of your customers are on a phone. Have you checked?

We fix exactly this. wa.me/27688529333

#AIAutomation #Chatbot #ArtificialIntelligence"
"2026-11-05","Thu","309","TikTok","PROBLEM","","166","","You have no idea where clients come from.

So you cannot spend more on what works.

Fix it → mulesoo.com

#Entrepreneur #MuleSoo #Pretoria #SouthAfrica #SmallBusiness"
"2026-11-05","Thu","309","X","PROBLEM","","128","","You are paying for a website you cannot edit.

Every text change costs you a phone call and three days.

#WebDevelopment #NextJS"
"2026-11-06","Fri","310","LinkedIn","EDUCATE","","268","","Back up before you launch, not after.

The worst day to learn your backup strategy is the day you need it.

Most of our work is not clever. It is doing the obvious thing properly, and doing it first.

What would you add?

#AIAutomation #Chatbot #ArtificialIntelligence"
"2026-11-06","Fri","310","Instagram","EDUCATE","","227","","💡 Buy the domain before the logo

Names change. Get the .com or .co.za first, then design around it.

Save this for later.

#Entrepreneur #MuleSoo #Pretoria #SouthAfrica #LogoDesign #BrandIdentity #GraphicDesign #SmallBusiness"
"2026-11-06","Fri","310","Facebook","EDUCATE","","168","","💡 One clear call to action beats five

Every extra button is a decision, and every decision loses people.

Save this for later.

#WebDevelopment #NextJS #SmallBusiness"
"2026-11-06","Fri","310","TikTok","EDUCATE","","205","","Automate the boring, not the human.

Nobody wants an AI to write their condolence note. Everyone wants one to chase invoices.

Save this one.

#MuleSoo #Pretoria #SouthAfrica #SmallBusiness #SmeSouthAfrica"
"2026-11-06","Fri","310","X","EDUCATE","","136","","Every form field costs you customers.

Ask for what you need to reply. Everything else can wait.

#ArtificialIntelligence #SmallBusiness"
"2026-11-07","Sat","311","LinkedIn","PROOF","YES","313","","Six months on, is it still working?

[REAL RESULT: a follow-up result from an older client — these are the most credible posts you will ever publish]

What we built: ai automation — the admin work doing itself.

Happy to walk anyone through how it works. No pitch.

#Chatbot #ArtificialIntelligence #SmallBusiness"
"2026-11-07","Sat","311","Instagram","PROOF","YES","285","","The problem they came to us with:

[REAL RESULT: their words describing the pain, then what it looks like now]

QR codes: a branded code that tells you who scanned it and when.

mulesoo.com/services/qr-codes

#MuleSoo #Pretoria #SouthAfrica #SmallBusiness #SmeSouthAfrica #Entrepreneur"
"2026-11-07","Sat","311","Facebook","PROOF","YES","228","","Here is the whole build, honestly:

[REAL RESULT: what went well, what did not, what you would do differently]

Website design: a site that turns visitors into paying clients.

mulesoo.com

#NextJS #SmallBusiness #SmeSouthAfrica"
"2026-11-07","Sat","311","TikTok","PROOF","YES","198","","A client said this last week:

[REAL RESULT: a verbatim quote, with their name and business, used with permission]

mulesoo.com

#Pretoria #SouthAfrica #AIAutomation #Chatbot #ArtificialIntelligence"
"2026-11-07","Sat","311","X","PROOF","YES","128","","They almost did not call us.

[REAL RESULT: the objection they had, and what changed their mind]

#SmallBusiness #SmeSouthAfrica"
"2026-11-08","Sun","312","LinkedIn","MYTH","","237","","A myth I hear constantly: ""We are too small for automation.""

Small is exactly when your time is most expensive, because it is all you have.

Disagree? Genuinely interested — the comments are open.

#NextJS #SmallBusiness #SmeSouthAfrica"
"2026-11-08","Sun","312","Instagram","MYTH","","199","","❌ Myth: ""We do not need a logo, we need sales.""

✅ Truth: The logo is not the point. Being memorable at the moment of decision is.

#Pretoria #SouthAfrica #SmallBusiness #SmeSouthAfrica #Entrepreneur"
"2026-11-08","Sun","312","Facebook","MYTH","","148","","❌ Myth: ""More pages means better SEO.""

✅ Truth: Two hundred thin pages rank worse than ten good ones.

#SmallBusiness #SmeSouthAfrica #Entrepreneur"
"2026-11-08","Sun","312","TikTok","MYTH","","209","","Myth: ""We will launch when it is perfect.""

Truth: You will launch when a competitor forces you to, and it still will not be perfect.

#SouthAfrica #AIAutomation #Chatbot #ArtificialIntelligence #SmallBusiness"
"2026-11-08","Sun","312","X","MYTH","","140","","""AI will replace my staff.""

It will replace the parts of their day they hate. That is different, and better.

#SmeSouthAfrica #Entrepreneur"
"2026-11-09","Mon","313","LinkedIn","BEHIND","","154","","A client wanted 14 pages. We shipped 5. Enquiries went up.

Small things, compounded. That is the whole job.

#SmallBusiness #SmeSouthAfrica #Entrepreneur"
"2026-11-09","Mon","313","Instagram","BEHIND","","218","","Behind the scenes 🛠️

Two hours today spent on a single button. It is the button that takes the money.

#SouthAfrica #AIAutomation #Chatbot #ArtificialIntelligence #SmallBusiness #SmeSouthAfrica #Entrepreneur #MuleSoo"
"2026-11-09","Mon","313","Facebook","BEHIND","","145","","Behind the scenes 🛠️

A ""quick change"" is never quick. An honest estimate is worth more than a fast yes.

#SmeSouthAfrica #Entrepreneur #MuleSoo"
"2026-11-09","Mon","313","TikTok","BEHIND","","169","","We test every page at 375px before we call it done. That is an iPhone SE. If it works there, it works.

#WebDesign #WebDevelopment #NextJS #SmallBusiness #SmeSouthAfrica"
"2026-11-09","Mon","313","X","BEHIND","","116","","A client asked if we could make the site load faster. We removed the video background. Done.

#Entrepreneur #MuleSoo"
"2026-11-10","Tue","314","LinkedIn","PROMO","","257","","AI chatbots — from R2,500.

What you actually get: a assistant that answers customers at 2am so you can sleep.

No contracts, no setup fees. If it is not a fit we will say so on the call.

mulesoo.com/services/chatbot

#SmeSouthAfrica #Entrepreneur #MuleSoo"
"2026-11-10","Tue","314","Instagram","PROMO","","225","","AI automation — custom ✨

The admin work doing itself.

🔒 No contracts. No setup fees.
mulesoo.com/ai-automation

#AIAutomation #Chatbot #ArtificialIntelligence #SmallBusiness #SmeSouthAfrica #Entrepreneur #MuleSoo #Pretoria"
"2026-11-10","Tue","314","Facebook","PROMO","","175","","QR codes — from R300 ✨

A branded code that tells you who scanned it and when.

🔒 No contracts. No setup fees.
mulesoo.com/services/qr-codes

#Entrepreneur #MuleSoo #Pretoria"
"2026-11-10","Tue","314","TikTok","PROMO","","161","","Website design, from R3,500.

a site that turns visitors into paying clients.

Link in bio.

#WebDevelopment #NextJS #SmallBusiness #SmeSouthAfrica #Entrepreneur"
"2026-11-10","Tue","314","X","PROMO","","133","","Auto Pilot systems — bookings, payments and reminders running without you.
custom.
mulesoo.com/services/autopilot

#MuleSoo #Pretoria"
"2026-11-11","Wed","315","LinkedIn","HUMAN","","171","","We named the company MuleSoo because it carries heavy things without complaining. Mostly.

(It is Friday. Normal service resumes Monday.)

#Entrepreneur #MuleSoo #Pretoria"
"2026-11-11","Wed","315","Instagram","HUMAN","","159","","Testing on your own phone is not testing. It is optimism.

#WebDevelopment #NextJS #SmallBusiness #SmeSouthAfrica #Entrepreneur #MuleSoo #Pretoria #SouthAfrica"
"2026-11-11","Wed","315","Facebook","HUMAN","","123","","Ninety percent of ""the site is down"" is the wifi. The other ten percent keeps us employed.

#MuleSoo #Pretoria #SouthAfrica"
"2026-11-11","Wed","315","TikTok","HUMAN","","150","","We measure success in fewer WhatsApp messages at 11pm. Yours, not ours.

#ArtificialIntelligence #SmallBusiness #SmeSouthAfrica #Entrepreneur #MuleSoo"
"2026-11-11","Wed","315","X","HUMAN","","114","","Somewhere out there a business is losing a client right now because their email is @gmail.

#Pretoria #SouthAfrica"
"2026-11-12","Thu","316","LinkedIn","PROBLEM","","338","","Your logo was made in Word.

It shows at 300dpi. It shows on a banner. It shows on a business card.

We see this weekly with South African businesses. It is almost never a budget problem — it is a ""nobody told me this was costing me money"" problem.

If that sounded familiar: mulesoo.com/services/qr-codes

#MuleSoo #Pretoria #SouthAfrica"
"2026-11-12","Thu","316","Instagram","PROBLEM","","233","","Nobody finds you on Google 👀

Not because you are small. Because nobody told Google your pages exist.

We fix exactly this. mulesoo.com

#NextJS #SmallBusiness #SmeSouthAfrica #Entrepreneur #MuleSoo #Pretoria #SouthAfrica #WebDesign"
"2026-11-12","Thu","316","Facebook","PROBLEM","","141","","Your prices are not on your site 👀

So people assume expensive, and leave.

We fix exactly this. DM us

#Pretoria #SouthAfrica #AIAutomation"
"2026-11-12","Thu","316","TikTok","PROBLEM","","190","","Your online store has no trust signals.

No reviews, no returns policy, no real address. Would you buy?

Fix it → mulesoo.com

#SmallBusiness #SmeSouthAfrica #Entrepreneur #MuleSoo #Pretoria"
"2026-11-12","Thu","316","X","PROBLEM","","111","","Your best client found you by accident.

Imagine if that was a system instead of luck.

#SouthAfrica #WebDesign"
"2026-11-13","Fri","317","LinkedIn","EDUCATE","","247","","Your best salesperson is a FAQ page.

It answers the objection you are too polite to bring up.

Most of our work is not clever. It is doing the obvious thing properly, and doing it first.

What would you add?

#Pretoria #SouthAfrica #SmallBusiness"
"2026-11-13","Fri","317","Instagram","EDUCATE","","243","","💡 Own your source code

If your developer disappears and your site does too, you did not buy a website. You rented one.

Save this for later.

#SmallBusiness #SmeSouthAfrica #Entrepreneur #MuleSoo #Pretoria #SouthAfrica #AIAutomation #Chatbot"
"2026-11-13","Fri","317","Facebook","EDUCATE","","158","","💡 Do not build the app first

Build the landing page. If nobody clicks, you just saved six months.

Save this for later.

#SouthAfrica #AIAutomation #Chatbot"
"2026-11-13","Fri","317","TikTok","EDUCATE","","171","","Compress your images before you blame your host.

A 4MB hero image is not a hosting problem.

Save this one.

#SmeSouthAfrica #Entrepreneur #MuleSoo #Pretoria #SouthAfrica"
"2026-11-13","Fri","317","X","EDUCATE","","112","","Measure one number.

Enquiries per week. If it does not move that, it is decoration.

#WebDesign #WebDevelopment"
"2026-11-14","Sat","318","LinkedIn","PROOF","YES","292","","This used to take four hours a week.

[REAL RESULT: the manual task you automated, and the hours it now takes]

What we built: auto pilot systems — bookings, payments and reminders running without you.

Happy to walk anyone through how it works. No pitch.

#SouthAfrica #AIAutomation #Chatbot"
"2026-11-14","Sat","318","Instagram","PROOF","YES","337","","Six months on, is it still working?

[REAL RESULT: a follow-up result from an older client — these are the most credible posts you will ever publish]

Logo & brand identity: a brand people remember after one look.

wa.me/27688529333

#SmeSouthAfrica #Entrepreneur #MuleSoo #Pretoria #SouthAfrica #LogoDesign #BrandIdentity #GraphicDesign"
"2026-11-14","Sat","318","Facebook","PROOF","YES","246","","The problem they came to us with:

[REAL RESULT: their words describing the pain, then what it looks like now]

Custom web apps: the internal tool your business actually needs.

mulesoo.com/services/custom-apps

#WebDesign #WebDevelopment #NextJS"
"2026-11-14","Sat","318","TikTok","PROOF","YES","185","","Here is the whole build, honestly:

[REAL RESULT: what went well, what did not, what you would do differently]

mulesoo.com

#Entrepreneur #MuleSoo #Pretoria #SouthAfrica #SmallBusiness"
"2026-11-14","Sat","318","X","PROOF","YES","148","","A client said this last week:

[REAL RESULT: a verbatim quote, with their name and business, used with permission]

#Chatbot #ArtificialIntelligence"
"2026-11-15","Sun","319","LinkedIn","MYTH","","253","","A myth I hear constantly: ""We will fix the website after we get customers.""

The website is how you get the customers. You have the order backwards.

Disagree? Genuinely interested — the comments are open.

#AIAutomation #Chatbot #ArtificialIntelligence"
"2026-11-15","Sun","319","Instagram","MYTH","","184","","❌ Myth: ""Dark mode is a feature.""

✅ Truth: It is a preference. Your broken checkout is a feature request.

#Entrepreneur #MuleSoo #Pretoria #SouthAfrica #SmallBusiness #SmeSouthAfrica"
"2026-11-15","Sun","319","Facebook","MYTH","","186","","❌ Myth: ""Our industry is different.""

✅ Truth: Your industry has a booking form, an invoice, and a customer who wants an answer. Same as everyone.

#WebDevelopment #NextJS #SmallBusiness"
"2026-11-15","Sun","319","TikTok","MYTH","","183","","Myth: ""We are too small for automation.""

Truth: Small is exactly when your time is most expensive, because it is all you have.

#MuleSoo #Pretoria #SouthAfrica #AIAutomation #Chatbot"
"2026-11-15","Sun","319","X","MYTH","","144","","""We do not need a logo, we need sales.""

The logo is not the point. Being memorable at the moment of decision is.

#GraphicDesign #SmallBusiness"
"2026-11-16","Mon","320","LinkedIn","BEHIND","","170","","Every project starts with the same question: what is the one thing this must do?

Small things, compounded. That is the whole job.

#WebDevelopment #NextJS #SmallBusiness"
"2026-11-16","Mon","320","Instagram","BEHIND","","172","","Behind the scenes 🛠️

The best compliment we get: ""it just works."" That took the whole month.

#MuleSoo #Pretoria #SouthAfrica #SmallBusiness #SmeSouthAfrica #Entrepreneur"
"2026-11-16","Mon","320","Facebook","BEHIND","","232","","Behind the scenes 🛠️

Today: rebuilt a business card because the fonts were never actually loading. Everything printed was in the wrong typeface and nobody noticed for months.

#ArtificialIntelligence #SmallBusiness #SmeSouthAfrica"
"2026-11-16","Mon","320","TikTok","BEHIND","","189","","Our booking system sends the deposit invoice, the confirmation PDF, and the WhatsApp alert. Nobody touches a keyboard.

#Pretoria #SouthAfrica #AIAutomation #Chatbot #ArtificialIntelligence"
"2026-11-16","Mon","320","X","BEHIND","","134","","The QR codes we make track scans. So you know if the flyer worked, or if the flyer was a bin ornament.

#SmallBusiness #SmeSouthAfrica"
"2026-11-17","Tue","321","LinkedIn","PROMO","","255","","Website design — from R3,500.

What you actually get: a site that turns visitors into paying clients.

No contracts, no setup fees. If it is not a fit we will say so on the call.

mulesoo.com/services/website-design

#NextJS #SmallBusiness #SmeSouthAfrica"
"2026-11-17","Tue","321","Instagram","PROMO","","264","","Auto Pilot systems — custom ✨

Bookings, payments and reminders running without you.

🔒 No contracts. No setup fees.
mulesoo.com/services/autopilot

#Pretoria #SouthAfrica #AIAutomation #Chatbot #ArtificialIntelligence #SmallBusiness #SmeSouthAfrica #Entrepreneur"
"2026-11-17","Tue","321","Facebook","PROMO","","188","","Logo & brand identity — from R800 ✨

A brand people remember after one look.

🔒 No contracts. No setup fees.
mulesoo.com/services/logo-design

#SmallBusiness #SmeSouthAfrica #Entrepreneur"
"2026-11-17","Tue","321","TikTok","PROMO","","151","","Custom web apps, custom.

the internal tool your business actually needs.

Link in bio.

#SouthAfrica #WebDesign #WebDevelopment #NextJS #SmallBusiness"
"2026-11-17","Tue","321","X","PROMO","","151","","Business email — an @yourdomain address that stops you looking like a hobby.
from R400.
mulesoo.com/services/email-setup

#SmeSouthAfrica #Entrepreneur"
"2026-11-18","Wed","322","LinkedIn","HUMAN","","176","","We do not do rush jobs. We do ordinary jobs, on time, which turns out to be rarer.

(It is Friday. Normal service resumes Monday.)

#SmallBusiness #SmeSouthAfrica #Entrepreneur"
"2026-11-18","Wed","322","Instagram","HUMAN","","197","","Client: ""Can you make the logo bigger?"" Us: ""Yes."" Client: ""Bigger."" Us: ""...Yes.""

#SouthAfrica #AIAutomation #Chatbot #ArtificialIntelligence #SmallBusiness #SmeSouthAfrica #Entrepreneur #MuleSoo"
"2026-11-18","Wed","322","Facebook","HUMAN","","146","","""I want it like Apple's site but with more stuff on it"" is a sentence that contains its own contradiction.

#SmeSouthAfrica #Entrepreneur #MuleSoo"
"2026-11-18","Wed","322","TikTok","HUMAN","","146","","""Just a small change"" has never once, in recorded history, been a small change.

#WebDesign #WebDevelopment #NextJS #SmallBusiness #SmeSouthAfrica"
"2026-11-18","Wed","322","X","HUMAN","","102","","""Can you make it look more premium"" — sir, that is a budget, not an adjective.

#Entrepreneur #MuleSoo"
"2026-11-19","Thu","323","LinkedIn","PROBLEM","","305","","Your staff share one login.

That is not a system. That is a liability.

We see this weekly with South African businesses. It is almost never a budget problem — it is a ""nobody told me this was costing me money"" problem.

If that sounded familiar: wa.me/27688529333

#SmeSouthAfrica #Entrepreneur #MuleSoo"
"2026-11-19","Thu","323","Instagram","PROBLEM","","262","","Your website has no phone number above the fold 👀

People do not scroll to find you. They scroll to leave.

We fix exactly this. mulesoo.com/services/custom-apps

#WebDesign #WebDevelopment #NextJS #SmallBusiness #SmeSouthAfrica #Entrepreneur #MuleSoo #Pretoria"
"2026-11-19","Thu","323","Facebook","PROBLEM","","139","","Your PDFs are 40MB 👀

Nobody on mobile data is opening that. Not once.

We fix exactly this. mulesoo.com

#Entrepreneur #MuleSoo #Pretoria"
"2026-11-19","Thu","323","TikTok","PROBLEM","","228","","Your appointment reminders are manual.

That is why people no-show. Not because they forgot you. Because nothing reminded them.

Fix it → mulesoo.com

#Chatbot #ArtificialIntelligence #SmallBusiness #SmeSouthAfrica #Entrepreneur"
"2026-11-19","Thu","323","X","PROBLEM","","88","","Your booking system is a notebook.

One lost page is one lost month.

#MuleSoo #Pretoria"
"2026-11-20","Fri","324","LinkedIn","EDUCATE","","250","","A QR code with no tracking is a leaflet.

If you cannot count the scans, you cannot tell if it worked.

Most of our work is not clever. It is doing the obvious thing properly, and doing it first.

What would you add?

#Entrepreneur #MuleSoo #Pretoria"
"2026-11-20","Fri","324","Instagram","EDUCATE","","229","","💡 The fold is a myth, the first sentence is not

People scroll. They do not read badly-written openings.

Save this for later.

#WebDevelopment #NextJS #SmallBusiness #SmeSouthAfrica #Entrepreneur #MuleSoo #Pretoria #SouthAfrica"
"2026-11-20","Fri","324","Facebook","EDUCATE","","160","","💡 One testimonial with a real name beats ten anonymous ones

Specificity is the whole currency of trust.

Save this for later.

#MuleSoo #Pretoria #SouthAfrica"
"2026-11-20","Fri","324","TikTok","EDUCATE","","234","","A slow site is a tax you pay every day.

Every extra second of load time costs roughly 7% of conversions. On R100k of sales that is R7,000 a second.

Save this one.

#GraphicDesign #SmallBusiness #SmeSouthAfrica #Entrepreneur #MuleSoo"
"2026-11-20","Fri","324","X","EDUCATE","","141","","A chatbot is not a robot receptionist.

It is a filter. It catches the easy 70% so a human handles the 30% that pays.

#Pretoria #SouthAfrica"
"2026-11-21","Sat","325","LinkedIn","PROOF","YES","286","","Before and after 👇

[REAL RESULT: the one number that changed — load time, bookings, no-shows, enquiries]

What we built: business email — an @yourdomain address that stops you looking like a hobby.

Happy to walk anyone through how it works. No pitch.

#MuleSoo #Pretoria #SouthAfrica"
"2026-11-21","Sat","325","Instagram","PROOF","YES","307","","This used to take four hours a week.

[REAL RESULT: the manual task you automated, and the hours it now takes]

AI chatbots: a assistant that answers customers at 2am so you can sleep.

DM us

#ArtificialIntelligence #SmallBusiness #SmeSouthAfrica #Entrepreneur #MuleSoo #Pretoria #SouthAfrica #AIAutomation"
"2026-11-21","Sat","325","Facebook","PROOF","YES","251","","Six months on, is it still working?

[REAL RESULT: a follow-up result from an older client — these are the most credible posts you will ever publish]

AI automation: the admin work doing itself.

wa.me/27688529333

#Pretoria #SouthAfrica #AIAutomation"
"2026-11-21","Sat","325","TikTok","PROOF","YES","188","","The problem they came to us with:

[REAL RESULT: their words describing the pain, then what it looks like now]

mulesoo.com

#SmallBusiness #SmeSouthAfrica #Entrepreneur #MuleSoo #Pretoria"
"2026-11-21","Sat","325","X","PROOF","YES","135","","Here is the whole build, honestly:

[REAL RESULT: what went well, what did not, what you would do differently]

#SouthAfrica #WebDesign"
"2026-11-22","Sun","326","LinkedIn","MYTH","","208","","A myth I hear constantly: ""AI writes our content now.""

And your readers can tell. Use it to think, not to speak.

Disagree? Genuinely interested — the comments are open.

#Pretoria #SouthAfrica #AIAutomation"
"2026-11-22","Sun","326","Instagram","MYTH","","236","","❌ Myth: ""A good website costs six figures.""

✅ Truth: It does not. It costs clarity about what the site is for. We start at R3,500.

#SmallBusiness #SmeSouthAfrica #Entrepreneur #MuleSoo #Pretoria #SouthAfrica #LogoDesign #BrandIdentity"
"2026-11-22","Sun","326","Facebook","MYTH","","146","","❌ Myth: ""I will do the website myself, later.""

✅ Truth: ""Later"" is doing a lot of work in that sentence.

#SouthAfrica #WebDesign #WebDevelopment"
"2026-11-22","Sun","326","TikTok","MYTH","","198","","Myth: ""We will fix the website after we get customers.""

Truth: The website is how you get the customers. You have the order backwards.

#SmeSouthAfrica #Entrepreneur #MuleSoo #Pretoria #SouthAfrica"
"2026-11-22","Sun","326","X","MYTH","","113","","""Dark mode is a feature.""

It is a preference. Your broken checkout is a feature request.

#AIAutomation #Chatbot"
"2026-11-23","Mon","327","LinkedIn","BEHIND","","192","","Every MuleSoo build ships with the source code. You own it. If you fire us tomorrow, you keep everything.

Small things, compounded. That is the whole job.

#SouthAfrica #AIAutomation #Chatbot"
"2026-11-23","Mon","327","Instagram","BEHIND","","199","","Behind the scenes 🛠️

We do not use website builders. Next.js, Tailwind, Supabase. The same stack Vercel and Linear run.

#SmeSouthAfrica #Entrepreneur #MuleSoo #Pretoria #SouthAfrica #SmallBusiness"
"2026-11-23","Mon","327","Facebook","BEHIND","","198","","Behind the scenes 🛠️

We keep a checklist of things that quietly break: contact forms, SSL renewals, sitemap submissions. Most agencies do not check any of them.

#WebDesign #WebDevelopment #NextJS"
"2026-11-23","Mon","327","TikTok","BEHIND","","136","","Nobody asks about the database schema. Everybody feels it when it is wrong.

#Entrepreneur #MuleSoo #Pretoria #SouthAfrica #AIAutomation"
"2026-11-23","Mon","327","X","BEHIND","","119","","Our own admin panel logs every action. If we break something, we can prove when and how.

#BrandIdentity #GraphicDesign"
"2026-11-24","Tue","328","LinkedIn","PROMO","","244","","Custom web apps — custom.

What you actually get: the internal tool your business actually needs.

No contracts, no setup fees. If it is not a fit we will say so on the call.

mulesoo.com/services/custom-apps

#WebDesign #WebDevelopment #NextJS"
"2026-11-24","Tue","328","Instagram","PROMO","","233","","Business email — from R400 ✨

An @yourdomain address that stops you looking like a hobby.

🔒 No contracts. No setup fees.
mulesoo.com/services/email-setup

#Entrepreneur #MuleSoo #Pretoria #SouthAfrica #SmallBusiness #SmeSouthAfrica"
"2026-11-24","Tue","328","Facebook","PROMO","","199","","AI chatbots — from R2,500 ✨

A assistant that answers customers at 2am so you can sleep.

🔒 No contracts. No setup fees.
mulesoo.com/services/chatbot

#Chatbot #ArtificialIntelligence #SmallBusiness"
"2026-11-24","Tue","328","TikTok","PROMO","","122","","AI automation, custom.

the admin work doing itself.

Link in bio.

#MuleSoo #Pretoria #SouthAfrica #AIAutomation #Chatbot"
"2026-11-24","Tue","328","X","PROMO","","136","","QR codes — a branded code that tells you who scanned it and when.
from R300.
mulesoo.com/services/qr-codes

#Entrepreneur #SmallBusiness"
"2026-11-25","Wed","329","LinkedIn","HUMAN","","179","","The two hardest problems in tech: naming things, cache invalidation, and off-by-one errors.

(It is Friday. Normal service resumes Monday.)

#WebDevelopment #NextJS #SmallBusiness"
"2026-11-25","Wed","329","Instagram","HUMAN","","184","","You do not need a metaverse strategy. You need your contact form to work.

#MuleSoo #Pretoria #SouthAfrica #AIAutomation #Chatbot #ArtificialIntelligence #SmallBusiness #SmeSouthAfrica"
"2026-11-25","Wed","329","Facebook","HUMAN","","122","","Every logo revision request arrives at 11:47pm. We have stopped asking why.

#GraphicDesign #SmallBusiness #SmeSouthAfrica"
"2026-11-25","Wed","329","TikTok","HUMAN","","142","","The client always knows what they do not want. Our job is to find out what they do.

#Pretoria #SouthAfrica #WebDesign #WebDevelopment #NextJS"
"2026-11-25","Wed","329","X","HUMAN","","131","","If your password is your business name and the year, we need to talk before we talk about websites.

#SmallBusiness #SmeSouthAfrica"
"2026-11-26","Thu","330","LinkedIn","PROBLEM","","340","","Your team shares files over WhatsApp.

Somewhere in that chat is the only copy of something important.

We see this weekly with South African businesses. It is almost never a budget problem — it is a ""nobody told me this was costing me money"" problem.

If that sounded familiar: DM us

#ArtificialIntelligence #SmallBusiness #SmeSouthAfrica"
"2026-11-26","Thu","330","Instagram","PROBLEM","","268","","You have three different phone numbers online 👀

Google does not know which is real, so it trusts none of them.

We fix exactly this. wa.me/27688529333

#Pretoria #SouthAfrica #AIAutomation #Chatbot #ArtificialIntelligence #SmallBusiness #SmeSouthAfrica #Entrepreneur"
"2026-11-26","Thu","330","Facebook","PROBLEM","","232","","You answer the same WhatsApp question 30 times a week 👀

That is not customer service. That is a chatbot that has not been built yet.

We fix exactly this. mulesoo.com/services/qr-codes

#SmallBusiness #SmeSouthAfrica #Entrepreneur"
"2026-11-26","Thu","330","TikTok","PROBLEM","","188","","Your site looks great on your laptop.

Nine of ten of your customers are on a phone. Have you checked?

Fix it → mulesoo.com

#SouthAfrica #WebDesign #WebDevelopment #NextJS #SmallBusiness"
"2026-11-26","Thu","330","X","PROBLEM","","113","","You have no idea where clients come from.

So you cannot spend more on what works.

#SmeSouthAfrica #Entrepreneur"
"2026-11-27","Fri","331","LinkedIn","EDUCATE","","240","","Your 404 page is a sales page.

Someone is lost and still interested. Help them.

Most of our work is not clever. It is doing the obvious thing properly, and doing it first.

What would you add?

#SmallBusiness #SmeSouthAfrica #Entrepreneur"
"2026-11-27","Fri","331","Instagram","EDUCATE","","233","","💡 Back up before you launch, not after

The worst day to learn your backup strategy is the day you need it.

Save this for later.

#SouthAfrica #WebDesign #WebDevelopment #NextJS #SmallBusiness #SmeSouthAfrica #Entrepreneur #MuleSoo"
"2026-11-27","Fri","331","Facebook","EDUCATE","","163","","💡 Buy the domain before the logo

Names change. Get the .com or .co.za first, then design around it.

Save this for later.

#SmeSouthAfrica #Entrepreneur #MuleSoo"
"2026-11-27","Fri","331","TikTok","EDUCATE","","199","","One clear call to action beats five.

Every extra button is a decision, and every decision loses people.

Save this one.

#AIAutomation #Chatbot #ArtificialIntelligence #SmallBusiness #SmeSouthAfrica"
"2026-11-27","Fri","331","X","EDUCATE","","149","","Automate the boring, not the human.

Nobody wants an AI to write their condolence note. Everyone wants one to chase invoices.

#Entrepreneur #MuleSoo"
"2026-11-28","Sat","332","LinkedIn","PROOF","YES","256","","Small change. Big number.

[REAL RESULT: the single fix and its measured effect]

What we built: qr codes — a branded code that tells you who scanned it and when.

Happy to walk anyone through how it works. No pitch.

#SmeSouthAfrica #Entrepreneur #MuleSoo"
"2026-11-28","Sat","332","Instagram","PROOF","YES","284","","Before and after 👇

[REAL RESULT: the one number that changed — load time, bookings, no-shows, enquiries]

Website design: a site that turns visitors into paying clients.

mulesoo.com

#WebDesign #WebDevelopment #NextJS #SmallBusiness #SmeSouthAfrica #Entrepreneur #MuleSoo #Pretoria"
"2026-11-28","Sat","332","Facebook","PROOF","YES","226","","This used to take four hours a week.

[REAL RESULT: the manual task you automated, and the hours it now takes]

Auto Pilot systems: bookings, payments and reminders running without you.

DM us

#Entrepreneur #MuleSoo #Pretoria"
"2026-11-28","Sat","332","TikTok","PROOF","YES","238","","Six months on, is it still working?

[REAL RESULT: a follow-up result from an older client — these are the most credible posts you will ever publish]

mulesoo.com

#BrandIdentity #GraphicDesign #SmallBusiness #SmeSouthAfrica #Entrepreneur"
"2026-11-28","Sat","332","X","PROOF","YES","130","","The problem they came to us with:

[REAL RESULT: their words describing the pain, then what it looks like now]

#MuleSoo #Pretoria"
"2026-11-29","Sun","333","LinkedIn","MYTH","","240","","A myth I hear constantly: ""SEO is a scam.""

Half the industry, yes. The other half is: fast pages, real content, and telling Google your pages exist.

Disagree? Genuinely interested — the comments are open.

#Entrepreneur #MuleSoo #Pretoria"
"2026-11-29","Sun","333","Instagram","MYTH","","222","","❌ Myth: ""Chatbots annoy customers.""

✅ Truth: Bad ones do. So do phone queues, and you still have one of those.

#Chatbot #ArtificialIntelligence #SmallBusiness #SmeSouthAfrica #Entrepreneur #MuleSoo #Pretoria #SouthAfrica"
"2026-11-29","Sun","333","Facebook","MYTH","","153","","❌ Myth: ""A template is the same as custom.""

✅ Truth: Until you need it to do the one thing your business actually does.

#MuleSoo #Pretoria #SouthAfrica"
"2026-11-29","Sun","333","TikTok","MYTH","","155","","Myth: ""AI writes our content now.""

Truth: And your readers can tell. Use it to think, not to speak.

#Entrepreneur #SmallBusiness #SmeSouthAfrica #MuleSoo"
"2026-11-29","Sun","333","X","MYTH","","138","","""A good website costs six figures.""

It does not. It costs clarity about what the site is for. We start at R3,500.

#Pretoria #SouthAfrica"
"2026-11-30","Mon","334","LinkedIn","BEHIND","","153","","Half of what we do is talking people out of features they do not need.

Small things, compounded. That is the whole job.

#MuleSoo #Pretoria #SouthAfrica"
"2026-11-30","Mon","334","Instagram","BEHIND","","227","","Behind the scenes 🛠️

Wrote the copy before the design today. It is always the right order and we always want to skip it.

#GraphicDesign #SmallBusiness #SmeSouthAfrica #Entrepreneur #MuleSoo #Pretoria #SouthAfrica #LogoDesign"
"2026-11-30","Mon","334","Facebook","BEHIND","","147","","Behind the scenes 🛠️

We write the refund terms before the invoice. Awkward conversations are cheaper up front.

#Pretoria #SouthAfrica #WebDesign"
"2026-11-30","Mon","334","TikTok","BEHIND","","138","","Shipped a fix at 6am so nobody would notice the downtime. Nobody noticed.

#SmallBusiness #SmeSouthAfrica #Entrepreneur #MuleSoo #Pretoria"
"2026-11-30","Mon","334","X","BEHIND","","104","","The chatbot on our own site is the same one we sell. We eat our own cooking.

#SouthAfrica #AIAutomation"
"2026-12-01","Tue","335","LinkedIn","PROMO","","218","","AI automation — custom.

What you actually get: the admin work doing itself.

No contracts, no setup fees. If it is not a fit we will say so on the call.

mulesoo.com/ai-automation

#Pretoria #SouthAfrica #AIAutomation"
"2026-12-01","Tue","335","Instagram","PROMO","","219","","QR codes — from R300 ✨

A branded code that tells you who scanned it and when.

🔒 No contracts. No setup fees.
mulesoo.com/services/qr-codes

#SmallBusiness #SmeSouthAfrica #Entrepreneur #MuleSoo #Pretoria #SouthAfrica"
"2026-12-01","Tue","335","Facebook","PROMO","","189","","Website design — from R3,500 ✨

A site that turns visitors into paying clients.

🔒 No contracts. No setup fees.
mulesoo.com/services/website-design

#SouthAfrica #WebDesign #WebDevelopment"
"2026-12-01","Tue","335","TikTok","PROMO","","159","","Auto Pilot systems, custom.

bookings, payments and reminders running without you.

Link in bio.

#SmeSouthAfrica #Entrepreneur #MuleSoo #Pretoria #SouthAfrica"
"2026-12-01","Tue","335","X","PROMO","","135","","Logo & brand identity — a brand people remember after one look.
from R800.
mulesoo.com/services/logo-design

#LogoDesign #BrandIdentity"
"2026-12-02","Wed","336","LinkedIn","HUMAN","","158","","Our chatbot is more polite than we are before 8am. That is by design.

(It is Friday. Normal service resumes Monday.)

#SouthAfrica #WebDesign #WebDevelopment"
"2026-12-02","Wed","336","Instagram","HUMAN","","126","","Coffee is a build dependency. It is in the docs.

#SmeSouthAfrica #Entrepreneur #MuleSoo #Pretoria #SouthAfrica #SmallBusiness"
"2026-12-02","Wed","336","Facebook","HUMAN","","126","","A designer, a developer and a client walk into a meeting. The scope walks out.

#AIAutomation #Chatbot #ArtificialIntelligence"
"2026-12-02","Wed","336","TikTok","HUMAN","","157","","Reminder that ""make it pop"" is not a design brief, but we will figure out what you meant anyway.

#Entrepreneur #MuleSoo #Pretoria #SouthAfrica #AIAutomation"
"2026-12-02","Wed","336","X","HUMAN","","122","","Building in Pretoria, shipping to the continent. Load shedding is just a deployment window.

#SmeSouthAfrica #Entrepreneur"
"2026-12-03","Thu","337","LinkedIn","PROBLEM","","307","","You track nothing.

So every marketing decision you make is a guess wearing a suit.

We see this weekly with South African businesses. It is almost never a budget problem — it is a ""nobody told me this was costing me money"" problem.

If that sounded familiar: mulesoo.com

#WebDesign #WebDevelopment #NextJS"
"2026-12-03","Thu","337","Instagram","PROBLEM","","238","","Your logo was made in Word 👀

It shows at 300dpi. It shows on a banner. It shows on a business card.

We fix exactly this. DM us

#Entrepreneur #MuleSoo #Pretoria #SouthAfrica #AIAutomation #Chatbot #ArtificialIntelligence #SmallBusiness"
"2026-12-03","Thu","337","Facebook","PROBLEM","","188","","Nobody finds you on Google 👀

Not because you are small. Because nobody told Google your pages exist.

We fix exactly this. wa.me/27688529333

#BrandIdentity #GraphicDesign #SmallBusiness"
"2026-12-03","Thu","337","TikTok","PROBLEM","","155","","Your prices are not on your site.

So people assume expensive, and leave.

Fix it → mulesoo.com

#MuleSoo #Pretoria #SouthAfrica #WebDesign #WebDevelopment"
"2026-12-03","Thu","337","X","PROBLEM","","133","","Your online store has no trust signals.

No reviews, no returns policy, no real address. Would you buy?

#Entrepreneur #SmallBusiness"
"2026-12-04","Fri","338","LinkedIn","EDUCATE","","280","","Load shedding is a design constraint.

Build for offline-first and intermittent connections. It is not optional here.

Most of our work is not clever. It is doing the obvious thing properly, and doing it first.

What would you add?

#Chatbot #ArtificialIntelligence #SmallBusiness"
"2026-12-04","Fri","338","Instagram","EDUCATE","","229","","💡 Your best salesperson is a FAQ page

It answers the objection you are too polite to bring up.

Save this for later.

#MuleSoo #Pretoria #SouthAfrica #AIAutomation #Chatbot #ArtificialIntelligence #SmallBusiness #SmeSouthAfrica"
"2026-12-04","Fri","338","Facebook","EDUCATE","","188","","💡 Own your source code

If your developer disappears and your site does too, you did not buy a website. You rented one.

Save this for later.

#Entrepreneur #SmallBusiness #SmeSouthAfrica"
"2026-12-04","Fri","338","TikTok","EDUCATE","","172","","Do not build the app first.

Build the landing page. If nobody clicks, you just saved six months.

Save this one.

#Pretoria #SouthAfrica #WebDesign #WebDevelopment #NextJS"
"2026-12-04","Fri","338","X","EDUCATE","","124","","Compress your images before you blame your host.

A 4MB hero image is not a hosting problem.

#SmallBusiness #SmeSouthAfrica"
"2026-12-05","Sat","339","LinkedIn","PROOF","YES","265","","What we shipped this month:

[REAL RESULT: the actual feature, and what it replaced]

What we built: logo & brand identity — a brand people remember after one look.

Happy to walk anyone through how it works. No pitch.

#GraphicDesign #SmallBusiness #SmeSouthAfrica"
"2026-12-05","Sat","339","Instagram","PROOF","YES","284","","Small change. Big number.

[REAL RESULT: the single fix and its measured effect]

Custom web apps: the internal tool your business actually needs.

mulesoo.com/services/custom-apps

#Pretoria #SouthAfrica #WebDesign #WebDevelopment #NextJS #SmallBusiness #SmeSouthAfrica #Entrepreneur"
"2026-12-05","Sat","339","Facebook","PROOF","YES","242","","Before and after 👇

[REAL RESULT: the one number that changed — load time, bookings, no-shows, enquiries]

Business email: an @yourdomain address that stops you looking like a hobby.

mulesoo.com

#SmallBusiness #SmeSouthAfrica #Entrepreneur"
"2026-12-05","Sat","339","TikTok","PROOF","YES","199","","This used to take four hours a week.

[REAL RESULT: the manual task you automated, and the hours it now takes]

mulesoo.com

#SouthAfrica #AIAutomation #Chatbot #ArtificialIntelligence #SmallBusiness"
"2026-12-05","Sat","339","X","PROOF","YES","180","","Six months on, is it still working?

[REAL RESULT: a follow-up result from an older client — these are the most credible posts you will ever publish]

#SmeSouthAfrica #Entrepreneur"
"2026-12-06","Sun","340","LinkedIn","MYTH","","223","","A myth I hear constantly: ""Just boost the post.""

Boosting a post that points at a broken site is paying to lose faster.

Disagree? Genuinely interested — the comments are open.

#SmallBusiness #SmeSouthAfrica #Entrepreneur"
"2026-12-06","Sun","340","Instagram","MYTH","","224","","❌ Myth: ""We need to be on every platform.""

✅ Truth: You need to be excellent on one. Pick where your buyers already are.

#SouthAfrica #WebDesign #WebDevelopment #NextJS #SmallBusiness #SmeSouthAfrica #Entrepreneur #MuleSoo"
"2026-12-06","Sun","340","Facebook","MYTH","","167","","❌ Myth: ""Analytics is spying on customers.""

✅ Truth: Knowing which page loses people is not surveillance. It is basic hygiene.

#SmeSouthAfrica #Entrepreneur #MuleSoo"
"2026-12-06","Sun","340","TikTok","MYTH","","210","","Myth: ""SEO is a scam.""

Truth: Half the industry, yes. The other half is: fast pages, real content, and telling Google your pages exist.

#LogoDesign #BrandIdentity #GraphicDesign #SmallBusiness #SmeSouthAfrica"
"2026-12-06","Sun","340","X","MYTH","","118","","""Chatbots annoy customers.""

Bad ones do. So do phone queues, and you still have one of those.

#Entrepreneur #MuleSoo"
"2026-12-07","Mon","341","LinkedIn","BEHIND","","171","","Reviewed our own site on a 3G connection this week. Humbling. Fixed three things.

Small things, compounded. That is the whole job.

#SmeSouthAfrica #Entrepreneur #MuleSoo"
"2026-12-07","Mon","341","Instagram","BEHIND","","208","","Behind the scenes 🛠️

Turned off a client's auto-playing video. Bounce rate dropped by a third.

#AIAutomation #Chatbot #ArtificialIntelligence #SmallBusiness #SmeSouthAfrica #Entrepreneur #MuleSoo #Pretoria"
"2026-12-07","Mon","341","Facebook","BEHIND","","183","","Behind the scenes 🛠️

Spent the morning cutting 4MB of unused fonts off a client site. Load time went from 5.1s to 1.3s. No redesign. Just deleting.

#Entrepreneur #MuleSoo #Pretoria"
"2026-12-07","Mon","341","TikTok","BEHIND","","163","","Found a client site telling Google every page was a duplicate of the homepage. 219 pages invisible. One line of code.

#SmeSouthAfrica #Entrepreneur #SmallBusiness"
"2026-12-07","Mon","341","X","BEHIND","","119","","Deleted 6MB of unused JavaScript from a client build today. The site did not lose a single feature.

#MuleSoo #Pretoria"
"2026-12-08","Tue","342","LinkedIn","PROMO","","249","","Auto Pilot systems — custom.

What you actually get: bookings, payments and reminders running without you.

No contracts, no setup fees. If it is not a fit we will say so on the call.

mulesoo.com/services/autopilot

#Entrepreneur #MuleSoo #Pretoria"
"2026-12-08","Tue","342","Instagram","PROMO","","250","","Logo & brand identity — from R800 ✨

A brand people remember after one look.

🔒 No contracts. No setup fees.
mulesoo.com/services/logo-design

#BrandIdentity #GraphicDesign #SmallBusiness #SmeSouthAfrica #Entrepreneur #MuleSoo #Pretoria #SouthAfrica"
"2026-12-08","Tue","342","Facebook","PROMO","","174","","Custom web apps — custom ✨

The internal tool your business actually needs.

🔒 No contracts. No setup fees.
mulesoo.com/services/custom-apps

#MuleSoo #Pretoria #SouthAfrica"
"2026-12-08","Tue","342","TikTok","PROMO","","156","","Business email, from R400.

an @yourdomain address that stops you looking like a hobby.

Link in bio.

#Entrepreneur #SmallBusiness #SmeSouthAfrica #MuleSoo"
"2026-12-08","Tue","342","X","PROMO","","139","","AI chatbots — a assistant that answers customers at 2am so you can sleep.
from R2,500.
mulesoo.com/services/chatbot

#Pretoria #SouthAfrica"
"2026-12-09","Wed","343","LinkedIn","HUMAN","","163","","Somebody somewhere is still using Comic Sans on an invoice, and honestly, respect.

(It is Friday. Normal service resumes Monday.)

#MuleSoo #Pretoria #SouthAfrica"
"2026-12-09","Wed","343","Instagram","HUMAN","","135","","Pretoria traffic is our staging environment for patience.

#Entrepreneur #SmallBusiness #SmeSouthAfrica #MuleSoo #Pretoria #SouthAfrica"
"2026-12-09","Wed","343","Facebook","HUMAN","","119","","Nothing humbles you like opening your own website on someone else's cracked Android.

#Pretoria #SouthAfrica #WebDesign"
"2026-12-09","Wed","343","TikTok","HUMAN","","149","","Every founder thinks their industry is different. Every industry has a booking form.

#SmallBusiness #SmeSouthAfrica #Entrepreneur #MuleSoo #Pretoria"
"2026-12-09","Wed","343","X","HUMAN","","138","","The website is finished. The website is never finished. Both statements are true and we have made peace with it.

#SouthAfrica #LogoDesign"
"2026-12-10","Thu","344","LinkedIn","PROBLEM","","317","","You lose leads at 7pm.

Your competitors do not. Their chatbot picked up.

We see this weekly with South African businesses. It is almost never a budget problem — it is a ""nobody told me this was costing me money"" problem.

If that sounded familiar: mulesoo.com/services/custom-apps

#Pretoria #SouthAfrica #WebDesign"
"2026-12-10","Thu","344","Instagram","PROBLEM","","185","","Your staff share one login 👀

That is not a system. That is a liability.

We fix exactly this. mulesoo.com

#SmallBusiness #SmeSouthAfrica #Entrepreneur #MuleSoo #Pretoria #SouthAfrica"
"2026-12-10","Thu","344","Facebook","PROBLEM","","172","","Your website has no phone number above the fold 👀

People do not scroll to find you. They scroll to leave.

We fix exactly this. DM us

#SouthAfrica #AIAutomation #Chatbot"
"2026-12-10","Thu","344","TikTok","PROBLEM","","154","","Your PDFs are 40MB.

Nobody on mobile data is opening that. Not once.

Fix it → mulesoo.com

#SmeSouthAfrica #Entrepreneur #MuleSoo #Pretoria #SouthAfrica"
"2026-12-10","Thu","344","X","PROBLEM","","159","","Your appointment reminders are manual.

That is why people no-show. Not because they forgot you. Because nothing reminded them.

#SmallBusiness #SmeSouthAfrica"
"2026-12-11","Fri","345","LinkedIn","EDUCATE","","267","","Mobile-first is not a style. It is arithmetic.

Most South African traffic is mobile. Design there and scale up.

Most of our work is not clever. It is doing the obvious thing properly, and doing it first.

What would you add?

#SouthAfrica #WebDesign #WebDevelopment"
"2026-12-11","Fri","345","Instagram","EDUCATE","","236","","💡 A QR code with no tracking is a leaflet

If you cannot count the scans, you cannot tell if it worked.

Save this for later.

#SmeSouthAfrica #Entrepreneur #MuleSoo #Pretoria #SouthAfrica #AIAutomation #Chatbot #ArtificialIntelligence"
"2026-12-11","Fri","345","Facebook","EDUCATE","","170","","💡 The fold is a myth, the first sentence is not

People scroll. They do not read badly-written openings.

Save this for later.

#LogoDesign #BrandIdentity #GraphicDesign"
"2026-12-11","Fri","345","TikTok","EDUCATE","","177","","One testimonial with a real name beats ten anonymous ones.

Specificity is the whole currency of trust.

Save this one.

#Entrepreneur #MuleSoo #Pretoria #SouthAfrica #WebDesign"
"2026-12-11","Fri","345","X","EDUCATE","","179","","A slow site is a tax you pay every day.

Every extra second of load time costs roughly 7% of conversions. On R100k of sales that is R7,000 a second.

#SmeSouthAfrica #Entrepreneur"
"2026-12-12","Sat","346","LinkedIn","PROOF","YES","296","","Screenshot of the dashboard 👇

[REAL RESULT: a real (permitted) screenshot with sensitive data blurred]

What we built: ai chatbots — a assistant that answers customers at 2am so you can sleep.

Happy to walk anyone through how it works. No pitch.

#AIAutomation #Chatbot #ArtificialIntelligence"
"2026-12-12","Sat","346","Instagram","PROOF","YES","257","","What we shipped this month:

[REAL RESULT: the actual feature, and what it replaced]

AI automation: the admin work doing itself.

wa.me/27688529333

#Entrepreneur #MuleSoo #Pretoria #SouthAfrica #AIAutomation #Chatbot #ArtificialIntelligence #SmallBusiness"
"2026-12-12","Sat","346","Facebook","PROOF","YES","223","","Small change. Big number.

[REAL RESULT: the single fix and its measured effect]

QR codes: a branded code that tells you who scanned it and when.

mulesoo.com/services/qr-codes

#SmeSouthAfrica #Entrepreneur #SmallBusiness"
"2026-12-12","Sat","346","TikTok","PROOF","YES","179","","Before and after 👇

[REAL RESULT: the one number that changed — load time, bookings, no-shows, enquiries]

mulesoo.com

#MuleSoo #Pretoria #SouthAfrica #WebDesign #WebDevelopment"
"2026-12-12","Sat","346","X","PROOF","YES","150","","This used to take four hours a week.

[REAL RESULT: the manual task you automated, and the hours it now takes]

#ArtificialIntelligence #SmallBusiness"
"2026-12-13","Sun","347","LinkedIn","MYTH","","202","","A myth I hear constantly: ""Nobody scans QR codes.""

Every restaurant menu in the country disagrees.

Disagree? Genuinely interested — the comments are open.

#BrandIdentity #GraphicDesign #SmallBusiness"
"2026-12-13","Sun","347","Instagram","MYTH","","212","","❌ Myth: ""Cheap now, redo it later.""

✅ Truth: Later costs the original price plus the rebuild plus the lost year.

#MuleSoo #Pretoria #SouthAfrica #WebDesign #WebDevelopment #NextJS #SmallBusiness #SmeSouthAfrica"
"2026-12-13","Sun","347","Facebook","MYTH","","162","","❌ Myth: ""Nobody in South Africa buys online.""

✅ Truth: Your customers are already buying online. Just not from you.

#Entrepreneur #SmallBusiness #SmeSouthAfrica"
"2026-12-13","Sun","347","TikTok","MYTH","","178","","Myth: ""Just boost the post.""

Truth: Boosting a post that points at a broken site is paying to lose faster.

#Pretoria #SouthAfrica #AIAutomation #Chatbot #ArtificialIntelligence"
"2026-12-13","Sun","347","X","MYTH","","136","","""We need to be on every platform.""

You need to be excellent on one. Pick where your buyers already are.

#SmallBusiness #SmeSouthAfrica"
"2026-12-14","Mon","348","LinkedIn","BEHIND","","178","","A ""quick change"" is never quick. An honest estimate is worth more than a fast yes.

Small things, compounded. That is the whole job.

#Entrepreneur #SmallBusiness #SmeSouthAfrica"
"2026-12-14","Mon","348","Instagram","BEHIND","","229","","Behind the scenes 🛠️

We test every page at 375px before we call it done. That is an iPhone SE. If it works there, it works.

#Pretoria #SouthAfrica #WebDesign #WebDevelopment #NextJS #SmallBusiness #SmeSouthAfrica #Entrepreneur"
"2026-12-14","Mon","348","Facebook","BEHIND","","161","","Behind the scenes 🛠️

A client asked if we could make the site load faster. We removed the video background. Done.

#SmallBusiness #SmeSouthAfrica #Entrepreneur"
"2026-12-14","Mon","348","TikTok","BEHIND","","129","","A client wanted 14 pages. We shipped 5. Enquiries went up.

#SouthAfrica #LogoDesign #BrandIdentity #GraphicDesign #SmallBusiness"
"2026-12-14","Mon","348","X","BEHIND","","111","","Two hours today spent on a single button. It is the button that takes the money.

#SmeSouthAfrica #Entrepreneur"
"2026-12-15","Tue","349","LinkedIn","PROMO","","268","","Business email — from R400.

What you actually get: an @yourdomain address that stops you looking like a hobby.

No contracts, no setup fees. If it is not a fit we will say so on the call.

mulesoo.com/services/email-setup

#SmallBusiness #SmeSouthAfrica #Entrepreneur"
"2026-12-15","Tue","349","Instagram","PROMO","","265","","AI chatbots — from R2,500 ✨

A assistant that answers customers at 2am so you can sleep.

🔒 No contracts. No setup fees.
mulesoo.com/services/chatbot

#SouthAfrica #AIAutomation #Chatbot #ArtificialIntelligence #SmallBusiness #SmeSouthAfrica #Entrepreneur #MuleSoo"
"2026-12-15","Tue","349","Facebook","PROMO","","153","","AI automation — custom ✨

The admin work doing itself.

🔒 No contracts. No setup fees.
mulesoo.com/ai-automation

#SmeSouthAfrica #Entrepreneur #MuleSoo"
"2026-12-15","Tue","349","TikTok","PROMO","","136","","QR codes, from R300.

a branded code that tells you who scanned it and when.

Link in bio.

#SmallBusiness #SmeSouthAfrica #Entrepreneur"
"2026-12-15","Tue","349","X","PROMO","","137","","Website design — a site that turns visitors into paying clients.
from R3,500.
mulesoo.com/services/website-design

#Entrepreneur #MuleSoo"
"2026-12-16","Wed","350","LinkedIn","HUMAN","","178","","Ninety percent of ""the site is down"" is the wifi. The other ten percent keeps us employed.

(It is Friday. Normal service resumes Monday.)

#SmeSouthAfrica #Entrepreneur #MuleSoo"
"2026-12-16","Wed","350","Instagram","HUMAN","","178","","We measure success in fewer WhatsApp messages at 11pm. Yours, not ours.

#LogoDesign #BrandIdentity #GraphicDesign #SmallBusiness #SmeSouthAfrica #Entrepreneur #MuleSoo #Pretoria"
"2026-12-16","Wed","350","Facebook","HUMAN","","124","","Somewhere out there a business is losing a client right now because their email is @gmail.

#Entrepreneur #MuleSoo #Pretoria"
"2026-12-16","Wed","350","TikTok","HUMAN","","135","","We named the company MuleSoo because it carries heavy things without complaining. Mostly.

#SmeSouthAfrica #Entrepreneur #SmallBusiness"
"2026-12-16","Wed","350","X","HUMAN","","77","","Testing on your own phone is not testing. It is optimism.

#MuleSoo #Pretoria"
"2026-12-17","Thu","351","LinkedIn","PROBLEM","","327","","Your contact form goes nowhere.

We have checked dozens. About a third are broken and nobody knows.

We see this weekly with South African businesses. It is almost never a budget problem — it is a ""nobody told me this was costing me money"" problem.

If that sounded familiar: wa.me/27688529333

#Entrepreneur #MuleSoo #Pretoria"
"2026-12-17","Thu","351","Instagram","PROBLEM","","234","","Your team shares files over WhatsApp 👀

Somewhere in that chat is the only copy of something important.

We fix exactly this. mulesoo.com/services/qr-codes

#SmeSouthAfrica #Entrepreneur #SmallBusiness #MuleSoo #Pretoria #SouthAfrica"
"2026-12-17","Thu","351","Facebook","PROBLEM","","179","","You have three different phone numbers online 👀

Google does not know which is real, so it trusts none of them.

We fix exactly this. mulesoo.com

#MuleSoo #Pretoria #SouthAfrica"
"2026-12-17","Thu","351","TikTok","PROBLEM","","233","","You answer the same WhatsApp question 30 times a week.

That is not customer service. That is a chatbot that has not been built yet.

Fix it → mulesoo.com

#ArtificialIntelligence #SmallBusiness #SmeSouthAfrica #Entrepreneur #MuleSoo"
"2026-12-17","Thu","351","X","PROBLEM","","126","","Your site looks great on your laptop.

Nine of ten of your customers are on a phone. Have you checked?

#Pretoria #SouthAfrica"
"2026-12-18","Fri","352","LinkedIn","EDUCATE","","254","","Your reviews are your SEO.

A Google Business Profile with real reviews outranks a prettier site with none.

Most of our work is not clever. It is doing the obvious thing properly, and doing it first.

What would you add?

#MuleSoo #Pretoria #SouthAfrica"
"2026-12-18","Fri","352","Instagram","EDUCATE","","182","","💡 Your 404 page is a sales page

Someone is lost and still interested. Help them.

Save this for later.

#Entrepreneur #SmallBusiness #SmeSouthAfrica #MuleSoo #Pretoria #SouthAfrica"
"2026-12-18","Fri","352","Facebook","EDUCATE","","168","","💡 Back up before you launch, not after

The worst day to learn your backup strategy is the day you need it.

Save this for later.

#Pretoria #SouthAfrica #AIAutomation"
"2026-12-18","Fri","352","TikTok","EDUCATE","","180","","Buy the domain before the logo.

Names change. Get the .com or .co.za first, then design around it.

Save this one.

#SmallBusiness #SmeSouthAfrica #Entrepreneur #MuleSoo #Pretoria"
"2026-12-18","Fri","352","X","EDUCATE","","133","","One clear call to action beats five.

Every extra button is a decision, and every decision loses people.

#SouthAfrica #SmallBusiness"
"2026-12-19","Sat","353","LinkedIn","PROOF","YES","262","","Three weeks. Start to launch.

[REAL RESULT: the real timeline and what was delivered in it]

What we built: website design — a site that turns visitors into paying clients.

Happy to walk anyone through how it works. No pitch.

#Pretoria #SouthAfrica #WebDesign"
"2026-12-19","Sat","353","Instagram","PROOF","YES","287","","Screenshot of the dashboard 👇

[REAL RESULT: a real (permitted) screenshot with sensitive data blurred]

Auto Pilot systems: bookings, payments and reminders running without you.

DM us

#SmallBusiness #SmeSouthAfrica #Entrepreneur #MuleSoo #Pretoria #SouthAfrica #AIAutomation #Chatbot"
"2026-12-19","Sat","353","Facebook","PROOF","YES","208","","What we shipped this month:

[REAL RESULT: the actual feature, and what it replaced]

Logo & brand identity: a brand people remember after one look.

wa.me/27688529333

#SouthAfrica #LogoDesign #BrandIdentity"
"2026-12-19","Sat","353","TikTok","PROOF","YES","156","","Small change. Big number.

[REAL RESULT: the single fix and its measured effect]

mulesoo.com

#SmeSouthAfrica #Entrepreneur #MuleSoo #Pretoria #SouthAfrica"
"2026-12-19","Sat","353","X","PROOF","YES","138","","Before and after 👇

[REAL RESULT: the one number that changed — load time, bookings, no-shows, enquiries]

#SmallBusiness #SmeSouthAfrica"
"2026-12-20","Sun","354","LinkedIn","MYTH","","229","","A myth I hear constantly: ""AI will replace my staff.""

It will replace the parts of their day they hate. That is different, and better.

Disagree? Genuinely interested — the comments are open.

#SouthAfrica #AIAutomation #Chatbot"
"2026-12-20","Sun","354","Instagram","MYTH","","198","","❌ Myth: ""Design is subjective.""

✅ Truth: Taste is subjective. Conversion is measurable.

#SmeSouthAfrica #Entrepreneur #MuleSoo #Pretoria #SouthAfrica #AIAutomation #Chatbot #ArtificialIntelligence"
"2026-12-20","Sun","354","Facebook","MYTH","","143","","❌ Myth: ""Our customers are not online.""

✅ Truth: They are on WhatsApp right now. That is online.

#SmallBusiness #SmeSouthAfrica #Entrepreneur"
"2026-12-20","Sun","354","TikTok","MYTH","","144","","Myth: ""Nobody scans QR codes.""

Truth: Every restaurant menu in the country disagrees.

#Entrepreneur #MuleSoo #Pretoria #SouthAfrica #WebDesign"
"2026-12-20","Sun","354","X","MYTH","","130","","""Cheap now, redo it later.""

Later costs the original price plus the rebuild plus the lost year.

#Chatbot #ArtificialIntelligence"
"2026-12-21","Mon","355","LinkedIn","BEHIND","","246","","Today: rebuilt a business card because the fonts were never actually loading. Everything printed was in the wrong typeface and nobody noticed for months.

Small things, compounded. That is the whole job.

#LogoDesign #BrandIdentity #GraphicDesign"
"2026-12-21","Mon","355","Instagram","BEHIND","","238","","Behind the scenes 🛠️

Our booking system sends the deposit invoice, the confirmation PDF, and the WhatsApp alert. Nobody touches a keyboard.

#Entrepreneur #MuleSoo #Pretoria #SouthAfrica #WebDesign #WebDevelopment #NextJS #SmallBusiness"
"2026-12-21","Mon","355","Facebook","BEHIND","","171","","Behind the scenes 🛠️

The QR codes we make track scans. So you know if the flyer worked, or if the flyer was a bin ornament.

#SmeSouthAfrica #Entrepreneur #SmallBusiness"
"2026-12-21","Mon","355","TikTok","BEHIND","","136","","Every project starts with the same question: what is the one thing this must do?

#MuleSoo #Pretoria #SouthAfrica #AIAutomation #Chatbot"
"2026-12-21","Mon","355","X","BEHIND","","111","","The best compliment we get: ""it just works."" That took the whole month.

#ArtificialIntelligence #SmallBusiness"
"2026-12-22","Tue","356","LinkedIn","PROMO","","254","","QR codes — from R300.

What you actually get: a branded code that tells you who scanned it and when.

No contracts, no setup fees. If it is not a fit we will say so on the call.

mulesoo.com/services/qr-codes

#SmeSouthAfrica #Entrepreneur #SmallBusiness"
"2026-12-22","Tue","356","Instagram","PROMO","","247","","Website design — from R3,500 ✨

A site that turns visitors into paying clients.

🔒 No contracts. No setup fees.
mulesoo.com/services/website-design

#MuleSoo #Pretoria #SouthAfrica #WebDesign #WebDevelopment #NextJS #SmallBusiness #SmeSouthAfrica"
"2026-12-22","Tue","356","Facebook","PROMO","","204","","Auto Pilot systems — custom ✨

Bookings, payments and reminders running without you.

🔒 No contracts. No setup fees.
mulesoo.com/services/autopilot

#ArtificialIntelligence #SmallBusiness #SmeSouthAfrica"
"2026-12-22","Tue","356","TikTok","PROMO","","154","","Logo & brand identity, from R800.

a brand people remember after one look.

Link in bio.

#Pretoria #SouthAfrica #LogoDesign #BrandIdentity #GraphicDesign"
"2026-12-22","Tue","356","X","PROMO","","138","","Custom web apps — the internal tool your business actually needs.
custom.
mulesoo.com/services/custom-apps

#SmallBusiness #SmeSouthAfrica"
"2026-12-23","Wed","357","LinkedIn","HUMAN","","200","","""I want it like Apple's site but with more stuff on it"" is a sentence that contains its own contradiction.

(It is Friday. Normal service resumes Monday.)

#Entrepreneur #SmallBusiness #SmeSouthAfrica"
"2026-12-23","Wed","357","Instagram","HUMAN","","195","","""Just a small change"" has never once, in recorded history, been a small change.

#Pretoria #SouthAfrica #AIAutomation #Chatbot #ArtificialIntelligence #SmallBusiness #SmeSouthAfrica #Entrepreneur"
"2026-12-23","Wed","357","Facebook","HUMAN","","124","","""Can you make it look more premium"" — sir, that is a budget, not an adjective.

#SmallBusiness #SmeSouthAfrica #Entrepreneur"
"2026-12-23","Wed","357","TikTok","HUMAN","","141","","We do not do rush jobs. We do ordinary jobs, on time, which turns out to be rarer.

#SouthAfrica #SmallBusiness #SmeSouthAfrica #Entrepreneur"
"2026-12-23","Wed","357","X","HUMAN","","113","","Client: ""Can you make the logo bigger?"" Us: ""Yes."" Client: ""Bigger."" Us: ""...Yes.""

#SmeSouthAfrica #Entrepreneur"
"2026-12-24","Thu","358","LinkedIn","PROBLEM","","332","","You post on social media and nothing happens.

Because the link goes to a homepage instead of an answer.

We see this weekly with South African businesses. It is almost never a budget problem — it is a ""nobody told me this was costing me money"" problem.

If that sounded familiar: DM us

#SmallBusiness #SmeSouthAfrica #Entrepreneur"
"2026-12-24","Thu","358","Instagram","PROBLEM","","235","","You track nothing 👀

So every marketing decision you make is a guess wearing a suit.

We fix exactly this. wa.me/27688529333

#SouthAfrica #LogoDesign #BrandIdentity #GraphicDesign #SmallBusiness #SmeSouthAfrica #Entrepreneur #MuleSoo"
"2026-12-24","Thu","358","Facebook","PROBLEM","","196","","Your logo was made in Word 👀

It shows at 300dpi. It shows on a banner. It shows on a business card.

We fix exactly this. mulesoo.com/services/custom-apps

#SmeSouthAfrica #Entrepreneur #MuleSoo"
"2026-12-24","Thu","358","TikTok","PROBLEM","","168","","Nobody finds you on Google.

Not because you are small. Because nobody told Google your pages exist.

Fix it → mulesoo.com

#SmallBusiness #SmeSouthAfrica #Entrepreneur"
"2026-12-24","Thu","358","X","PROBLEM","","97","","Your prices are not on your site.

So people assume expensive, and leave.

#Entrepreneur #MuleSoo"
"2026-12-25","Fri","359","LinkedIn","EDUCATE","","249","","Name your pages like a human searches.

""Website design Pretoria"" beats ""Solutions"" every time.

Most of our work is not clever. It is doing the obvious thing properly, and doing it first.

What would you add?

#SmeSouthAfrica #Entrepreneur #MuleSoo"
"2026-12-25","Fri","359","Instagram","EDUCATE","","206","","💡 Load shedding is a design constraint

Build for offline-first and intermittent connections. It is not optional here.

Save this for later.

#SmallBusiness #SmeSouthAfrica #Entrepreneur #MuleSoo #Pretoria"
"2026-12-25","Fri","359","Facebook","EDUCATE","","152","","💡 Your best salesperson is a FAQ page

It answers the objection you are too polite to bring up.

Save this for later.

#Entrepreneur #MuleSoo #Pretoria"
"2026-12-25","Fri","359","TikTok","EDUCATE","","213","","Own your source code.

If your developer disappears and your site does too, you did not buy a website. You rented one.

Save this one.

#Chatbot #ArtificialIntelligence #SmallBusiness #SmeSouthAfrica #Entrepreneur"
"2026-12-25","Fri","359","X","EDUCATE","","117","","Do not build the app first.

Build the landing page. If nobody clicks, you just saved six months.

#MuleSoo #Pretoria"
"2026-12-26","Sat","360","LinkedIn","PROOF","YES","273","","We turned down this brief.

[REAL RESULT: a project you declined and why — nothing builds trust faster]

What we built: custom web apps — the internal tool your business actually needs.

Happy to walk anyone through how it works. No pitch.

#Entrepreneur #MuleSoo #Pretoria"
"2026-12-26","Sat","360","Instagram","PROOF","YES","260","","Three weeks. Start to launch.

[REAL RESULT: the real timeline and what was delivered in it]

Business email: an @yourdomain address that stops you looking like a hobby.

mulesoo.com

#SmeSouthAfrica #Entrepreneur #SmallBusiness #MuleSoo #Pretoria #SouthAfrica"
"2026-12-26","Sat","360","Facebook","PROOF","YES","218","","Screenshot of the dashboard 👇

[REAL RESULT: a real (permitted) screenshot with sensitive data blurred]

AI chatbots: a assistant that answers customers at 2am so you can sleep.

DM us

#MuleSoo #Pretoria #SouthAfrica"
"2026-12-26","Sat","360","TikTok","PROOF","YES","176","","What we shipped this month:

[REAL RESULT: the actual feature, and what it replaced]

mulesoo.com

#ArtificialIntelligence #SmallBusiness #SmeSouthAfrica #Entrepreneur #MuleSoo"
"2026-12-26","Sat","360","X","PROOF","YES","104","","Small change. Big number.

[REAL RESULT: the single fix and its measured effect]

#Pretoria #SouthAfrica"
"2026-12-27","Sun","361","LinkedIn","MYTH","","229","","A myth I hear constantly: ""We do not need a logo, we need sales.""

The logo is not the point. Being memorable at the moment of decision is.

Disagree? Genuinely interested — the comments are open.

#MuleSoo #Pretoria #SouthAfrica"
"2026-12-27","Sun","361","Instagram","MYTH","","218","","❌ Myth: ""More pages means better SEO.""

✅ Truth: Two hundred thin pages rank worse than ten good ones.

#ArtificialIntelligence #SmallBusiness #SmeSouthAfrica #Entrepreneur #MuleSoo #Pretoria #SouthAfrica #AIAutomation"
"2026-12-27","Sun","361","Facebook","MYTH","","173","","❌ Myth: ""We will launch when it is perfect.""

✅ Truth: You will launch when a competitor forces you to, and it still will not be perfect.

#Pretoria #SouthAfrica #LogoDesign"
"2026-12-27","Sun","361","TikTok","MYTH","","187","","Myth: ""AI will replace my staff.""

Truth: It will replace the parts of their day they hate. That is different, and better.

#SmallBusiness #SmeSouthAfrica #Entrepreneur #MuleSoo #Pretoria"
"2026-12-27","Sun","361","X","MYTH","","100","","""Design is subjective.""

Taste is subjective. Conversion is measurable.

#SouthAfrica #SmallBusiness"
"2026-12-28","Mon","362","LinkedIn","BEHIND","","227","","We keep a checklist of things that quietly break: contact forms, SSL renewals, sitemap submissions. Most agencies do not check any of them.

Small things, compounded. That is the whole job.

#Pretoria #SouthAfrica #AIAutomation"
"2026-12-28","Mon","362","Instagram","BEHIND","","199","","Behind the scenes 🛠️

Nobody asks about the database schema. Everybody feels it when it is wrong.

#SmallBusiness #SmeSouthAfrica #Entrepreneur #MuleSoo #Pretoria #SouthAfrica #AIAutomation #Chatbot"
"2026-12-28","Mon","362","Facebook","BEHIND","","156","","Behind the scenes 🛠️

Our own admin panel logs every action. If we break something, we can prove when and how.

#SouthAfrica #SmallBusiness #SmeSouthAfrica"
"2026-12-28","Mon","362","TikTok","BEHIND","","168","","Every MuleSoo build ships with the source code. You own it. If you fire us tomorrow, you keep everything.

#SmeSouthAfrica #Entrepreneur #MuleSoo #Pretoria #SouthAfrica"
"2026-12-28","Mon","362","X","BEHIND","","122","","We do not use website builders. Next.js, Tailwind, Supabase. The same stack Vercel and Linear run.

#AIAutomation #Chatbot"
"2026-12-29","Tue","363","LinkedIn","PROMO","","250","","Logo & brand identity — from R800.

What you actually get: a brand people remember after one look.

No contracts, no setup fees. If it is not a fit we will say so on the call.

mulesoo.com/services/logo-design

#SouthAfrica #LogoDesign #BrandIdentity"
"2026-12-29","Tue","363","Instagram","PROMO","","239","","Custom web apps — custom ✨

The internal tool your business actually needs.

🔒 No contracts. No setup fees.
mulesoo.com/services/custom-apps

#SmeSouthAfrica #Entrepreneur #MuleSoo #Pretoria #SouthAfrica #WebDesign #WebDevelopment #NextJS"
"2026-12-29","Tue","363","Facebook","PROMO","","201","","Business email — from R400 ✨

An @yourdomain address that stops you looking like a hobby.

🔒 No contracts. No setup fees.
mulesoo.com/services/email-setup

#SmallBusiness #SmeSouthAfrica #Entrepreneur"
"2026-12-29","Tue","363","TikTok","PROMO","","161","","AI chatbots, from R2,500.

a assistant that answers customers at 2am so you can sleep.

Link in bio.

#Entrepreneur #MuleSoo #Pretoria #SouthAfrica #AIAutomation"
"2026-12-29","Tue","363","X","PROMO","","112","","AI automation — the admin work doing itself.
custom.
mulesoo.com/ai-automation

#Chatbot #ArtificialIntelligence"
"2026-12-30","Wed","364","LinkedIn","HUMAN","","169","","Every logo revision request arrives at 11:47pm. We have stopped asking why.

(It is Friday. Normal service resumes Monday.)

#SmallBusiness #SmeSouthAfrica #Entrepreneur"
"2026-12-30","Wed","364","Instagram","HUMAN","","180","","The client always knows what they do not want. Our job is to find out what they do.

#Entrepreneur #MuleSoo #Pretoria #SouthAfrica #WebDesign #WebDevelopment #NextJS #SmallBusiness"
"2026-12-30","Wed","364","Facebook","HUMAN","","148","","If your password is your business name and the year, we need to talk before we talk about websites.

#Chatbot #ArtificialIntelligence #SmallBusiness"
"2026-12-30","Wed","364","TikTok","HUMAN","","151","","The two hardest problems in tech: naming things, cache invalidation, and off-by-one errors.

#MuleSoo #Pretoria #SouthAfrica #LogoDesign #BrandIdentity"
"2026-12-30","Wed","364","X","HUMAN","","97","","You do not need a metaverse strategy. You need your contact form to work.

#NextJS #SmallBusiness"
"2026-12-31","Thu","365","LinkedIn","PROBLEM","","361","","Your website loads in 6 seconds.

Half your visitors left before it finished. Speed is not a luxury; it is the whole shop door.

We see this weekly with South African businesses. It is almost never a budget problem — it is a ""nobody told me this was costing me money"" problem.

If that sounded familiar: mulesoo.com

#SmeSouthAfrica #Entrepreneur #SmallBusiness"
"2026-12-31","Thu","365","Instagram","PROBLEM","","214","","You lose leads at 7pm 👀

Your competitors do not. Their chatbot picked up.

We fix exactly this. DM us

#MuleSoo #Pretoria #SouthAfrica #AIAutomation #Chatbot #ArtificialIntelligence #SmallBusiness #SmeSouthAfrica"
"2026-12-31","Thu","365","Facebook","PROBLEM","","169","","Your staff share one login 👀

That is not a system. That is a liability.

We fix exactly this. wa.me/27688529333

#ArtificialIntelligence #SmallBusiness #SmeSouthAfrica"
"2026-12-31","Thu","365","TikTok","PROBLEM","","196","","Your website has no phone number above the fold.

People do not scroll to find you. They scroll to leave.

Fix it → mulesoo.com

#Pretoria #SouthAfrica #SmallBusiness #SmeSouthAfrica #Entrepreneur"
"2026-12-31","Thu","365","X","PROBLEM","","101","","Your PDFs are 40MB.

Nobody on mobile data is opening that. Not once.

#SmallBusiness #SmeSouthAfrica"